37	30	130	41	43	17	179
91	91	116	91	47	116	116
128	128	82	156	82	82	55
19	119	65	51	163	46	105
14	19	56	99	161	160	111
34	34	108	88	34	108	108
68	190	179	78	133	133	112
104	185	15	177	186	18	177
161	161	100	90	148	90	148
142	173	25	21	25	142	173
121	43	50	107	43	107	121
132	134	57	132	132	57	57
12	13	126	184	85	103	55
172	98	186	32	36	103	36
175	175	175	110	164	110	110
43	146	102	174	58	43	142
97	97	26	26	100	110	110
101	108	150	101	150	123	123
136	90	21	188	108	90	103
142	81	27	142	142	81	81
71	29	112	18	161	37	116
23	142	142	142	23	158	23
82	82	82	159	159	18	159
70	70	150	150	150	19	70
128	65	128	74	62	65	74
145	148	122	109	189	129	61
124	149	48	48	149	125	149
81	24	78	81	81	78	78
41	130	71	120	89	147	12
27	165	165	34	151	95	171
113	171	173	131	173	155	114
66	136	93	66	93	143	143
46	71	125	71	46	46	71
144	102	67	30	22	11	102
78	27	158	27	27	158	158
65	65	65	170	73	53	53
27	21	27	21	27	21	57
64	88	64	88	87	10	88
184	166	78	146	80	78	173
94	64	41	41	64	41	64
22	114	22	114	114	124	114
37	148	180	14	134	180	84
98	24	98	26	24	24	107
69	14	94	143	118	94	166
17	21	79	188	79	178	184
87	148	96	148	96	148	96
60	60	46	148	141	82	42
112	11	124	59	112	78	152
58	74	90	123	171	52	84
92	24	24	39	24	66	39
125	136	10	171	129	62	157
73	116	80	73	73	48	116
98	28	29	144	17	170	144
63	103	63	38	112	114	23
98	98	119	98	119	119	61
24	24	113	82	113	24	113
62	71	11	165	66	158	175
17	167	131	171	17	68	106
106	22	22	22	106	106	45
126	143	143	126	126	86	165
139	168	22	139	22	139	115
47	15	82	164	120	82	124
11	32	82	51	170	26	87
20	20	20	162	162	162	162
156	123	91	11	54	189	36
23	78	79	87	162	127	49
104	111	104	104	111	23	111
22	168	172	116	17	10	114
182	37	109	32	131	164	37
38	62	146	146	62	62	146
142	59	87	91	171	59	162
143	188	57	144	57	105	136
157	75	17	17	75	75	17
10	108	108	52	166	108	52
159	176	176	133	176	133	133
91	91	146	35	146	91	146
97	97	45	97	74	74	74
188	137	147	131	170	131	38
105	105	77	77	77	105	142
126	71	126	122	47	122	47
107	107	50	50	50	107	84
81	52	38	149	105	88	112
119	66	137	131	66	137	119
176	58	176	39	52	50	27
35	59	122	90	127	25	170
189	62	125	135	124	125	186
110	179	65	65	189	114	150
63	35	146	63	75	184	169
130	132	33	130	33	78	78
39	81	60	31	164	163	81
171	46	77	17	48	14	78
179	180	94	52	92	179	134
80	88	80	80	87	87	87
95	40	40	54	54	54	40
146	75	129	36	29	53	75
150	68	150	62	150	66	68
84	185	84	173	36	152	14
12	149	12	44	149	149	52
29	127	129	57	166	169	150
38	38	38	185	103	103	103
122	70	129	184	184	120	113
57	57	51	51	57	51	100
130	127	133	175	127	14	127
41	63	38	55	63	41	41
33	18	173	18	108	98	76
54	62	170	62	62	170	170
18	70	96	48	165	165	20
137	134	155	155	116	134	137
15	85	85	136	15	15	85
177	48	104	35	48	65	134
13	68	136	13	136	136	13
181	46	137	69	102	175	68
55	37	101	55	100	117	74
23	33	149	33	23	33	23
62	151	95	68	95	167	170
101	65	60	35	146	146	126
53	175	80	175	53	66	80
13	78	131	37	131	13	96
81	14	124	124	124	81	81
25	113	51	137	95	117	117
157	133	133	139	177	177	139
88	123	123	79	128	160	138
171	55	125	94	21	137	137
79	33	125	151	79	151	33
75	149	180	52	74	149	149
119	24	81	81	119	165	24
25	163	42	25	87	163	42
152	94	36	94	152	94	152
53	157	77	98	98	105	145
166	20	166	166	36	11	36
103	66	32	163	103	66	163
68	60	167	100	180	157	99
144	79	115	66	149	144	139
15	131	127	131	131	127	127
151	83	190	57	139	150	139
147	148	130	81	106	81	148
59	132	132	132	105	59	14
99	154	180	111	154	118	155
25	109	117	182	32	182	42
43	43	56	99	151	56	99
155	118	168	155	130	177	101
48	65	173	55	55	106	21
170	94	173	170	170	173	173
52	92	128	146	132	95	41
91	124	71	144	91	106	45
35	10	90	90	90	10	10
28	129	185	74	83	138	35
106	154	135	87	135	69	33
94	189	190	94	189	189	94
133	179	23	12	127	133	174
87	146	50	177	178	150	39
91	91	187	91	187	187	90
19	189	49	98	96	56	45
170	86	113	187	52	113	119
75	143	143	75	143	75	188
21	146	122	21	21	146	146
54	35	54	54	46	46	46
134	170	140	152	134	153	102
95	146	146	95	139	90	139
183	167	51	153	171	180	183
122	125	97	125	122	119	122
45	171	138	187	165	163	13
171	23	171	181	15	137	14
156	108	108	138	108	156	156
131	96	176	159	164	146	132
16	90	90	16	107	67	67
148	135	159	120	88	64	135
144	95	156	144	156	144	156
64	150	74	96	74	51	19
130	130	174	35	146	174	146
149	16	149	16	148	16	149
80	145	158	73	11	142	71
121	120	55	120	121	70	70
115	23	61	10	150	96	10
46	163	111	16	119	17	186
40	130	130	164	24	24	130
86	13	98	119	58	164	109
67	46	135	46	124	148	64
178	135	74	74	178	178	74
40	135	20	79	20	120	81
143	143	57	53	104	57	143
76	16	76	35	16	16	76
171	112	113	167	135	67	135
138	89	40	52	89	118	41
122	144	36	144	144	36	36
142	169	169	131	169	142	142
86	94	94	86	94	158	86
138	162	162	46	138	74	138
33	33	22	132	132	101	33
172	158	184	62	178	40	46
52	124	115	124	115	38	52
85	46	10	187	118	118	21
140	140	120	140	111	120	120
53	61	53	119	61	58	119
158	38	26	67	15	177	38
87	128	87	138	128	138	144
33	89	89	135	135	135	89
137	182	21	139	10	20	146
101	69	69	111	111	67	67
26	153	81	153	26	98	98
11	85	11	180	85	11	85
134	18	18	148	134	18	134
58	150	123	167	167	49	39
103	177	41	21	33	67	188
169	120	169	120	169	146	77
31	79	94	94	31	94	31
92	30	72	121	72	30	92
137	137	75	75	75	113	137
133	47	47	66	66	47	70
31	47	31	116	58	116	109
173	67	133	146	175	129	110
92	139	86	42	165	146	139
103	54	54	145	103	54	103
74	109	126	34	184	184	110
39	152	181	149	38	16	54
62	124	76	41	176	11	116
79	110	110	79	110	79	41
142	43	82	173	120	88	69
114	69	55	55	114	55	114
65	147	152	190	163	64	53
54	168	168	66	106	138	152
32	141	121	81	81	121	121
116	22	116	145	41	126	121
51	51	184	51	80	184	184
145	65	139	65	145	139	131
169	169	139	166	166	166	169
145	145	15	145	78	15	15
21	94	132	137	38	45	79
155	87	87	155	155	136	87
44	44	138	44	138	24	138
61	141	178	13	130	178	13
30	43	55	31	55	11	147
183	32	78	89	54	182	78
155	30	40	30	132	40	132
67	67	44	85	85	67	85
44	28	28	44	33	63	33
127	34	13	19	118	14	29
87	25	171	53	85	31	26
129	129	100	157	129	47	47
151	60	151	22	22	105	60
75	93	75	70	29	29	70
83	89	89	83	83	89	64
182	96	68	182	182	96	96
164	136	88	104	37	39	37
96	133	144	19	144	96	144
30	149	132	149	149	132	132
145	179	145	51	51	145	51
16	68	150	14	86	164	16
103	101	44	181	28	28	29
77	138	168	168	168	77	77
21	21	19	76	76	76	21
101	101	55	55	101	159	55
19	98	98	98	24	24	24
100	88	77	83	83	46	43
65	71	35	35	84	182	94
150	150	150	139	139	54	139
155	155	28	28	155	36	67
72	46	167	48	46	108	158
136	100	133	22	136	150	136
86	28	28	62	40	62	86
126	30	25	25	126	30	23
117	111	117	111	124	124	152
83	131	79	17	13	83	152
135	87	85	33	87	72	175
78	182	109	150	116	46	25
147	86	147	45	86	86	147
104	29	133	38	104	29	38
84	151	151	76	151	76	76
30	12	12	36	164	164	12
107	161	73	67	183	73	152
56	102	87	72	48	87	178
86	121	37	106	32	184	146
10	148	38	10	148	10	148
100	124	100	37	124	100	124
104	104	85	164	164	101	101
74	135	74	12	74	12	12
161	37	11	129	138	108	142
131	79	43	131	131	79	79
61	16	108	31	32	149	127
121	88	40	121	88	88	121
24	189	139	139	189	139	189
43	48	43	48	173	173	64
106	106	59	81	81	106	81
51	25	21	51	25	51	25
161	28	188	161	161	188	188
40	134	99	40	99	99	40
51	120	51	138	51	138	138
120	123	159	120	105	105	105
54	178	170	170	122	178	122
117	111	106	117	66	106	106
151	151	93	141	151	93	93
157	157	147	157	147	147	113
65	167	65	167	65	167	125
44	44	53	53	78	8	44
96	65	65	96	143	96	65
141	8	71	71	141	141	21
40	60	184	106	20	172	83
75	19	75	75	19	19	42
58	111	111	15	111	6	6
22	22	142	142	142	175	22
56	54	120	56	56	120	120
109	75	128	118	28	145	24
86	65	65	86	86	14	65
93	74	67	67	119	119	74
23	147	23	23	110	110	110
128	96	61	96	61	61	96
144	148	103	69	61	74	148
140	51	82	75	75	159	127
95	174	56	23	173	140	174
30	155	118	109	145	118	190
77	119	80	77	177	177	80
176	116	176	153	116	23	153
35	133	133	133	35	133	177
43	43	127	118	118	59	118
83	83	83	163	107	107	167
55	97	56	109	35	97	21
30	176	135	176	128	135	128
90	90	60	60	165	73	73
58	175	24	83	58	177	91
91	156	123	156	91	117	123
90	60	141	110	24	141	141
137	137	34	34	63	137	34
68	16	68	183	183	68	183
74	61	61	74	74	61	181
95	75	156	75	156	119	95
21	126	63	153	28	28	74
131	21	131	163	21	21	131
140	126	126	97	126	97	97
49	49	118	13	25	145	83
116	116	55	161	161	116	161
29	108	167	65	78	142	142
163	71	181	133	88	71	168
47	166	47	168	47	166	166
122	112	71	183	126	84	32
190	71	18	110	107	63	152
17	120	143	87	19	132	80
147	148	147	148	61	101	147
85	85	160	160	85	180	160
176	25	44	42	57	147	147
142	38	129	129	18	102	153
92	184	151	46	129	131	161
158	82	162	20	19	37	20
178	24	164	150	150	155	171
166	138	141	141	138	138	141
14	161	63	23	43	53	43
104	112	78	98	54	170	54
131	111	52	110	52	111	110
190	190	71	93	146	188	179
81	151	51	118	81	119	55
82	120	76	150	135	13	177
116	63	120	120	63	116	168
142	142	151	81	156	142	151
149	37	15	109	99	120	55
176	43	43	176	43	138	176
168	31	31	168	31	154	168
42	42	67	59	42	59	81
26	26	25	122	60	60	60
101	182	94	101	38	132	14
172	135	135	106	79	114	66
92	26	62	139	65	143	169
157	159	85	159	159	85	85
68	104	178	96	168	178	83
92	88	92	58	58	44	44
177	16	124	16	124	124	16
77	88	77	149	149	88	81
92	115	150	128	29	142	115
101	26	166	11	170	82	14
41	116	111	111	111	116	116
176	178	103	135	69	131	69
115	115	44	115	115	115	115
100	27	145	117	177	164	145
27	95	109	143	92	133	60
20	150	19	20	20	150	150
165	32	165	161	32	79	79
52	52	52	76	109	109	109
35	142	35	142	35	147	142
65	88	87	65	120	119	59
87	69	79	171	150	156	150
109	117	170	78	117	78	109
18	67	189	189	67	189	67
68	40	94	40	94	26	40
118	118	126	166	20	20	126
130	130	14	6	130	108	108
124	43	124	124	43	43	79
123	44	25	12	12	177	12
51	91	51	51	91	91	59
26	180	65	63	42	14	42
37	37	44	161	161	129	44
165	73	51	73	138	72	59
158	122	122	56	56	122	56
178	106	106	170	174	50	102
47	21	60	47	60	60	47
77	129	40	169	102	88	169
125	151	151	94	94	151	36
40	67	40	52	67	40	67
66	165	23	145	104	18	18
18	160	168	168	168	18	18
135	116	189	116	189	116	189
171	145	16	41	49	171	160
107	118	174	80	174	80	107
134	104	61	118	19	20	161
136	107	98	107	98	98	107
153	92	180	92	77	123	33
136	136	80	80	174	136	80
172	31	22	97	187	116	161
188	35	111	166	11	111	171
14	137	137	137	142	14	14
73	114	38	101	143	69	114
113	105	105	54	35	54	54
141	45	45	27	141	140	27
17	17	17	54	54	54	34
46	63	125	63	179	141	46
60	60	136	62	146	170	49
86	68	65	97	133	137	63
35	154	35	35	154	154	23
166	32	16	31	187	166	119
53	135	53	180	19	54	157
34	34	48	22	148	22	48
53	108	52	137	102	140	52
139	89	89	115	13	13	13
138	72	72	138	138	11	72
168	161	161	161	73	124	73
85	143	85	44	143	85	143
29	29	79	79	29	146	79
5	51	147	5	102	147	5
132	16	16	16	52	16	52
40	66	157	136	22	22	93
91	153	138	127	187	127	128
87	92	121	121	92	92	121
87	153	154	98	55	153	37
28	13	73	73	73	13	12
81	163	126	81	163	163	163
42	19	98	42	19	19	42
128	104	85	128	128	104	104
36	171	84	148	84	106	91
102	64	181	171	75	24	171
23	111	98	17	158	87	144
29	182	29	29	67	182	182
130	130	169	27	169	56	56
56	146	182	56	146	146	56
134	156	127	119	127	111	133
158	173	48	158	173	158	173
124	170	111	142	113	113	76
181	172	172	136	28	84	58
116	166	116	166	61	20	20
69	184	85	29	73	69	89
97	160	102	59	22	163	38
125	56	56	92	178	178	125
99	51	154	10	23	55	51
165	124	47	47	165	124	71
138	179	55	72	55	72	138
29	83	41	91	172	178	189
49	59	119	63	98	59	106
12	170	43	175	18	14	175
144	171	68	110	20	171	76
135	147	149	173	147	135	149
176	36	116	116	36	96	96
59	114	157	15	157	156	94
150	25	100	25	47	100	25
129	144	111	144	164	129	164
157	104	157	104	104	169	157
145	145	140	188	140	145	140
97	138	97	99	138	138	97
156	31	69	134	144	162	51
150	123	168	59	158	158	47
94	94	45	45	86	94	45
14	118	47	127	184	32	168
42	66	106	42	42	66	66
147	102	139	177	96	67	82
70	40	94	70	31	35	49
91	64	41	91	64	138	138
62	114	62	114	84	24	84
49	59	161	59	65	172	111
154	114	41	114	150	41	154
27	120	133	100	76	122	27
25	25	54	176	25	54	54
61	126	188	178	111	79	168
78	91	13	101	129	134	78
41	144	144	115	41	41	144
100	162	100	162	148	134	162
69	69	88	86	88	69	88
173	153	54	53	53	174	139
92	104	74	74	104	148	74
84	174	44	12	174	177	141
46	46	153	12	153	46	153
75	24	75	175	86	24	175
155	102	70	55	173	146	174
78	48	133	78	46	48	133
138	142	97	138	142	142	138
74	94	87	120	97	21	98
38	165	163	86	96	167	167
180	120	177	120	177	164	164
34	127	34	71	16	174	137
89	28	46	28	44	46	89
26	26	163	26	18	163	163
14	135	72	154	171	72	187
124	39	180	29	141	141	38
174	124	108	174	108	108	174
16	158	158	85	16	85	100
49	31	38	49	68	34	169
150	37	171	91	30	171	146
85	142	142	45	45	142	45
93	19	33	93	19	70	70
87	127	87	87	127	32	127
36	36	46	36	46	130	46
120	165	76	35	35	44	40
57	57	31	57	31	31	74
145	117	117	117	110	110	110
23	167	94	143	23	23	94
119	119	104	89	119	74	74
154	80	55	16	49	186	138
62	62	188	62	188	34	188
118	77	140	118	77	140	106
171	149	19	78	16	87	16
89	159	115	144	34	100	132
69	96	82	69	49	11	92
79	186	186	79	79	186	60
103	182	182	103	103	182	98
148	182	76	161	117	144	53
98	140	57	66	111	70	111
16	144	190	144	108	70	109
19	185	72	64	38	38	58
34	44	44	34	51	44	34
23	111	23	23	141	111	111
35	14	35	14	35	14	27
41	79	41	54	76	158	123
99	78	166	173	97	50	166
41	89	41	103	41	89	89
134	75	167	113	168	168	179
154	130	130	66	66	130	66
185	144	22	86	14	14	63
28	72	169	159	159	169	28
68	19	144	68	144	108	19
18	22	27	18	32	29	74
124	108	139	181	30	158	108
84	73	120	73	120	64	84
154	72	62	184	42	76	80
162	63	116	133	118	49	63
117	164	110	150	159	37	116
8	130	66	130	8	99	130
16	188	16	126	188	16	188
147	56	189	122	55	130	132
165	170	165	170	170	165	124
17	183	93	57	172	20	20
128	68	35	35	34	34	34
67	8	67	89	89	89	114
81	30	108	114	30	114	30
82	82	82	91	139	139	139
158	57	57	57	136	136	136
139	139	117	60	113	106	108
121	48	164	48	164	133	133
66	66	10	10	66	10	54
187	37	90	114	114	104	86
65	76	76	65	65	76	120
38	42	69	128	42	38	128
52	81	150	104	167	12	167
55	102	138	67	102	190	70
139	127	53	53	139	63	63
53	75	146	144	53	75	144
169	118	159	91	118	169	159
167	167	62	59	50	59	62
135	33	94	33	135	135	33
94	173	36	94	36	94	36
85	60	80	165	94	165	72
149	149	53	110	110	110	160
34	81	81	146	146	146	81
139	159	159	49	84	126	117
151	153	143	62	95	95	38
157	42	77	61	105	32	15
160	112	101	167	36	101	62
106	163	163	106	163	106	169
157	47	128	143	190	73	160
165	59	165	60	148	86	148
64	170	100	84	84	64	100
139	103	103	77	104	104	139
184	175	108	117	66	157	66
32	104	14	152	40	137	151
147	69	69	95	69	95	95
19	83	120	83	153	153	153
157	115	115	170	69	170	157
72	59	166	91	127	141	27
106	14	106	30	14	106	90
43	39	43	39	39	43	26
148	26	18	129	122	26	70
29	161	128	106	53	27	161
91	91	91	53	20	20	20
183	40	42	67	176	159	183
52	129	52	129	163	38	38
133	158	131	100	100	13	163
20	168	168	145	83	83	20
37	73	132	146	148	104	123
173	169	106	81	87	81	37
65	119	90	116	69	141	65
146	188	146	146	188	188	16
75	12	163	136	72	65	25
66	66	150	150	132	66	150
145	145	41	61	41	59	59
61	88	61	64	46	177	12
181	21	181	181	21	71	21
78	35	70	162	129	35	94
148	148	123	136	29	133	15
30	179	147	158	117	15	25
126	151	157	10	110	47	11
123	78	79	123	79	78	55
118	142	134	172	49	94	164
159	122	112	9	122	159	122
59	59	37	59	37	37	180
24	62	111	111	24	62	177
104	36	104	104	132	132	132
129	103	129	24	24	129	24
24	93	164	177	12	85	172
188	56	28	52	73	110	188
164	80	119	119	80	119	80
188	188	69	29	188	29	29
124	124	155	75	19	155	155
99	158	36	65	183	61	36
61	61	88	176	176	88	170
25	155	122	115	155	59	17
68	54	68	54	68	54	115
84	31	149	31	179	46	94
99	118	99	118	131	118	99
65	175	109	113	154	30	85
129	25	25	38	38	38	25
70	104	104	44	70	28	44
174	161	158	126	186	126	173
12	29	12	29	29	12	98
81	43	84	179	179	89	55
48	48	54	153	48	156	156
127	118	92	158	168	183	92
113	170	113	113	146	170	170
118	61	116	182	118	19	116
109	174	43	160	100	47	91
44	144	66	157	169	66	138
71	32	30	32	30	29	71
82	163	168	82	168	82	168
23	11	59	57	59	11	59
82	174	174	174	142	135	76
150	189	21	148	162	150	11
55	55	24	173	159	173	24
36	56	36	18	36	56	56
88	159	15	74	41	32	41
28	28	64	28	138	64	64
150	73	70	184	157	170	143
16	74	74	16	16	74	51
91	190	23	190	118	29	19
67	67	67	178	171	171	171
37	87	103	91	95	85	14
56	96	46	190	53	22	53
131	77	156	77	131	77	131
41	38	144	58	144	13	184
184	184	160	184	27	27	27
87	10	59	96	149	123	100
145	185	130	66	28	156	28
161	67	162	142	67	142	162
122	167	167	152	152	152	167
141	103	13	147	63	40	50
90	39	39	90	148	131	131
145	63	99	85	184	18	184
45	13	13	96	29	13	96
55	176	178	44	176	187	113
49	90	20	90	90	20	20
128	127	166	148	127	79	85
19	59	44	176	113	120	113
50	50	162	24	162	171	24
179	81	123	81	179	179	81
42	20	42	42	85	111	20
167	74	135	167	76	89	49
18	18	18	165	165	122	165
172	147	74	119	101	138	138
143	28	147	63	147	157	87
73	169	165	13	13	39	48
105	134	67	85	18	177	57
63	140	63	124	140	140	63
60	185	61	24	22	33	33
59	116	59	116	59	116	138
166	120	179	129	153	129	41
20	59	99	111	96	59	93
142	155	142	142	143	143	143
56	102	102	102	92	56	56
28	171	79	79	171	33	28
53	174	115	16	111	111	128
128	101	57	13	46	140	64
26	76	76	175	76	175	175
146	146	49	48	189	97	83
97	59	97	97	15	59	59
85	51	107	48	85	77	96
78	28	97	25	62	98	24
106	136	136	35	35	45	106
167	113	133	91	157	17	53
100	50	42	42	50	42	50
156	132	132	39	39	156	25
22	22	22	71	71	133	115
141	91	75	75	141	75	141
147	147	77	154	77	147	77
66	81	66	132	132	66	124
116	73	73	116	150	116	73
59	103	77	59	73	111	76
117	105	105	134	117	48	17
58	58	189	138	189	123	149
20	24	20	20	18	24	24
144	144	112	112	144	112	81
12	12	25	130	91	174	172
94	94	114	95	74	186	187
31	112	126	112	129	126	112
133	137	186	52	89	137	159
163	165	11	163	11	80	163
95	126	95	126	132	95	126
73	127	127	16	16	127	16
43	39	10	78	119	51	161
187	25	20	187	25	187	25
118	46	173	118	46	46	118
44	167	107	167	44	167	44
44	155	90	56	132	137	90
124	124	130	18	56	124	130
84	101	69	90	28	11	90
85	85	63	137	63	85	63
44	44	44	85	140	70	140
59	181	107	126	84	27	22
128	115	181	115	49	128	102
117	24	52	117	30	187	64
32	177	106	144	141	125	33
11	23	133	147	113	51	51
77	77	77	165	165	87	165
30	187	104	151	93	165	30
174	138	40	21	41	135	163
151	184	135	76	184	61	37
135	68	68	43	43	43	136
56	56	109	67	109	56	109
39	103	76	111	153	171	103
39	49	173	37	23	135	49
36	69	62	179	44	62	70
41	42	43	104	165	126	148
179	179	94	179	94	44	44
44	52	52	52	52	44	44
104	22	108	82	152	165	152
179	54	35	144	81	179	166
84	53	187	101	176	154	132
119	144	159	159	43	153	66
128	107	107	128	128	107	107
35	35	46	18	18	35	18
56	103	76	86	128	56	38
92	98	154	175	180	122	45
137	32	159	32	159	159	32
122	26	41	47	123	130	130
74	91	133	72	160	163	74
41	90	17	146	131	28	28
59	31	59	21	20	180	78
6	118	108	7	6	6	7
15	15	128	15	128	190	128
171	161	133	138	171	181	112
123	97	123	6	97	97	133
109	125	109	125	125	75	109
56	146	135	20	31	76	20
115	115	18	18	63	18	115
46	46	120	39	46	120	120
109	93	39	186	93	158	125
107	107	120	81	120	120	107
135	101	123	135	93	133	176
167	108	135	167	99	99	108
94	96	79	94	121	96	94
38	127	127	38	127	127	38
147	147	45	147	45	89	45
169	144	156	175	46	46	37
38	38	159	9	38	24	159
159	159	29	29	16	16	161
111	34	120	111	34	111	34
66	100	170	66	125	66	170
11	41	11	41	21	41	29
11	11	74	74	22	11	74
159	110	110	151	159	110	159
25	92	122	92	44	122	92
185	23	44	118	178	61	158
57	57	57	87	87	87	55
166	115	18	115	168	113	81
164	184	133	127	160	182	160
133	68	18	189	120	37	67
13	31	54	108	177	13	94
131	182	131	182	182	47	131
171	159	159	132	118	51	62
15	81	81	15	96	15	65
165	28	32	28	32	32	28
34	87	34	178	178	34	178
94	80	36	144	133	177	144
70	53	70	70	53	53	45
16	148	181	67	95	190	64
112	133	32	32	112	112	32
102	136	125	102	117	102	125
31	38	106	90	179	152	179
118	118	22	22	114	22	118
25	116	25	41	41	116	28
12	94	112	122	183	184	102
131	25	131	25	53	153	153
40	134	51	49	141	92	141
147	150	150	83	150	83	83
183	35	183	35	35	126	183
84	106	71	71	106	84	117
48	28	80	80	80	28	28
141	134	134	141	141	134	134
169	12	132	12	132	48	132
136	47	97	97	47	47	97
124	89	124	124	88	88	88
85	117	32	117	38	96	49
63	107	34	138	94	79	107
12	120	78	78	12	78	12
28	167	167	78	78	78	83
121	144	185	167	125	142	90
177	180	188	180	187	103	174
184	54	54	132	112	181	49
121	36	53	42	43	107	186
107	171	117	97	107	42	74
159	107	159	159	188	107	107
168	48	138	52	116	116	48
188	188	142	129	129	188	129
63	174	26	50	50	63	26
176	125	30	129	93	64	30
106	100	95	106	106	106	100
83	78	161	145	95	187	187
74	28	65	141	65	74	28
74	74	80	80	84	95	84
181	181	166	73	73	73	181
145	87	169	153	81	49	120
72	167	58	164	131	131	140
71	164	108	69	69	164	108
131	82	166	21	95	117	73
181	112	117	163	139	92	117
139	100	100	101	101	101	63
109	14	23	38	118	12	118
34	110	23	36	40	148	148
72	162	18	138	138	18	72
61	128	61	128	54	75	128
62	28	28	163	62	28	62
49	101	112	101	101	46	112
36	80	127	81	108	74	74
133	52	92	176	178	66	66
123	107	101	123	123	155	101
134	104	134	76	80	76	104
68	14	14	139	68	14	169
44	187	93	93	126	59	57
182	80	136	180	88	150	45
76	24	184	24	185	124	121
178	97	158	140	13	105	83
186	109	109	135	129	75	149
68	14	14	68	21	68	14
62	27	57	27	27	62	62
181	37	165	105	100	140	78
141	134	77	88	77	134	141
64	38	140	172	127	12	136
99	183	13	13	99	13	99
128	71	178	12	111	153	55
29	163	29	29	121	121	121
55	115	55	80	47	115	47
117	162	162	162	117	107	117
177	46	145	36	36	15	73
190	125	74	30	190	24	88
40	138	40	76	76	40	76
83	12	177	48	108	48	48
41	116	113	116	40	11	101
184	82	82	82	184	65	184
86	168	62	67	168	71	189
102	181	124	88	44	141	138
19	183	119	74	119	169	50
171	86	89	86	89	86	89
41	161	70	70	12	74	86
55	55	163	163	72	163	55
140	159	129	56	94	56	165
169	188	94	24	34	94	111
41	89	27	27	41	106	89
77	156	147	77	77	156	49
162	181	181	181	162	162	101
156	49	176	147	176	95	113
52	136	151	52	151	151	52
17	38	38	17	14	17	38
114	149	151	87	34	144	26
107	107	84	159	159	107	159
73	91	37	37	147	181	105
129	93	109	93	109	109	93
105	93	143	55	143	54	135
75	157	75	151	24	78	84
30	39	39	25	30	110	110
153	77	24	142	94	109	186
145	77	77	145	145	77	182
187	187	27	109	27	27	187
167	147	147	134	91	76	128
171	82	131	131	171	171	131
152	97	30	61	131	165	30
45	45	45	188	188	62	188
127	123	127	31	31	127	31
95	24	97	97	97	24	24
19	155	155	122	151	122	155
140	50	72	72	156	37	174
139	11	139	112	25	91	27
108	99	30	127	184	153	53
47	116	47	47	116	116	186
70	24	16	119	16	177	178
126	39	31	175	13	178	28
70	169	190	105	96	131	11
61	172	172	81	61	172	61
181	181	92	61	61	181	61
42	41	154	41	109	109	42
174	107	175	175	107	151	174
141	169	84	110	29	174	174
84	154	154	15	150	150	46
134	146	134	134	146	146	29
81	99	99	118	114	118	99
122	85	85	85	25	25	25
129	98	14	82	39	37	136
101	120	120	120	120	120	120
110	127	127	111	110	93	93
180	169	180	174	169	25	25
136	148	123	51	51	123	136
168	86	168	86	117	86	168
49	81	150	150	49	150	49
155	139	139	155	60	155	139
81	81	89	147	12	114	144
108	50	50	83	50	108	161
171	157	155	20	108	61	132
117	190	152	88	18	25	88
18	186	144	181	18	180	157
160	160	176	68	103	16	167
142	18	18	73	73	15	142
102	79	60	102	60	79	112
147	28	83	70	88	66	179
97	149	51	113	149	163	65
31	57	153	31	153	31	153
105	153	60	86	167	169	28
69	188	69	33	188	188	69
165	119	165	100	100	100	165
187	187	121	121	93	187	121
152	119	156	71	156	50	28
36	29	29	36	164	49	164
169	23	26	50	159	155	169
45	147	147	45	39	45	147
144	135	135	144	135	110	144
93	93	148	162	131	148	148
113	80	41	124	92	151	124
164	164	164	67	187	187	187
95	117	44	44	95	95	44
95	39	36	36	95	36	95
136	148	123	132	148	123	148
20	44	20	68	44	44	20
190	190	190	175	175	175	133
98	124	118	118	98	118	72
71	185	62	20	71	39	42
40	178	58	178	81	81	58
113	43	146	146	43	43	146
179	77	87	113	113	144	165
98	65	126	132	98	65	65
101	31	134	32	58	111	156
112	140	55	140	55	112	55
27	148	60	60	27	148	60
58	58	58	55	55	82	24
37	37	26	26	26	168	37
56	23	96	56	65	127	118
90	167	167	188	138	17	49
111	132	75	150	111	132	150
58	122	92	149	18	54	85
186	90	75	186	90	90	186
134	72	19	19	135	134	19
87	78	32	78	32	32	78
96	31	93	31	66	66	96
184	54	54	184	184	54	171
128	128	87	128	87	39	87
177	57	124	180	56	76	108
50	84	22	16	65	169	190
87	21	134	134	134	87	87
92	134	134	123	123	134	123
48	48	48	55	103	103	103
16	5	43	5	16	36	16
22	188	22	188	181	22	188
122	100	100	124	124	124	100
18	172	41	41	172	41	172
46	49	35	140	37	27	92
167	16	170	16	170	159	170
151	33	144	137	38	144	167
97	83	83	97	97	83	148
149	79	149	65	149	65	65
40	49	111	129	40	98	112
64	128	182	35	34	10	39
23	166	12	103	86	23	141
78	50	21	66	156	147	63
95	78	20	78	78	95	95
110	110	20	110	20	20	181
175	147	175	38	175	38	38
120	106	124	106	78	106	78
26	175	50	131	77	180	131
163	163	85	85	85	186	163
19	29	119	17	85	32	175
169	113	97	113	82	65	89
173	154	96	59	161	54	154
153	173	173	153	153	40	173
134	94	134	160	94	94	117
81	24	103	103	24	24	169
164	11	120	51	94	52	78
165	89	165	165	134	89	89
93	116	116	94	116	48	93
126	63	124	77	71	10	126
10	10	132	10	149	149	149
185	122	19	48	51	65	19
12	50	74	188	56	70	33
132	132	152	154	152	154	117
75	12	93	76	42	123	75
50	50	132	93	50	132	132
141	162	58	119	119	189	71
43	173	146	141	188	174	43
31	20	31	167	87	55	23
132	167	132	103	132	78	78
40	154	183	130	182	14	177
167	167	84	23	37	84	37
158	54	42	42	158	158	42
45	102	109	45	15	15	102
61	61	69	131	131	61	131
140	29	31	134	112	112	130
137	13	129	189	31	142	13
123	66	66	26	123	123	66
130	29	29	130	35	29	130
100	138	116	138	108	124	25
79	128	85	79	55	55	85
122	22	122	22	121	22	160
50	167	7	50	50	167	154
160	179	98	25	49	75	179
31	118	118	118	31	96	31
115	21	99	148	115	99	99
51	85	117	91	69	165	46
29	46	124	115	124	154	19
65	188	12	89	161	44	141
43	132	43	132	43	132	108
153	151	105	105	153	139	151
162	138	138	162	162	138	173
106	24	106	24	32	106	24
164	49	82	164	82	164	82
135	182	116	181	127	70	49
114	98	98	114	173	114	98
171	125	63	114	93	147	63
86	46	86	165	46	46	86
149	29	30	59	52	186	75
102	143	138	106	127	117	143
22	24	177	164	128	105	148
147	147	66	66	66	163	147
89	178	30	48	78	67	96
138	174	144	174	144	174	144
49	134	62	101	101	164	59
77	63	154	56	183	162	66
76	133	53	60	53	60	141
110	181	33	111	90	90	113
100	103	178	159	178	173	15
41	101	63	101	63	101	153
134	44	43	23	127	96	59
63	124	63	124	97	124	63
103	103	14	96	96	96	103
45	23	60	60	60	60	45
150	61	172	68	44	63	70
52	153	50	56	52	119	81
155	23	180	190	169	159	159
51	13	13	13	51	77	51
149	129	150	97	86	86	105
172	61	151	77	77	172	151
117	58	163	184	119	45	93
69	14	88	128	14	59	162
143	167	168	143	73	140	140
127	122	127	95	122	122	127
65	45	92	65	45	50	92
43	64	73	46	52	183	43
85	141	35	42	17	182	85
50	76	98	50	50	98	98
36	44	102	177	160	166	177
111	111	111	57	57	57	57
158	143	136	147	84	158	143
180	166	154	154	140	129	37
36	152	36	36	152	90	152
88	88	42	178	95	39	95
130	143	186	33	133	140	99
97	156	165	16	60	97	72
68	76	32	76	32	76	32
48	99	20	75	92	67	116
66	169	66	95	157	169	95
56	164	14	113	98	11	150
43	63	163	59	59	78	122
80	72	130	20	63	63	157
143	111	106	153	143	106	153
39	64	188	18	22	64	112
67	67	172	114	167	156	151
185	150	150	98	132	19	118
157	157	187	13	13	13	157
139	120	120	120	52	52	52
109	64	64	167	91	138	110
43	184	25	157	10	157	104
41	96	96	31	96	41	41
135	13	135	13	135	13	164
138	24	37	24	144	125	106
45	39	45	68	45	39	39
47	175	49	152	156	49	132
19	123	19	123	19	71	123
59	39	59	51	16	169	140
135	18	18	18	135	135	138
74	167	101	74	167	167	63
174	136	70	174	136	66	70
108	72	108	72	72	108	159
182	154	93	117	60	86	60
129	63	106	129	129	167	63
99	8	99	55	146	8	99
115	116	26	116	97	116	26
70	160	11	173	100	122	173
96	152	78	149	152	149	96
163	143	143	165	163	143	163
145	145	144	144	145	144	51
105	176	58	67	67	165	84
45	42	136	136	136	45	152
85	27	60	185	130	183	60
146	167	20	146	148	153	108
61	95	129	129	95	95	129
131	131	165	131	22	112	22
38	161	187	166	51	149	16
43	141	38	100	43	64	180
39	81	39	163	123	123	81
185	48	64	48	165	177	97
76	171	169	54	98	98	119
124	127	158	140	25	158	41
28	32	28	32	32	28	34
81	156	22	22	29	30	138
44	46	141	42	52	138	20
46	65	65	33	125	65	125
134	103	96	134	96	33	103
97	157	98	83	126	140	169
40	170	119	139	78	89	41
68	68	68	72	71	72	72
50	32	82	52	32	175	94
41	74	89	125	125	52	129
43	21	29	33	104	43	43
132	186	148	162	32	164	132
7	149	7	151	81	81	7
17	113	156	17	113	98	156
160	173	187	39	166	43	185
59	59	59	59	103	59	59
103	103	123	123	175	123	103
175	64	173	72	185	183	64
154	15	66	139	180	113	128
142	68	142	78	78	38	38
179	133	171	113	83	79	79
160	134	35	172	172	160	134
126	110	90	143	90	151	130
162	112	166	166	89	138	30
34	143	130	130	130	143	143
72	53	66	111	72	66	72
74	98	74	153	172	98	153
149	28	19	112	46	88	19
56	36	125	36	56	75	56
121	32	121	82	82	32	120
174	73	182	134	178	134	46
38	170	19	51	167	108	168
145	71	176	115	39	81	71
105	78	62	51	51	187	160
51	113	113	55	81	55	113
150	75	61	60	154	164	102
156	184	35	80	35	160	84
98	67	115	75	161	12	81
104	56	78	61	71	124	71
133	43	76	122	38	76	185
116	168	78	74	20	171	173
31	105	31	161	178	161	105
158	80	39	72	80	129	42
165	28	117	113	117	76	42
140	140	55	117	55	117	132
90	143	143	90	143	37	90
13	149	155	149	146	26	137
34	40	73	61	73	149	72
149	149	98	149	24	98	98
40	54	58	17	58	40	54
133	118	9	60	133	60	60
44	30	166	100	44	100	166
82	23	23	11	95	95	95
158	116	116	18	180	69	108
122	164	10	78	59	185	78
179	142	39	142	176	39	179
71	71	71	51	44	44	44
116	82	159	159	170	116	116
188	101	188	101	101	88	188
107	127	127	56	28	28	107
129	84	117	84	129	129	84
44	77	43	43	32	23	35
94	27	142	67	10	94	51
21	166	166	166	21	21	21
126	47	59	129	148	129	144
135	86	135	173	11	169	27
22	22	99	84	49	49	99
145	145	154	123	127	49	15
106	31	34	177	183	32	34
18	54	152	134	134	18	54
133	133	133	29	29	124	29
119	136	88	136	119	136	119
139	56	154	40	22	62	116
108	172	148	130	108	117	121
78	161	150	150	83	150	78
124	124	77	77	78	77	66
87	50	29	107	50	163	127
55	128	47	55	47	136	55
85	85	46	46	46	85	125
155	92	30	99	139	86	76
160	168	109	160	168	39	109
38	78	23	23	38	35	38
124	115	115	93	93	93	124
63	167	167	63	65	63	132
144	144	144	83	43	43	43
128	177	183	177	128	177	128
101	39	101	190	101	39	39
95	84	129	81	42	26	81
68	74	108	189	113	65	65
176	93	170	127	121	176	80
133	85	51	51	29	85	29
75	65	65	20	65	24	75
157	88	44	91	44	162	121
95	69	126	126	126	69	69
104	160	146	107	160	104	104
23	89	159	109	14	131	103
15	26	62	62	15	15	124
17	78	78	17	17	78	91
92	74	92	128	74	128	148
118	34	34	142	155	118	118
26	66	24	99	39	142	26
109	58	108	109	107	107	108
116	116	36	159	79	79	159
139	160	32	40	121	27	106
49	145	145	14	89	145	14
97	100	145	27	54	115	35
154	13	105	127	127	21	127
189	189	24	189	20	24	24
79	152	150	150	79	162	150
96	18	96	18	143	36	96
53	39	53	93	39	53	39
68	127	170	115	115	68	170
32	32	141	127	94	32	127
77	77	184	184	71	184	77
18	18	136	37	123	123	18
106	17	59	57	83	15	141
21	76	150	150	21	150	21
110	122	102	186	53	176	90
22	139	22	105	110	145	49
72	98	101	72	101	98	180
122	83	12	12	83	12	83
180	16	16	107	16	107	107
88	180	88	180	180	130	88
13	101	101	101	13	13	141
107	55	107	55	12	107	55
174	151	71	106	118	71	82
111	122	75	157	13	75	160
80	166	99	80	80	166	70
90	92	90	92	107	52	52
65	50	79	171	45	45	173
141	125	118	131	157	125	85
52	94	78	50	75	155	122
48	28	98	28	148	148	98
150	62	62	62	150	119	150
96	74	96	170	115	96	74
111	85	120	127	54	89	102
166	156	164	15	67	133	139
23	68	68	67	23	23	68
105	148	112	105	55	49	140
178	108	58	89	178	49	170
156	25	98	18	98	134	169
22	34	169	102	82	133	102
56	133	82	133	56	95	82
33	78	127	153	33	134	113
14	31	53	141	30	47	92
154	118	120	84	37	154	27
174	94	63	124	123	94	173
134	125	134	134	72	125	125
119	119	142	79	79	119	74
101	88	88	88	38	38	38
149	171	76	91	91	149	76
68	80	80	108	108	68	167
157	141	11	56	34	112	160
89	89	109	58	58	58	89
151	151	130	101	151	166	130
132	144	158	52	39	52	166
70	131	44	131	70	70	162
134	132	152	132	143	152	152
82	20	82	89	89	82	89
54	16	136	16	54	16	54
20	150	160	20	150	160	34
104	21	163	104	21	153	153
84	88	45	88	45	45	88
100	114	100	100	136	114	114
96	71	96	71	71	96	131
124	79	79	44	183	158	189
179	179	164	27	179	27	27
184	30	186	130	168	90	186
93	45	155	67	111	98	115
82	15	15	82	44	73	73
48	75	75	68	48	75	48
189	189	189	48	112	48	48
171	102	102	171	102	171	88
118	82	118	133	28	133	82
187	187	50	135	183	130	43
74	74	74	113	113	113	113
38	96	22	22	96	140	38
105	149	56	149	68	157	36
100	100	57	57	100	57	132
30	106	48	49	178	57	106
188	26	174	87	60	86	59
16	30	113	122	30	144	137
94	165	16	16	98	32	184
142	125	174	135	165	15	125
166	86	163	134	26	96	68
158	115	170	20	141	170	159
48	63	63	38	182	72	64
96	70	76	137	107	76	180
71	145	38	145	71	145	71
90	99	29	14	137	169	26
124	104	19	147	81	83	81
86	33	125	140	165	147	28
143	120	143	127	91	91	120
174	101	48	134	111	48	12
67	67	61	74	74	74	67
106	143	83	83	68	63	27
110	74	185	106	162	141	47
37	108	37	37	144	108	108
161	76	185	134	161	144	82
61	61	115	150	18	39	183
10	165	10	54	54	46	126
53	33	66	156	120	92	53
174	155	104	154	26	12	40
155	155	140	21	140	140	86
34	89	31	83	74	155	34
31	151	31	66	124	135	146
154	29	29	30	36	29	154
129	83	85	129	83	129	83
93	125	93	125	93	113	117
36	155	155	78	78	162	162
39	90	171	123	79	95	115
80	175	80	104	104	80	104
147	159	16	159	16	16	159
107	68	134	134	22	124	78
29	99	121	27	24	149	24
87	136	30	87	87	73	73
41	130	104	118	165	130	67
41	28	95	30	55	165	63
21	104	160	160	171	171	21
132	33	132	132	33	106	33
163	155	14	138	62	79	70
178	25	24	68	154	165	95
189	189	55	55	189	149	55
169	9	45	9	9	130	45
156	96	156	49	49	122	122
73	50	52	50	154	187	67
23	165	23	75	23	75	75
73	150	80	15	172	129	112
12	122	20	103	144	38	22
87	13	79	71	64	79	146
70	70	162	189	189	70	189
19	105	34	105	34	105	132
143	164	164	164	143	143	32
33	155	64	131	165	107	35
156	117	11	84	11	82	83
155	121	121	155	121	121	155
117	154	85	117	103	103	85
88	84	117	88	129	109	88
87	163	176	188	28	89	163
77	77	77	107	107	107	17
163	112	84	163	99	99	84
154	40	185	43	52	104	154
119	137	129	70	105	95	106
35	35	123	66	119	178	81
171	171	171	75	25	75	75
18	23	53	18	23	23	18
173	34	160	173	133	87	87
187	41	41	187	65	187	41
47	186	103	124	21	172	186
77	130	130	86	77	41	41
79	79	37	37	63	79	37
98	29	173	173	87	29	98
75	75	75	187	187	187	190
158	92	92	126	158	109	126
152	58	81	62	62	152	152
110	35	182	25	110	166	155
15	64	166	62	175	15	121
132	87	87	132	36	7	132
77	38	26	114	77	38	38
46	112	21	135	112	112	21
17	17	121	121	17	121	183
43	184	69	10	133	88	43
103	102	103	103	113	102	6
69	85	69	78	78	85	80
139	139	139	158	158	83	158
29	81	190	123	81	88	103
121	92	95	75	141	76	185
171	171	118	177	31	177	118
134	17	39	118	134	134	39
80	48	143	143	143	80	80
100	28	108	11	92	78	49
108	120	108	120	103	108	120
142	142	24	64	94	24	94
8	62	8	52	26	26	26
53	117	24	73	83	25	98
149	48	149	69	48	149	48
123	88	37	96	33	98	67
115	136	126	111	174	119	136
10	126	10	10	126	16	126
71	86	86	71	147	71	86
142	61	126	142	126	126	142
14	119	31	117	77	117	22
68	25	68	25	57	25	57
135	110	106	42	56	184	137
117	166	125	155	82	82	161
99	111	87	108	89	29	70
119	167	136	128	109	29	132
32	128	32	139	27	164	133
18	130	60	21	90	15	90
81	86	81	40	81	86	86
30	86	166	83	166	79	49
184	102	184	122	102	184	102
66	144	28	38	46	175	37
144	32	120	60	47	99	42
42	67	74	165	174	76	37
21	160	65	101	65	160	101
24	166	166	17	17	87	87
67	81	81	81	67	81	67
92	109	132	32	38	106	144
19	43	19	19	43	23	43
91	91	174	162	116	73	43
173	136	101	92	164	110	101
128	48	14	86	36	102	14
38	53	38	38	53	98	53
139	93	139	93	65	93	139
76	178	178	76	178	76	64
115	50	55	55	96	115	55
132	144	33	52	163	141	54
75	116	164	118	85	129	116
69	186	180	45	10	110	150
58	99	46	142	80	184	144
168	132	54	168	132	54	105
160	81	175	164	115	175	182
110	36	152	110	110	36	36
107	53	80	107	53	107	53
175	135	22	130	130	159	148
118	42	33	112	179	171	112
103	31	46	138	133	14	31
118	146	118	146	43	146	118
108	136	180	14	132	21	70
52	155	52	116	48	10	151
129	129	170	124	124	124	129
182	142	72	72	42	116	94
88	165	160	82	29	28	180
173	77	173	173	77	110	77
92	90	106	12	12	106	106
28	28	159	178	99	99	178
117	133	150	150	161	168	139
172	23	120	18	15	98	120
96	135	98	47	170	47	65
38	77	79	77	28	38	79
95	63	34	104	104	95	34
102	18	70	112	150	150	47
82	26	28	26	28	82	91
148	70	36	180	81	160	148
68	65	72	112	68	112	68
56	116	116	56	56	6	154
147	147	29	40	12	12	12
102	128	84	101	101	102	27
162	81	25	183	170	110	130
20	20	129	129	18	94	94
143	45	143	143	84	84	84
30	45	127	45	57	76	129
22	30	65	17	22	65	17
166	61	33	131	135	92	105
183	189	175	189	183	189	183
49	131	107	65	49	65	65
105	76	105	105	76	31	76
117	91	169	155	58	11	14
97	101	97	150	164	150	101
151	77	128	22	151	77	128
160	160	149	37	125	30	72
113	43	158	158	182	127	60
22	126	183	183	183	126	126
36	39	39	185	39	36	36
179	132	25	12	104	172	105
89	118	13	89	58	118	89
51	86	51	86	86	119	51
51	146	160	134	149	92	149
141	118	72	79	118	72	141
58	45	45	169	169	45	169
39	12	151	12	115	151	12
21	48	145	51	51	165	73
69	137	135	104	135	40	174
139	35	44	58	139	146	12
28	17	17	28	17	28	37
40	40	36	67	40	100	36
62	62	62	110	73	110	110
141	165	133	166	32	166	131
13	35	35	77	13	35	13
29	29	94	94	29	94	25
34	38	34	29	89	43	134
109	57	15	24	15	57	24
116	104	58	162	155	175	55
94	131	156	15	109	63	109
11	11	139	11	139	139	163
106	80	113	113	80	45	113
18	56	56	180	98	184	167
177	170	180	138	140	97	180
55	58	92	55	55	58	58
97	18	65	18	70	70	97
131	131	131	39	142	39	39
15	129	15	15	129	165	129
57	158	135	90	187	178	122
123	123	12	69	123	128	69
186	186	186	30	30	30	30
17	55	55	17	91	55	170
26	125	137	26	125	26	125
31	31	141	31	141	73	141
87	87	87	89	116	116	116
91	158	91	57	121	134	181
71	166	166	93	93	71	16
96	72	75	72	75	75	72
54	38	120	24	149	89	120
22	155	158	12	128	68	155
80	119	119	119	124	119	80
185	158	89	54	53	158	125
155	136	67	162	136	155	155
174	127	92	156	24	24	33
17	43	43	17	82	129	82
96	56	98	130	98	56	130
29	29	106	29	58	58	58
155	139	115	133	115	139	155
79	53	79	79	33	53	53
58	58	56	168	56	58	56
185	77	78	27	27	112	172
124	17	124	130	167	130	17
54	104	91	161	57	54	116
18	18	155	18	94	94	94
172	60	134	172	113	60	134
142	41	142	121	41	41	142
100	124	56	40	40	69	162
166	169	166	60	171	120	172
36	36	10	10	36	129	31
97	142	58	178	30	52	97
20	39	20	39	134	39	20
123	122	129	123	122	122	123
134	57	23	23	57	122	57
15	154	159	44	44	159	159
111	135	135	135	111	111	100
120	34	120	34	34	108	120
155	45	64	124	64	155	124
163	163	16	163	16	16	89
173	111	102	147	71	153	69
172	27	150	130	130	172	27
96	142	142	96	96	190	142
80	159	30	151	90	28	44
21	79	61	50	151	143	83
100	100	94	100	94	78	94
115	166	115	134	134	135	134
133	133	79	133	133	51	51
77	16	77	139	66	66	16
116	59	99	99	166	116	59
35	15	35	35	15	58	15
111	153	19	184	147	171	184
62	147	87	88	88	62	147
61	23	161	156	14	179	174
52	123	124	52	123	123	52
124	156	156	26	124	172	172
146	146	108	15	15	55	55
106	81	143	146	14	102	115
185	66	66	42	42	42	66
163	107	107	68	68	107	68
146	66	146	146	66	161	66
106	188	50	69	172	136	136
33	100	125	135	44	38	125
87	131	125	87	25	171	125
157	60	34	101	125	142	122
112	94	107	94	160	112	107
53	175	178	34	64	142	156
10	98	83	98	98	67	67
49	27	16	44	44	49	16
11	155	112	142	138	30	104
82	82	34	82	34	34	47
140	27	77	77	77	27	27
163	72	163	33	72	31	128
109	165	158	61	132	104	103
30	30	144	30	144	88	144
17	99	17	178	178	17	178
158	139	33	33	115	158	139
110	110	15	82	110	82	82
72	168	39	148	87	72	118
91	88	79	91	79	79	91
116	77	116	103	92	164	104
26	26	22	102	102	102	26
65	141	107	122	145	22	85
126	118	161	91	161	90	165
164	97	83	97	108	108	97
104	104	186	104	162	162	162
136	119	164	47	119	164	47
14	29	105	14	72	29	14
49	73	49	31	73	49	73
97	110	129	129	27	183	69
12	23	109	109	12	109	12
65	75	129	124	162	101	75
73	29	48	170	48	117	173
112	112	88	88	162	88	135
96	91	68	187	187	85	71
169	17	45	19	101	107	44
55	175	178	137	180	178	27
14	14	59	126	35	35	35
31	43	145	178	145	65	83
80	94	38	106	80	147	80
84	84	81	26	26	26	84
22	41	41	47	22	79	47
167	167	33	84	33	17	84
87	72	38	177	72	38	87
143	117	117	117	20	143	143
72	72	105	72	98	98	98
78	26	159	172	122	122	34
142	20	142	75	20	142	142
61	97	104	97	104	97	104
84	22	58	131	92	103	145
71	65	22	98	98	71	65
58	131	160	66	157	58	153
135	135	82	163	80	137	127
42	42	31	117	117	117	42
49	49	95	25	25	25	36
46	170	170	46	149	169	149
141	184	141	134	184	141	184
154	99	165	149	28	72	23
36	182	14	123	114	114	119
46	45	190	33	47	78	114
154	134	124	134	154	134	154
70	40	40	57	70	70	40
111	157	44	166	165	101	51
100	97	81	32	32	97	182
126	115	80	144	22	126	122
162	162	162	162	162	162	181
88	13	132	52	18	132	165
77	114	165	165	22	35	21
169	58	81	110	99	58	94
84	139	169	25	169	84	84
95	157	157	17	162	95	162
176	90	125	13	90	134	41
109	39	81	109	81	109	81
117	72	74	117	86	72	74
43	37	88	157	11	19	17
53	31	96	60	13	60	111
40	160	40	40	141	141	141
143	54	143	45	45	31	54
164	75	75	149	134	98	54
131	121	88	95	131	121	88
80	174	80	174	93	93	98
99	124	65	99	99	124	124
165	106	145	43	105	106	190
106	106	34	63	84	167	185
112	78	189	97	130	121	189
69	52	76	84	58	73	107
103	129	129	129	25	25	25
116	116	8	8	56	8	22
76	162	76	76	128	128	128
83	26	102	26	83	26	83
83	118	88	100	22	22	108
40	38	38	40	91	117	38
63	143	77	63	168	30	98
17	54	58	17	58	163	54
59	59	166	179	117	117	166
32	75	75	78	32	32	75
73	109	121	121	73	121	73
153	94	169	85	145	183	78
64	97	89	85	46	93	67
151	68	38	179	38	179	68
19	84	83	109	57	80	84
36	52	61	36	35	41	67
133	45	45	133	70	45	133
152	152	92	152	107	107	107
183	20	168	124	95	156	129
143	61	38	38	61	61	38
85	17	178	70	176	85	103
72	72	112	167	147	167	167
85	134	85	70	70	70	85
67	62	179	166	62	166	67
10	69	112	105	27	112	170
126	101	34	126	101	101	126
170	97	97	127	118	24	62
26	26	54	26	33	126	54
10	10	76	58	10	58	58
39	39	164	109	56	167	121
147	147	47	87	147	47	47
99	99	49	49	99	66	49
57	157	114	57	157	157	57
131	131	136	136	130	131	136
81	81	48	48	81	48	79
6	32	55	169	55	55	32
56	67	67	56	56	67	88
126	190	28	105	54	152	126
133	15	88	135	172	136	174
169	27	42	106	155	89	88
13	13	13	122	122	72	7
69	145	83	114	144	145	42
56	40	58	56	40	56	40
110	110	17	110	74	74	74
80	91	136	176	75	140	91
139	152	152	174	98	185	102
61	17	61	17	136	17	61
91	126	91	91	153	126	166
154	154	130	130	159	130	154
84	142	142	52	52	142	52
17	102	137	17	76	76	15
119	119	53	98	29	52	172
156	156	80	108	80	156	80
151	126	27	160	101	94	151
104	123	49	177	24	156	177
83	21	118	97	53	156	20
135	37	61	37	135	37	135
132	106	104	26	167	59	96
77	98	169	160	42	85	150
64	138	64	43	64	138	138
21	178	178	41	41	21	140
76	123	138	76	123	53	76
32	147	142	147	147	142	142
161	161	20	20	33	128	33
119	164	62	164	72	62	62
13	47	19	183	140	134	163
117	122	28	151	142	120	120
166	79	166	79	81	81	136
29	29	29	60	60	115	60
61	94	94	95	95	95	94
22	107	22	82	82	22	82
147	158	147	158	170	147	158
53	94	94	116	94	116	116
63	17	63	94	84	105	94
12	116	116	133	116	12	12
66	110	29	70	53	25	189
120	146	45	86	120	139	183
129	51	51	68	129	91	104
142	63	79	183	39	10	63
110	29	185	172	140	77	102
107	107	163	176	36	176	163
186	77	103	106	188	92	77
12	12	166	166	134	166	12
51	51	58	51	58	89	58
23	190	137	100	169	31	35
138	138	149	138	95	95	95
106	29	29	163	29	163	163
78	57	78	78	57	57	79
58	77	94	77	124	122	82
182	12	83	83	12	12	83
44	63	57	44	165	160	176
52	33	149	101	104	78	32
171	156	156	73	73	166	166
147	141	133	147	23	123	111
113	164	113	34	82	82	34
61	39	39	31	15	31	61
99	37	54	23	37	133	152
128	12	95	100	172	179	86
19	132	182	28	29	73	29
128	35	115	41	126	174	115
109	109	67	28	67	28	121
53	53	24	24	104	53	24
109	109	127	127	127	128	109
116	175	182	116	62	163	144
170	114	114	170	114	104	63
104	170	170	148	148	102	104
101	101	30	54	101	30	30
33	26	26	106	26	106	106
114	70	70	57	70	57	51
109	26	143	97	26	97	26
123	43	43	111	149	123	149
59	59	63	127	63	59	63
48	55	88	48	91	91	91
78	156	124	121	185	40	141
84	31	104	130	84	82	174
162	115	185	52	99	71	62
147	147	77	147	95	77	77
78	33	33	146	157	155	43
164	103	50	165	56	40	166
170	91	61	61	91	91	61
190	34	144	190	34	190	34
159	38	167	41	155	138	161
145	73	73	115	145	73	145
164	96	136	172	19	164	47
141	184	44	52	92	54	44
53	84	46	84	40	40	53
90	121	44	134	134	44	90
144	153	82	126	31	180	82
48	145	145	60	145	60	60
110	110	120	85	110	85	85
174	190	101	163	178	112	40
43	11	177	105	91	111	177
22	23	131	184	120	14	131
177	99	39	177	21	39	21
185	135	40	126	44	154	153
16	42	94	42	16	96	96
146	103	28	33	14	187	187
22	22	63	63	63	120	67
166	34	152	174	166	164	117
87	56	10	29	154	69	87
129	150	89	168	118	118	59
116	91	116	91	116	149	30
84	84	28	28	84	28	120
105	124	166	167	123	144	184
10	131	81	89	26	90	112
112	162	112	112	162	135	162
135	186	42	31	106	171	146
59	59	159	59	98	159	159
46	88	88	72	72	72	88
155	103	103	155	155	117	117
122	170	170	12	56	107	35
133	10	28	150	168	120	120
142	52	73	142	52	142	52
36	115	30	60	30	60	36
39	122	39	87	183	63	41
118	147	169	174	140	118	111
68	16	48	132	104	106	94
18	66	25	91	51	151	31
121	121	127	133	177	65	175
132	137	95	86	82	188	137
36	125	178	178	178	36	36
186	186	134	134	134	95	186
77	38	92	38	38	92	92
54	117	129	117	87	54	87
61	153	144	56	185	45	76
50	85	71	126	71	50	85
49	103	174	49	103	49	103
34	34	34	92	29	29	161
26	174	106	153	38	26	26
129	66	39	70	117	67	141
130	43	130	145	142	12	34
92	168	12	91	36	40	36
142	66	178	135	66	164	182
34	114	80	64	95	52	26
179	82	171	76	179	171	82
120	113	104	104	60	165	16
114	139	151	173	182	188	32
10	144	125	112	112	18	96
148	158	153	153	164	158	148
151	151	24	80	79	124	168
167	54	167	71	59	71	59
176	66	12	59	129	55	154
146	146	101	29	162	162	29
91	81	100	39	75	169	39
119	120	14	14	119	14	119
61	70	150	61	71	70	71
125	42	135	42	164	16	139
21	13	21	13	13	107	21
18	122	18	18	145	145	145
122	35	129	144	144	129	122
147	147	69	19	138	138	147
125	45	125	12	18	111	87
40	122	105	47	105	51	187
70	175	189	175	70	175	70
56	42	17	125	175	41	150
167	141	184	183	71	131	122
69	147	30	147	30	84	105
93	118	80	118	27	34	124
170	77	74	170	35	21	164
23	110	23	110	117	154	23
39	55	135	135	92	86	32
176	176	27	176	27	27	20
67	26	18	18	26	18	26
83	157	140	83	83	140	140
65	88	107	100	171	12	65
68	111	156	125	190	156	178
41	107	51	45	184	158	116
153	106	106	153	152	84	84
13	19	157	36	157	134	56
131	57	189	117	12	54	12
127	118	85	85	127	85	158
65	174	65	118	70	81	83
171	103	103	23	171	103	171
56	10	125	10	10	26	125
33	96	85	85	85	33	33
136	130	130	136	130	153	160
96	126	126	116	90	90	116
146	146	56	56	25	25	38
177	54	80	124	45	113	64
132	50	80	13	58	172	47
28	28	129	28	112	129	129
81	172	158	20	172	87	140
132	66	130	114	114	130	66
83	13	91	161	161	66	29
168	42	42	168	168	42	146
92	152	151	120	105	66	128
118	136	118	136	118	161	136
133	190	10	10	190	190	10
51	79	177	68	162	57	102
117	22	166	174	166	117	22
18	19	23	116	30	110	122
74	100	145	105	80	187	130
107	97	110	111	185	31	106
25	168	110	42	86	188	168
107	155	126	107	155	84	84
27	61	24	17	175	145	72
107	24	68	152	101	30	152
107	72	104	75	71	76	118
34	55	34	34	55	55	88
37	158	158	158	37	37	74
81	111	76	81	57	57	57
117	134	63	16	63	134	16
164	120	143	105	88	15	143
108	142	152	61	93	93	73
141	67	67	31	71	49	170
147	123	45	147	147	45	96
96	18	33	96	90	173	101
133	133	29	157	29	133	166
136	179	31	99	98	98	32
43	151	92	151	165	43	165
156	156	135	133	165	85	54
133	178	178	101	107	107	101
31	126	126	155	155	126	155
117	124	124	117	124	45	117
90	131	50	50	50	132	190
132	55	10	34	128	146	55
110	16	99	41	41	99	16
141	52	52	141	118	52	141
53	112	39	39	53	39	53
173	161	161	49	184	60	80
68	68	59	68	68	68	170
19	25	25	19	19	66	25
118	83	118	83	118	83	49
90	132	17	113	190	142	113
84	134	160	17	160	84	17
87	91	105	86	166	190	17
114	20	90	20	131	75	120
98	164	164	98	49	118	118
104	168	190	158	21	17	161
29	19	160	105	125	171	160
37	8	112	46	46	8	46
113	135	114	63	63	63	135
190	34	190	78	87	134	190
18	37	152	37	78	37	152
115	95	71	115	38	38	71
100	17	27	17	17	27	27
174	62	132	152	72	82	167
14	131	131	14	49	131	14
44	86	142	148	15	15	65
129	70	28	28	68	129	68
177	133	177	133	187	177	133
64	64	147	147	138	64	147
33	118	125	121	125	70	115
129	175	50	13	89	113	23
71	71	13	131	37	189	156
177	181	148	181	181	148	148
24	24	32	32	32	21	24
93	130	188	188	188	93	93
13	44	13	103	13	44	44
138	138	24	58	174	24	174
165	170	54	10	41	54	67
156	34	55	15	105	146	15
35	81	81	25	81	35	119
27	65	27	40	32	19	80
87	128	184	117	168	168	90
80	59	130	108	80	85	39
109	157	51	26	126	148	148
157	73	168	156	16	144	144
84	151	159	148	171	146	162
16	14	177	89	102	80	13
40	132	132	141	132	40	40
118	79	79	136	79	118	118
129	125	129	129	129	129	129
76	93	35	174	137	50	168
147	96	96	147	147	12	147
103	138	84	138	103	103	138
31	165	43	31	31	43	43
26	81	81	24	81	26	26
45	78	45	127	25	127	45
38	56	28	113	56	38	38
20	81	163	28	151	81	169
92	19	177	92	158	19	158
87	13	117	117	62	24	43
116	130	134	185	130	104	168
13	110	157	110	11	13	110
31	173	173	31	173	129	31
106	136	136	106	84	165	165
170	23	153	130	129	66	184
118	60	189	74	118	139	37
38	33	147	65	33	161	37
28	73	89	89	73	73	38
91	168	91	168	168	91	113
111	173	71	78	110	32	183
82	52	52	83	81	156	83
100	164	48	48	100	132	164
124	93	124	130	75	130	93
42	28	181	132	28	132	110
113	146	53	113	146	146	113
170	46	129	127	48	129	72
77	77	14	14	77	104	14
91	149	106	149	14	183	116
11	123	123	123	123	123	123
111	25	25	178	76	76	111
83	127	127	15	127	83	142
153	153	176	176	153	181	176
43	32	162	67	40	67	68
12	186	180	138	37	187	161
54	49	49	27	49	54	54
145	46	46	54	46	145	145
31	131	44	134	123	134	67
178	178	178	161	67	161	161
13	25	165	140	131	24	35
106	176	176	176	63	63	63
180	148	167	22	173	179	77
53	144	41	136	69	56	39
133	25	125	186	181	47	166
86	42	96	18	137	118	33
74	189	41	180	135	135	13
85	148	85	77	20	77	20
65	162	62	136	49	66	187
37	27	27	37	135	161	27
126	122	122	126	142	126	122
168	91	107	30	162	178	17
106	106	106	52	164	52	52
88	171	99	171	171	99	99
69	187	50	37	166	69	114
24	76	24	145	145	24	145
54	117	22	81	82	147	54
35	42	35	30	119	101	153
52	153	111	52	153	92	111
73	73	107	44	73	44	6
178	69	110	142	38	110	69
159	176	159	159	176	185	176
156	156	48	127	156	39	48
78	40	40	116	63	116	78
134	20	20	67	134	160	160
165	99	106	93	99	165	106
145	145	63	63	92	145	24
108	16	16	52	16	52	52
61	61	182	125	175	56	91
157	18	157	60	33	60	145
97	144	144	170	144	170	170
153	39	153	38	128	39	174
128	56	56	40	165	40	128
21	21	21	18	52	18	18
69	80	69	80	116	116	103
15	82	15	82	39	82	15
32	167	167	35	112	32	35
13	76	76	76	94	94	94
170	29	150	52	170	52	170
69	54	73	137	45	95	137
143	143	27	27	59	143	27
134	175	134	134	141	175	175
41	179	64	44	64	75	169
154	68	154	154	83	132	68
31	47	38	140	161	182	152
140	32	32	140	32	92	140
67	62	67	62	177	67	62
17	98	138	69	138	69	98
168	106	168	168	106	136	154
18	133	181	172	138	176	138
109	79	174	46	182	56	162
38	168	38	64	145	168	38
152	148	162	148	162	162	148
53	125	53	125	125	171	53
101	101	127	101	14	14	14
182	34	104	50	19	161	108
134	88	24	131	131	161	156
84	29	88	44	89	18	54
25	39	181	71	93	117	36
135	130	127	135	121	17	190
124	113	39	20	20	39	39
23	23	121	147	89	93	40
74	38	168	57	168	84	92
91	167	91	107	10	166	110
138	55	55	146	55	138	138
33	159	159	33	50	33	159
19	134	64	134	29	181	54
142	34	15	15	15	34	34
146	54	104	79	42	68	75
80	125	144	70	173	73	125
171	171	14	141	80	95	50
49	63	82	39	33	108	100
150	14	150	14	150	14	182
65	65	65	117	20	20	20
155	133	126	112	133	188	18
23	46	160	23	46	23	46
83	83	120	156	85	156	120
130	106	120	108	104	106	54
163	163	156	55	55	84	84
153	29	50	96	153	102	56
122	122	88	94	164	164	164
24	24	136	146	136	129	129
112	150	154	75	93	156	140
135	135	170	170	135	17	170
103	169	26	129	117	80	190
10	157	112	45	66	105	50
125	178	160	160	178	178	160
87	138	87	81	58	92	52
29	173	38	35	94	189	35
24	74	44	21	122	21	169
144	89	158	58	32	97	78
129	129	44	132	109	166	104
101	59	101	59	101	16	59
28	134	40	44	79	136	28
91	83	100	15	27	23	47
34	91	36	48	48	89	173
139	110	110	139	91	172	91
56	13	140	56	13	13	56
13	13	26	26	14	13	26
26	134	36	157	72	17	60
136	114	46	46	46	114	114
146	143	150	18	135	37	57
46	46	60	80	22	122	86
85	12	143	123	17	85	69
57	175	41	57	175	57	175
50	100	125	127	115	19	61
104	53	104	104	12	12	141
188	84	47	90	116	34	129
61	87	87	87	61	61	48
17	185	114	127	117	127	188
89	56	56	89	56	31	89
57	116	57	172	33	174	138
140	167	141	167	132	62	66
12	36	36	31	31	38	183
142	16	142	119	92	163	61
51	92	51	31	26	98	89
82	63	46	44	82	78	82
67	109	20	27	27	109	20
173	84	148	115	16	158	115
18	164	18	164	164	18	66
93	58	83	83	83	58	58
41	115	41	115	71	115	41
33	75	131	28	148	31	170
49	59	163	32	14	123	59
101	34	185	84	174	118	128
132	12	12	50	12	50	50
138	59	115	59	115	59	115
64	108	108	70	35	70	64
154	177	14	76	104	22	68
140	186	50	50	186	50	186
135	146	135	146	38	135	146
13	13	153	159	21	44	66
127	185	55	175	108	110	175
127	96	47	83	127	96	83
168	19	43	127	181	42	98
135	41	124	42	124	42	41
110	68	36	177	75	58	106
28	110	97	97	18	18	110
150	15	26	15	26	15	26
109	26	171	151	102	109	134
59	17	154	59	59	163	163
178	19	148	19	178	19	178
163	76	163	76	163	32	76
172	178	27	177	178	27	172
13	151	45	177	41	13	152
172	187	143	58	146	103	121
45	166	126	67	46	69	46
124	34	181	31	57	159	64
164	61	135	65	162	75	158
97	150	150	150	97	97	121
172	170	67	109	70	83	83
127	127	131	121	127	121	121
128	40	40	106	58	144	40
38	174	174	174	133	38	38
19	19	168	91	91	91	19
92	185	42	36	129	152	140
187	84	147	77	89	185	183
33	86	23	177	143	81	188
87	95	126	156	80	95	161
129	39	39	39	39	39	39
48	166	48	125	125	48	125
139	128	186	119	176	33	176
147	111	111	111	147	147	139
129	122	129	160	129	48	122
60	103	103	60	60	19	103
46	152	35	54	24	138	151
58	126	170	170	170	46	126
102	162	102	162	162	102	70
84	84	119	103	103	84	103
47	171	101	77	112	16	95
182	182	182	21	138	138	138
169	23	36	16	124	68	118
20	18	18	83	20	58	83
110	16	97	106	156	119	139
140	95	140	90	140	90	90
49	97	74	97	130	130	74
137	101	181	181	188	13	187
72	67	119	179	176	179	63
51	147	85	54	188	168	180
92	21	155	92	21	21	92
38	143	143	38	38	170	143
170	154	154	170	154	170	89
121	19	144	121	80	10	63
140	189	124	28	112	28	104
11	142	168	167	63	43	50
32	32	48	128	128	128	32
181	117	165	189	12	99	118
23	145	62	168	62	115	88
113	179	179	85	113	113	179
104	104	109	31	109	82	31
26	56	46	142	91	108	142
112	179	170	75	68	86	75
179	58	110	108	85	105	105
9	9	147	147	148	9	20
144	144	148	97	148	148	144
43	168	117	168	117	117	168
190	116	95	45	112	182	112
142	143	100	143	143	100	100
180	96	41	135	153	96	28
109	16	135	63	29	121	13
45	92	111	10	82	160	30
188	69	177	188	68	26	184
170	170	120	188	120	170	120
163	163	163	158	50	50	50
100	100	74	51	100	51	51
112	167	40	107	112	167	107
78	26	106	155	73	56	123
81	35	62	62	62	81	17
127	127	101	101	99	94	94
111	111	104	32	32	111	32
155	84	30	14	99	142	124
145	35	58	35	35	145	30
39	36	39	133	36	36	39
156	63	86	118	60	63	25
110	163	137	110	163	92	137
130	58	121	137	190	148	58
92	108	190	16	158	34	31
21	147	24	17	25	181	20
184	70	147	147	147	70	70
120	36	35	35	36	170	35
97	35	166	104	130	188	190
57	17	13	52	133	10	144
124	23	178	120	110	104	110
85	63	66	74	113	85	75
139	139	103	139	74	103	103
161	115	97	97	149	132	104
152	92	53	72	36	101	187
167	12	64	167	30	165	120
131	11	116	116	11	116	11
96	96	50	79	109	50	109
58	25	25	58	109	25	58
82	97	100	154	93	48	43
110	63	63	134	134	33	33
72	37	65	65	72	72	65
27	27	26	142	40	26	142
19	86	161	72	16	22	151
83	31	117	83	146	31	31
153	27	175	64	40	41	35
47	79	130	79	138	138	130
35	48	99	71	140	171	135
64	97	101	44	72	96	130
99	96	120	120	96	99	139
59	160	61	39	61	160	59
142	110	148	148	142	142	148
99	99	159	158	99	159	159
106	106	147	147	89	147	106
12	159	25	64	25	12	25
78	41	86	14	59	123	153
65	65	174	151	114	151	114
136	85	48	49	92	117	85
139	95	139	16	29	16	139
180	12	162	15	125	128	10
112	46	7	7	7	39	39
54	97	144	54	144	144	54
94	108	30	175	183	126	114
151	149	24	177	76	187	145
26	179	55	156	150	161	170
34	34	114	114	34	114	148
170	37	37	165	37	170	170
30	39	39	30	30	39	123
101	51	51	108	51	108	108
111	143	88	111	88	88	111
181	39	10	57	60	179	160
121	165	75	180	75	39	98
125	162	178	18	18	162	178
109	66	109	57	109	57	145
95	125	189	87	166	166	130
64	113	113	64	113	44	64
182	172	32	67	44	105	32
67	152	69	190	152	26	16
136	84	159	159	159	36	84
162	75	168	75	168	75	168
143	20	26	64	28	115	28
57	140	66	57	57	66	66
83	62	83	141	133	133	141
80	165	38	105	167	105	10
15	80	98	98	98	78	15
113	144	17	155	17	113	155
118	37	143	39	53	187	69
29	139	82	58	94	89	184
27	27	57	57	27	71	57
161	25	144	20	38	36	117
14	14	68	68	130	68	14
20	171	24	118	127	158	58
126	156	122	126	106	106	122
110	110	166	80	80	110	80
58	58	39	188	53	176	157
110	59	59	49	137	13	14
83	157	188	122	43	15	185
78	78	73	78	73	14	73
76	132	123	123	170	170	123
176	176	182	165	165	165	176
148	14	96	101	49	177	76
121	155	182	188	160	32	151
100	85	100	85	91	85	100
50	170	34	164	188	34	105
112	23	157	44	107	20	65
47	132	47	107	107	47	9
20	50	186	124	67	143	143
43	43	186	88	186	43	186
120	120	133	133	83	120	168
26	60	146	132	167	14	26
42	42	96	42	177	177	177
86	37	125	86	125	86	125
133	164	48	172	48	164	172
10	10	14	23	161	10	161
118	118	84	65	84	84	118
62	106	152	62	106	40	106
89	89	75	94	162	75	162
81	148	81	105	65	167	69
15	73	113	84	85	40	73
130	169	100	86	141	15	86
104	104	189	93	63	91	99
166	78	78	37	78	37	37
131	180	142	155	129	52	129
56	95	106	56	96	64	43
154	45	33	45	45	33	33
172	67	64	171	112	177	112
44	44	117	82	28	180	121
184	124	26	26	30	88	26
73	161	123	175	143	102	72
82	82	30	146	155	48	12
122	132	103	122	132	132	122
135	138	167	135	27	167	27
41	41	148	148	17	41	148
182	65	153	62	36	160	61
138	95	138	95	95	37	138
86	86	86	138	120	138	138
141	105	187	84	154	53	105
151	84	36	183	151	59	174
181	29	190	105	158	158	12
10	10	10	66	27	27	27
177	177	27	27	19	27	177
119	133	133	18	143	47	186
46	66	176	39	39	161	130
31	142	40	157	61	142	28
184	23	23	94	184	23	184
132	161	91	161	132	132	52
138	138	37	37	138	37	83
19	82	19	27	82	123	27
41	183	41	183	183	67	41
33	68	67	159	33	56	176
90	90	31	187	24	132	93
105	147	30	30	105	30	105
157	114	106	25	18	114	139
83	30	83	134	134	71	71
75	88	157	69	164	118	48
34	10	174	182	97	155	76
117	77	50	117	77	37	37
170	170	36	36	173	97	97
118	125	75	19	167	184	19
166	172	102	172	130	166	102
48	58	41	104	136	169	73
162	32	178	166	52	123	140
180	98	98	62	40	40	180
106	11	105	175	140	142	87
98	79	190	119	35	98	119
54	110	54	94	110	110	54
90	12	108	12	108	108	12
69	19	171	158	172	76	172
47	149	97	167	47	97	149
93	53	121	58	135	93	109
40	128	162	69	111	41	69
165	30	143	165	144	165	143
93	93	154	188	113	176	133
110	146	146	146	110	110	43
165	65	65	65	165	135	165
43	112	97	133	146	123	146
32	152	152	34	34	152	34
28	37	152	69	106	98	178
173	17	80	18	47	25	173
184	41	171	139	93	47	158
26	149	115	149	26	144	115
81	45	100	31	70	100	153
79	186	186	34	34	34	186
178	120	124	76	116	126	48
50	131	131	50	18	131	50
156	156	156	113	113	113	170
44	71	149	80	169	68	145
154	142	142	52	72	142	52
61	61	135	61	131	131	131
104	17	165	17	41	17	41
138	105	105	38	84	84	141
12	39	28	32	12	12	39
33	33	6	129	16	6	6
165	19	165	19	165	165	28
164	164	163	19	163	41	19
55	55	108	105	105	55	17
125	20	50	50	86	147	50
66	66	93	93	33	66	93
61	61	188	107	188	61	188
11	126	126	11	126	11	52
88	88	67	67	47	47	90
119	176	161	161	95	176	119
102	133	55	35	189	158	133
30	158	158	175	40	30	40
102	42	125	150	93	139	152
41	148	135	148	148	135	135
54	125	81	125	54	54	116
172	122	122	63	63	63	122
48	48	122	122	122	48	86
88	109	109	117	40	147	163
127	170	16	29	25	74	156
161	144	58	30	99	46	35
117	84	87	117	84	117	84
153	162	162	61	149	61	162
100	150	150	150	100	190	100
54	54	45	146	186	135	87
51	50	134	134	51	51	134
33	66	89	23	66	33	89
46	28	29	46	29	46	29
58	185	58	106	185	58	185
128	35	66	59	14	59	178
121	150	148	150	148	143	121
173	173	176	132	176	176	173
15	85	78	15	15	85	85
89	18	112	15	18	18	112
188	24	133	145	189	100	91
186	103	103	186	103	166	186
155	61	91	155	91	12	121
31	49	65	103	124	162	175
28	28	28	138	138	138	62
103	93	151	135	144	144	146
57	168	57	33	168	57	168
184	11	140	140	184	184	140
18	60	74	74	74	122	60
113	104	104	113	74	74	29
167	167	94	111	62	156	89
29	29	29	109	82	109	109
92	51	188	95	92	125	147
94	17	153	123	123	67	69
88	131	88	68	64	64	68
168	147	168	26	168	147	147
108	67	32	132	130	50	130
21	143	35	66	119	22	66
51	58	51	21	51	58	58
176	91	143	166	99	100	28
56	120	99	111	111	56	99
52	113	109	43	109	87	144
83	99	169	169	83	58	58
24	65	132	24	144	144	65
144	75	144	75	140	23	140
123	187	79	187	47	145	72
71	99	82	29	29	73	104
44	80	80	80	143	69	44
33	33	65	65	48	33	100
178	26	26	49	179	49	178
140	27	19	129	36	31	193
140	125	187	145	51	44	104
139	134	134	139	46	134	139
52	10	46	86	155	145	20
141	141	53	52	163	163	53
96	81	165	81	81	96	96
148	113	139	52	75	174	137
147	12	12	147	147	12	147
38	132	38	132	38	132	14
123	105	85	112	147	121	177
114	20	20	20	114	114	99
36	36	109	36	38	145	145
88	88	128	30	88	128	128
173	84	117	108	82	84	112
45	40	131	129	184	184	34
32	33	33	132	33	65	132
185	185	185	143	156	143	143
128	160	10	30	81	95	62
78	25	26	78	78	79	25
38	153	153	51	51	158	153
152	97	152	97	19	167	19
167	78	167	183	183	167	183
27	149	98	34	71	167	27
89	87	101	164	144	146	133
35	35	177	114	114	35	114
151	167	167	151	151	129	167
37	122	178	97	136	160	97
169	169	169	155	155	146	118
80	146	80	146	182	80	146
112	109	185	185	29	159	139
45	45	100	33	46	33	46
183	74	167	167	136	137	72
161	22	143	72	117	149	167
117	99	156	47	117	99	99
132	132	69	132	69	69	149
132	117	12	34	155	145	117
85	182	58	163	116	116	163
68	57	118	118	110	148	71
16	16	146	71	71	16	71
123	80	56	80	123	80	123
57	94	46	140	58	94	153
170	11	108	165	105	113	182
52	92	171	92	52	129	171
14	14	73	14	130	130	83
102	101	102	101	101	98	102
72	33	33	72	72	33	75
21	52	16	151	175	116	21
168	144	29	168	131	29	29
125	115	151	115	115	151	151
83	103	70	167	34	103	70
69	148	69	105	69	105	105
103	57	90	90	67	90	103
190	118	35	111	121	69	69
65	50	63	65	65	50	56
25	25	84	25	84	18	84
104	104	181	104	26	181	181
81	174	37	81	15	43	163
126	80	69	12	61	47	56
26	169	26	26	169	169	14
123	123	124	124	124	123	98
63	102	63	63	102	151	102
126	11	11	11	81	81	81
15	86	86	15	15	156	86
119	91	91	16	119	119	91
30	114	64	51	102	121	63
31	46	38	53	31	124	127
138	37	121	176	54	39	90
155	120	146	29	159	186	125
88	85	175	184	88	124	64
59	158	163	189	158	72	61
141	71	141	44	158	91	45
76	43	43	43	76	76	20
43	155	43	43	155	45	155
102	102	64	104	64	102	44
140	61	106	106	123	74	81
87	75	87	150	150	150	87
105	48	87	96	38	23	96
162	136	162	98	123	123	136
27	44	44	126	27	170	126
57	41	78	168	48	173	78
144	18	77	106	187	102	42
63	142	26	142	142	63	63
126	169	42	49	169	145	27
66	106	42	186	161	85	177
158	117	22	47	158	11	50
80	33	180	62	62	30	163
120	94	116	120	94	120	94
145	123	131	42	83	159	159
186	186	145	186	145	145	133
80	76	80	76	80	53	76
11	102	123	123	102	123	102
58	160	97	98	11	114	74
56	76	142	103	62	19	158
117	127	54	127	127	76	117
14	137	137	137	73	14	14
33	22	97	97	22	124	124
102	182	102	74	102	74	74
75	49	110	49	69	177	48
120	190	190	85	190	85	85
76	44	120	120	44	120	44
129	133	69	121	126	177	177
95	95	144	160	184	179	65
104	64	111	104	28	149	65
86	118	55	55	55	118	118
26	37	172	54	172	172	58
63	12	63	63	12	59	12
104	104	64	64	64	104	54
145	126	71	121	32	71	59
138	138	138	56	190	190	190
175	103	163	146	175	163	103
15	15	83	83	32	83	15
76	76	21	21	21	22	76
118	118	127	141	30	141	141
91	123	123	91	120	91	132
92	185	123	93	107	106	155
48	142	48	48	109	142	142
69	69	23	23	98	23	69
107	64	29	107	145	64	145
19	61	177	47	16	54	47
14	23	26	34	114	23	185
163	31	149	77	182	185	149
22	22	93	177	18	17	183
168	31	31	111	111	111	31
68	68	66	68	66	145	158
92	24	185	96	116	136	60
109	148	148	14	14	14	148
100	35	100	35	100	100	50
32	88	140	140	15	96	70
88	15	145	145	92	165	181
161	158	87	34	85	62	85
164	164	154	38	35	186	120
178	102	140	140	164	153	176
105	86	175	15	44	175	21
29	125	80	29	29	125	125
43	86	163	66	21	79	21
86	133	179	36	97	86	109
50	18	10	10	10	50	50
119	71	120	71	71	119	119
138	88	104	85	131	152	152
101	27	27	27	101	101	68
13	158	92	18	134	92	15
108	44	111	44	110	108	108
138	184	59	153	160	173	153
31	57	93	31	57	135	93
27	103	87	27	87	27	133
55	63	111	65	130	98	98
163	87	180	43	11	180	116
117	92	44	155	66	67	91
100	131	71	131	131	71	71
62	62	58	58	62	58	175
135	135	116	172	92	110	96
114	114	123	114	123	123	116
77	120	64	180	84	47	24
100	162	97	39	138	162	162
49	89	61	36	182	187	110
124	22	87	99	141	99	79
145	186	152	92	172	152	50
111	30	185	40	185	109	59
90	136	123	121	78	154	83
162	20	65	65	162	65	162
33	18	33	33	18	18	132
116	49	187	187	187	49	49
178	66	87	66	178	66	178
25	167	51	157	135	17	94
110	77	77	110	110	161	77
183	14	67	17	11	35	56
88	173	53	184	72	143	173
82	173	83	82	83	82	83
112	24	44	76	44	112	112
124	30	30	124	30	124	132
66	117	75	117	47	46	12
10	145	68	178	68	112	18
172	172	142	16	142	142	172
115	36	177	115	115	36	36
64	110	177	78	124	16	185
111	126	126	111	111	123	126
84	55	141	95	17	95	114
12	176	65	39	111	73	12
77	105	77	77	23	105	105
129	176	164	164	39	79	40
41	139	107	41	80	80	80
70	135	16	135	100	34	162
168	102	85	78	74	78	108
134	104	104	104	112	134	134
14	62	157	62	28	146	21
190	61	134	78	54	62	152
46	71	126	42	46	42	71
175	86	175	82	59	24	180
12	139	151	144	60	12	59
90	157	172	45	70	54	129
48	85	48	73	48	85	85
113	50	90	175	55	99	153
125	125	125	53	53	46	53
67	38	43	118	40	67	90
107	124	179	18	107	162	105
83	152	88	10	40	66	94
156	156	156	122	122	122	153
112	17	59	178	20	59	95
149	122	39	53	145	72	98
28	83	159	83	28	42	42
85	132	184	127	97	190	101
32	174	178	125	15	104	94
41	134	41	134	47	41	134
52	107	66	66	107	66	134
85	85	58	85	58	58	39
102	146	146	15	89	129	123
57	114	114	98	114	98	98
77	109	70	63	162	162	159
93	26	47	38	138	139	126
88	51	66	28	28	28	66
93	114	32	32	93	114	58
112	111	168	61	18	114	147
176	92	30	78	67	54	54
131	22	111	22	111	131	177
51	121	121	150	150	150	121
146	142	142	146	139	142	146
165	15	65	165	74	74	65
81	60	175	189	116	64	27
134	64	96	78	19	78	122
117	33	31	21	49	49	87
170	70	170	157	115	157	70
27	140	27	27	140	140	20
133	55	73	138	152	157	40
78	102	102	78	102	78	102
108	94	43	43	108	43	108
148	94	165	165	148	52	165
41	169	161	39	18	18	41
76	120	76	120	120	17	76
42	28	71	156	13	142	141
169	169	169	61	105	61	40
66	153	153	63	66	63	167
149	117	95	39	129	65	51
164	55	103	164	55	164	55
42	39	12	176	73	68	46
124	33	78	16	32	132	38
189	21	94	10	15	58	159
95	137	169	145	95	145	56
159	85	159	159	85	43	85
126	126	22	142	149	149	142
98	64	140	98	98	140	140
94	94	171	94	171	171	117
12	132	11	12	132	132	12
168	148	77	128	19	128	94
11	11	84	114	14	114	114
79	173	79	79	29	29	29
99	37	133	168	53	53	20
38	31	31	49	38	38	31
129	164	105	164	105	105	139
125	34	79	79	125	34	105
124	79	79	79	45	124	124
16	182	16	182	16	75	182
58	58	83	83	83	58	31
127	94	89	89	111	125	105
118	50	182	169	51	169	19
39	101	39	139	5	39	139
35	35	169	69	16	127	44
50	11	85	11	50	11	50
14	162	162	181	14	162	14
162	153	162	153	56	98	56
151	140	151	140	140	151	81
57	172	61	107	61	57	172
135	111	169	73	22	129	169
77	77	148	77	148	148	54
14	138	111	34	138	98	90
85	32	163	63	121	85	113
92	140	97	97	92	174	174
13	119	97	18	171	18	97
19	158	181	46	158	91	12
180	104	127	30	182	180	161
139	130	130	130	65	65	65
184	91	17	77	51	150	177
82	64	108	87	55	64	159
41	119	119	168	38	119	38
151	72	167	92	151	57	136
117	117	28	28	181	161	20
184	82	88	158	36	12	21
66	49	49	79	79	79	49
154	34	154	154	34	177	34
173	18	173	157	18	173	18
41	174	104	58	107	58	97
118	118	118	74	112	112	112
19	159	113	33	159	126	157
121	15	24	15	121	46	46
158	71	158	158	158	158	42
116	38	44	139	110	45	45
55	63	47	55	47	47	55
187	62	62	62	162	187	187
40	23	40	23	23	87	40
79	79	14	123	123	123	79
102	176	102	176	102	126	176
113	113	113	11	113	113	113
101	161	86	86	101	101	86
158	29	76	76	54	54	29
75	75	26	46	26	75	118
164	60	102	80	69	167	165
65	100	65	143	94	94	143
15	34	171	149	34	149	171
89	140	89	140	89	98	140
59	188	78	78	188	78	188
138	100	138	30	99	30	100
47	158	156	61	156	47	61
102	45	125	45	102	102	45
138	138	143	166	138	7	166
110	109	33	126	110	161	172
39	101	75	171	39	171	75
110	110	88	160	88	149	149
70	79	70	75	159	159	75
158	160	96	168	168	160	96
31	31	31	99	99	112	99
90	41	46	154	22	96	90
114	78	78	119	158	119	152
15	99	99	15	15	99	150
88	98	127	118	98	118	98
29	163	31	86	80	163	82
50	42	81	117	135	117	14
97	44	136	140	44	82	125
21	145	39	21	21	145	145
15	171	63	113	60	170	170
118	180	106	42	164	25	118
45	74	162	45	162	45	162
50	50	50	84	84	33	84
134	27	27	146	134	27	134
31	91	131	139	16	168	22
16	86	164	164	86	164	86
87	151	92	12	152	98	81
118	96	96	96	118	27	118
36	63	151	63	74	36	74
127	147	66	12	115	29	49
164	164	70	164	70	70	141
31	20	180	155	155	182	40
171	69	171	69	69	95	171
146	152	21	152	54	54	21
136	56	87	15	126	15	122
63	147	63	163	147	147	63
83	43	165	83	165	72	72
59	15	163	163	54	156	102
104	168	51	51	51	51	51
21	62	62	135	62	21	21
109	72	109	17	153	153	17
95	14	95	132	23	82	121
136	16	16	136	136	143	16
22	43	22	22	43	43	125
28	54	35	54	35	35	54
150	20	171	54	161	50	173
186	72	123	123	186	123	186
184	50	113	181	83	189	106
165	95	136	80	11	62	71
100	100	13	70	100	70	70
92	87	111	111	92	92	111
34	34	95	95	59	131	95
41	109	109	41	109	41	32
136	59	142	142	54	47	106
95	71	138	85	85	71	138
174	159	161	100	59	125	100
148	76	130	42	153	76	61
87	87	168	166	47	168	166
104	96	100	96	123	37	159
139	40	161	16	53	53	67
58	107	69	58	107	107	58
107	157	40	164	99	164	119
52	52	119	101	119	52	119
98	94	158	98	158	94	163
147	26	26	118	26	147	147
99	175	136	190	79	88	144
161	161	123	158	161	158	158
120	29	53	120	29	120	29
182	137	137	182	128	182	137
170	170	170	25	25	35	25
128	124	128	98	98	15	98
76	47	49	31	160	174	118
110	110	11	134	19	110	19
22	49	183	49	10	27	142
72	15	15	11	11	11	15
101	177	28	71	104	173	173
186	175	186	56	56	186	56
66	83	176	180	176	180	83
84	172	172	172	84	84	118
168	95	118	102	94	102	179
24	24	95	126	95	95	89
81	131	20	23	23	53	89
69	129	150	97	129	71	88
45	130	45	45	130	93	130
163	163	28	56	56	120	56
38	133	27	88	104	190	57
115	142	115	115	139	142	142
177	81	30	177	27	30	27
15	15	50	45	91	15	45
15	61	55	178	38	15	41
190	65	107	29	146	33	65
182	69	23	184	174	37	130
105	175	138	105	175	105	175
44	44	18	18	50	100	44
54	122	177	170	117	176	69
69	171	69	151	110	151	71
121	180	156	156	180	180	156
85	83	83	42	42	117	85
99	166	99	112	99	112	112
65	177	24	189	53	179	152
14	70	14	17	70	70	14
48	48	82	13	82	82	48
72	107	136	72	69	165	174
53	162	82	14	144	179	11
115	115	85	115	85	166	85
160	112	70	58	94	70	188
57	22	107	106	157	107	157
97	47	52	137	155	81	138
114	11	180	29	114	33	48
10	81	81	74	81	74	74
103	163	177	160	134	133	67
42	24	24	42	42	24	67
112	54	55	54	128	55	54
97	59	134	90	38	47	97
96	138	175	24	96	24	175
95	57	57	95	178	95	57
86	81	86	86	46	146	46
188	144	35	64	144	151	180
179	179	52	182	182	182	179
102	37	26	37	37	102	102
77	124	118	124	124	77	77
29	153	73	8	73	8	8
55	149	21	62	144	173	149
90	76	90	76	91	76	90
26	97	66	25	136	25	170
125	74	114	74	24	15	102
66	54	41	105	41	66	54
85	171	86	31	11	31	99
90	54	90	175	22	175	22
105	7	80	105	80	24	80
74	74	74	117	152	138	152
37	74	95	95	87	47	46
140	148	131	153	153	140	140
43	185	146	23	10	43	161
178	90	30	90	119	22	61
45	43	43	45	43	144	45
78	128	105	105	105	128	7
165	145	184	20	164	165	182
66	133	182	34	147	182	110
77	77	65	65	77	136	109
143	42	143	42	42	143	69
153	67	132	177	178	25	67
93	86	45	86	175	177	89
25	25	177	75	170	75	177
116	88	140	173	173	119	129
91	161	91	162	91	162	162
117	163	68	136	68	117	163
36	82	36	123	82	36	82
125	150	13	56	125	98	112
89	74	125	162	162	118	60
129	129	159	129	159	159	46
123	150	11	103	189	109	123
116	103	31	160	175	102	22
12	125	46	186	15	71	22
179	91	60	79	79	113	51
135	131	143	131	135	143	25
130	39	130	66	130	158	158
119	25	25	161	165	25	165
131	82	145	13	25	96	96
31	163	146	163	82	31	146
99	169	188	72	60	138	22
18	114	127	146	77	119	102
19	19	71	71	19	123	71
88	148	148	88	133	142	133
110	110	30	110	30	30	143
78	78	92	169	76	76	78
156	151	81	73	99	109	94
36	48	122	48	122	48	122
22	59	22	59	18	22	59
111	19	111	23	23	23	111
144	139	32	107	125	115	107
178	144	144	178	144	178	178
80	43	53	80	138	169	179
41	74	40	74	39	41	40
183	184	183	184	184	183	141
121	38	38	89	100	151	46
17	97	91	137	17	91	97
36	111	147	147	111	111	147
47	47	184	148	73	36	131
169	117	36	94	94	14	98
124	81	83	124	169	169	81
184	55	184	55	44	184	55
117	56	104	178	28	29	190
149	149	74	74	9	149	74
150	17	84	17	150	150	17
66	158	94	94	66	94	66
37	113	100	48	24	95	56
143	21	180	163	114	15	125
147	69	147	87	69	69	147
174	40	40	174	40	174	139
161	161	163	163	163	161	20
181	73	73	129	117	119	57
29	152	116	152	29	29	152
129	130	137	20	190	45	107
118	150	145	142	150	142	118
36	157	169	23	30	113	98
157	91	37	70	150	61	170
113	134	45	163	114	163	188
164	163	163	94	164	29	25
72	125	148	147	147	188	72
190	62	174	62	174	174	62
58	100	23	55	58	100	55
73	106	53	73	53	53	73
51	118	185	51	176	146	18
98	103	143	42	128	42	181
84	108	157	108	157	157	108
96	23	23	96	96	23	23
83	83	96	83	96	96	122
80	80	98	80	98	98	76
99	99	99	160	160	160	95
189	185	148	189	189	185	185
37	113	47	47	52	113	52
48	48	118	118	86	48	118
112	27	14	20	163	140	96
113	120	113	18	18	114	113
118	169	113	181	187	42	151
125	35	116	35	38	125	125
25	169	169	18	46	25	25
84	84	120	178	178	120	58
108	78	44	69	154	158	65
98	34	13	51	93	126	98
167	112	112	104	167	112	167
146	187	163	24	188	56	146
77	154	169	175	170	48	175
83	105	48	88	134	69	119
89	48	89	130	89	130	130
99	76	99	99	76	84	76
33	121	92	121	144	33	144
10	108	69	39	38	69	79
179	20	77	21	171	181	49
138	138	163	99	163	119	119
179	117	78	156	103	78	112
133	29	160	101	176	108	103
123	45	80	109	109	80	123
108	107	141	17	108	110	119
63	85	85	38	38	85	38
71	71	80	92	27	108	83
16	24	14	50	124	50	153
54	168	16	14	54	168	174
99	188	92	167	70	34	70
25	77	149	109	149	77	77
130	168	78	166	78	166	166
42	110	42	52	110	110	42
11	146	132	182	29	100	18
183	38	136	15	177	177	80
74	56	139	56	74	74	74
74	74	106	135	135	74	135
77	55	131	77	131	43	77
101	72	21	81	101	21	72
92	92	92	141	99	99	99
86	84	84	85	164	91	107
152	72	101	72	39	66	154
80	153	44	44	44	80	80
21	90	168	66	83	21	91
113	139	139	139	31	31	31
48	48	172	135	25	147	111
162	34	110	172	103	123	174
133	23	170	71	89	99	71
78	78	78	143	78	139	78
133	46	89	133	46	133	46
148	180	99	80	172	112	180
154	154	172	172	161	89	161
41	122	41	122	41	32	122
166	119	80	119	166	119	166
121	98	98	170	91	121	91
66	85	111	83	21	63	124
33	28	28	70	188	159	18
157	89	72	71	72	11	96
47	159	65	25	89	65	78
92	39	95	112	125	79	50
128	88	88	171	115	112	109
112	13	60	18	81	84	84
124	163	163	149	149	158	158
17	114	111	111	114	114	111
181	52	183	110	75	110	174
35	186	78	68	130	91	175
95	49	105	95	95	49	49
65	134	134	65	126	134	65
38	115	54	38	170	97	34
110	160	80	184	107	126	126
16	17	117	81	38	14	78
117	37	120	101	36	72	95
81	49	63	133	179	133	79
139	160	160	67	139	139	160
106	13	27	106	13	168	106
190	156	150	141	76	19	11
27	73	168	73	125	30	161
19	55	55	55	122	122	122
177	136	49	177	150	118	137
51	78	58	51	58	58	59
139	139	139	149	149	149	48
154	25	86	187	110	154	135
87	174	104	145	161	184	134
67	148	67	178	178	178	67
58	128	58	118	128	128	58
50	37	76	134	119	118	134
160	9	9	9	86	160	139
169	29	123	190	76	29	188
176	40	142	71	102	86	176
11	104	163	10	138	47	110
121	60	97	97	97	121	121
57	161	52	114	87	177	171
34	91	28	79	33	79	161
47	99	173	99	173	81	47
15	15	35	15	46	15	46
11	11	135	11	34	168	23
162	151	151	24	24	162	144
48	139	101	101	146	171	83
161	131	148	131	180	25	41
15	58	41	54	54	17	97
143	52	39	67	88	65	180
71	16	147	111	69	78	111
20	92	132	36	126	118	132
114	109	29	114	114	87	20
26	26	26	141	141	185	141
178	21	27	27	21	93	178
33	66	146	30	146	30	33
160	97	63	63	63	160	160
112	87	179	46	134	46	151
35	19	19	164	135	156	96
60	60	169	60	91	91	91
44	24	44	49	11	25	170
44	146	44	44	60	60	60
49	168	168	168	49	49	179
164	70	70	19	164	164	35
127	30	112	127	127	30	30
92	126	126	92	146	126	92
111	20	126	159	114	159	76
14	151	151	151	14	94	14
76	133	27	110	76	178	10
154	89	89	87	87	83	83
81	96	56	81	96	81	96
101	19	172	14	74	45	159
118	118	86	86	118	86	27
52	72	17	72	80	52	17
168	78	114	168	187	97	139
79	144	79	144	144	79	60
36	103	45	19	36	103	19
127	47	47	40	127	47	127
106	185	99	106	173	81	110
160	85	127	127	85	85	127
48	72	58	115	30	65	65
80	80	80	189	189	189	161
163	156	17	186	186	33	148
82	12	108	84	99	121	154
163	43	108	131	15	30	162
139	6	59	59	77	59	77
72	76	133	133	133	76	76
155	138	57	127	28	159	127
106	129	19	93	88	131	110
142	75	96	88	36	164	183
32	147	9	9	9	67	32
108	108	108	144	66	169	66
169	166	151	28	136	93	172
56	112	112	139	139	139	123
69	17	102	69	17	69	17
10	38	168	188	67	36	20
177	145	95	145	86	134	73
85	130	26	50	85	26	85
63	139	139	71	28	178	140
131	113	186	170	168	125	141
118	115	118	128	115	115	118
95	89	89	81	130	156	65
49	78	134	21	112	134	140
13	102	30	13	30	13	30
32	170	7	145	7	145	7
135	23	92	109	93	92	20
19	164	19	60	151	164	60
95	173	185	17	17	161	89
166	92	84	42	95	95	73
116	138	116	142	142	145	138
185	137	95	10	114	156	53
178	66	178	53	66	30	30
58	58	82	82	128	82	58
156	148	79	110	99	155	44
12	97	64	117	100	65	140
21	101	21	101	21	106	101
182	35	35	182	30	35	182
22	22	147	147	22	147	22
19	80	19	19	80	80	19
32	181	90	90	68	180	179
171	145	42	72	10	72	143
180	157	120	86	14	180	131
58	17	84	17	17	84	84
74	151	21	151	126	113	81
16	139	96	57	34	98	46
164	153	153	164	148	153	164
118	91	52	19	32	19	175
86	8	121	121	121	121	121
147	46	22	127	127	189	115
114	93	96	114	93	114	93
130	10	55	10	130	10	130
116	26	103	26	103	103	26
121	122	70	46	80	42	80
33	33	123	33	123	93	123
161	96	117	67	179	174	173
173	81	81	160	103	85	175
133	40	153	185	46	167	185
118	150	33	25	64	144	96
139	147	147	139	147	139	22
181	13	181	13	13	171	181
16	177	139	179	169	177	140
154	154	179	179	154	35	179
24	177	22	177	177	24	24
14	184	32	75	110	56	58
80	56	59	56	80	80	56
153	29	87	181	179	34	181
133	118	41	67	67	118	118
137	165	137	149	103	137	165
146	146	22	22	22	153	146
175	166	175	106	166	112	106
132	28	109	28	28	132	132
43	144	144	144	43	44	43
49	83	59	83	147	171	115
18	18	18	100	80	85	85
57	188	65	125	13	42	103
33	74	55	55	74	74	55
124	44	131	131	131	124	124
148	148	111	57	111	123	57
159	160	182	130	155	95	95
69	86	50	121	70	154	69
124	127	124	127	124	127	104
20	131	10	126	176	60	126
83	26	93	93	93	83	83
32	66	66	41	66	41	164
144	169	32	120	169	126	144
129	64	66	156	107	52	173
67	67	111	36	67	111	111
58	118	58	108	144	118	108
33	24	91	91	33	91	33
177	90	42	149	120	55	42
36	82	39	36	82	18	39
17	175	168	17	168	175	155
34	34	89	53	165	128	44
25	51	51	8	133	51	25
111	40	40	111	111	40	57
19	140	100	100	100	133	19
46	77	74	135	122	46	184
135	130	139	168	113	168	14
60	107	119	185	29	84	140
166	166	169	76	172	43	81
76	29	170	29	76	170	165
97	91	145	163	100	18	13
186	83	135	167	34	167	141
87	140	10	95	94	48	100
91	96	13	145	133	96	173
138	138	153	138	153	123	153
159	38	38	159	179	159	38
131	131	97	131	139	139	139
154	117	119	174	154	108	107
154	154	134	134	74	134	154
39	101	15	39	101	15	120
105	35	158	36	180	35	72
152	77	84	187	50	56	50
87	144	135	155	115	177	155
83	83	83	68	68	107	68
105	123	80	84	105	123	80
32	129	95	151	41	32	31
39	106	20	159	20	78	78
190	20	57	190	20	20	190
102	79	102	69	48	24	46
65	176	88	75	90	90	91
90	94	94	90	94	24	90
57	165	92	92	57	70	165
27	179	36	27	169	17	53
84	189	189	97	84	84	189
110	121	189	111	142	189	26
123	118	52	52	13	13	15
154	158	154	154	42	158	158
98	156	150	186	177	87	181
49	49	107	107	49	107	138
88	182	109	148	89	69	119
176	20	66	10	176	142	95
42	31	42	31	155	102	31
101	101	134	101	97	97	97
59	132	132	105	59	132	59
41	62	41	67	67	41	67
26	179	179	86	31	25	13
79	183	113	71	118	108	79
52	52	38	38	52	38	56
80	80	153	153	83	80	153
89	177	177	99	89	89	177
72	119	135	169	42	12	46
167	54	54	48	61	179	168
104	104	60	60	104	60	66
15	124	86	111	23	158	161
121	175	56	175	56	56	175
177	104	164	118	138	138	175
58	139	115	139	19	115	19
35	35	138	39	39	39	39
80	168	79	129	37	176	60
133	138	145	95	95	145	138
125	67	169	76	93	132	169
109	38	169	98	70	132	26
75	175	75	89	175	114	89
144	75	99	63	35	164	164
80	129	129	80	129	134	80
136	24	24	88	24	10	104
38	132	174	46	163	38	26
146	55	55	55	65	65	65
144	37	118	143	50	107	107
54	46	98	23	57	71	46
132	58	140	132	132	140	140
27	172	172	172	27	27	44
16	131	16	106	131	16	131
65	155	15	117	114	73	114
107	74	64	186	176	107	39
25	119	168	25	25	168	168
53	83	147	83	76	146	74
117	89	64	168	168	162	61
11	91	137	181	182	91	99
57	139	143	57	139	57	139
107	47	157	107	30	129	89
137	116	102	53	132	68	135
170	100	43	170	55	60	20
146	137	111	169	77	137	137
44	178	117	44	88	138	170
36	68	13	13	99	144	186
142	75	142	15	15	142	15
63	63	95	68	86	152	63
14	85	146	109	70	124	121
164	123	60	137	89	148	141
125	125	151	78	78	74	151
142	142	142	54	146	146	146
178	10	26	38	56	10	28
148	166	148	92	107	148	107
133	48	143	48	48	143	143
79	150	132	97	97	59	123
168	111	119	103	166	168	173
111	16	16	27	27	27	16
28	77	70	28	70	64	27
143	22	55	22	69	173	134
95	95	106	106	106	130	56
91	20	107	39	60	91	160
101	101	20	20	20	101	107
70	119	119	119	41	41	41
128	62	103	155	113	113	79
183	156	183	145	49	172	82
149	54	108	108	108	54	54
176	176	27	122	176	21	18
139	101	139	104	130	16	31
25	131	126	25	126	25	126
11	11	166	166	137	11	166
94	43	132	175	101	175	125
119	10	35	183	50	48	82
137	38	72	126	112	72	91
81	19	131	81	19	91	131
104	138	140	146	146	140	138
38	163	38	177	25	25	163
49	103	120	120	103	120	103
139	155	105	71	158	78	135
124	30	130	75	124	130	75
104	105	98	104	54	54	98
133	117	45	184	114	137	24
119	66	130	130	79	79	79
31	147	31	167	127	158	91
55	157	31	24	98	155	31
50	92	153	92	92	50	50
152	58	58	92	152	152	58
114	64	42	114	42	82	42
138	40	76	34	27	77	60
82	140	82	38	36	36	140
68	99	68	10	58	187	42
42	24	18	54	56	24	25
88	88	146	164	146	164	125
148	36	54	54	36	100	148
95	95	110	110	95	110	175
37	37	88	88	88	20	37
20	22	165	165	126	39	174
163	129	163	120	81	186	115
55	110	31	187	52	62	187
105	105	119	119	105	119	33
14	102	14	102	102	14	102
133	153	178	136	178	68	58
152	169	112	140	142	140	126
189	87	79	116	102	178	142
20	130	20	12	74	164	119
91	101	91	91	101	37	101
32	127	31	81	176	123	45
91	62	62	62	81	81	81
133	152	62	62	133	62	133
9	72	133	16	9	72	72
61	61	62	159	62	167	159
141	71	141	92	92	126	126
159	155	159	60	128	155	172
49	84	73	49	178	84	73
110	79	12	78	144	134	79
55	46	18	94	57	148	24
24	102	24	24	97	81	81
121	93	146	97	159	54	90
156	10	137	57	59	59	133
88	157	157	157	163	88	88
125	135	36	131	159	131	99
21	21	138	77	170	21	77
155	155	155	108	43	108	69
71	125	132	10	71	182	54
45	187	99	127	95	160	166
141	154	78	142	142	38	31
185	144	185	185	144	144	130
67	48	120	48	120	101	67
141	29	29	141	141	39	29
117	66	66	117	133	66	117
106	164	80	136	48	76	120
115	129	31	115	31	31	115
74	74	176	176	176	118	74
76	164	32	76	76	164	164
116	119	160	180	180	13	90
17	142	17	142	149	142	17
109	179	53	164	151	139	156
30	156	24	34	22	34	73
36	72	75	24	91	72	157
37	47	128	135	138	75	85
150	50	80	162	186	98	115
144	122	23	144	23	144	23
76	137	162	137	76	76	137
35	170	33	67	146	185	161
109	145	24	109	94	185	47
13	149	17	13	17	13	17
97	108	150	36	116	145	142
95	181	85	148	40	145	95
10	13	154	13	13	115	115
77	170	170	57	57	57	99
113	58	58	113	91	113	58
179	35	24	185	81	142	91
29	32	127	15	62	74	45
167	167	8	8	155	167	67
30	116	141	116	183	148	74
113	122	151	98	98	116	45
156	49	24	119	135	100	143
68	121	139	107	77	176	80
67	55	136	144	67	91	38
171	118	93	118	27	160	38
165	20	30	65	21	20	130
150	123	116	120	150	108	28
38	32	93	29	73	32	83
63	41	63	41	63	114	41
48	48	17	17	17	93	48
75	84	70	105	189	147	31
143	23	45	23	158	89	103
63	122	117	182	117	22	50
141	24	75	52	171	161	108
129	174	174	67	67	135	135
144	166	144	67	90	163	50
167	117	167	167	29	117	117
125	125	180	140	180	180	125
17	120	120	17	17	120	60
165	42	150	46	170	104	170
112	157	86	79	157	153	75
166	109	120	120	112	109	112
21	53	133	24	174	37	51
157	138	138	22	152	172	160
142	190	166	59	58	91	91
78	108	65	65	78	108	178
117	117	144	151	169	144	151
61	115	169	185	20	161	161
155	75	109	17	155	102	133
112	35	156	112	129	35	129
123	163	91	91	80	163	80
126	140	93	140	130	110	44
132	132	45	132	45	45	45
90	90	86	86	90	51	86
41	41	49	142	142	142	41
90	136	90	90	53	53	136
155	68	142	54	142	103	107
49	109	49	49	49	109	109
98	86	98	98	84	84	98
23	181	168	168	29	106	85
163	107	53	53	163	53	163
63	83	56	56	83	83	56
12	121	13	57	36	121	135
96	96	113	72	113	72	26
50	55	94	94	55	178	50
134	12	12	102	134	12	33
112	152	112	99	110	128	99
140	74	12	74	75	140	19
62	29	25	13	32	28	13
145	93	86	139	139	93	86
140	84	57	57	104	104	146
14	28	181	30	72	53	148
74	151	151	60	74	177	177
20	20	15	119	119	161	20
98	116	116	98	116	98	20
101	47	107	88	18	170	55
53	53	141	153	153	153	53
48	48	6	6	114	48	52
183	132	58	183	120	96	43
83	83	153	158	172	177	113
98	61	113	61	61	98	98
123	83	58	179	179	106	14
106	63	185	132	190	11	157
121	97	61	97	121	61	146
128	43	144	144	128	128	144
106	174	185	123	163	127	163
169	114	169	169	163	114	163
79	29	188	66	39	66	169
167	77	161	111	161	185	148
38	38	97	38	97	97	39
89	52	52	33	52	33	33
75	119	75	119	22	75	119
7	141	141	154	7	98	141
95	132	75	95	95	132	132
24	35	170	75	27	147	11
112	149	149	82	16	149	82
46	160	160	64	46	46	160
101	58	100	140	106	152	97
139	183	32	30	114	189	61
47	47	77	13	13	13	47
178	175	81	81	124	163	153
42	119	160	42	40	40	160
92	92	164	47	65	30	19
64	148	187	24	73	44	73
163	112	34	34	30	163	30
115	70	70	115	70	68	115
179	160	61	76	147	141	160
56	152	168	146	56	146	152
141	141	156	69	69	69	141
133	55	63	133	43	44	186
159	41	185	57	181	97	27
30	72	152	39	80	83	126
92	164	92	114	164	84	114
134	134	100	29	29	29	134
106	146	15	15	15	106	106
115	48	48	50	50	48	50
62	138	45	59	186	62	82
129	89	89	129	89	133	129
139	184	96	73	153	44	167
84	174	74	124	140	92	174
170	154	154	58	170	75	170
179	106	51	12	65	51	39
160	140	130	140	117	117	161
130	123	115	123	176	47	14
141	53	179	44	77	93	119
14	135	87	87	85	180	62
135	113	180	177	181	59	57
176	171	180	66	138	71	139
54	53	108	111	108	53	54
77	77	103	90	110	126	47
18	18	133	143	170	170	170
188	188	173	173	178	188	173
141	10	84	10	84	10	84
98	142	20	29	89	113	121
77	146	146	130	146	168	168
66	177	177	120	166	62	122
178	88	133	88	99	178	133
82	27	162	105	162	60	122
166	166	59	32	7	166	59
143	125	42	116	172	55	178
116	22	79	88	144	135	51
124	47	79	160	163	176	54
127	65	89	152	165	41	127
33	135	135	135	35	35	35
164	137	164	137	164	137	45
71	168	66	138	118	87	87
120	93	20	76	63	56	46
22	150	150	93	150	93	93
169	55	86	35	56	86	178
21	137	21	21	137	156	137
46	13	46	13	122	46	13
142	28	85	69	118	190	133
45	109	130	18	109	147	82
131	72	96	72	131	131	72
63	188	174	130	149	149	80
44	33	44	33	44	33	20
47	107	47	142	123	53	113
131	50	131	50	131	106	50
23	152	170	140	32	32	138
179	44	44	44	179	179	102
49	89	73	49	92	152	129
106	97	24	37	93	24	70
180	180	138	138	138	154	180
164	127	71	34	171	32	25
184	74	145	158	133	62	81
128	128	17	44	42	17	42
56	153	153	56	56	153	69
112	20	20	113	112	20	112
12	35	12	10	10	12	10
96	141	49	141	179	49	179
18	103	110	142	42	10	142
137	46	172	189	150	131	137
138	47	47	30	38	47	138
18	81	153	47	155	34	47
107	103	43	183	40	40	131
11	29	29	29	132	11	14
106	169	169	76	45	45	76
134	67	67	67	89	134	134
107	107	94	69	107	69	138
11	11	10	11	10	144	10
161	43	43	44	137	137	161
37	189	122	113	93	37	67
54	174	181	54	174	174	54
142	71	133	127	164	142	43
44	112	101	72	53	34	101
47	47	148	170	148	148	47
109	120	36	109	138	36	36
126	80	126	39	126	80	80
154	131	52	131	122	63	150
105	86	114	11	136	161	105
128	154	154	161	20	154	128
118	118	97	59	97	118	97
31	20	31	49	33	109	118
163	189	163	185	185	163	185
61	100	107	107	61	107	61
143	105	111	171	118	19	145
125	153	136	180	76	35	81
13	15	99	99	15	99	15
46	41	156	54	182	46	76
149	84	145	159	135	24	145
101	30	179	21	179	62	147
168	94	45	126	60	169	160
83	83	123	83	56	145	145
145	122	122	108	108	108	122
155	83	33	155	83	83	155
95	100	60	95	95	100	100
43	24	35	43	126	126	24
176	176	77	22	22	77	180
70	167	133	33	93	26	109
85	70	144	49	190	94	176
94	92	20	98	162	179	147
88	109	54	175	72	23	109
167	158	129	103	103	167	103
11	67	186	136	11	67	10
132	22	167	138	76	22	130
184	173	139	172	35	128	123
51	59	148	132	34	100	34
20	56	56	138	20	61	56
183	188	188	185	188	185	185
131	131	131	116	187	187	187
168	49	80	80	168	168	146
18	63	51	51	51	63	63
123	119	13	119	13	13	119
90	94	90	51	57	80	150
127	93	143	11	93	127	127
155	180	136	145	100	115	145
179	161	124	33	92	72	33
25	42	25	102	121	112	38
58	13	158	25	76	18	18
143	18	18	190	54	75	57
59	86	156	153	49	153	58
49	71	43	90	134	71	86
88	60	60	60	60	88	88
77	77	77	46	46	127	46
61	16	122	122	158	158	61
144	91	91	144	144	43	91
63	63	63	39	44	39	63
135	135	144	109	73	109	144
13	161	127	120	160	120	44
14	73	176	136	149	45	146
113	12	188	19	114	160	75
189	173	40	93	43	146	12
47	177	15	75	131	121	123
103	96	65	15	15	20	129
100	100	63	63	132	63	100
91	51	91	91	76	19	19
71	186	157	41	57	41	150
120	69	120	69	120	69	179
83	152	83	172	172	62	152
145	108	111	111	134	174	22
124	122	53	49	137	61	53
154	60	136	104	10	185	84
52	140	80	178	178	52	140
25	125	25	99	99	132	125
147	84	171	147	28	28	84
81	110	147	110	147	110	147
142	70	142	70	138	70	142
22	186	134	69	46	41	21
152	65	65	165	152	152	65
10	174	82	104	150	10	59
163	88	92	92	156	156	92
38	156	5	132	38	5	38
78	116	58	58	116	58	78
75	118	69	35	69	103	42
164	103	124	190	190	104	178
52	17	36	148	81	121	52
171	147	93	171	147	93	83
86	51	51	86	62	62	103
58	51	158	147	186	161	72
22	121	44	79	58	121	14
62	124	64	62	157	157	124
87	173	87	173	147	142	142
43	165	107	82	107	82	107
121	117	121	124	121	62	62
165	93	121	19	88	25	25
64	46	46	80	46	80	80
86	6	86	85	77	86	77
55	21	64	165	21	165	21
87	92	152	140	109	169	48
59	158	179	31	46	100	26
79	95	159	60	93	88	88
108	158	24	158	68	108	68
46	89	53	94	53	49	94
144	8	8	138	76	138	8
175	110	167	95	110	185	173
15	73	15	73	73	15	152
92	30	41	117	132	76	30
84	98	160	84	160	28	72
147	10	72	65	65	10	10
41	90	41	93	90	41	90
80	53	97	40	124	84	53
126	126	19	19	126	44	19
146	29	143	96	96	23	129
123	168	83	83	123	83	123
110	110	110	42	87	87	87
148	119	57	14	158	99	186
90	90	90	82	106	82	82
162	109	162	165	61	147	154
97	164	115	115	97	24	24
144	188	95	95	144	144	95
130	173	42	70	74	130	43
37	37	47	165	37	165	165
32	52	148	144	13	124	83
12	12	12	133	133	133	77
50	50	84	22	84	84	50
12	12	12	71	18	18	18
140	92	108	93	112	28	183
64	142	126	64	142	142	64
98	98	40	98	40	96	40
164	158	154	47	47	48	133
43	40	43	40	90	40	43
114	156	114	156	114	156	48
126	125	14	179	186	174	29
185	32	64	185	185	64	64
124	80	143	143	124	143	124
162	66	66	162	66	162	110
56	126	56	56	61	126	126
16	168	152	95	19	69	16
25	120	139	113	189	113	51
39	84	48	109	171	109	55
39	36	167	36	40	167	39
19	103	19	33	33	33	19
108	73	26	73	99	108	73
19	19	71	183	183	19	183
120	120	134	22	134	120	134
16	102	17	113	26	52	102
112	88	137	112	137	112	137
40	132	183	73	134	183	59
34	53	80	144	118	55	124
162	128	162	106	162	106	106
137	137	177	143	143	137	143
58	111	58	132	58	111	111
119	119	142	119	79	142	142
150	150	28	31	31	31	150
130	130	107	130	146	146	146
103	67	185	62	49	45	80
157	125	135	125	125	157	33
16	133	43	61	122	61	103
87	87	103	140	85	80	24
77	45	181	181	81	30	172
129	148	148	101	148	129	129
124	27	34	39	77	30	138
140	140	160	167	160	75	75
30	33	114	21	152	30	48
38	158	183	170	29	76	27
13	11	144	144	55	125	106
150	171	174	107	164	55	164
10	20	40	107	18	28	84
68	161	161	11	80	62	185
100	100	120	78	120	120	100
179	157	157	154	72	120	113
177	177	177	177	177	177	15
141	35	117	114	77	114	155
31	90	51	70	96	87	32
128	62	60	127	62	128	60
89	89	19	51	100	91	54
37	138	23	86	23	23	86
131	174	117	188	44	104	44
79	57	57	177	79	50	177
179	164	102	102	100	179	164
90	171	40	173	84	44	156
135	66	58	182	75	154	139
82	84	40	40	40	82	82
112	170	83	190	63	55	170
109	109	176	176	109	186	176
190	10	10	190	10	190	57
159	174	137	120	136	120	120
15	23	15	108	108	108	79
175	156	177	156	177	74	74
17	35	40	96	174	176	102
171	174	99	175	156	101	101
96	96	43	96	43	43	43
110	36	148	131	131	12	11
144	102	39	11	22	62	119
141	180	181	190	124	28	141
50	43	121	121	43	43	121
79	39	92	39	51	184	93
106	168	106	105	37	99	20
98	34	53	98	17	101	19
154	154	155	155	136	155	154
24	174	24	110	71	157	172
171	174	93	167	134	133	161
177	143	172	61	16	118	143
142	187	187	27	187	142	142
181	42	42	181	42	144	181
189	38	189	38	38	185	189
90	113	90	62	118	33	39
167	82	85	162	98	162	157
32	58	8	62	62	58	62
66	171	92	65	92	47	34
63	63	15	81	15	15	63
26	103	139	174	143	35	59
159	93	144	171	171	74	40
16	80	190	23	74	160	16
43	146	43	177	39	113	65
110	112	110	112	99	112	110
180	37	70	37	17	38	185
34	34	132	172	132	61	61
34	106	155	25	28	28	96
143	87	116	32	83	80	83
181	61	181	70	61	181	61
137	156	137	156	120	137	156
135	37	104	135	135	104	104
184	189	24	68	87	68	68
149	40	41	146	41	111	167
52	49	49	118	118	118	49
117	67	159	111	36	32	185
146	85	146	146	85	85	108
82	82	32	32	32	25	82
164	130	36	176	53	127	127
27	72	68	14	31	104	31
75	175	13	137	171	122	38
10	174	188	98	170	142	170
42	26	31	37	31	37	42
90	180	90	180	180	38	90
113	106	26	74	26	56	160
79	81	5	81	79	79	72
48	77	48	77	48	128	77
183	60	143	88	14	70	70
8	43	43	43	14	7	14
63	157	180	100	63	39	18
19	56	150	57	56	71	121
54	10	93	74	25	46	47
152	102	41	74	104	59	54
109	109	162	93	93	109	93
41	41	89	136	41	136	136
88	55	142	63	70	125	107
56	31	160	56	152	152	31
56	56	116	52	116	52	145
102	138	138	138	102	25	102
183	179	117	132	179	102	86
119	49	119	46	46	119	22
39	155	67	155	39	67	52
103	148	109	122	118	63	78
123	25	27	123	27	27	72
154	154	98	148	148	154	148
65	65	63	63	78	78	40
38	87	120	38	120	38	120
139	128	104	128	139	104	174
142	156	57	57	154	36	29
135	119	19	19	19	135	135
163	104	40	86	51	81	151
97	92	44	84	44	97	44
164	140	123	164	97	150	43
178	186	178	186	178	186	64
14	36	112	112	140	117	100
95	85	38	138	92	85	19
46	138	57	190	105	12	133
140	159	15	136	88	119	171
29	124	56	29	107	56	124
161	161	159	126	176	176	126
148	112	126	112	100	100	148
25	25	127	78	25	127	127
144	144	166	151	113	113	151
67	63	67	67	89	63	63
132	128	82	86	127	60	140
42	42	63	93	23	179	23
30	148	93	148	93	70	70
14	15	14	15	15	14	187
110	57	141	20	62	126	20
119	119	107	119	144	51	51
62	186	129	108	128	62	180
59	133	146	73	73	99	113
152	152	124	124	124	96	96
123	76	123	60	31	42	130
117	124	124	117	124	30	117
115	98	91	115	142	186	119
149	149	133	133	16	16	129
171	52	147	150	153	36	178
26	111	110	28	116	138	116
168	164	127	56	123	186	123
110	126	126	110	166	35	35
12	38	53	38	12	68	38
136	60	139	149	72	69	82
55	88	125	48	185	58	185
32	55	32	55	32	20	55
95	178	130	95	130	162	178
167	16	104	155	16	155	16
45	177	20	72	106	45	12
28	120	62	120	28	62	81
87	55	86	24	23	171	55
27	77	71	120	133	42	185
165	58	145	102	102	58	145
109	68	118	118	68	118	68
57	95	182	52	87	92	97
36	127	123	21	138	36	127
65	144	65	144	46	65	144
15	157	145	157	145	157	145
31	137	190	118	59	118	98
46	92	47	35	13	40	40
49	135	49	47	135	150	135
29	29	119	77	29	77	77
69	65	132	132	181	181	127
62	18	110	18	62	62	18
132	161	174	43	95	62	42
54	83	64	116	135	162	190
184	54	188	70	29	72	150
119	119	85	44	44	54	54
26	11	39	39	38	70	28
60	88	108	129	99	58	158
144	74	100	91	73	35	28
88	168	161	88	161	149	149
175	128	24	128	134	175	134
91	112	42	91	112	91	112
48	11	48	123	123	48	123
126	51	159	159	89	121	181
173	173	115	139	115	173	115
112	112	115	146	74	115	146
47	89	127	22	17	89	102
15	16	21	111	95	126	170
28	33	28	33	28	33	130
141	146	156	65	171	141	16
111	39	39	160	111	111	39
183	183	88	88	183	88	128
106	49	97	28	19	19	71
174	80	46	117	50	80	13
43	53	48	75	32	129	43
64	48	93	66	132	10	179
140	147	140	147	147	142	140
138	48	186	186	48	186	48
72	157	44	131	81	131	136
115	162	155	155	122	162	155
52	83	33	173	113	33	52
156	111	111	139	156	167	167
99	99	38	122	98	58	45
11	119	180	180	180	11	11
163	14	14	163	14	163	148
56	121	28	169	121	56	169
185	112	185	12	49	174	93
170	31	137	184	79	184	74
76	27	98	75	14	166	37
71	16	75	89	149	68	172
187	87	18	56	18	124	21
90	56	134	150	68	37	166
90	33	112	92	124	115	112
82	19	161	29	65	73	73
29	188	69	188	43	14	80
114	65	41	105	41	105	114
91	49	91	49	39	67	49
183	81	168	189	163	107	50
177	177	177	24	24	67	24
117	117	117	82	82	82	21
130	130	93	42	44	44	42
78	54	18	78	38	161	117
102	72	87	91	110	13	80
96	75	186	55	64	184	111
107	173	125	156	107	173	156
108	48	91	123	145	107	91
166	142	188	44	38	152	160
56	136	48	168	48	151	61
119	66	172	101	101	94	165
131	157	86	157	88	131	86
123	123	16	34	13	106	56
27	56	13	33	62	122	128
50	50	85	58	58	85	71
56	157	58	178	189	56	112
12	17	17	155	12	12	17
147	160	132	174	132	174	70
115	81	108	51	115	86	105
134	23	55	99	23	55	99
65	113	20	148	65	65	148
127	28	167	184	148	42	54
95	91	91	76	11	186	189
75	161	178	163	31	161	73
97	117	97	117	49	117	97
148	154	148	108	154	154	159
68	182	91	18	68	95	141
97	52	74	74	74	36	52
111	135	111	18	87	177	166
130	137	24	31	130	24	130
74	63	63	63	74	74	179
154	41	41	140	140	144	140
127	93	93	57	104	183	163
168	84	15	42	84	42	168
166	59	166	59	59	73	166
16	55	32	16	32	32	16
90	69	25	59	25	66	142
56	176	27	56	27	56	27
65	65	122	65	27	27	27
169	127	137	87	169	114	83
66	183	10	45	157	92	171
185	79	22	23	92	62	62
115	116	70	116	177	54	103
15	172	23	186	23	154	34
12	111	140	58	170	58	63
54	60	60	60	61	61	61
129	168	151	168	140	140	151
63	111	139	130	107	107	59
116	64	160	160	72	64	72
105	55	64	35	18	64	166
19	165	51	126	93	162	165
76	181	151	44	32	120	120
131	131	77	101	101	131	101
169	127	127	79	169	79	61
18	44	18	121	18	44	44
173	91	22	173	91	91	173
174	132	132	174	82	174	132
131	131	131	57	57	22	109
75	141	75	35	34	35	141
150	37	168	13	66	119	16
54	64	86	86	86	73	54
151	40	41	40	159	156	172
144	70	143	144	109	109	143
172	51	172	172	51	51	112
61	96	61	61	96	96	136
79	57	144	92	107	57	165
175	167	18	139	175	62	50
104	29	104	169	190	10	132
52	88	133	52	88	52	100
134	55	134	134	48	55	55
154	39	79	79	79	39	74
18	18	152	157	18	157	157
118	148	39	36	121	43	115
163	163	33	33	124	163	152
28	28	83	153	149	187	164
154	153	19	117	48	153	141
89	101	107	106	70	89	120
51	68	30	68	69	69	51
178	63	28	131	89	11	28
112	70	112	112	146	146	146
131	23	143	175	59	14	85
108	140	187	10	69	138	135
49	78	49	32	48	28	33
39	39	76	116	141	76	116
189	189	189	146	146	146	154
123	166	179	78	12	11	86
76	76	156	156	134	76	156
56	56	82	186	19	56	190
180	180	180	63	63	59	63
172	29	16	135	115	124	69
62	171	109	112	112	27	137
77	189	86	189	189	77	77
184	184	94	184	94	94	94
106	158	64	105	31	64	106
72	164	164	164	164	72	18
41	27	75	76	178	121	183
145	101	163	134	185	145	76
38	105	121	51	97	48	134
55	55	107	107	25	156	65
165	37	119	163	163	64	119
120	54	54	120	38	38	85
22	127	45	145	82	39	127
62	62	62	35	93	93	93
116	51	116	131	131	131	116
137	183	148	122	142	15	129
23	68	115	23	144	68	23
60	29	17	60	14	29	60
13	184	63	66	175	48	172
42	154	154	154	51	51	170
127	74	68	54	68	74	68
129	70	70	12	12	70	12
123	176	176	85	176	123	123
104	25	106	162	52	82	82
142	142	164	188	65	121	138
40	31	40	44	37	44	40
175	32	16	32	16	32	16
79	57	44	57	103	140	101
132	141	185	17	185	175	118
109	106	155	166	14	116	106
172	174	47	84	114	138	84
117	157	157	117	117	172	157
145	97	80	97	80	97	80
39	29	177	30	34	29	106
25	143	143	168	64	64	64
152	18	161	18	152	136	18
45	32	29	45	29	105	105
101	81	81	115	81	115	115
58	172	94	94	172	94	172
122	17	122	94	72	122	94
74	180	86	154	74	81	51
106	156	156	94	94	94	156
162	74	101	184	123	74	60
121	157	189	43	65	120	183
114	28	77	114	54	54	54
131	166	166	163	117	131	166
113	144	144	144	60	113	113
123	155	110	26	160	174	124
74	14	142	127	121	28	138
111	48	111	48	74	111	48
131	121	121	131	131	33	121
107	14	86	178	92	87	14
61	87	112	87	112	87	112
26	147	186	154	154	155	54
47	47	165	75	68	47	75
30	63	90	90	90	63	63
165	22	82	186	72	89	130
70	67	144	38	38	70	67
83	38	28	125	125	43	34
99	51	51	122	186	23	181
164	164	31	164	34	34	34
60	149	59	53	130	136	61
22	131	22	43	56	43	56
169	169	178	180	180	169	180
29	72	166	22	135	135	61
138	10	169	126	180	19	180
77	163	65	180	180	77	163
89	147	46	138	89	46	89
115	66	76	17	158	112	66
122	139	53	88	10	74	67
63	107	51	63	168	163	66
148	148	148	126	56	56	56
18	40	62	172	84	54	68
169	35	38	169	35	48	169
75	75	81	81	75	31	124
91	109	176	109	91	109	91
85	124	124	124	16	16	16
13	15	72	83	71	86	28
189	70	18	37	37	51	63
45	183	133	113	77	90	118
39	39	123	160	123	111	123
85	62	85	143	85	143	143
77	57	143	77	77	143	143
61	23	155	155	17	26	91
156	187	166	188	138	156	161
130	158	24	26	166	119	158
150	180	101	144	17	139	10
141	182	16	54	130	155	128
132	31	132	134	114	132	114
165	165	114	165	46	114	114
112	70	185	24	102	55	67
83	177	92	167	90	92	76
176	175	151	45	174	174	134
67	15	61	57	88	178	106
177	94	94	177	94	177	156
96	37	114	114	96	96	114
18	69	37	169	149	98	149
157	118	118	118	88	88	88
31	122	31	75	75	31	75
94	68	68	68	94	94	87
179	179	63	63	63	179	68
165	165	167	165	165	167	79
15	43	43	43	48	15	156
163	113	139	156	135	163	142
56	56	107	107	107	163	40
136	136	92	182	182	136	182
162	64	63	19	143	63	13
115	87	133	41	73	108	86
58	116	65	58	58	100	65
77	184	80	44	163	107	68
156	153	163	181	30	130	157
50	177	42	146	182	184	184
39	39	39	26	165	26	26
37	90	87	120	142	90	150
104	70	70	70	146	104	104
155	44	8	8	155	155	77
108	177	165	119	44	108	52
106	18	62	14	14	61	110
140	84	98	45	58	85	145
132	27	132	32	132	32	32
176	34	169	34	27	50	10
25	93	93	79	156	43	163
52	79	93	16	115	57	60
70	190	13	70	13	13	70
132	132	69	26	69	69	132
56	56	12	12	56	12	22
107	45	156	88	14	132	141
32	91	55	32	55	55	32
142	165	167	95	142	165	165
38	32	183	102	182	17	183
21	114	21	114	21	58	114
73	39	126	93	158	126	63
87	153	105	77	57	38	104
10	38	163	38	38	76	10
173	137	79	109	137	184	116
110	110	110	23	113	113	113
129	129	145	129	145	114	145
93	31	54	128	128	105	111
5	116	116	120	5	48	5
91	21	128	149	137	30	128
97	82	38	138	151	136	138
98	53	24	73	105	98	111
169	141	17	18	94	141	38
51	87	10	181	26	159	26
122	85	101	108	101	108	101
99	107	99	121	107	107	99
68	44	167	148	98	23	35
103	64	161	64	17	168	142
155	51	31	31	88	67	98
76	147	154	35	154	147	76
127	112	51	112	51	51	112
93	63	93	63	93	63	20
110	22	171	97	152	53	152
62	62	147	103	103	73	103
52	148	77	164	52	16	71
155	184	89	134	43	28	134
165	101	101	101	165	56	165
59	94	94	94	12	59	59
11	172	131	143	60	65	159
177	23	103	136	166	100	100
18	68	96	79	173	43	162
168	158	94	39	63	163	132
106	139	117	102	75	88	46
77	139	77	25	77	25	25
70	59	147	150	38	91	38
112	112	77	112	164	164	164
171	107	101	101	107	171	159
23	23	99	99	40	23	99
28	28	82	82	40	28	82
75	130	114	99	45	59	68
85	106	85	106	106	85	172
12	12	42	12	84	84	17
171	171	131	131	131	171	56
59	149	134	134	149	157	149
90	171	134	171	171	90	90
124	124	98	77	165	98	77
141	51	118	118	141	51	30
69	69	49	113	73	159	113
24	77	172	102	60	130	92
76	15	15	115	115	115	15
80	145	80	145	145	80	153
172	146	96	132	190	108	96
46	21	21	46	78	21	46
187	79	71	167	179	71	133
155	81	146	126	45	146	156
28	35	49	24	49	187	174
162	46	41	86	172	162	63
103	162	162	9	106	162	106
185	39	125	148	79	103	103
131	75	179	82	33	38	150
143	143	143	12	12	12	64
167	167	101	162	162	64	64
124	45	116	124	124	40	40
50	50	179	134	50	134	134
36	68	68	31	31	68	31
134	182	63	12	63	189	82
148	114	78	60	101	164	152
136	115	115	128	115	136	136
136	160	57	57	136	136	57
150	70	101	176	116	29	101
96	120	93	93	140	167	61
118	104	179	118	123	104	123
153	41	41	70	41	153	153
134	137	134	144	59	59	137
78	110	183	88	42	29	44
31	23	149	31	149	23	100
137	175	152	158	87	87	95
141	141	131	156	55	131	131
141	118	84	190	154	55	123
106	92	87	91	10	10	92
135	173	178	178	135	178	135
167	167	101	101	123	86	123
43	169	153	62	157	62	43
26	164	164	183	135	139	22
45	118	45	62	85	85	45
84	81	81	81	145	145	145
150	171	95	94	139	66	151
94	25	168	65	168	94	25
82	68	68	105	105	168	82
71	155	177	84	34	85	126
39	39	135	161	161	39	161
26	48	48	7	7	78	48
45	100	111	49	21	66	21
90	60	91	121	153	110	51
32	88	128	128	88	88	142
92	104	86	104	102	92	92
119	87	130	55	53	114	44
69	69	149	179	107	107	179
45	23	23	93	23	45	45
35	35	179	80	111	34	92
44	137	143	97	50	179	183
87	104	87	87	120	104	104
143	67	67	119	11	179	143
14	14	15	14	15	19	15
57	139	25	57	139	57	139
26	131	131	147	173	173	26
110	119	160	84	93	151	84
63	115	26	31	62	113	96
131	90	131	105	173	90	105
62	140	151	151	62	62	151
168	144	142	181	45	160	144
129	45	17	112	17	59	109
26	47	89	155	163	105	105
151	81	81	151	145	81	151
94	133	57	30	13	135	131
127	77	182	88	132	132	142
141	123	38	136	55	38	15
99	15	16	57	17	119	42
162	162	42	81	14	81	81
70	127	81	143	137	127	127
37	65	65	33	65	37	37
160	96	55	76	173	96	28
37	37	37	157	108	157	157
25	69	127	64	79	69	85
147	47	37	47	47	147	147
153	160	160	160	153	107	153
99	128	16	77	168	43	119
32	32	106	106	32	106	172
60	49	88	148	141	12	101
75	90	18	178	90	88	176
36	18	36	18	103	36	18
92	92	92	170	49	170	170
138	41	41	138	138	138	41
59	138	22	52	45	189	138
132	38	132	152	38	132	46
161	132	158	67	132	86	151
68	98	127	48	115	50	115
171	171	43	43	43	112	171
20	75	61	93	61	92	79
22	151	136	20	151	163	11
98	22	101	126	105	142	126
177	120	13	61	165	177	126
46	12	12	65	74	11	72
39	117	11	117	39	39	117
55	104	168	79	120	79	138
147	133	133	147	35	39	147
120	120	62	183	84	128	128
90	115	115	90	90	174	115
25	79	20	158	95	138	79
17	17	41	17	21	21	21
132	97	97	166	166	97	166
107	108	109	80	98	108	130
19	33	33	19	64	84	64
96	46	74	46	74	74	46
173	120	73	181	19	91	91
178	11	30	150	178	160	47
167	27	167	62	107	90	177
70	70	69	70	69	69	157
7	158	21	8	21	7	21
92	137	116	116	137	137	116
73	142	73	136	136	73	136
185	37	185	60	89	157	150
53	10	53	10	168	53	10
182	187	95	149	103	65	95
11	40	117	120	137	15	113
132	155	125	112	148	148	20
136	140	20	136	136	140	140
72	92	72	44	125	54	146
13	19	148	43	89	82	43
137	40	87	137	40	78	87
51	15	171	187	187	79	157
79	122	15	79	136	56	187
23	55	69	18	106	159	97
118	173	163	65	162	65	10
176	26	68	26	26	68	68
69	49	102	40	35	108	108
139	113	125	113	125	139	41
135	56	16	135	89	56	135
109	49	39	83	23	155	142
100	100	108	117	105	136	19
10	60	189	125	132	151	177
49	78	49	49	186	78	78
65	65	162	148	109	125	110
120	51	49	51	49	49	51
169	34	52	80	147	60	95
141	165	141	95	165	165	141
149	17	17	82	26	51	105
36	141	141	36	128	76	76
33	50	33	50	50	152	33
140	65	65	123	158	140	123
72	161	150	143	124	74	150
112	120	89	156	155	155	157
56	185	185	80	105	190	58
54	63	81	52	150	150	61
10	15	96	10	155	10	15
45	45	45	72	150	145	72
38	161	87	161	134	112	144
93	78	103	71	113	139	139
131	10	10	144	10	131	131
19	19	45	19	45	139	45
18	18	89	157	157	157	18
70	169	42	85	159	82	19
65	10	10	19	10	131	131
187	187	68	56	56	187	56
189	171	171	114	114	171	114
148	99	157	97	12	142	179
65	70	141	86	141	75	35
179	179	26	60	67	26	60
20	182	20	142	138	39	108
118	18	90	18	118	18	118
52	164	132	173	52	11	58
36	138	15	82	138	140	135
160	160	170	120	160	120	120
84	118	42	180	104	104	65
187	140	90	89	114	19	89
126	54	54	75	75	171	171
82	133	135	82	135	135	110
163	22	22	164	167	164	164
37	78	28	38	131	100	140
148	49	140	126	155	82	47
123	17	144	123	80	144	80
131	125	38	131	105	90	45
42	42	147	49	147	20	49
51	51	11	51	11	131	11
71	71	128	150	150	71	46
17	141	48	22	17	22	48
85	63	85	50	85	63	63
146	146	176	146	81	81	81
26	172	26	180	178	50	178
131	118	118	131	121	28	131
177	128	20	20	20	177	177
166	129	170	166	66	53	39
170	170	170	56	56	56	175
28	116	16	116	103	28	116
46	20	23	97	35	20	122
31	17	184	128	182	93	17
143	93	137	143	63	93	137
77	188	129	67	175	56	121
156	167	116	116	40	30	130
68	57	68	167	167	167	68
31	22	31	127	22	31	22
117	134	156	47	117	134	117
35	35	35	144	144	144	161
87	48	48	87	176	178	178
83	83	47	47	47	10	83
160	64	182	14	180	60	143
29	136	29	93	93	136	24
16	16	117	16	9	21	117
103	148	90	37	133	101	184
131	15	154	104	15	10	164
179	121	70	142	139	126	18
94	118	118	44	104	160	18
182	157	131	88	96	43	187
138	113	168	11	129	51	33
112	80	168	160	66	72	68
118	125	10	171	54	157	71
80	65	75	65	40	40	75
15	18	18	15	130	18	15
178	178	178	178	91	178	178
166	85	189	38	174	167	72
79	175	49	82	49	146	145
16	189	83	32	17	100	54
84	29	84	169	117	54	19
132	161	49	67	65	190	109
162	130	162	144	62	62	62
157	112	52	35	46	80	112
93	145	119	156	121	166	82
137	65	160	140	156	85	179
117	180	155	180	155	180	155
21	84	30	84	84	21	21
88	88	91	28	28	28	88
37	139	34	25	88	186	132
26	23	38	26	38	38	26
97	46	85	97	85	46	151
66	66	135	135	77	39	77
31	168	188	168	168	31	31
30	33	77	24	130	117	24
186	94	25	100	102	58	10
51	75	187	35	51	109	68
156	51	100	175	85	118	160
53	123	127	190	92	37	53
122	159	127	170	122	127	170
45	91	91	131	154	131	154
64	18	73	148	119	73	131
54	133	158	10	156	82	182
130	130	34	119	119	130	119
178	45	178	45	45	45	178
40	15	109	184	188	148	102
137	139	144	90	144	25	165
174	174	173	181	181	181	174
123	129	28	25	155	129	178
48	133	106	106	48	106	122
169	169	16	16	16	163	169
184	184	67	67	184	67	125
38	63	122	122	122	38	38
123	148	148	149	104	123	123
178	19	19	19	135	178	178
178	181	171	159	76	177	159
83	182	39	80	139	118	129
175	116	45	116	116	175	175
132	132	125	51	125	51	134
120	120	169	120	169	33	148
48	137	113	48	57	57	113
68	157	37	175	175	140	29
164	60	42	24	86	155	155
137	137	150	122	122	93	93
173	75	102	150	22	180	120
70	176	34	41	89	118	168
111	111	160	148	131	22	187
131	170	170	72	170	131	131
76	104	104	76	104	76	179
25	161	107	94	74	107	150
14	89	137	101	36	56	188
36	91	115	91	115	115	91
34	41	34	11	11	55	34
60	39	44	44	44	60	60
133	131	110	131	133	104	50
159	40	189	70	123	40	47
29	29	21	29	86	116	21
65	80	148	65	39	80	39
27	27	27	94	125	94	94
161	161	111	111	16	12	161
97	34	45	78	97	112	71
45	144	45	144	130	45	144
14	14	155	14	76	76	76
79	139	50	139	139	50	50
179	179	103	134	184	18	92
47	83	64	118	47	41	47
54	160	146	64	150	125	26
103	103	155	103	155	155	83
11	16	131	34	49	188	11
21	21	149	102	149	21	149
67	75	75	159	87	26	82
92	131	131	102	11	102	110
173	118	102	46	39	46	74
51	51	93	110	110	160	93
15	177	15	118	81	118	81
26	71	71	26	26	71	49
21	80	80	54	169	80	169
92	177	104	15	75	174	171
179	16	16	38	16	38	38
101	41	41	118	118	101	113
164	164	163	92	79	79	163
95	95	106	162	106	131	131
79	28	172	79	68	106	133
15	145	24	145	15	15	145
56	143	75	123	35	56	158
93	93	17	17	56	146	146
182	138	182	98	114	169	14
27	159	50	27	27	50	50
45	173	154	173	154	15	15
53	13	134	15	106	99	57
48	153	160	159	48	71	96
187	40	175	120	131	69	170
181	37	77	50	50	160	111
21	115	35	91	122	20	160
19	11	11	19	19	148	11
25	58	58	58	25	25	149
63	63	99	33	63	33	145
94	156	142	120	142	156	120
180	180	153	83	83	180	83
109	92	134	135	74	58	114
67	155	120	174	67	127	140
10	12	127	166	126	33	41
43	112	123	77	123	77	43
157	66	162	167	20	98	28
80	178	178	164	164	178	178
142	121	14	121	121	142	142
35	82	117	98	85	85	88
138	55	66	55	164	55	66
31	129	78	129	174	31	78
88	115	117	93	153	94	97
30	30	78	105	142	173	177
160	25	20	61	148	65	187
138	175	138	130	40	182	167
63	63	101	37	143	70	180
52	161	52	123	126	123	126
135	135	31	31	36	38	135
97	45	97	161	161	145	45
99	33	145	86	87	169	48
41	41	93	89	89	41	89
90	90	135	90	135	135	48
30	30	85	132	29	106	190
46	46	64	145	64	64	46
13	13	42	37	37	62	13
178	140	153	153	28	153	95
55	100	55	55	128	128	128
19	156	103	156	19	156	19
147	86	86	155	155	78	86
141	121	46	158	112	158	88
28	169	28	28	169	169	119
59	59	25	25	25	59	38
149	57	93	57	93	127	149
44	144	119	44	27	144	119
18	18	50	50	18	50	13
137	20	21	21	137	21	137
74	65	74	74	127	65	65
155	155	61	33	155	33	33
84	51	67	24	188	156	88
55	96	19	19	78	158	32
161	97	174	103	103	185	154
104	119	188	48	189	119	76
163	163	163	160	11	11	11
150	18	82	85	178	44	122
123	142	44	81	89	135	41
113	21	134	27	41	92	169
54	79	188	186	54	189	16
111	175	100	101	25	111	186
14	152	14	152	83	14	120
98	141	141	98	40	141	98
91	138	31	123	68	74	40
85	84	109	84	85	85	84
133	122	88	69	106	117	117
27	80	80	164	116	37	47
12	189	98	189	47	129	141
164	74	164	13	13	164	13
138	47	92	47	68	176	150
91	161	106	91	25	106	106
77	77	35	77	35	35	143
87	83	87	83	176	83	87
149	36	50	149	50	36	150
164	98	87	105	105	187	31
69	160	69	68	41	77	10
67	31	61	61	31	142	142
71	84	61	132	84	71	61
50	86	89	50	164	145	159
35	71	21	21	15	170	98
47	47	47	184	184	184	39
71	23	79	23	151	151	71
180	46	180	46	46	121	180
33	45	45	18	18	18	16
74	177	153	43	173	153	24
155	16	92	163	92	16	155
77	137	123	17	114	120	185
148	127	73	74	73	127	73
84	186	168	53	118	85	97
25	144	67	149	102	67	91
136	121	90	135	136	121	121
116	179	10	167	118	126	117
179	46	125	146	146	86	21
30	93	78	131	39	38	13
73	74	58	75	73	79	69
51	141	176	15	141	141	38
168	65	132	33	78	117	185
80	60	85	27	12	40	92
40	12	46	12	46	46	75
49	127	127	100	49	49	127
111	51	148	146	117	11	138
24	69	94	69	60	24	60
81	170	81	170	170	75	81
43	21	162	21	162	93	21
57	35	23	23	111	98	140
70	71	70	71	71	70	35
104	30	92	40	60	85	85
67	168	123	123	123	82	67
183	183	190	190	123	190	183
62	22	143	130	85	65	132
186	40	81	158	33	113	40
179	72	142	177	105	179	102
126	126	170	184	126	184	184
85	146	146	90	146	90	90
31	31	85	85	59	140	59
28	30	48	48	60	139	90
133	82	133	133	82	63	82
176	136	49	90	123	157	49
24	169	59	112	85	127	85
29	29	86	78	29	78	78
107	179	43	66	164	100	166
131	53	114	101	114	23	143
121	170	170	48	10	185	119
94	90	121	94	29	90	171
163	30	30	163	172	30	163
117	27	27	27	38	38	38
69	40	63	40	40	69	69
146	57	87	153	133	109	153
60	115	182	43	158	163	131
140	179	179	140	140	140	179
145	55	107	55	107	55	107
64	20	83	184	84	117	136
28	16	132	16	28	28	16
68	121	91	68	68	100	91
52	10	163	70	10	151	174
97	184	174	167	84	143	84
165	73	150	179	67	163	126
158	171	81	39	79	126	130
77	59	59	43	135	43	40
118	131	161	118	131	131	118
155	98	164	92	92	155	98
53	43	84	165	84	165	43
34	34	128	80	80	34	80
131	131	115	115	41	131	115
137	67	137	54	137	54	54
65	26	65	65	50	26	26
48	76	48	83	83	76	91
40	175	175	128	165	103	19
129	129	177	129	81	177	177
43	132	174	174	132	43	134
25	64	33	28	12	140	25
27	15	163	109	83	129	46
126	120	18	173	24	108	113
33	89	123	186	119	70	147
11	120	165	120	165	163	165
189	10	94	10	122	10	155
93	159	93	159	123	93	159
159	182	157	190	103	159	52
159	126	159	159	113	113	113
43	140	140	84	84	38	43
47	56	47	21	41	83	62
154	154	142	142	136	154	136
152	101	150	42	111	32	32
81	163	103	85	131	131	175
34	81	34	160	64	64	64
130	130	33	130	117	117	117
37	117	37	10	37	117	91
93	165	93	94	32	132	107
178	39	121	67	39	58	77
48	21	72	42	42	35	58
54	133	44	133	89	48	169
186	72	146	72	72	146	146
19	23	75	160	75	170	75
140	140	61	91	58	95	98
49	128	77	77	12	49	49
167	54	152	123	127	127	113
35	143	148	48	148	139	25
38	38	52	163	52	52	38
118	118	167	118	103	103	103
169	15	12	63	97	110	110
152	80	126	44	91	44	136
190	190	137	137	137	17	190
102	28	158	160	23	102	88
124	87	175	43	89	43	97
145	187	145	187	90	187	145
150	113	113	113	150	80	150
21	37	37	21	21	108	37
127	14	138	168	53	14	46
89	7	63	128	128	63	63
83	88	88	88	83	132	83
182	93	93	93	57	182	182
144	23	144	37	37	37	144
100	168	28	28	29	168	168
83	93	40	83	185	88	35
74	152	139	99	151	132	132
43	12	68	12	12	68	68
136	84	63	160	160	63	84
89	89	91	15	70	50	36
136	126	126	25	111	136	126
181	123	43	181	43	43	181
58	106	156	79	107	161	33
122	159	112	93	112	24	65
137	38	172	121	56	56	74
75	78	146	117	190	150	95
135	116	90	135	90	84	116
36	24	24	110	110	24	47
175	36	106	175	53	139	85
174	142	79	79	112	37	31
91	111	111	111	91	76	91
25	86	82	101	129	129	40
41	112	24	13	80	16	80
107	35	88	162	73	162	49
19	49	49	142	142	142	49
42	120	42	62	183	77	171
99	99	99	150	150	59	113
132	84	84	155	155	135	135
142	67	137	67	137	137	26
28	19	177	12	97	151	23
135	109	189	189	16	105	51
12	130	130	105	185	180	148
64	165	42	69	176	165	65
25	142	142	112	112	112	142
26	60	161	60	60	161	60
131	148	158	148	148	158	62
159	106	32	32	84	160	25
164	113	64	14	147	156	156
59	70	140	86	16	86	63
67	164	164	142	67	67	164
20	20	104	104	20	24	104
90	35	109	24	179	177	35
11	110	132	80	132	115	31
28	180	147	179	147	179	28
190	44	85	36	176	89	105
92	77	77	82	77	92	92
10	44	65	31	41	170	23
134	173	173	86	136	94	31
132	50	132	56	132	56	56
135	135	135	100	100	100	134
17	137	157	31	56	42	58
121	91	121	91	43	91	121
139	160	167	187	106	18	106
95	63	95	63	19	11	95
38	121	69	19	187	168	38
125	133	66	157	123	13	133
94	94	94	58	58	58	175
177	177	161	52	177	129	49
52	169	10	54	62	96	169
178	178	146	118	30	118	30
105	64	165	154	179	175	64
67	50	50	168	50	67	67
118	64	118	82	67	47	111
93	93	180	93	180	180	90
122	115	150	115	122	73	73
112	164	28	114	176	36	28
31	146	93	24	175	41	42
23	162	27	135	121	86	23
64	79	64	17	17	17	64
68	143	180	180	161	68	143
41	74	50	153	182	182	40
164	11	111	152	152	138	74
146	31	17	17	146	17	146
54	145	145	122	104	104	122
168	109	172	97	98	168	64
64	125	125	133	14	14	125
176	176	181	20	176	181	181
179	76	130	179	76	76	179
49	49	49	90	102	102	102
71	165	160	165	130	71	160
41	82	95	40	69	82	39
59	76	76	101	146	62	92
173	48	121	173	114	41	171
53	65	65	156	156	15	53
113	190	74	51	72	115	36
96	7	7	159	135	159	7
22	40	176	153	92	46	180
164	20	134	134	134	20	20
29	129	129	143	163	13	29
76	181	74	76	76	185	183
156	132	183	99	130	99	63
169	149	88	55	170	178	23
53	181	137	151	177	91	122
158	33	33	33	167	167	167
125	175	125	175	125	78	175
93	157	60	157	86	60	60
51	21	21	96	10	79	46
67	27	27	67	25	83	25
11	162	103	12	131	172	184
59	27	59	172	27	27	59
185	104	104	64	104	185	185
55	136	51	31	136	91	22
138	50	11	15	15	109	13
82	82	147	82	147	149	147
34	136	34	18	18	34	93
114	175	141	127	34	118	91
138	119	134	138	119	35	134
119	171	59	95	141	29	62
149	161	170	161	149	130	170
96	103	103	71	114	121	176
99	25	32	11	106	110	160
127	81	127	127	14	81	81
26	165	142	165	185	142	129
62	121	12	55	68	168	181
32	157	157	68	32	133	133
15	38	25	172	175	159	58
73	107	14	10	137	94	94
164	144	63	60	133	97	144
25	128	155	117	128	117	155
157	112	157	112	112	153	157
76	135	69	109	178	90	79
171	71	164	95	84	124	24
126	16	110	74	110	164	78
100	52	171	87	87	124	44
120	64	27	27	64	27	64
103	141	106	45	67	72	103
131	131	104	131	37	104	104
21	57	145	51	153	22	175
137	182	88	170	126	25	126
171	160	185	129	16	95	95
124	60	124	164	164	66	66
132	132	102	102	132	102	162
145	42	131	153	67	86	30
174	71	128	57	153	125	20
158	158	81	97	81	81	158
140	140	140	137	95	95	95
122	138	43	123	180	180	103
178	118	178	143	143	118	84
29	76	173	129	13	13	181
24	37	62	116	158	146	66
92	65	62	35	97	65	116
101	154	101	12	19	147	58
149	101	101	109	109	109	101
132	132	189	168	189	132	189
178	170	46	183	177	46	168
145	110	61	183	30	123	183
146	145	170	170	22	90	155
162	53	53	162	124	169	124
61	91	91	181	91	181	181
161	100	19	19	96	148	164
70	130	70	130	130	70	137
104	32	32	20	104	138	20
166	134	165	99	180	181	99
56	48	144	48	56	48	49
107	107	150	51	148	45	93
65	24	65	36	163	24	168
166	75	103	48	106	166	135
165	165	126	20	20	20	165
105	37	24	130	124	17	12
124	83	21	166	66	60	71
99	90	128	90	90	99	99
101	179	14	190	101	101	69
146	60	117	13	146	66	60
99	99	48	48	146	48	99
39	66	80	66	66	80	80
45	45	144	16	149	16	45
54	173	145	145	47	54	47
25	22	22	130	22	130	130
172	166	16	16	166	138	172
83	108	62	108	83	142	108
148	179	105	107	175	40	38
138	138	138	105	105	23	122
143	95	114	95	166	166	143
115	115	115	45	100	146	146
77	77	115	141	115	115	77
98	89	67	116	163	150	169
125	63	99	125	63	63	125
14	114	71	80	158	154	37
77	190	19	190	77	190	77
49	49	183	21	173	181	105
83	43	83	24	20	176	168
113	126	84	133	122	58	154
30	50	26	26	48	51	48
142	85	85	153	85	142	142
176	105	176	25	25	25	176
33	60	33	115	162	162	162
12	78	67	144	111	97	67
129	114	69	129	129	69	69
45	104	116	86	45	116	86
42	42	89	42	89	89	50
117	58	58	78	117	58	117
58	58	58	22	22	97	22
159	159	159	13	69	13	109
175	53	72	116	177	175	123
185	117	117	57	114	158	30
105	88	145	135	145	30	140
106	29	145	106	106	29	29
116	94	157	94	48	116	157
147	41	135	172	18	20	172
48	113	181	114	113	134	138
117	136	127	127	136	136	127
73	10	10	21	10	21	21
79	7	87	129	79	7	79
159	122	156	53	91	159	53
87	124	55	122	157	111	98
39	20	38	77	59	85	38
54	144	112	112	19	112	144
177	165	75	165	177	75	135
71	157	163	51	164	168	163
21	45	45	21	15	45	21
20	59	59	59	142	20	20
145	35	41	119	41	151	93
157	101	107	107	107	101	101
83	115	162	45	97	22	63
18	118	76	18	20	18	118
78	13	13	52	96	13	96
139	169	121	28	114	114	136
139	145	139	145	172	116	116
143	151	64	64	151	151	64
190	31	153	106	127	127	108
146	146	82	168	90	82	90
91	168	35	170	156	143	170
99	99	17	185	17	99	17
34	41	95	34	95	121	95
130	142	130	84	130	142	142
21	64	21	64	21	64	15
46	110	46	46	110	46	102
158	30	31	97	37	76	30
179	179	71	71	83	72	83
64	152	152	64	152	138	64
29	59	59	153	153	59	153
64	74	142	34	122	17	133
17	86	174	109	160	174	65
57	149	128	164	89	149	118
176	126	176	126	100	126	176
86	54	86	94	94	94	86
78	19	13	179	45	108	131
56	153	52	56	56	52	52
183	149	149	183	183	149	123
54	58	74	85	96	96	47
140	135	44	138	175	47	44
60	34	34	89	89	34	89
63	154	129	16	184	143	109
135	160	160	135	135	160	166
120	120	172	115	25	188	26
75	165	169	169	75	169	75
144	89	89	135	83	144	135
158	158	154	158	154	108	154
18	18	45	39	39	18	39
64	122	109	166	182	109	35
182	127	57	135	131	125	49
63	162	185	63	64	72	128
67	54	180	17	138	157	117
171	171	17	11	171	17	17
65	47	47	86	184	142	44
103	51	20	51	129	170	134
35	155	155	46	46	175	35
51	51	133	133	133	48	27
113	24	107	64	36	24	175
82	82	70	82	32	70	70
151	132	74	131	37	47	119
16	16	53	53	34	53	141
135	51	187	84	46	188	188
37	53	82	174	76	136	174
72	82	107	107	82	72	56
82	71	171	189	109	151	171
157	168	107	48	48	143	70
119	22	91	119	91	119	91
69	130	69	51	175	13	142
26	173	168	114	168	26	114
104	62	105	85	25	164	105
94	167	94	94	58	167	167
140	167	167	167	140	140	46
17	138	160	160	59	59	160
135	138	16	24	156	83	97
88	168	62	69	68	138	63
134	132	172	132	132	134	134
94	129	94	150	96	179	189
136	136	30	136	20	30	30
56	16	16	56	16	56	79
37	97	15	84	106	13	13
120	118	159	120	159	120	159
19	63	63	15	17	79	18
114	139	114	139	139	114	121
154	80	132	132	56	132	104
136	137	157	137	157	157	136
69	149	142	121	17	25	61
17	159	17	159	17	165	131
127	127	130	59	130	127	130
127	52	106	60	145	35	43
187	73	154	73	73	187	187
25	103	103	174	174	141	141
141	164	62	62	45	62	45
61	33	33	33	77	61	61
64	130	169	10	37	165	10
150	66	150	83	150	83	83
112	114	79	79	114	114	79
123	107	123	13	146	122	178
165	146	182	176	91	172	176
126	14	52	78	126	52	52
34	138	171	171	171	34	34
172	75	172	67	101	67	101
136	93	151	29	30	140	47
107	138	138	148	148	138	148
118	162	134	134	73	78	92
8	125	125	82	82	144	82
128	13	145	145	182	111	123
59	59	149	59	149	149	40
161	39	39	135	39	135	135
97	122	126	16	122	16	97
72	100	72	100	166	72	121
101	80	164	119	119	62	50
143	160	65	82	156	105	143
54	112	95	140	24	31	155
29	182	62	158	17	159	158
102	64	110	184	64	38	48
190	190	109	109	19	109	190
67	124	67	33	67	124	124
125	85	86	58	125	85	85
56	102	56	38	56	102	102
71	138	142	24	70	106	169
147	125	69	116	118	68	32
12	26	26	26	97	12	12
117	163	117	73	163	82	82
86	57	102	94	57	179	57
83	53	120	155	48	155	170
34	60	65	144	163	118	163
104	184	42	173	140	136	104
34	34	34	90	84	115	115
149	51	115	104	106	65	132
48	46	128	90	128	53	94
116	127	170	180	58	94	98
66	150	66	150	115	66	150
35	22	48	13	48	108	37
16	55	45	16	16	55	55
90	90	90	114	190	190	190
96	46	104	112	96	104	70
43	74	120	76	81	90	81
92	155	54	147	154	145	125
96	71	71	71	96	130	96
181	85	174	52	133	90	125
58	58	92	68	92	58	92
60	112	55	88	138	79	79
142	150	174	159	66	121	159
127	10	30	127	178	79	19
168	41	168	180	168	180	180
108	22	121	108	121	22	21
77	33	135	135	135	135	135
104	79	79	104	79	41	86
130	147	96	158	136	111	59
41	35	41	150	150	150	41
25	66	66	25	66	132	92
34	34	34	21	21	21	110
46	179	11	46	11	46	11
55	94	145	86	169	80	91
83	91	91	129	83	24	24
16	69	148	33	131	157	148
154	182	123	21	49	179	123
119	121	149	14	152	48	106
66	179	84	56	129	35	84
80	189	17	137	50	23	11
182	126	167	182	167	182	167
60	149	149	114	149	114	114
126	161	126	161	79	126	161
25	167	129	28	180	167	127
115	49	176	12	173	64	173
64	11	100	186	174	174	105
39	116	66	158	49	156	168
57	76	73	76	76	73	73
90	35	48	83	58	36	179
125	125	125	85	85	85	125
187	164	38	187	38	187	38
37	111	124	124	111	111	124
52	118	34	175	59	18	106
186	135	11	135	135	186	186
166	35	117	84	35	35	166
112	112	61	181	69	190	13
90	43	43	90	43	90	53
58	110	110	58	18	110	58
133	133	133	147	112	112	112
65	77	164	77	77	164	164
90	90	21	36	86	36	90
101	132	173	185	101	132	190
156	156	49	27	40	27	60
69	97	97	97	97	97	97
79	71	160	185	37	188	160
175	175	47	171	47	175	47
136	125	125	79	136	135	135
106	29	95	97	97	29	95
20	148	107	125	148	168	179
160	157	160	157	160	53	157
59	180	80	93	11	29	59
92	140	36	134	160	79	18
169	88	96	18	79	96	99
22	130	75	22	161	76	22
30	59	59	59	60	60	60
55	121	29	164	188	98	16
185	79	88	50	56	184	36
152	36	125	36	36	152	103
140	140	117	117	60	117	140
127	142	148	127	142	106	148
172	109	33	174	109	33	172
36	36	36	63	105	105	105
162	26	149	98	62	181	127
37	110	20	95	135	20	93
186	186	117	117	117	186	61
148	37	74	148	168	135	84
66	84	84	54	17	115	149
63	91	176	79	91	34	154
83	140	152	42	152	57	120
65	126	65	126	126	49	65
72	140	140	50	72	72	140
130	162	93	84	130	72	135
142	94	15	142	15	142	15
75	182	182	49	108	39	135
82	114	82	82	114	43	114
108	159	108	85	117	85	159
72	182	182	72	182	124	72
26	123	32	101	145	26	107
99	125	146	99	146	125	58
34	136	136	112	111	17	15
149	125	67	125	125	67	67
140	98	163	188	183	53	157
62	105	49	152	152	129	171
53	32	32	149	53	53	32
23	67	23	23	67	133	67
22	29	145	104	116	151	173
75	75	85	138	85	85	75
41	41	54	186	54	54	41
182	181	39	39	39	181	181
83	132	83	132	179	107	179
124	63	55	13	55	138	186
135	74	180	155	135	34	115
136	136	188	127	179	138	188
115	115	62	154	131	141	62
79	46	79	41	46	41	123
53	164	146	125	141	64	190
107	103	17	107	28	49	100
41	43	154	154	119	119	41
17	46	91	17	104	17	46
97	96	96	140	97	96	97
13	82	156	110	130	169	35
94	94	94	97	97	116	97
67	67	67	107	107	107	107
149	17	138	78	143	151	84
103	103	97	172	97	97	103
52	52	178	52	178	178	34
170	183	183	35	183	170	170
43	81	135	43	117	81	117
148	71	46	148	71	71	148
28	28	126	126	171	126	28
137	15	137	172	172	15	152
137	137	25	156	98	156	98
26	75	83	91	149	145	149
23	114	23	114	15	114	23
44	174	174	139	102	92	73
88	88	28	28	88	28	165
113	104	104	113	113	82	104
170	24	24	112	170	24	170
132	109	132	72	109	109	132
163	163	26	57	26	163	26
104	73	37	114	100	189	65
145	170	37	58	113	11	55
173	47	59	10	168	180	85
171	70	182	172	14	145	101
187	150	101	189	144	168	189
28	49	49	168	96	49	96
150	25	159	42	23	25	111
143	109	109	108	143	109	23
133	31	79	31	47	148	144
93	93	26	70	26	93	26
91	61	76	76	91	76	91
12	12	104	12	104	81	104
104	105	105	34	46	48	27
136	120	136	120	17	136	120
109	98	97	185	109	15	51
117	39	80	17	147	31	151
34	162	162	147	34	74	34
148	61	153	103	113	148	92
171	106	106	171	73	171	106
86	162	84	86	84	86	84
128	173	11	50	188	48	160
54	187	94	54	54	94	94
17	111	17	80	81	155	116
84	84	132	145	117	164	62
46	69	36	96	96	147	102
60	96	96	146	95	146	95
45	45	151	151	151	158	45
65	22	41	24	183	41	100
134	82	109	160	84	34	158
51	143	88	37	88	161	188
38	27	47	83	27	100	41
44	132	30	30	132	30	132
188	163	188	188	163	173	163
16	16	40	16	36	36	36
55	179	55	171	183	50	52
88	59	59	88	17	88	59
163	163	43	21	43	163	43
59	59	87	59	87	87	145
129	119	145	16	124	181	53
45	45	183	183	183	45	188
157	80	113	44	100	129	121
140	41	17	141	47	41	17
143	154	146	169	146	154	169
141	70	98	178	141	187	10
157	84	154	64	158	60	63
124	124	62	62	154	18	154
24	149	18	179	72	171	149
124	124	171	171	177	171	124
31	31	22	13	18	18	18
35	35	101	101	35	51	101
135	12	40	12	19	75	113
79	79	165	100	51	163	183
154	130	148	18	17	17	61
86	96	150	150	96	172	88
185	185	72	72	187	72	185
28	149	149	149	28	28	59
129	129	140	119	61	53	45
45	181	59	59	45	59	45
146	79	146	79	145	146	79
165	127	137	117	160	184	93
37	37	37	115	115	17	115
86	76	100	100	76	100	76
109	101	101	109	109	101	72
51	71	71	108	108	118	118
39	100	113	69	113	39	69
120	93	103	150	182	146	37
181	88	177	162	174	103	181
179	155	155	155	179	179	113
117	39	56	59	53	53	146
56	141	56	42	141	35	42
115	134	134	134	115	115	121
136	90	168	136	14	120	94
127	115	159	159	15	75	15
29	26	27	48	185	124	48
81	22	22	81	81	22	159
59	13	106	59	59	106	106
118	31	49	144	92	118	49
43	74	65	65	143	43	143
45	157	45	111	29	136	112
69	114	114	96	96	114	30
36	55	68	119	151	55	167
19	134	35	19	19	134	134
57	151	57	63	63	57	63
90	175	112	112	112	90	90
61	12	12	61	61	12	104
103	163	118	118	163	163	118
115	22	21	21	21	22	22
102	102	11	27	11	102	24
109	140	102	117	102	165	130
171	10	10	171	27	171	10
120	120	5	5	120	97	45
49	92	108	49	121	108	49
84	117	112	117	169	112	169
134	101	101	101	139	139	139
57	30	30	63	30	63	63
86	101	86	86	86	101	101
44	44	45	45	142	45	44
83	54	30	54	62	154	34
172	93	101	187	87	84	89
154	154	11	33	33	154	33
110	190	167	162	140	110	185
141	150	170	58	97	170	108
177	177	89	89	89	31	177
88	142	41	132	190	64	13
118	127	50	30	36	84	50
65	57	84	98	63	188	22
93	152	113	28	113	107	11
126	96	115	152	31	186	152
152	57	56	92	126	118	92
71	71	99	71	99	82	99
29	64	176	146	29	61	69
67	148	172	176	178	16	171
126	144	45	46	68	126	81
143	72	72	143	23	72	143
135	57	30	57	30	30	57
20	39	20	20	39	88	39
81	81	101	96	101	81	101
129	78	62	132	73	149	118
180	87	38	173	51	93	173
29	33	180	26	154	78	26
51	123	141	141	123	141	141
30	16	57	138	14	106	27
11	60	25	60	163	107	181
134	73	117	54	54	117	134
121	134	24	85	141	57	24
73	126	159	21	70	19	39
101	86	86	124	86	124	124
42	71	179	94	133	179	138
82	71	86	45	164	151	115
74	19	139	128	123	74	35
122	187	178	11	130	22	175
47	17	17	112	38	30	183
157	157	25	25	25	157	50
104	104	106	61	61	106	90
38	103	111	103	103	38	38
144	37	37	96	144	114	37
180	180	141	34	34	141	77
122	28	35	35	7	28	28
152	46	150	46	152	170	170
92	186	186	124	92	92	186
22	77	178	142	77	142	178
100	183	38	52	50	100	41
51	51	140	96	96	134	134
140	33	33	85	85	33	85
128	104	122	122	100	128	100
95	146	95	149	93	24	66
97	18	146	176	49	53	18
37	139	106	83	61	130	168
168	139	168	168	139	133	114
179	179	71	71	71	179	90
91	139	177	128	128	17	188
77	13	13	13	28	28	28
183	64	184	85	163	67	80
154	111	154	80	164	92	167
16	168	161	147	147	168	16
98	52	124	107	174	42	80
26	112	57	173	57	112	26
77	76	14	71	117	53	117
98	110	110	110	98	98	115
163	50	76	76	72	163	50
15	59	15	94	29	29	59
140	137	47	140	137	140	137
117	124	124	38	116	117	117
146	106	146	72	44	106	106
34	160	168	168	79	34	34
30	53	71	172	66	128	13
168	169	168	63	70	70	20
26	80	42	80	42	80	42
139	99	139	139	99	99	18
27	122	122	122	165	165	165
98	158	142	84	84	76	129
138	47	47	138	47	170	138
108	72	93	108	108	93	93
145	91	60	60	84	145	84
31	44	114	118	176	176	54
27	138	138	114	27	138	27
46	154	15	125	76	125	33
146	167	146	167	146	167	32
106	120	33	76	89	31	37
14	124	180	73	56	159	162
154	105	74	110	137	105	146
57	113	158	113	96	57	158
58	71	71	63	153	114	139
56	56	127	127	16	127	56
144	84	84	138	138	150	144
185	185	39	185	39	23	39
50	78	78	111	50	125	111
28	104	26	26	28	26	28
131	150	111	52	150	126	179
130	41	41	38	130	41	130
84	64	133	124	138	84	113
100	147	100	153	147	99	153
182	34	34	182	60	34	182
138	110	72	110	72	72	110
86	93	125	28	175	97	188
135	49	29	103	107	107	137
80	156	28	78	78	184	62
90	76	146	129	165	134	92
168	106	178	127	124	137	148
60	159	73	159	173	134	119
110	74	121	74	110	110	74
92	64	92	104	148	64	104
23	23	98	23	98	143	98
23	142	73	58	175	73	47
187	109	120	152	180	29	97
16	16	117	117	56	16	117
115	42	115	95	135	178	128
135	126	126	185	15	175	61
21	31	130	26	95	48	21
51	156	28	51	53	183	52
113	157	39	177	103	173	52
26	140	149	60	177	140	58
120	122	77	122	77	107	77
56	101	101	24	119	24	24
131	72	155	134	24	155	163
145	51	145	145	51	37	51
118	13	132	55	104	45	44
49	70	70	69	70	69	69
61	91	61	149	91	116	149
81	81	188	81	90	188	188
189	30	145	30	116	80	76
86	10	10	10	86	10	86
167	19	128	29	123	91	39
187	39	70	116	122	23	20
38	33	50	33	50	33	50
63	102	63	74	102	63	102
161	26	56	96	124	54	170
112	117	112	117	35	35	120
159	104	104	104	159	159	63
173	101	44	101	101	173	173
12	173	12	173	12	173	179
170	83	170	30	30	83	52
150	133	155	15	127	150	30
89	89	145	145	89	145	69
60	60	101	28	60	64	64
187	167	187	187	167	167	53
186	133	160	100	177	37	17
41	35	81	133	21	133	80
24	24	15	65	15	24	15
151	91	69	69	87	28	97
77	77	18	57	77	18	18
159	126	89	85	89	36	175
132	143	33	132	143	143	132
82	160	47	157	134	177	114
116	71	22	22	23	19	58
60	171	37	37	37	60	60
160	160	160	96	96	53	96
35	107	126	61	61	152	179
12	12	10	79	12	79	79
92	127	59	129	125	127	160
118	64	118	50	123	58	111
113	67	180	146	113	71	16
55	127	20	120	156	120	24
28	162	168	126	158	163	28
177	89	124	160	177	166	60
14	36	120	14	36	36	14
108	108	100	161	124	78	152
73	133	133	99	188	11	17
169	72	138	83	147	153	83
72	147	56	165	59	101	115
114	137	41	138	99	73	130
16	16	16	127	127	119	127
22	99	183	99	122	11	47
17	134	137	137	17	137	17
149	148	83	84	66	148	83
53	104	53	149	149	149	53
43	101	43	115	43	101	101
151	151	94	94	123	151	94
111	69	60	176	139	166	148
110	65	86	38	64	86	86
118	120	120	120	118	118	173
111	106	112	71	67	55	133
172	53	18	103	90	123	190
105	76	88	161	149	105	135
101	101	69	148	143	94	179
112	129	187	186	58	92	58
66	69	83	83	69	69	83
126	126	75	75	75	126	70
180	45	180	25	18	166	177
119	185	129	129	153	46	23
189	124	124	124	127	189	189
44	103	77	44	135	77	103
98	188	65	53	137	78	188
22	83	154	22	48	48	22
137	137	81	159	179	55	151
74	41	11	28	26	164	99
107	75	15	114	107	75	15
11	38	11	38	11	38	30
89	77	160	39	39	77	160
71	71	50	71	125	125	118
45	180	48	26	113	48	63
12	100	126	152	126	19	42
104	176	176	164	45	148	104
71	159	86	92	61	92	130
145	36	182	182	145	145	182
184	93	13	75	11	30	112
30	94	136	82	158	136	62
61	48	48	61	48	61	142
127	145	102	102	145	145	102
106	120	132	18	13	68	120
54	93	46	47	38	93	61
40	40	31	40	110	31	31
133	131	101	165	40	154	154
80	61	80	61	61	35	80
76	76	121	24	37	127	36
84	84	42	42	24	24	39
163	76	26	76	76	26	26
178	95	86	156	41	68	95
15	14	15	134	95	15	134
47	22	121	181	31	83	180
87	20	156	38	29	42	10
67	32	32	35	67	150	150
92	99	91	86	150	150	120
93	184	24	66	169	169	151
175	73	106	80	64	73	36
106	190	179	106	165	144	152
162	94	131	162	162	86	131
148	116	116	148	148	143	116
15	159	149	172	113	25	24
94	29	81	131	97	71	135
11	11	149	71	11	71	71
63	63	168	164	72	168	164
22	83	151	80	22	83	80
31	31	59	118	70	167	54
7	97	129	81	97	81	97
141	107	151	86	141	61	68
114	160	177	61	177	114	160
109	16	177	177	177	109	109
11	190	41	26	161	161	62
22	114	114	114	114	114	114
93	161	11	161	93	161	93
85	87	164	28	130	155	64
23	95	23	23	129	23	95
38	26	81	144	26	154	184
134	12	16	80	18	78	16
125	82	51	173	144	173	178
90	167	143	95	92	165	118
133	27	43	176	169	133	100
175	102	175	102	21	102	175
60	130	117	149	117	130	60
144	139	109	32	50	32	63
55	89	41	18	29	144	44
171	60	177	60	134	171	177
161	103	161	139	161	103	103
171	70	70	21	21	21	70
176	141	113	141	176	141	176
40	40	52	52	37	52	40
45	13	35	35	45	35	20
46	74	74	126	126	45	74
82	145	148	82	148	82	105
141	141	106	15	124	89	55
10	99	189	173	180	91	155
96	134	25	12	151	73	135
120	152	185	136	173	120	56
17	157	157	102	102	17	126
56	56	106	83	101	101	101
27	73	181	43	111	27	130
11	56	182	163	156	115	131
85	38	108	21	21	38	85
112	125	61	98	61	88	166
182	106	94	29	152	64	70
96	25	60	24	137	31	29
175	175	175	152	20	152	152
99	182	182	109	99	99	182
126	40	40	126	127	40	47
81	165	81	66	176	165	176
177	71	101	170	170	133	83
124	112	66	112	93	140	136
6	125	89	155	6	6	155
21	21	42	165	43	50	180
113	113	36	160	160	94	113
19	19	98	98	19	98	98
49	63	63	47	47	47	63
34	105	34	130	151	105	24
43	39	43	39	43	142	39
67	76	82	76	5	76	82
30	18	162	55	177	26	26
71	125	71	134	125	125	71
149	75	75	65	65	75	19
184	158	146	158	149	28	157
63	55	63	58	175	175	58
69	69	22	22	69	40	28
138	55	125	169	112	55	151
125	144	182	144	182	144	182
79	149	79	101	63	174	114
74	125	134	134	125	125	134
112	164	17	77	17	17	112
58	58	74	58	13	13	13
36	56	108	36	51	128	185
121	167	167	23	23	23	167
63	51	143	150	51	143	51
32	88	130	158	124	40	95
133	112	112	133	133	112	129
79	105	13	112	42	13	51
141	174	82	21	164	174	81
53	105	73	105	63	188	117
25	25	25	74	74	74	133
170	123	151	155	23	181	151
136	136	136	105	105	105	145
134	78	125	150	18	125	46
110	56	19	56	110	16	110
122	79	184	116	56	122	135
157	48	52	52	52	52	52
88	88	57	125	88	125	108
56	145	137	186	23	87	56
41	35	49	157	49	35	157
147	153	16	66	46	144	98
123	129	44	129	123	103	103
79	79	92	92	178	77	178
132	165	66	132	114	132	114
174	123	162	43	96	182	162
91	46	112	46	91	152	91
166	108	108	172	112	155	16
159	122	93	122	93	159	122
85	77	74	167	24	167	100
146	65	185	17	140	90	175
135	120	29	120	181	77	114
171	39	171	117	136	39	117
26	156	115	115	149	115	26
114	143	156	143	114	156	41
53	145	163	163	163	145	145
30	150	91	140	140	91	178
96	99	92	35	171	184	30
151	42	42	42	41	58	41
151	91	91	12	83	83	83
155	155	164	155	74	164	164
41	71	102	83	60	107	86
68	12	80	108	135	36	80
138	179	138	179	36	36	41
13	103	13	103	13	123	103
21	58	169	129	123	158	138
169	169	23	19	79	23	79
182	36	100	154	16	154	18
113	113	48	113	170	48	48
89	57	184	21	43	162	129
23	168	168	82	126	183	109
21	21	56	56	97	56	21
41	41	41	129	129	129	124
33	147	164	123	51	34	179
155	177	144	181	24	152	136
138	158	45	138	158	138	158
100	51	114	110	114	114	110
16	99	15	16	32	16	15
100	146	56	152	173	28	94
20	92	181	181	136	149	169
112	97	112	184	39	17	15
65	127	55	127	114	83	162
91	126	122	34	148	122	91
148	148	131	55	183	160	88
28	50	38	142	129	155	15
169	169	169	57	136	136	170
97	134	79	167	134	97	79
86	45	86	45	45	63	86
13	50	83	13	50	13	50
172	38	172	10	25	183	86
147	105	147	107	147	107	107
124	92	124	141	163	124	163
57	118	139	118	155	139	57
61	61	93	72	61	93	93
129	100	40	68	78	96	155
158	145	133	188	25	182	84
96	49	31	157	131	38	31
55	165	156	157	176	55	50
10	181	10	185	181	10	181
22	22	135	135	135	41	22
133	190	140	171	182	175	37
88	128	65	20	88	128	20
114	173	190	114	114	173	173
109	57	17	17	57	22	22
126	126	77	117	145	54	10
189	189	180	180	15	180	189
108	108	94	29	61	29	29
82	82	32	32	82	32	35
152	127	98	163	51	93	84
83	68	190	68	68	83	83
172	113	113	99	172	113	172
67	58	91	119	96	21	66
159	187	190	159	187	159	187
64	90	140	37	166	34	181
12	128	139	12	12	129	128
74	12	74	167	98	17	67
74	18	18	74	18	74	152
161	161	161	190	160	190	190
14	10	14	144	10	10	14
176	12	71	65	176	90	69
45	33	133	39	133	156	45
172	160	14	14	14	172	172
94	55	14	79	94	39	136
28	82	108	108	152	82	152
89	31	49	31	89	89	31
86	82	153	181	85	146	117
188	32	106	133	127	98	127
109	54	28	179	51	106	126
17	17	159	159	159	28	17
164	76	164	109	76	164	76
186	163	147	116	122	96	14
144	137	115	137	144	35	144
167	158	103	158	177	35	184
111	111	49	70	131	131	70
64	93	137	30	152	92	90
55	78	107	188	99	19	41
34	95	57	141	175	62	62
140	146	140	145	146	140	146
15	139	117	139	74	74	139
165	70	165	88	70	101	88
187	16	117	167	163	117	72
168	30	104	118	152	15	103
21	118	21	118	108	118	21
43	16	43	59	138	59	16
87	87	88	62	62	177	88
152	152	106	169	106	106	152
60	60	189	60	125	189	189
30	170	30	71	39	39	170
135	135	135	135	135	63	135
18	47	68	19	54	135	19
67	185	10	78	174	183	183
54	54	85	85	54	36	85
178	172	50	190	38	50	87
110	109	108	15	62	110	109
137	105	70	170	144	170	160
67	66	188	67	188	188	67
33	33	33	30	30	94	30
126	47	71	177	47	43	172
102	29	154	102	29	35	102
80	94	176	89	89	80	176
156	25	120	120	44	111	63
128	128	97	128	97	189	97
37	77	37	23	23	37	23
161	87	73	70	119	119	82
77	87	77	77	165	87	87
53	56	53	11	11	11	33
42	42	42	35	35	35	119
182	154	106	60	104	167	154
66	166	66	166	149	66	163
27	56	27	148	56	27	56
48	187	187	169	48	48	187
56	103	47	47	47	56	56
185	185	60	60	60	185	45
62	121	71	71	165	103	169
35	119	119	35	35	175	119
159	142	28	142	28	159	125
112	181	112	175	44	177	112
104	95	104	19	104	19	19
51	67	66	21	165	146	67
26	138	174	41	94	100	161
58	146	58	58	26	26	147
157	157	103	35	35	157	35
137	171	184	141	140	154	28
27	57	132	132	27	27	132
17	17	158	162	162	85	162
57	15	75	75	57	57	75
131	10	10	112	112	10	105
95	21	95	152	34	144	33
189	113	189	41	128	32	171
120	69	116	20	137	137	25
138	138	51	124	51	138	51
22	41	148	156	41	148	41
168	138	75	47	144	144	105
150	154	14	108	12	12	127
33	166	104	33	104	104	33
58	166	44	166	29	29	58
93	20	93	20	20	93	33
108	174	108	174	92	174	108
17	83	162	74	97	118	12
107	107	107	60	137	60	60
97	153	71	107	155	67	92
57	78	55	57	12	78	57
111	111	154	111	154	154	143
109	26	39	132	132	20	103
145	145	145	13	13	91	13
11	51	11	44	29	117	101
142	177	89	44	44	76	29
190	177	13	116	16	13	27
46	63	63	130	130	85	85
101	16	168	96	101	28	123
35	11	73	62	167	116	45
24	153	48	180	18	78	48
67	131	70	67	70	65	65
32	105	123	49	49	32	105
57	65	57	108	178	138	182
141	88	88	88	142	141	141
144	144	146	38	167	38	167
109	186	180	180	109	109	180
150	110	14	188	106	176	106
108	63	58	137	63	157	103
53	138	85	125	24	187	40
155	92	155	155	132	132	132
158	111	49	158	136	180	97
163	174	48	92	95	70	72
177	113	69	86	97	113	184
151	117	187	83	185	58	174
101	23	16	101	101	23	95
70	60	60	70	42	60	70
117	38	65	72	148	148	13
109	109	188	188	101	109	188
143	138	143	153	93	39	76
62	92	62	92	62	92	87
77	130	75	149	77	35	182
76	108	18	18	108	76	119
104	118	17	71	79	170	16
25	25	110	15	161	73	28
68	112	58	58	40	40	68
125	48	43	43	48	43	48
180	180	10	10	100	130	170
81	31	136	129	30	12	93
152	65	152	151	32	177	142
95	131	190	47	33	106	166
26	149	165	165	110	26	26
56	110	56	162	165	162	56
19	170	19	26	170	19	170
170	131	43	46	131	76	71
63	63	150	150	150	61	63
124	110	124	31	89	33	109
114	63	98	168	95	112	41
145	145	114	78	182	105	93
32	42	89	145	91	92	120
115	170	126	157	35	180	171
34	148	148	148	34	34	37
182	125	64	64	125	64	125
48	65	12	12	48	48	12
117	30	30	30	73	117	117
137	136	104	123	149	34	104
73	185	165	165	73	73	165
180	84	130	84	84	180	180
99	127	99	127	165	106	15
130	181	181	130	130	181	177
161	51	133	133	161	161	133
96	114	114	114	96	96	104
59	37	145	11	187	155	37
29	90	41	90	83	155	40
45	118	108	45	118	100	100
97	122	158	147	122	97	122
68	135	168	135	135	68	68
104	104	55	104	55	55	45
9	97	9	161	9	55	97
62	77	77	77	60	62	62
39	45	138	138	45	39	160
151	151	176	33	176	133	133
46	46	46	74	74	159	44
38	102	37	38	102	102	38
189	65	138	57	62	48	38
92	154	180	180	154	180	154
65	120	135	56	135	107	160
63	143	44	112	115	148	44
101	132	101	132	132	101	86
102	43	55	168	55	180	148
96	57	68	96	96	57	44
89	168	89	21	132	21	132
12	68	12	12	26	26	73
134	24	24	53	24	53	53
130	90	90	100	90	100	100
170	83	86	182	90	164	60
140	140	142	140	123	142	123
51	106	46	122	122	122	46
39	23	166	168	23	39	39
170	161	150	161	150	150	161
127	143	82	171	64	171	12
30	17	139	185	10	67	17
81	95	95	81	88	111	88
141	88	31	72	162	162	111
118	106	15	15	106	15	106
21	21	130	137	137	137	21
135	54	82	82	54	41	41
186	10	10	134	186	10	186
168	168	163	55	168	108	163
41	61	61	86	103	14	58
27	26	107	43	17	40	190
26	175	160	160	26	60	60
133	59	13	109	150	173	150
10	55	26	26	10	26	111
142	142	9	89	9	31	9
119	97	111	97	78	98	186
167	82	167	167	82	90	82
93	188	93	189	189	93	189
136	109	136	109	136	109	111
144	144	151	151	127	95	95
138	138	138	138	118	138	138
153	104	104	163	139	104	139
138	122	166	166	23	166	23
24	73	22	152	110	15	110
163	130	163	59	60	130	59
148	167	62	114	114	166	94
170	119	61	69	129	139	119
61	46	61	62	179	47	22
106	117	117	107	37	54	186
117	117	12	117	12	152	12
175	47	94	38	188	34	26
154	154	99	169	99	154	154
37	37	138	37	32	138	138
64	33	101	168	73	137	33
136	138	17	103	138	61	125
72	114	43	119	123	119	71
15	159	111	159	26	91	157
19	19	19	50	33	50	50
159	58	165	12	159	134	107
30	28	136	16	155	116	93
88	90	119	88	119	124	124
128	89	94	43	160	43	135
150	151	69	63	115	110	144
31	72	65	31	72	31	72
112	119	112	171	171	119	97
147	147	10	5	5	127	147
112	112	150	112	128	150	150
73	106	170	116	116	170	106
74	170	67	74	67	36	36
21	136	136	21	21	102	136
120	129	69	31	69	161	110
36	148	92	120	59	185	190
127	189	127	97	39	143	185
164	164	155	146	164	155	155
23	18	47	140	68	155	155
154	51	24	10	154	24	24
178	178	162	54	162	54	168
124	135	55	156	100	158	156
180	180	188	188	151	180	188
170	40	84	117	144	14	170
148	104	34	33	104	124	72
15	64	186	179	25	186	24
34	154	113	48	129	87	164
124	178	136	124	30	175	13
138	118	156	146	138	118	156
182	182	56	56	115	182	56
25	25	63	147	147	63	110
64	75	25	14	75	25	25
73	80	26	167	102	65	79
139	32	31	113	31	73	69
90	90	160	90	140	160	160
69	69	135	135	24	69	135
130	80	16	130	130	16	16
124	181	150	136	120	154	165
133	22	54	133	54	54	133
167	131	131	167	20	87	78
68	31	31	68	31	133	29
142	55	126	48	55	121	140
116	37	175	103	116	79	125
15	73	163	163	73	73	148
155	155	112	136	140	164	78
29	29	12	12	12	29	89
75	95	170	37	148	52	138
133	166	186	50	123	124	124
38	38	79	79	38	79	129
98	110	13	172	182	110	18
59	145	145	145	59	19	59
136	162	139	48	139	176	177
109	109	186	54	29	185	51
57	166	57	57	103	166	166
168	44	116	116	168	116	168
148	148	148	148	148	148	143
148	170	170	101	130	170	130
39	59	73	14	101	39	123
65	46	144	65	144	144	65
136	136	51	51	51	136	136
123	112	30	91	112	30	112
134	153	22	22	22	134	134
178	60	85	83	20	83	61
150	138	168	189	12	160	70
143	150	59	39	52	39	31
128	146	155	161	54	146	171
132	71	178	143	92	73	140
139	152	190	168	158	17	152
112	171	171	66	69	69	112
17	133	171	98	37	171	183
117	17	96	117	45	177	103
158	57	57	57	92	158	158
162	17	149	44	17	44	162
81	189	189	81	189	81	43
174	174	94	89	89	174	89
105	172	170	172	18	18	170
180	180	35	71	48	52	148
160	66	66	160	142	50	15
67	14	185	74	138	154	14
85	28	115	28	115	28	122
160	129	160	129	160	113	129
121	158	104	13	132	132	132
26	26	106	189	26	189	189
52	71	172	41	144	56	52
120	120	120	41	41	41	74
85	43	85	94	43	85	43
30	71	55	29	71	30	30
156	45	45	53	53	53	45
73	167	167	167	124	124	124
177	163	39	166	182	76	39
142	142	90	17	90	17	90
17	54	24	144	185	125	51
29	29	83	155	73	22	141
159	34	106	35	30	176	47
87	98	78	166	87	166	98
133	180	173	173	180	180	173
103	46	94	107	66	46	81
80	99	99	20	38	134	62
142	23	23	37	76	70	188
65	77	65	77	77	65	126
75	31	155	105	114	114	99
125	118	118	125	125	118	127
67	169	168	168	38	17	76
34	163	155	163	34	155	97
140	70	72	177	144	66	144
138	165	138	138	165	165	139
134	188	146	84	38	36	38
174	49	174	47	49	49	174
125	31	72	114	72	125	31
28	92	26	26	26	65	65
106	106	156	156	156	106	114
46	85	85	35	35	85	35
18	180	18	18	180	116	180
43	43	70	72	72	139	70
27	28	87	105	190	111	89
167	18	162	34	162	23	173
51	157	51	51	44	44	44
183	52	68	27	149	62	127
81	46	55	81	118	55	46
87	101	78	87	125	168	11
41	26	176	149	123	176	139
176	11	18	106	166	18	178
114	74	74	88	19	19	114
149	44	95	116	118	92	37
44	169	141	44	86	86	169
120	120	50	65	65	50	64
142	15	142	142	15	128	15
134	136	85	134	136	64	85
162	111	162	174	34	174	34
83	170	38	170	166	166	38
42	75	75	42	75	111	42
137	156	137	139	156	168	139
105	51	103	44	44	36	25
65	65	72	108	72	72	65
122	156	156	172	111	139	27
39	30	39	34	39	34	34
10	167	10	85	85	85	147
82	82	14	97	82	97	97
172	76	68	42	113	56	161
93	128	128	115	128	93	130
83	147	147	140	147	140	140
170	56	77	170	123	16	73
137	95	95	137	95	59	137
164	22	22	161	34	34	164
71	154	20	46	47	83	71
46	150	150	64	43	29	120
11	60	11	36	138	57	185
65	67	67	67	124	124	124
76	175	76	120	165	120	165
156	59	52	156	59	59	169
93	22	84	93	84	93	84
28	101	113	51	175	169	113
62	57	57	57	62	62	72
54	46	58	54	54	46	46
50	85	85	179	79	79	179
145	113	35	113	145	113	145
75	83	75	47	83	83	75
85	30	53	186	59	99	121
112	185	112	65	35	67	44
166	17	100	100	88	17	166
158	153	161	35	38	93	35
74	147	108	175	175	11	97
146	23	162	130	43	106	162
160	86	86	160	86	160	79
125	29	29	29	20	125	125
118	58	150	176	18	132	18
169	170	168	169	170	170	169
23	23	23	64	64	93	64
89	62	121	185	105	14	63
54	82	54	143	22	87	34
124	188	68	67	80	174	67
116	146	45	114	109	152	176
47	55	69	69	138	138	47
44	124	174	182	116	169	90
22	22	140	174	187	131	55
175	108	105	61	123	88	18
39	120	39	58	120	120	39
168	104	22	60	104	168	104
63	63	59	59	84	59	35
75	40	45	139	186	127	45
71	22	155	49	85	17	184
38	93	130	47	26	114	37
14	69	55	41	166	143	122
50	182	115	185	60	86	158
67	73	153	153	42	67	73
116	50	83	50	116	50	116
135	179	179	136	160	137	170
154	154	99	154	99	73	99
50	10	50	33	33	33	50
49	26	26	150	49	26	49
106	106	39	39	70	70	129
149	86	149	149	86	86	49
86	144	45	45	86	45	86
49	39	24	173	146	65	173
151	112	190	23	114	114	82
153	139	59	162	59	162	139
82	82	66	66	15	82	66
38	118	38	178	178	151	151
33	50	50	50	33	120	33
107	107	187	166	60	155	111
43	106	33	43	40	97	45
15	15	15	147	147	115	147
178	64	103	114	136	128	114
91	78	74	69	174	74	185
173	37	48	94	173	94	48
44	81	52	172	82	32	82
76	76	76	48	27	27	27
91	159	128	99	131	157	117
156	13	13	156	156	78	13
82	127	129	35	35	82	82
10	12	163	86	63	22	179
41	55	123	41	123	73	123
27	169	27	130	179	54	15
156	156	99	99	188	156	99
161	115	134	53	161	47	74
62	164	25	25	162	108	16
72	155	138	155	72	65	65
30	81	75	152	30	32	103
86	82	140	11	108	131	108
108	37	98	98	37	37	98
32	150	147	79	141	89	17
91	164	42	71	164	91	71
90	52	114	51	115	20	176
183	137	175	158	158	22	22
93	142	21	62	176	176	152
115	65	116	182	116	111	126
90	125	90	125	42	45	45
13	54	39	126	143	146	136
82	82	120	120	82	120	13
41	41	63	188	188	41	188
31	16	38	48	95	18	167
15	130	33	33	15	85	85
39	131	144	131	75	75	65
67	87	20	20	139	94	183
121	99	137	141	141	99	137
114	79	57	57	57	79	79
103	118	81	81	103	150	118
50	161	133	68	79	50	186
118	159	143	143	159	88	88
147	17	78	147	13	34	162
147	147	147	99	99	99	133
39	114	106	32	168	83	85
34	75	34	75	41	41	133
112	49	89	47	89	47	49
92	71	87	71	71	87	87
15	88	23	30	39	144	104
71	34	37	71	37	104	34
108	41	33	41	122	41	108
18	22	66	22	40	165	185
151	60	60	102	151	36	36
73	113	136	57	30	174	57
98	98	130	12	23	15	106
98	155	98	104	98	104	104
187	161	99	141	184	154	99
91	105	40	10	150	111	72
74	56	182	155	130	21	130
18	65	148	65	148	148	65
59	125	125	155	155	155	125
99	79	139	121	61	99	181
43	26	156	26	43	152	152
65	103	52	64	86	149	64
39	75	75	102	39	102	117
104	41	117	104	117	117	104
56	56	161	147	161	17	161
100	150	176	179	179	140	124
25	159	43	22	43	25	22
181	58	58	181	58	181	80
95	95	23	23	23	95	24
153	91	153	91	91	153	187
105	20	158	83	11	26	66
143	143	34	47	47	61	34
136	136	136	85	85	132	85
34	34	181	181	181	34	172
5	103	14	5	44	103	103
102	102	70	70	167	41	41
73	180	43	179	43	168	169
117	130	164	38	110	145	145
101	45	112	184	184	98	68
131	131	24	111	131	24	24
71	186	86	74	147	33	166
187	187	44	156	186	118	161
152	22	22	152	152	177	22
73	25	147	147	73	73	25
94	148	96	126	117	176	117
131	55	170	25	178	178	178
103	24	24	84	103	24	103
61	50	26	50	142	50	142
142	126	150	142	126	126	142
167	19	83	118	101	27	167
78	78	78	47	102	47	47
72	62	126	87	62	149	152
163	139	157	157	163	139	40
22	135	135	86	69	100	142
115	115	98	51	127	174	161
57	49	49	57	57	186	49
160	122	136	53	92	21	13
189	127	189	79	111	103	66
76	73	45	160	129	95	45
10	72	58	179	126	162	10
160	83	30	160	37	37	37
62	62	62	135	62	94	94
70	81	63	131	138	63	37
64	85	186	95	95	190	107
87	182	181	137	147	87	46
132	160	179	37	56	26	55
96	42	48	90	150	24	85
33	44	136	56	83	56	163
93	23	80	80	81	52	185
123	11	19	112	20	123	62
63	158	139	120	22	120	12
46	89	43	43	46	46	43
12	12	76	102	76	76	12
12	84	20	84	20	20	84
66	152	53	172	55	149	159
97	128	97	97	15	128	128
115	178	170	79	93	93	50
75	187	140	24	33	17	116
138	125	81	186	123	123	77
174	176	127	86	81	133	186
186	180	150	186	180	180	186
103	111	168	50	180	50	12
147	64	72	186	64	124	26
190	103	114	62	171	103	114
132	132	79	107	107	83	79
113	60	54	65	65	60	113
84	163	164	32	32	164	177
168	41	184	168	41	168	41
30	30	102	136	136	30	136
80	165	188	15	60	51	59
187	149	19	135	163	169	15
146	40	69	116	40	69	146
41	157	145	83	92	43	83
22	121	22	121	175	22	121
148	60	44	153	91	187	174
29	52	167	125	125	29	52
183	164	164	183	164	92	183
85	44	160	160	85	44	115
83	163	152	152	83	152	83
155	158	158	21	21	21	167
102	102	82	82	102	82	58
56	162	162	79	96	22	122
60	105	157	133	64	19	165
167	66	21	112	103	103	72
69	69	69	63	182	182	182
34	166	132	132	36	166	34
98	98	78	78	146	79	79
122	112	167	70	129	64	167
137	71	128	137	14	71	137
42	42	85	85	42	85	33
54	122	54	54	122	169	68
107	170	174	117	170	107	174
189	110	53	19	158	125	96
111	173	173	111	103	86	103
152	157	103	17	157	103	17
75	45	45	113	63	175	66
35	129	57	180	10	12	190
125	125	81	61	61	125	61
91	97	88	17	116	141	132
136	78	136	136	78	45	78
101	33	123	101	33	33	101
171	147	129	114	134	100	129
184	135	135	184	184	62	135
133	64	189	119	119	110	122
79	155	81	78	155	159	99
151	167	131	151	97	167	131
151	151	189	189	189	151	15
166	100	100	91	12	129	119
118	118	138	58	58	147	147
48	109	48	48	109	187	109
100	78	79	79	79	100	100
147	124	167	167	42	147	147
66	66	35	35	98	35	74
78	78	131	112	149	153	48
64	64	26	72	44	72	133
46	43	46	46	43	115	43
10	79	10	10	27	167	114
49	41	41	67	49	41	49
157	138	49	49	66	173	102
50	50	50	66	66	66	112
135	73	135	135	73	161	73
117	56	181	65	71	181	106
109	47	70	167	75	167	155
174	12	12	167	12	167	167
188	70	165	42	70	40	190
101	94	126	17	126	53	119
128	11	128	179	128	179	179
144	167	69	45	180	181	174
186	95	21	160	160	144	16
137	73	97	97	84	28	160
39	15	171	39	15	39	15
130	46	78	46	45	130	78
84	164	71	111	138	125	125
184	65	159	22	80	58	104
63	45	63	45	63	45	185
36	75	189	99	76	189	69
74	167	107	171	154	72	159
83	83	83	151	151	161	151
91	91	20	29	82	115	124
40	40	40	21	146	21	21
86	84	99	167	39	124	99
71	131	131	107	131	107	25
155	35	140	69	62	138	21
125	153	125	137	186	89	58
107	28	89	185	67	28	184
66	49	171	113	171	144	62
10	62	28	20	28	93	160
142	142	135	125	135	135	125
126	81	64	81	31	102	95
37	37	44	60	77	60	77
114	28	148	160	63	66	50
105	161	77	161	98	105	105
113	113	147	58	63	187	61
158	178	112	158	158	112	112
62	155	108	115	62	164	110
114	134	77	134	134	77	77
143	123	123	143	143	123	106
58	123	114	73	120	150	114
66	187	97	108	163	38	66
41	57	156	156	156	41	41
139	83	28	28	83	83	28
176	53	176	116	155	67	128
95	108	162	95	162	162	95
30	13	30	13	30	13	43
116	179	60	95	60	95	179
163	157	163	166	166	147	166
72	57	139	103	50	50	37
39	39	170	49	39	170	170
86	148	179	22	38	83	75
80	186	100	47	10	58	33
113	180	173	62	77	25	67
56	106	174	163	89	76	37
96	79	166	169	79	79	31
161	136	141	148	52	136	49
41	112	28	48	28	41	48
179	119	41	91	184	81	85
12	98	176	72	148	12	17
54	32	92	133	125	126	42
140	101	72	103	103	101	72
111	158	79	144	185	103	57
167	159	159	85	186	112	101
62	46	22	36	47	70	36
139	146	135	135	135	139	139
72	135	135	142	105	79	27
84	84	92	13	92	92	84
182	101	189	60	174	105	174
78	34	178	25	178	142	133
156	104	51	100	156	51	100
178	27	165	188	57	106	57
52	73	111	39	73	101	111
24	24	64	24	64	98	98
109	19	137	19	109	19	109
164	169	75	97	118	154	154
101	78	186	59	155	63	101
47	60	47	95	114	60	114
68	123	123	159	101	11	116
92	40	11	40	179	180	97
108	155	156	78	181	154	38
124	66	34	157	157	18	39
96	155	153	125	96	125	155
113	110	111	113	55	55	111
11	64	94	64	91	143	19
46	18	142	46	131	46	142
76	187	80	76	80	76	80
91	162	86	128	86	137	142
46	27	133	102	38	133	150
112	102	102	112	112	102	17
72	72	72	87	66	163	87
38	73	73	38	73	44	38
17	71	107	90	154	160	28
179	145	145	189	189	145	189
39	153	153	60	39	105	60
18	13	42	18	13	13	18
35	38	59	10	40	185	175
89	166	135	89	141	166	141
173	132	173	173	132	131	132
162	50	99	99	162	117	50
39	163	39	76	39	76	76
41	160	160	160	154	104	154
136	167	167	136	167	83	136
21	44	161	170	98	51	44
27	28	28	152	27	28	98
148	22	33	33	22	97	97
163	178	74	159	32	159	185
164	129	164	129	164	153	129
186	92	82	158	103	54	54
165	62	171	29	76	29	87
140	93	162	140	120	51	82
105	73	73	165	105	165	83
71	25	152	71	120	25	25
119	175	148	150	134	172	99
41	161	108	165	108	161	165
85	85	71	64	64	85	64
86	86	12	12	12	70	86
155	176	176	176	155	155	172
189	54	189	138	189	54	54
26	35	153	153	75	35	26
53	95	95	71	95	71	89
25	176	156	80	30	163	30
168	158	18	18	158	158	28
71	76	132	65	184	101	185
150	150	76	76	119	150	113
82	28	82	82	102	28	28
74	154	36	15	77	58	46
87	123	89	89	123	123	89
123	123	67	150	129	99	54
24	154	154	36	36	31	24
141	66	14	79	139	139	17
112	177	93	134	146	146	31
161	154	70	70	161	62	154
83	74	96	15	115	67	186
48	48	122	177	177	177	48
137	97	43	92	64	148	92
129	129	113	106	113	106	118
165	88	73	71	165	185	73
117	126	126	87	28	111	57
166	91	91	75	158	75	166
46	46	136	136	46	56	69
149	42	11	11	68	42	42
66	34	34	66	34	71	66
105	29	68	29	29	68	68
30	51	78	126	144	43	30
87	141	25	87	25	143	141
143	122	60	26	50	123	134
76	25	108	66	108	189	156
132	127	137	49	132	132	137
187	88	36	186	36	115	154
41	113	82	86	115	15	41
138	23	53	61	92	135	183
112	141	112	141	141	76	76
136	136	190	83	177	71	21
13	10	13	50	124	115	182
135	135	135	102	146	131	102
70	126	70	70	39	39	39
38	122	38	159	122	122	38
139	71	45	134	188	79	34
148	24	128	128	32	39	78
107	118	37	99	42	30	37
72	166	61	57	110	173	72
59	88	59	93	59	88	88
24	96	96	101	101	101	96
15	161	107	93	107	15	107
80	83	157	137	71	76	71
17	17	17	133	96	133	133
106	168	67	86	24	24	152
49	94	94	49	151	94	49
161	171	19	19	173	161	173
60	173	149	60	60	149	149
22	163	89	163	150	22	163
41	41	65	24	64	64	65
66	80	16	108	66	77	95
129	129	129	171	189	171	171
23	48	154	107	93	62	123
60	78	40	120	78	120	120
47	33	63	17	80	80	60
112	37	103	188	103	120	31
114	176	114	90	90	85	176
96	57	96	10	96	55	57
22	143	22	93	141	35	150
125	139	125	139	125	137	139
91	98	135	109	93	98	78
69	163	163	74	54	74	74
123	43	157	97	81	52	52
41	93	29	153	88	189	29
173	173	126	102	126	41	102
127	51	115	57	45	178	137
11	140	25	39	170	25	115
120	15	13	120	13	13	15
97	74	169	76	45	169	58
73	167	133	131	173	151	82
178	15	70	157	178	15	157
15	169	122	86	86	169	122
163	163	164	163	164	105	164
136	49	66	12	63	119	164
44	129	44	55	131	131	129
31	16	55	42	154	180	39
42	135	53	49	129	121	168
148	177	148	72	148	177	177
128	103	148	128	103	103	128
100	100	172	172	125	172	100
39	90	148	55	90	88	54
21	185	39	147	138	169	89
62	171	12	171	167	173	37
71	71	35	47	35	47	49
141	180	120	85	39	113	39
56	148	151	86	151	86	56
161	119	32	149	93	190	73
59	27	109	171	171	51	59
121	117	117	171	117	171	171
70	49	57	70	122	181	43
69	20	20	14	78	59	156
85	60	142	142	148	165	102
67	87	155	48	161	81	44
71	162	71	176	71	176	176
158	81	155	56	29	154	154
123	16	139	189	132	132	66
83	83	83	21	157	21	21
53	33	136	65	37	37	67
188	24	24	116	188	24	188
117	117	117	98	57	155	98
134	134	20	109	145	27	138
120	76	21	21	76	76	21
51	51	112	112	112	34	51
85	33	33	46	163	115	131
173	88	73	40	103	57	52
96	96	96	38	118	118	118
188	91	25	23	25	59	142
134	151	90	90	134	151	81
101	60	25	37	101	169	71
156	84	62	106	140	28	157
78	24	21	24	141	24	78
105	131	146	131	105	131	105
84	108	87	118	108	33	68
53	86	86	86	53	53	95
171	14	60	91	97	81	171
17	17	91	91	44	176	176
117	51	145	51	51	117	117
160	181	183	75	150	106	75
165	165	165	35	35	35	43
110	168	162	183	82	16	59
155	155	16	155	119	119	119
89	129	93	62	17	112	145
124	112	115	149	124	161	182
108	37	167	167	167	37	37
46	96	69	65	96	46	65
13	72	158	15	106	72	42
154	154	100	100	129	134	129
184	35	173	190	190	108	83
37	37	62	106	62	37	62
109	63	92	23	133	118	92
39	112	23	63	63	112	23
41	134	151	99	95	142	142
42	42	115	42	40	40	40
56	43	172	172	132	98	48
17	56	15	17	116	15	116
141	107	141	158	107	141	59
90	144	144	186	67	22	154
133	81	81	116	116	116	81
189	133	133	85	189	133	189
76	75	80	95	51	103	75
140	148	148	140	45	140	148
87	131	87	39	39	55	55
189	144	59	144	144	59	59
101	180	180	101	113	85	85
27	162	79	52	67	127	64
25	16	30	49	52	76	25
154	72	110	72	154	154	121
138	108	138	108	138	108	108
126	24	69	76	87	25	168
156	44	171	156	44	44	156
38	68	56	56	38	56	38
19	152	47	28	19	26	167
130	35	130	130	19	35	35
179	179	25	38	25	25	179
174	119	174	87	87	67	67
74	74	74	88	58	58	58
112	112	46	171	153	153	171
129	129	110	137	137	28	137
30	175	81	99	30	105	172
130	72	130	31	31	94	72
32	140	140	84	84	84	140
146	166	65	23	30	178	12
140	100	72	100	75	140	72
90	24	137	165	81	144	154
125	171	108	148	48	124	126
28	24	141	101	178	28	15
137	98	94	98	158	137	94
177	83	112	105	49	49	58
85	62	154	118	85	84	104
129	21	21	21	129	51	13
57	171	49	120	99	28	50
109	54	73	80	23	23	178
12	51	51	148	148	148	51
32	32	125	125	50	125	62
114	169	114	123	169	123	72
26	26	98	157	180	114	105
95	178	99	70	138	70	182
144	110	13	144	144	110	103
132	144	64	23	119	40	144
124	11	166	99	145	164	166
66	20	39	47	47	20	39
114	95	17	89	97	89	63
137	85	10	137	24	88	37
155	74	100	12	51	155	55
187	62	151	184	111	111	37
113	40	163	51	40	165	48
62	158	62	158	177	158	62
119	96	35	96	96	35	35
69	115	69	107	142	69	142
169	48	105	61	65	85	164
67	67	70	6	113	70	70
67	83	174	74	45	134	159
26	64	77	64	77	64	160
29	147	29	29	29	29	29
166	81	97	98	81	98	81
177	21	10	11	31	189	14
97	97	139	139	11	97	139
108	35	136	25	119	74	65
54	72	54	72	54	72	153
158	158	100	100	56	75	56
112	126	107	15	112	126	112
158	158	163	148	96	148	96
64	29	170	175	112	112	69
117	86	86	86	117	179	117
158	19	162	162	136	136	19
28	20	23	12	20	23	20
168	88	88	189	19	64	64
178	105	50	58	117	137	189
152	103	162	55	132	62	72
30	163	171	147	94	169	85
127	177	177	70	177	127	127
5	135	144	144	111	144	135
139	139	139	114	114	114	74
14	14	74	58	29	14	74
103	117	18	136	117	122	85
125	15	125	125	15	125	15
189	166	112	121	112	142	173
160	65	14	175	159	136	168
150	93	18	150	150	18	18
29	173	133	181	133	76	131
63	150	163	42	31	76	76
88	15	112	14	144	154	132
178	178	57	78	78	78	178
182	126	84	86	174	129	174
35	40	40	87	123	35	123
20	51	46	38	70	70	181
18	12	42	45	90	158	153
143	46	68	82	72	156	72
88	47	96	57	18	172	96
161	154	16	15	80	165	10
161	12	145	145	85	44	155
62	54	74	20	28	138	138
68	148	177	177	148	177	148
35	97	35	113	104	113	97
31	31	102	19	104	147	66
30	106	74	53	22	135	150
123	24	146	24	146	24	146
13	124	124	116	124	116	90
49	21	139	89	139	24	104
55	119	68	16	167	157	119
92	99	68	68	92	68	92
10	10	176	10	176	176	165
89	147	42	64	14	165	68
183	181	78	135	183	152	152
19	41	178	19	41	19	41
93	13	13	117	93	93	13
76	127	113	127	94	80	144
88	150	150	88	88	150	37
38	153	171	40	39	40	169
146	10	83	151	142	151	158
60	40	159	123	15	140	51
92	156	92	156	143	92	146
95	99	117	117	95	146	95
159	105	31	159	31	105	162
6	100	100	63	100	29	6
91	97	174	86	58	57	157
153	153	116	122	74	74	74
101	45	101	172	101	172	172
132	132	132	121	121	138	121
94	146	146	116	94	146	94
75	104	104	34	104	164	75
116	161	55	116	30	161	161
106	178	127	162	106	129	98
15	106	149	149	137	109	149
39	130	137	38	160	55	62
119	145	142	142	127	145	119
148	148	71	145	145	71	121
26	110	172	75	82	58	124
14	147	23	98	92	135	23
22	185	80	31	22	31	67
151	157	13	151	15	98	57
123	125	26	125	26	125	26
113	177	61	123	113	31	25
117	165	117	29	73	22	41
23	124	12	46	46	186	177
48	123	123	25	48	25	60
127	145	174	145	127	127	145
15	67	15	44	178	67	44
60	123	123	60	60	123	141
117	131	39	190	67	46	29
119	110	88	124	137	88	123
44	65	174	65	158	162	89
61	156	101	156	72	61	61
78	73	140	140	60	128	74
141	53	18	53	18	53	18
155	171	37	155	171	173	37
12	88	168	63	108	82	85
41	151	106	151	156	106	41
128	43	151	59	190	162	59
176	17	176	176	17	92	17
55	176	107	70	109	157	65
161	145	161	151	149	161	145
66	18	17	18	17	18	17
97	123	123	126	97	123	97
159	62	163	103	116	57	103
89	89	122	60	89	122	122
121	169	86	73	112	112	187
87	11	87	87	35	35	35
80	118	123	68	149	119	28
111	111	125	110	161	20	131
27	71	50	64	90	96	120
149	142	41	142	101	41	134
38	133	120	75	63	54	115
96	18	99	18	18	96	96
36	19	108	19	60	108	36
24	128	25	48	184	25	74
59	59	59	167	167	167	35
130	94	19	19	79	130	94
130	80	169	130	103	80	103
21	21	28	98	21	28	28
78	120	78	64	120	78	120
115	115	159	119	60	115	119
17	51	15	11	11	133	149
36	132	52	23	72	106	10
15	15	180	164	180	180	15
119	183	10	10	119	119	10
183	183	123	53	183	53	53
35	168	174	168	76	76	35
8	78	8	91	8	91	65
161	51	184	64	57	57	71
164	32	87	47	164	11	66
125	125	148	97	148	125	125
69	144	69	69	69	144	117
24	24	92	133	27	143	37
45	190	161	121	90	78	101
67	19	19	18	19	18	18
123	78	83	123	84	84	78
46	180	14	14	92	58	153
18	168	96	151	36	96	158
58	132	58	58	132	174	132
8	49	30	42	8	42	42
164	153	115	91	153	153	115
68	111	111	92	114	68	92
94	85	94	85	53	85	77
68	106	173	150	138	11	106
52	153	106	56	156	181	153
58	36	120	57	128	173	68
122	92	52	165	92	52	122
15	50	23	152	70	33	46
41	61	179	108	108	182	36
43	32	85	94	104	43	99
74	45	24	56	45	58	156
32	32	65	177	65	32	65
42	29	103	60	61	42	93
128	40	16	128	40	40	128
166	148	137	132	177	106	98
46	142	105	169	126	146	16
159	167	18	145	159	156	50
188	187	188	155	155	188	155
105	105	124	105	124	120	112
72	187	171	168	17	139	179
63	179	35	57	68	82	35
21	56	56	21	56	21	49
129	28	130	130	145	150	159
40	34	20	14	40	49	44
185	112	112	185	112	185	93
163	178	163	163	178	178	28
42	74	68	74	44	115	11
106	127	127	169	106	106	127
101	21	12	186	189	101	111
52	105	105	52	26	27	26
179	188	106	17	33	22	26
151	92	25	49	25	151	151
152	43	94	13	122	119	114
99	176	108	66	84	72	43
106	80	70	68	88	188	88
138	47	167	138	104	104	47
35	80	80	11	38	20	147
26	64	75	155	128	142	64
63	102	117	30	117	70	152
141	48	128	48	128	128	48
21	91	21	91	91	86	21
169	12	15	15	15	169	169
92	52	92	92	152	52	102
78	104	26	149	78	78	104
125	152	77	100	151	70	24
61	181	120	120	135	177	83
41	41	100	100	30	141	41
49	92	137	62	27	83	83
51	115	163	163	51	51	163
86	117	117	86	145	145	151
54	83	161	83	161	161	83
35	35	111	35	29	29	29
43	31	43	43	136	136	136
135	155	130	67	18	82	135
26	26	129	129	81	81	92
176	102	102	176	119	95	95
180	100	91	128	187	159	172
55	87	83	151	151	87	55
149	110	182	149	182	149	182
72	180	43	47	72	43	47
96	112	96	130	112	112	96
48	27	27	81	138	81	27
89	122	122	64	64	64	122
91	91	91	30	120	30	30
70	144	147	70	147	70	147
25	39	189	53	158	150	77
31	67	63	126	105	166	126
57	18	105	168	127	18	136
151	89	95	97	179	106	99
39	69	39	69	69	190	39
21	110	122	46	137	31	158
148	40	116	20	131	67	119
35	31	31	51	85	51	35
27	27	102	102	27	102	122
69	135	131	72	124	89	135
34	27	140	74	26	93	103
134	164	134	164	135	164	134
170	45	45	33	45	33	33
63	63	18	24	48	48	18
65	105	107	169	64	136	147
188	31	136	75	122	38	101
158	17	17	89	158	17	158
52	52	52	107	107	107	49
183	168	125	180	168	133	178
171	125	125	171	59	59	100
163	64	18	176	87	181	45
96	101	129	139	56	152	96
114	76	55	76	114	114	76
119	119	156	23	153	153	153
82	90	133	171	157	157	90
155	155	139	139	139	53	155
68	114	114	68	131	68	114
54	106	173	148	46	173	14
48	20	172	66	160	172	137
24	24	108	24	108	108	67
188	140	98	100	100	70	100
112	115	131	124	112	124	131
54	141	141	141	54	89	54
53	83	152	87	47	78	130
83	74	41	74	74	41	74
92	89	89	28	92	164	164
67	175	105	67	175	105	72
132	159	56	70	132	56	132
122	66	66	67	122	66	122
88	48	116	105	12	51	93
78	176	78	143	21	176	21
121	42	125	42	42	121	121
140	169	82	55	48	108	30
20	165	27	27	56	165	56
64	64	152	145	152	145	75
57	95	134	87	87	95	57
39	105	149	35	173	135	149
135	83	28	132	12	14	141
36	55	55	36	36	55	15
174	15	179	143	16	45	157
17	17	145	145	39	39	116
49	175	181	49	175	175	49
181	55	158	181	175	181	51
182	10	69	182	182	69	69
50	78	155	138	138	155	78
21	158	57	30	162	141	162
111	133	104	46	150	36	111
84	84	128	128	128	84	150
54	50	63	54	54	50	50
102	63	66	108	117	102	116
128	49	119	67	166	98	190
85	47	57	85	85	47	47
102	104	166	102	166	102	94
159	22	125	57	157	105	146
108	50	65	32	49	143	143
145	52	39	104	52	39	104
93	184	93	60	184	184	93
99	26	97	26	97	26	97
30	155	164	155	164	73	30
128	165	108	128	90	83	182
25	71	165	186	40	126	40
108	108	109	109	108	14	109
20	21	21	21	20	183	20
13	115	123	123	107	40	166
116	166	131	34	102	34	112
129	114	77	40	134	95	135
108	109	67	45	12	107	56
160	133	51	51	51	133	133
73	73	50	50	50	11	155
32	138	76	118	87	34	157
44	99	73	145	44	73	145
135	168	45	25	113	168	169
22	36	36	178	178	36	178
86	88	86	36	88	110	86
173	106	120	109	162	120	75
84	146	77	90	110	110	159
163	163	178	165	165	163	165
75	145	145	153	145	75	75
79	79	26	22	22	17	17
126	148	117	124	143	180	126
57	104	60	104	104	60	100
170	150	65	69	141	110	25
72	107	77	68	169	33	25
106	106	190	190	190	106	141
165	184	149	165	149	165	149
165	65	28	74	165	46	46
39	122	122	47	48	19	143
105	113	138	108	147	147	152
13	58	142	58	33	171	12
52	72	85	85	52	85	52
74	26	74	26	134	49	134
89	87	29	29	126	87	126
66	99	66	99	66	99	136
120	60	10	10	178	73	162
103	107	31	23	37	39	133
187	173	171	171	70	93	70
54	84	114	114	33	49	101
36	29	108	36	108	5	108
37	106	10	125	125	14	141
104	144	82	90	154	109	142
19	152	19	161	19	161	161
187	144	26	164	61	89	169
156	86	152	152	37	156	37
120	67	41	61	184	33	50
130	141	49	41	38	130	108
138	63	180	162	61	141	109
174	65	135	174	65	65	174
159	159	71	71	85	71	118
22	114	84	114	22	102	102
52	109	52	128	52	122	128
179	114	69	69	179	135	135
184	184	184	29	29	29	188
142	13	99	164	116	128	40
102	18	177	93	102	168	27
56	73	86	86	56	56	86
73	92	92	92	10	10	10
65	42	189	35	160	160	30
121	59	101	59	121	59	121
18	94	32	110	110	110	18
25	152	28	28	123	152	28
164	21	100	100	164	164	21
67	59	59	67	70	59	67
44	55	61	16	181	16	12
58	58	172	58	172	172	58
90	159	66	32	146	121	177
135	94	78	173	60	89	119
86	16	16	86	16	86	55
66	174	66	91	30	30	91
11	96	64	173	143	81	75
122	119	122	122	119	128	119
48	102	49	19	188	188	40
84	84	60	24	118	60	84
134	66	66	70	17	108	64
86	32	32	32	86	70	86
19	73	189	39	44	11	179
105	12	105	12	12	105	165
111	61	54	54	61	131	54
31	107	31	81	168	107	168
147	65	65	147	65	23	147
70	171	171	45	130	130	70
122	169	151	151	151	132	20
66	114	66	57	131	114	131
82	14	187	139	183	58	80
98	87	98	87	66	98	87
117	104	138	176	138	51	139
99	30	30	30	99	102	99
175	41	145	89	126	96	80
128	54	96	96	109	128	109
179	181	177	98	167	88	138
171	87	12	66	12	165	187
162	162	162	162	162	162	162
106	77	77	106	170	170	69
10	31	102	102	134	29	112
149	147	37	149	81	147	37
90	118	149	65	121	118	102
120	147	179	162	184	134	120
20	20	68	14	20	68	68
33	98	168	31	168	36	168
80	80	104	89	104	91	91
127	81	81	127	127	81	26
29	67	128	186	158	19	67
100	150	150	46	87	41	84
175	48	65	94	48	88	88
64	91	64	64	91	93	91
28	27	153	27	28	153	151
100	109	109	118	109	100	100
118	89	89	89	118	92	118
129	41	41	18	41	26	18
163	77	77	177	77	177	177
129	146	163	146	129	146	129
179	18	44	149	15	88	122
142	85	37	142	37	142	37
130	78	78	118	68	68	130
112	134	112	112	13	134	134
79	165	162	173	29	100	43
27	162	27	162	18	27	162
163	107	144	144	162	57	24
25	155	155	155	25	25	98
36	22	36	186	174	66	65
17	10	154	154	10	10	154
139	48	48	130	48	139	113
53	48	92	10	92	149	151
116	83	21	185	116	181	79
174	40	124	46	190	174	124
61	86	61	108	86	108	61
140	147	145	146	97	140	158
60	152	108	152	108	17	60
106	13	107	66	57	96	11
139	91	25	82	91	91	82
104	99	184	94	120	24	171
134	29	46	20	20	189	134
79	79	124	173	11	150	130
153	172	76	151	87	165	87
173	89	167	180	84	79	159
109	56	55	56	39	109	55
132	134	50	97	28	132	56
28	131	106	23	183	131	15
175	106	84	97	133	105	190
47	73	47	73	47	29	73
33	33	66	98	33	13	135
125	106	10	67	156	36	158
52	12	19	43	129	77	43
113	102	175	102	16	121	65
143	112	58	143	58	143	58
105	95	173	173	105	105	173
90	95	152	90	184	162	25
65	163	151	15	41	130	65
40	109	142	109	109	142	142
112	45	67	45	92	139	14
175	35	133	19	133	175	19
92	18	26	37	187	37	84
31	93	93	103	154	154	154
28	28	162	162	162	28	72
111	90	162	139	151	143	139
43	120	120	43	43	135	120
36	70	38	70	70	36	36
23	84	58	58	142	84	23
33	174	146	84	33	77	120
182	189	18	146	43	146	153
165	165	142	142	153	160	153
37	66	155	112	187	26	50
79	79	46	79	163	163	163
76	131	151	151	151	131	72
29	104	149	23	15	15	176
77	118	15	85	170	81	77
124	56	124	124	56	186	56
66	43	87	86	167	66	176
179	67	67	179	67	179	16
85	46	29	29	139	98	121
86	66	66	122	107	66	86
187	105	187	105	187	177	105
140	18	67	149	140	149	18
84	107	187	18	130	26	26
105	67	157	104	93	61	67
189	123	38	70	48	134	41
46	178	170	161	101	85	39
106	106	80	136	138	106	138
103	115	187	89	88	124	39
110	48	79	48	79	79	48
78	78	78	109	81	109	109
93	189	136	136	136	189	189
153	104	7	153	104	153	63
81	81	87	123	87	87	81
15	83	39	45	83	15	15
63	67	145	75	63	63	67
51	128	128	80	24	80	24
122	180	90	77	116	77	71
97	94	94	51	51	94	51
48	91	48	127	127	102	91
58	92	144	154	39	119	144
180	57	57	150	150	180	178
21	176	123	176	112	123	21
43	47	10	69	124	158	62
121	68	121	68	121	121	68
69	150	30	30	30	150	150
153	51	153	97	84	153	51
30	102	102	58	58	102	58
109	121	121	6	6	6	102
62	96	124	62	124	96	89
148	123	148	93	93	135	93
121	103	73	81	77	69	132
75	75	46	36	75	36	36
140	140	103	43	140	152	103
33	74	33	56	130	130	130
147	119	119	147	78	138	138
105	170	12	78	170	61	158
30	163	36	130	30	30	130
26	26	38	105	105	73	38
111	87	112	181	35	23	112
66	103	66	11	147	147	147
42	132	73	73	120	42	120
190	53	53	190	53	157	190
20	185	154	84	105	118	111
168	128	168	120	128	168	128
147	85	27	26	26	155	181
120	120	120	34	34	34	91
65	65	98	49	168	168	49
83	175	105	180	15	15	66
69	89	89	23	69	23	124
15	15	74	49	65	74	15
57	55	55	115	82	36	168
144	26	131	144	26	26	144
144	129	152	152	27	27	112
60	60	131	69	131	131	60
121	63	172	121	188	131	29
99	29	49	130	107	182	143
119	119	116	119	116	181	116
21	38	137	21	137	21	137
156	97	86	73	28	86	17
26	75	26	75	75	26	89
58	82	82	58	82	58	40
138	131	66	40	105	148	105
47	103	47	47	93	73	93
65	106	106	65	128	106	65
57	36	81	56	23	56	16
37	48	62	133	183	78	141
180	86	159	75	159	86	75
116	109	171	64	171	140	66
182	182	63	155	63	63	182
77	118	89	77	89	77	89
66	143	143	20	131	116	47
157	163	163	157	163	157	27
118	91	135	91	135	135	91
164	118	146	166	58	93	148
101	101	99	101	99	99	126
88	147	65	190	92	92	82
76	23	115	142	114	37	33
120	135	142	142	142	135	135
132	132	141	117	117	132	117
107	21	21	87	87	107	45
97	164	97	164	97	168	164
68	93	188	68	68	93	93
154	154	185	185	185	154	185
129	57	129	121	128	128	121
40	90	45	76	71	182	33
112	113	53	43	53	179	96
149	38	188	149	38	38	149
62	155	104	104	155	62	79
103	138	93	93	103	103	93
52	138	52	30	145	60	11
68	152	95	152	95	95	152
105	105	132	83	105	132	132
73	73	119	54	119	54	49
102	143	164	34	174	90	107
75	75	110	110	75	53	110
163	86	86	163	86	81	163
74	54	65	17	17	65	65
74	74	91	62	74	149	149
148	148	38	38	148	30	38
160	81	81	161	161	161	81
53	165	56	56	53	56	53
14	113	21	89	165	96	89
22	109	26	101	71	109	40
83	83	83	153	53	53	34
152	188	45	59	86	102	102
93	93	180	93	180	180	147
124	153	153	93	93	153	93
36	92	92	66	157	53	137
89	19	120	147	133	163	44
97	35	59	59	170	170	35
164	24	185	98	141	132	164
12	155	188	109	146	113	155
135	102	128	58	128	114	188
154	65	65	154	186	154	65
107	69	127	23	107	107	127
14	23	14	63	70	23	14
136	185	171	129	185	87	87
147	168	43	111	16	52	52
63	14	14	63	141	14	63
65	112	155	14	65	176	111
135	126	135	126	61	135	126
54	178	178	49	49	85	85
71	40	40	132	147	71	147
163	83	79	35	75	60	151
47	19	109	29	29	19	19
12	57	57	12	57	43	12
114	84	171	177	178	36	177
38	49	33	44	49	143	45
144	61	61	53	144	144	61
108	159	170	159	77	159	77
111	111	104	75	55	108	172
109	81	34	109	116	170	115
108	92	121	170	17	17	142
180	78	26	67	48	67	41
74	186	90	74	74	186	186
132	132	119	139	139	139	132
143	46	31	167	87	31	77
182	32	140	32	32	182	182
131	131	85	85	114	131	131
130	55	130	135	135	130	135
136	134	175	11	175	158	155
149	33	58	123	158	168	80
107	107	35	107	119	119	119
54	32	143	115	42	190	83
73	73	66	140	73	36	66
15	102	87	87	15	87	15
173	153	147	141	58	53	162
160	160	42	42	26	118	26
161	57	159	161	59	161	159
75	189	75	101	75	101	101
121	30	107	148	172	58	17
58	145	58	89	58	58	145
189	107	189	112	107	189	107
89	172	132	132	89	89	132
91	117	21	117	21	21	61
56	96	80	96	80	80	96
10	103	11	167	19	37	10
165	142	90	165	165	142	10
25	94	25	80	117	60	13
79	55	170	79	170	15	79
140	128	140	128	27	128	140
122	118	122	118	114	122	130
150	103	103	162	81	103	150
113	111	136	12	63	28	28
54	70	133	70	80	28	27
86	111	188	82	101	176	71
181	83	18	106	174	175	106
136	136	148	148	71	116	71
102	102	102	127	127	139	127
101	41	41	69	41	69	69
46	34	181	149	82	103	71
177	39	177	100	39	71	71
44	44	34	74	44	34	34
137	101	61	120	61	144	183
53	96	71	60	172	71	72
137	159	137	50	50	159	170
110	167	57	145	57	148	37
56	141	17	129	123	130	130
148	35	35	148	35	89	148
150	146	126	126	126	39	150
47	19	166	66	166	66	47
178	130	143	56	32	99	74
120	95	120	17	139	17	95
36	31	26	31	26	26	31
80	7	7	69	7	69	18
180	70	36	114	129	24	175
174	129	93	129	174	129	174
98	140	96	96	98	96	98
112	22	11	75	131	112	12
127	127	25	25	25	140	127
37	72	122	89	106	84	132
45	81	81	91	91	81	60
97	113	97	97	158	158	113
126	165	89	165	145	156	75
139	43	35	43	35	35	43
78	157	157	16	107	78	107
55	41	21	55	21	107	21
121	122	118	149	57	149	62
144	96	45	35	190	106	96
164	177	71	177	88	164	71
140	41	79	41	41	79	22
88	55	109	55	109	121	55
165	179	87	162	161	163	163
135	135	53	135	53	53	26
132	132	57	57	98	57	132
42	97	95	79	137	102	137
56	36	36	36	56	56	158
20	14	21	153	153	99	38
77	92	80	156	92	77	80
138	108	120	108	83	83	138
87	152	180	164	81	91	37
19	19	175	83	175	84	84
63	91	188	63	188	63	188
48	48	134	14	130	72	157
22	114	163	90	152	163	103
161	56	161	161	30	30	30
98	10	98	10	98	96	18
119	64	183	183	123	129	43
77	98	66	184	17	70	151
102	102	173	26	176	176	26
155	118	118	74	135	74	155
49	17	120	17	179	49	179
170	132	71	104	84	102	112
85	146	85	146	146	85	146
172	35	59	186	113	183	88
169	169	107	107	169	107	151
39	32	155	32	35	155	35
173	173	173	121	45	121	121
78	86	18	86	126	18	126
122	69	34	183	157	183	49
61	144	144	69	61	144	61
34	148	137	148	34	148	34
149	35	44	151	132	79	79
173	136	45	126	151	67	106
14	167	168	151	104	173	175
169	129	63	111	180	111	70
26	26	132	60	60	26	60
56	71	167	106	106	56	71
181	141	19	19	181	181	19
188	121	109	85	112	108	109
168	79	124	79	168	124	168
58	33	37	33	37	33	37
171	172	74	124	138	172	85
65	96	112	96	26	154	12
72	72	30	107	107	107	72
127	120	156	127	120	120	89
103	99	92	120	99	120	103
30	47	61	47	162	189	73
65	60	65	60	48	60	65
127	136	124	124	110	55	70
165	165	140	54	140	140	165
174	150	151	146	174	144	63
32	117	117	117	32	32	82
71	61	156	71	49	71	156
111	62	62	62	111	111	20
147	131	137	66	66	147	137
39	15	145	114	127	118	176
145	56	106	70	106	82	23
33	110	118	11	14	82	33
133	143	133	73	143	6	143
178	178	154	160	160	178	160
61	68	43	140	32	188	43
179	49	151	77	90	135	103
172	57	170	54	85	55	170
123	133	152	152	152	133	133
189	69	35	35	189	189	35
186	146	147	112	113	12	102
88	132	88	79	78	78	79
99	146	144	146	104	138	101
125	177	112	131	32	75	114
132	84	44	84	132	90	84
141	141	143	143	141	70	143
62	87	105	105	62	105	62
139	137	15	170	137	139	15
22	157	22	132	132	104	104
158	155	96	128	26	21	117
150	150	111	65	111	132	132
55	87	136	172	101	145	80
56	92	25	110	56	110	25
68	87	32	75	87	151	32
93	30	116	116	55	30	93
125	114	71	121	42	55	42
65	79	36	65	62	105	140
102	132	132	114	132	114	114
124	68	124	28	63	63	63
23	59	27	95	23	59	27
139	139	165	51	51	95	165
141	177	107	120	121	135	118
149	94	121	110	22	22	25
35	64	145	145	64	145	64
24	129	129	91	129	24	24
37	114	37	185	114	114	37
102	23	105	80	44	109	90
73	102	169	165	131	163	73
82	89	47	47	47	82	82
36	50	50	51	50	51	51
81	105	116	93	41	155	116
88	123	149	44	19	88	84
92	22	58	39	139	119	156
108	29	162	48	41	25	34
153	152	111	153	153	152	152
37	12	12	46	14	34	147
117	154	169	154	160	160	138
31	147	62	62	31	24	172
28	121	49	49	121	49	156
91	36	25	52	135	98	36
10	101	54	30	76	43	46
103	150	103	79	161	103	79
43	104	60	93	58	144	60
84	189	189	173	17	126	72
158	52	52	52	158	153	58
112	112	50	155	149	110	113
91	47	170	115	44	115	186
42	47	33	137	33	176	33
162	171	38	163	152	163	18
69	171	68	141	100	12	12
124	134	24	124	132	175	35
59	140	140	69	59	59	140
90	138	77	101	138	138	90
160	27	11	138	138	160	160
164	134	117	69	57	48	47
132	36	12	142	91	87	132
165	66	111	142	81	44	40
90	118	48	42	130	176	129
101	12	132	158	85	93	127
102	57	124	102	136	99	99
22	99	111	22	99	99	22
152	24	152	161	45	45	161
15	15	15	114	114	114	168
129	170	129	109	55	175	90
159	84	159	118	158	158	118
39	39	173	173	173	31	39
112	173	104	37	130	112	30
59	60	188	163	94	94	44
64	104	186	115	153	185	125
19	172	71	48	164	48	113
80	81	18	18	18	80	80
120	63	63	18	120	120	63
105	101	49	10	80	113	47
122	111	111	122	128	122	111
147	21	121	99	22	72	75
133	133	84	161	71	71	133
97	45	45	45	33	33	33
164	14	14	68	68	68	14
176	176	78	161	117	78	117
109	127	109	146	127	109	127
74	133	179	52	80	157	165
172	143	175	67	143	107	89
183	170	20	89	20	107	57
103	179	113	187	138	141	141
82	27	82	82	106	106	106
26	104	173	149	162	141	104
59	50	95	95	15	128	152
106	107	190	102	102	79	152
62	96	94	139	43	96	116
32	87	103	103	32	32	103
20	148	148	20	20	62	123
118	118	118	163	109	163	163
45	21	170	23	58	58	181
103	171	167	27	77	145	145
41	39	86	39	41	86	167
88	90	16	135	173	51	166
177	164	186	50	123	80	172
110	11	163	159	97	94	102
18	169	69	50	162	96	163
132	160	61	131	30	30	30
136	124	124	136	124	136	153
69	189	126	161	161	76	117
91	136	123	100	123	96	189
113	124	70	179	179	124	113
17	17	82	54	54	54	17
30	80	27	39	24	90	54
109	51	134	189	58	111	116
62	39	140	140	140	39	39
73	75	31	48	31	60	118
53	53	149	53	149	53	149
93	104	166	157	120	89	157
33	88	174	14	16	152	152
169	79	108	79	162	82	97
153	184	24	44	184	24	91
40	40	35	77	77	77	53
28	105	105	105	28	28	65
62	133	62	113	46	113	133
46	149	46	110	46	110	110
133	60	15	40	92	144	15
80	72	72	35	72	80	80
101	141	144	128	67	185	108
109	108	119	132	21	12	182
25	112	25	12	12	12	25
121	95	56	66	71	162	56
56	53	142	47	53	166	108
44	44	30	42	8	42	44
73	73	112	32	85	32	85
106	137	106	33	102	33	33
111	174	111	111	174	25	174
51	51	11	7	11	154	51
157	147	172	90	184	90	55
81	169	152	81	52	52	52
32	182	125	101	125	13	58
11	95	169	52	54	15	136
52	52	137	52	137	142	137
18	178	67	62	147	186	144
27	39	43	27	19	168	19
117	97	81	127	173	81	147
106	74	74	74	84	84	84
47	164	165	68	98	36	67
40	40	139	77	77	139	41
108	76	22	25	142	171	106
21	64	138	64	41	175	133
51	160	71	160	71	113	71
174	31	124	168	155	183	139
60	23	60	23	60	23	104
87	137	17	147	172	92	78
93	84	129	159	11	175	81
148	78	121	31	148	121	78
23	40	40	19	62	189	69
157	95	26	95	157	26	37
189	92	30	188	46	23	189
46	180	49	46	180	51	51
22	172	37	173	37	22	172
157	15	105	182	87	157	44
116	53	115	53	15	15	115
85	85	24	98	24	24	85
102	155	58	58	58	50	155
78	120	33	120	116	78	33
164	136	164	61	120	80	171
43	75	173	26	164	21	43
71	22	125	118	127	75	96
182	54	30	89	30	190	34
159	23	150	142	155	22	94
83	66	83	125	83	19	19
14	31	39	148	19	156	144
15	15	146	130	130	105	130
24	94	136	90	136	134	30
34	103	140	103	140	103	140
109	115	115	135	135	135	115
35	115	52	115	35	31	115
157	157	163	42	42	157	72
103	75	75	103	122	75	103
37	188	188	37	149	188	37
13	158	53	153	185	183	104
163	96	96	163	61	105	61
154	64	161	173	15	174	15
127	178	43	167	179	132	49
177	145	154	26	117	23	26
137	118	65	70	59	60	59
187	141	36	12	79	134	134
60	160	160	60	160	60	187
21	161	148	21	21	33	33
66	117	46	117	46	117	46
78	24	95	95	68	166	65
77	29	29	77	29	92	77
103	103	21	159	48	48	21
21	183	55	48	55	63	104
181	103	44	55	49	103	34
126	125	125	126	39	120	39
66	37	148	115	175	155	43
34	190	100	94	62	100	173
59	69	69	59	69	109	59
23	40	17	73	58	116	73
66	100	132	152	184	141	93
127	142	79	79	127	79	127
187	23	169	169	187	187	169
97	103	90	103	97	90	154
156	18	18	162	156	156	18
172	172	172	74	74	74	139
81	175	51	156	156	51	81
148	82	82	82	177	148	148
34	110	162	34	54	76	145
105	132	171	75	162	162	60
61	24	61	11	61	11	48
116	147	116	113	40	113	116
87	144	88	102	102	88	87
22	98	22	83	98	139	83
27	107	107	107	144	144	144
64	51	165	170	43	64	178
129	17	76	41	17	28	54
83	83	85	88	83	85	85
65	87	87	154	47	32	153
123	85	39	133	119	99	64
115	115	131	131	115	131	131
137	62	164	190	80	140	141
21	21	109	95	126	109	126
149	149	111	149	111	169	111
142	142	112	49	49	33	33
97	94	116	116	94	97	142
183	138	183	71	55	165	84
42	26	42	42	26	44	26
114	107	107	95	107	95	95
31	145	31	60	25	145	60
75	56	75	56	56	75	149
117	117	159	107	159	57	159
134	177	41	77	77	39	186
133	104	131	176	82	131	36
67	67	149	119	119	82	82
76	103	65	76	68	68	103
168	154	154	74	168	154	168
36	106	172	120	106	31	19
129	61	61	61	22	129	129
153	173	173	143	153	173	153
174	54	124	169	96	149	124
154	26	151	26	154	154	26
132	35	15	132	15	15	132
70	65	65	186	142	156	143
21	44	47	21	47	47	21
61	84	157	84	162	162	157
119	73	47	118	47	154	59
143	87	140	140	190	13	31
91	160	100	51	124	133	177
113	72	105	45	95	108	46
74	155	25	132	119	136	65
42	42	42	95	42	42	42
133	133	113	135	11	117	12
89	110	89	82	117	110	82
101	100	124	100	124	100	124
111	68	133	107	68	100	84
116	19	100	152	164	100	166
51	190	97	86	123	40	96
153	68	169	120	187	68	26
93	93	165	165	51	69	51
88	88	82	82	82	35	88
44	44	115	115	115	44	75
55	57	102	47	19	55	75
107	162	48	48	69	162	69
86	86	86	115	45	45	51
107	107	102	107	40	40	170
91	67	174	19	181	162	162
36	108	36	83	94	94	83
26	21	116	10	91	13	116
12	19	24	24	24	12	12
130	134	130	130	134	134	77
47	42	25	170	177	85	177
91	91	17	97	17	81	97
85	133	85	133	85	133	10
65	153	65	77	153	119	77
144	29	180	180	189	172	124
32	113	32	113	113	106	32
36	69	36	36	100	100	100
11	86	40	163	163	179	114
130	56	75	75	187	155	13
139	92	139	34	122	88	124
60	25	37	97	69	135	55
72	157	72	72	143	143	143
30	114	27	27	85	27	30
80	142	160	106	35	160	176
112	54	49	54	139	95	38
163	180	50	50	17	109	109
15	15	63	165	64	135	54
86	121	87	31	139	108	107
94	149	189	100	89	165	74
14	56	89	127	10	126	14
108	108	135	135	135	108	26
155	176	147	147	164	164	155
135	158	158	158	129	129	129
162	186	186	31	162	186	162
103	171	96	171	171	103	103
88	117	139	88	79	14	16
164	77	142	189	16	77	26
137	140	67	137	67	137	67
150	177	24	23	158	140	62
12	74	103	152	108	121	127
91	91	91	65	65	65	98
40	31	96	105	145	190	166
158	116	99	32	158	134	125
53	52	65	44	62	136	52
118	133	133	133	97	118	118
116	56	44	152	106	143	155
62	69	26	68	123	76	65
114	114	135	145	145	114	145
45	127	22	132	177	127	143
70	70	115	109	109	109	70
174	13	131	42	116	60	131
152	58	50	152	50	152	50
149	10	55	55	10	10	55
48	171	171	48	25	28	25
24	38	38	187	38	187	187
107	86	150	136	92	189	86
177	144	109	17	130	130	175
87	148	50	87	50	50	87
75	122	100	143	179	156	145
24	57	108	57	16	72	12
29	148	148	29	29	31	148
145	157	41	157	177	28	39
17	158	79	45	79	31	66
149	158	99	170	63	84	160
131	167	72	160	72	72	131
18	18	18	18	60	18	18
46	157	46	81	46	157	157
178	163	123	43	27	38	143
93	74	117	129	45	54	19
136	22	147	136	22	136	22
111	150	16	64	67	115	23
93	44	93	108	128	44	44
108	84	38	118	108	84	108
24	38	186	49	30	16	23
42	166	136	166	130	42	130
121	151	44	80	90	22	184
44	103	42	116	184	64	96
99	98	111	98	111	98	111
64	123	64	140	140	64	140
16	25	16	74	74	25	118
68	176	171	142	20	20	35
64	130	146	146	64	146	166
25	14	180	152	80	80	153
24	111	126	101	111	111	24
43	155	169	169	19	138	23
186	22	124	77	40	77	125
162	162	189	129	135	27	184
151	151	82	155	155	151	155
68	186	72	68	89	34	153
97	49	49	49	97	97	161
159	126	152	88	152	100	164
151	56	151	147	29	56	47
25	158	166	160	131	166	11
38	79	93	81	93	38	93
115	42	59	17	94	41	94
189	189	177	177	189	106	177
159	57	35	57	57	35	35
40	100	173	100	40	173	76
119	25	128	128	29	38	137
178	178	178	189	189	16	189
94	149	94	37	121	121	121
168	127	176	162	13	41	85
159	92	83	69	188	59	165
47	26	111	101	111	68	99
72	72	102	72	23	102	102
141	46	116	71	141	88	87
103	58	41	108	32	108	187
120	180	58	134	161	180	75
184	21	46	139	79	117	141
112	32	100	112	125	32	100
89	46	46	126	89	89	46
117	65	83	145	190	143	79
187	89	98	154	117	66	166
51	135	159	83	89	51	171
47	160	69	47	34	58	35
60	90	14	18	113	177	97
106	108	106	158	11	89	114
132	43	78	94	135	35	13
173	140	100	182	50	186	104
82	46	82	86	86	86	82
16	33	33	16	33	37	16
145	136	101	13	111	149	111
69	115	86	86	148	115	148
33	146	63	33	146	146	33
186	179	22	129	166	15	43
110	11	113	121	27	74	98
27	85	27	27	85	171	85
100	175	91	146	17	146	140
74	111	74	111	74	14	69
13	55	53	108	150	88	108
157	157	67	103	103	152	157
120	113	44	118	142	125	44
89	115	34	89	115	101	89
38	85	147	147	101	146	38
102	89	99	89	66	166	144
57	181	57	181	181	57	57
93	93	61	61	93	31	61
25	178	58	121	121	58	25
61	179	61	61	84	179	179
17	163	35	35	17	35	17
110	187	132	85	90	166	168
91	154	154	91	91	154	46
120	158	30	140	71	58	148
151	151	168	22	22	155	155
24	40	73	40	40	73	73
80	171	120	151	149	17	146
34	19	79	146	157	79	126
60	147	71	147	151	66	140
161	161	46	113	113	113	161
109	35	109	109	35	35	58
108	24	108	59	24	59	146
121	144	19	114	168	145	144
133	65	65	178	133	133	65
155	142	29	156	19	135	56
169	157	171	106	185	140	162
11	158	188	112	99	11	27
55	94	87	55	55	94	94
165	117	185	11	93	165	107
11	169	65	113	131	132	43
12	26	26	12	48	12	26
142	37	37	142	176	37	142
139	139	53	53	53	144	139
77	190	94	179	39	150	150
145	62	62	55	55	55	10
19	78	11	115	184	73	56
170	152	131	108	153	108	171
174	74	56	56	57	101	122
54	37	67	141	164	67	32
102	116	84	116	102	102	116
111	175	105	104	106	105	61
110	25	110	110	53	25	25
67	60	93	67	60	23	23
12	122	151	70	12	151	12
33	77	91	29	91	43	17
40	184	188	180	93	159	40
158	155	18	161	161	112	122
69	98	69	81	81	75	75
128	132	132	121	132	102	102
137	149	111	180	98	160	128
55	55	128	95	25	100	154
97	128	73	115	97	137	178
83	189	138	177	164	133	164
49	49	25	50	50	50	49
97	62	144	144	62	144	62
91	130	140	91	128	13	136
16	117	105	31	152	134	56
96	96	103	96	52	103	42
53	83	15	107	168	50	56
135	135	103	92	103	103	135
58	168	180	150	64	103	180
68	99	68	68	99	61	99
116	58	116	99	137	99	58
168	119	107	119	168	168	119
162	21	116	116	162	116	162
23	23	11	88	143	88	23
123	131	186	59	127	15	131
187	187	116	128	78	141	82
30	30	30	148	72	72	72
63	141	63	63	63	63	63
125	60	111	135	128	86	66
161	70	70	48	70	48	48
104	134	104	87	54	129	91
94	169	153	36	48	36	23
88	87	127	127	98	98	88
60	119	140	115	115	140	119
78	117	78	78	91	91	78
138	85	85	85	54	138	54
146	51	69	69	146	146	69
31	31	111	160	67	111	160
61	117	71	71	61	128	117
85	43	90	178	59	131	131
127	62	127	62	127	62	181
168	168	168	52	47	52	52
70	70	17	70	125	17	17
159	24	24	24	114	114	114
119	45	45	60	60	60	125
182	129	129	182	25	129	182
172	145	145	145	103	172	172
169	137	169	113	169	146	146
65	164	118	14	128	132	176
127	20	27	27	127	27	127
182	156	29	120	129	106	156
83	173	93	83	173	110	110
26	19	19	74	142	134	54
52	52	30	110	91	52	145
114	76	84	76	45	76	45
109	55	60	136	120	38	158
102	99	31	31	102	130	99
153	48	163	76	76	108	87
32	65	118	131	131	129	18
80	68	20	34	48	136	68
71	79	13	79	79	71	71
128	147	147	95	107	169	101
95	108	95	70	108	95	108
149	43	98	15	35	77	77
48	48	150	48	150	150	78
79	79	115	77	59	59	59
150	25	150	96	25	150	25
108	90	106	87	98	82	87
54	73	73	54	52	54	73
119	121	60	121	121	60	60
15	59	75	91	130	80	43
117	19	145	145	183	147	168
97	161	135	164	82	55	154
170	170	32	32	31	170	32
91	132	132	135	91	40	135
60	133	117	162	24	150	186
96	147	114	147	156	147	160
109	31	153	122	117	103	115
116	116	116	134	148	134	134
169	44	93	98	44	44	93
148	27	77	34	27	62	34
64	180	153	132	63	61	61
184	74	15	185	12	112	148
17	73	156	36	102	10	136
64	111	64	61	111	111	64
95	51	170	59	10	92	10
114	170	98	73	64	129	64
139	130	112	152	27	112	32
65	65	25	103	103	115	115
183	61	61	61	183	183	170
25	25	51	98	173	81	95
55	88	48	120	43	140	55
33	65	54	33	135	187	169
169	42	80	50	50	50	80
69	53	117	69	69	53	53
33	82	82	82	154	154	154
95	167	92	92	167	92	41
24	172	17	160	39	190	79
53	145	45	32	176	32	19
27	115	177	56	62	91	91
156	164	167	20	59	156	50
182	182	54	54	189	182	54
121	22	22	22	74	74	6
92	110	92	92	109	110	110
132	72	132	166	166	132	166
32	32	82	32	57	82	82
113	41	112	62	111	147	147
173	186	150	174	107	111	95
53	87	87	85	53	85	144
152	36	161	138	121	121	160
71	123	123	71	71	123	142
45	62	34	45	34	34	45
24	118	21	21	133	133	133
36	36	40	141	114	114	36
85	118	81	81	118	118	81
71	54	71	28	55	28	54
104	123	12	107	124	51	62
94	175	76	175	94	27	76
185	189	33	14	85	26	100
157	127	81	187	15	88	118
149	103	93	40	26	133	27
151	145	158	136	158	158	136
112	112	159	146	112	159	159
44	103	103	38	44	44	103
158	90	78	159	90	102	126
188	35	107	102	154	58	36
84	51	63	43	51	51	84
113	121	98	121	166	177	18
164	127	174	86	35	65	81
110	25	25	23	130	130	25
20	26	11	59	112	189	180
122	111	56	106	37	13	53
127	74	174	88	162	94	127
89	172	112	111	105	93	74
102	186	186	102	186	102	184
79	38	59	59	78	38	79
47	47	34	23	47	23	23
145	166	116	62	50	50	140
131	63	131	153	11	140	188
167	153	111	55	76	71	187
53	87	186	159	181	74	186
52	85	186	186	186	52	52
155	67	143	143	143	155	155
21	59	59	179	165	179	21
178	28	101	182	166	139	181
55	169	156	156	55	55	156
176	176	84	167	84	167	68
134	51	112	146	40	134	65
16	10	190	50	67	113	68
61	47	61	61	159	169	159
119	169	119	119	92	92	92
92	169	148	148	86	24	181
44	128	67	96	67	73	32
178	130	182	127	49	146	171
131	108	108	25	131	25	70
186	28	115	120	62	70	28
144	176	22	144	152	12	110
64	139	113	44	85	82	85
59	23	70	77	46	44	121
65	114	19	132	179	124	56
67	40	32	130	45	97	75
14	14	65	65	65	20	14
50	32	50	68	50	68	68
128	174	117	143	28	56	89
121	121	82	139	93	82	121
164	126	126	164	171	158	158
68	93	68	83	38	95	73
5	33	33	33	5	102	160
70	69	100	41	148	89	135
23	27	161	78	161	78	23
98	85	98	98	85	88	5
56	137	123	68	137	88	62
56	82	56	56	53	127	53
32	103	182	45	131	27	63
18	188	18	102	188	18	188
33	147	5	88	33	5	5
115	130	130	115	98	115	93
95	46	24	72	55	134	146
58	67	79	139	48	14	83
113	152	113	113	77	152	151
105	188	105	31	31	31	105
66	159	177	17	132	131	23
92	179	166	187	49	82	166
108	19	42	42	157	108	157
33	33	78	116	33	116	116
75	164	60	127	51	75	20
70	64	189	64	64	189	189
149	149	149	60	60	24	60
53	125	121	18	95	90	146
150	32	32	87	87	87	32
75	161	75	134	134	134	75
149	13	115	13	149	13	149
145	85	85	40	150	83	14
114	138	114	96	168	168	114
175	110	110	147	175	110	175
172	80	80	172	83	35	83
107	47	107	189	107	189	189
42	90	121	61	185	40	108
142	75	152	63	30	35	152
86	137	130	106	72	40	86
111	155	38	155	63	105	181
66	24	42	24	42	24	42
54	136	21	54	115	132	105
145	145	26	158	26	98	158
74	162	157	10	13	113	82
71	140	105	139	55	140	61
72	85	168	110	148	68	12
71	28	100	155	100	108	70
72	104	95	169	72	51	143
32	19	156	98	98	19	32
162	115	120	55	115	175	167
155	78	93	77	88	78	115
113	138	65	155	117	131	155
68	175	68	175	175	68	84
162	181	162	48	181	162	181
92	149	188	15	172	93	166
24	156	24	156	24	73	156
122	115	94	94	122	45	115
88	88	14	14	14	43	88
57	57	144	133	144	57	144
86	133	99	86	133	133	33
149	165	125	132	174	40	41
137	154	117	117	147	52	171
161	103	86	161	86	86	161
174	24	146	50	171	30	67
45	120	120	70	136	85	113
115	158	75	62	137	142	142
124	63	16	25	105	110	110
62	62	181	137	137	62	137
28	91	101	180	137	81	36
20	70	157	12	45	122	185
124	62	62	164	164	160	160
150	73	73	35	185	10	81
109	109	44	179	109	44	44
144	50	184	50	149	30	88
70	80	70	179	119	179	91
142	41	28	171	112	187	79
149	51	33	98	149	51	98
20	28	28	20	82	28	20
42	170	108	42	163	170	163
79	37	31	118	118	188	12
119	50	107	112	189	107	135
176	29	141	168	141	176	168
142	97	181	141	142	119	141
111	111	125	125	184	111	125
32	154	42	146	190	22	22
21	155	97	155	155	97	27
101	101	121	182	121	101	121
71	90	71	55	109	109	90
184	91	55	184	55	55	184
132	160	18	45	140	148	160
79	123	79	115	123	123	79
94	73	69	36	77	69	109
46	109	102	112	112	140	128
47	37	35	38	59	107	44
64	37	39	46	46	46	64
23	83	17	61	83	130	20
49	49	98	157	98	98	48
160	171	171	10	10	171	10
158	158	158	12	116	12	12
84	169	130	172	107	130	140
116	115	115	115	116	116	117
131	100	167	186	154	131	73
132	132	183	154	132	183	183
88	159	186	58	55	88	83
80	50	22	107	32	173	80
114	19	48	19	19	48	48
62	125	62	127	16	101	102
112	41	11	115	131	130	188
53	157	115	33	101	182	187
140	177	158	190	84	169	184
21	14	21	14	36	14	21
19	119	119	19	119	19	26
82	168	143	99	152	143	133
158	35	169	109	175	36	39
116	30	21	58	109	72	116
26	43	182	47	79	54	65
123	123	137	137	167	123	137
151	126	151	11	13	11	151
123	41	137	41	160	135	97
165	139	81	90	190	165	27
181	140	181	181	85	140	140
53	144	53	139	144	53	144
156	81	60	51	47	187	59
98	107	98	156	41	29	176
52	119	120	143	33	149	147
167	167	180	167	54	180	180
165	103	178	102	127	156	40
83	105	145	83	151	83	145
10	18	171	10	171	171	10
138	138	87	87	155	49	138
95	97	71	95	71	71	95
127	49	188	160	80	176	176
54	146	181	165	107	54	167
168	47	76	76	168	178	47
138	39	38	116	38	138	39
114	114	136	64	136	136	114
110	83	182	18	92	50	53
152	77	152	152	79	79	132
175	142	125	180	180	51	54
85	132	132	160	132	85	85
142	91	15	109	96	20	142
24	24	177	24	148	177	177
121	175	103	121	65	103	65
70	21	70	65	21	102	65
15	15	150	150	35	15	150
123	117	117	123	123	29	117
110	74	173	122	70	133	173
49	148	49	144	155	28	29
180	88	14	116	36	163	85
69	69	122	102	78	122	102
145	145	135	135	12	55	135
114	70	108	131	60	89	104
170	91	151	170	138	138	91
79	39	59	153	29	61	29
37	164	164	37	75	37	164
83	83	69	143	83	69	69
24	156	100	100	100	156	156
150	34	143	43	112	169	182
169	144	102	56	93	156	108
139	161	161	181	44	32	171
91	11	54	49	70	56	113
164	72	183	112	184	81	39
161	90	34	113	136	35	75
101	166	74	81	151	105	166
33	39	83	138	83	25	168
31	113	70	34	31	116	171
181	190	181	122	154	138	179
162	134	132	132	134	134	132
102	166	28	187	52	116	165
36	24	80	154	36	46	54
109	15	180	123	120	95	112
179	134	132	31	84	132	114
158	91	37	37	91	91	37
57	57	170	170	77	57	170
58	68	91	68	144	58	144
37	178	178	37	178	179	37
153	185	113	78	78	46	35
116	19	116	116	183	19	19
72	142	53	72	137	16	32
149	15	149	15	104	149	15
182	14	156	139	165	22	189
141	122	39	122	39	161	161
20	182	98	156	20	86	118
80	81	81	43	136	66	145
23	150	104	104	150	150	104
132	133	170	50	170	170	50
182	78	171	189	173	78	78
74	148	180	11	173	48	180
57	84	67	10	156	183	75
54	115	39	115	54	80	54
30	130	113	47	122	30	102
107	42	111	103	103	103	111
49	45	49	49	139	45	5
82	95	141	82	116	116	141
139	139	163	163	163	139	39
165	71	91	69	91	71	71
25	27	27	102	25	16	25
143	81	95	95	57	57	95
25	159	80	133	51	20	101
99	155	130	99	164	64	32
49	177	49	177	177	49	125
38	59	59	38	33	33	175
87	31	29	14	92	84	29
97	38	110	162	17	17	162
87	92	105	85	92	105	85
116	76	14	160	160	48	111
129	46	129	178	178	129	178
117	36	177	55	82	55	81
134	102	27	102	27	102	27
10	119	162	125	21	162	18
162	101	138	162	162	101	101
90	37	157	112	49	152	90
75	74	87	119	107	64	87
168	168	21	144	8	168	8
117	116	137	67	73	40	160
135	9	68	68	68	9	167
88	88	96	92	96	96	88
83	61	107	91	139	76	139
78	33	39	66	154	32	78
190	95	59	82	23	110	185
156	160	84	73	182	161	43
80	90	24	69	35	80	54
99	99	99	78	78	78	180
94	108	20	151	94	82	35
143	125	143	137	46	137	125
30	67	67	30	164	30	67
140	75	125	169	88	85	78
26	172	172	82	131	152	65
132	50	51	40	132	159	159
78	155	78	155	78	41	155
34	154	54	154	34	141	54
61	37	76	12	94	63	37
34	168	168	55	55	55	168
63	169	44	63	44	179	169
175	79	175	79	79	110	175
25	182	182	133	71	105	75
111	93	95	93	95	95	93
100	100	50	50	167	50	100
68	97	142	56	97	122	94
190	99	54	38	161	75	46
58	178	135	135	70	58	178
171	93	93	55	150	169	107
36	125	93	54	54	54	93
137	136	80	80	136	48	48
120	22	120	182	155	23	33
48	146	13	171	179	184	185
62	79	26	43	62	26	79
156	38	48	38	155	100	146
72	143	72	131	93	131	93
147	148	143	147	109	38	149
18	18	18	44	44	44	48
58	24	48	58	24	83	83
130	105	105	130	105	130	170
147	150	147	96	103	151	142
113	93	178	178	93	113	141
88	190	122	101	10	146	34
25	123	43	128	25	43	122
76	124	148	79	94	79	84
97	52	92	97	92	135	135
97	15	97	100	97	15	15
46	125	125	54	64	125	64
70	70	70	148	70	70	94
125	125	59	61	175	61	175
97	97	122	114	165	178	165
39	155	182	31	115	51	35
96	60	96	60	41	149	41
129	150	64	130	116	40	116
108	27	108	72	108	19	27
108	45	108	141	108	45	45
26	34	54	26	54	54	26
112	147	41	147	34	112	34
150	188	150	150	138	188	188
33	47	63	124	63	92	109
33	46	20	46	33	33	46
98	152	162	142	111	159	58
113	23	136	94	39	167	167
173	41	30	41	173	173	41
150	67	97	150	97	136	136
107	72	166	107	107	85	72
31	136	134	66	160	167	136
52	140	52	52	140	140	15
32	164	146	131	30	131	46
50	36	142	120	45	33	50
78	15	71	57	21	63	154
60	65	183	44	120	157	81
21	84	189	84	21	84	21
168	48	172	66	168	172	66
92	61	87	83	83	92	87
65	100	84	145	42	84	180
188	19	109	188	188	109	109
152	23	35	100	21	120	65
128	24	128	24	66	155	66
49	46	146	146	159	49	49
135	20	45	149	179	136	158
59	51	51	81	122	81	59
100	130	97	186	22	94	101
70	103	103	131	142	44	89
21	81	81	31	81	21	21
77	64	46	18	124	41	77
144	22	39	39	104	104	104
110	163	58	163	58	58	163
120	135	190	135	120	120	135
47	156	87	156	87	156	87
32	89	32	73	73	32	73
26	26	26	65	142	132	65
42	150	150	68	42	150	42
44	44	44	161	161	161	130
22	36	36	22	22	36	73
77	57	130	165	133	165	88
138	121	121	138	121	138	66
144	171	144	171	171	144	79
50	39	180	29	18	132	12
184	31	184	108	31	184	31
30	117	70	70	30	78	78
17	35	169	17	117	25	34
61	146	99	61	55	66	78
61	145	169	183	113	76	145
10	10	10	19	102	102	102
101	132	132	132	101	132	101
94	26	65	27	26	60	12
122	99	122	43	159	122	99
178	90	128	44	104	82	178
72	163	72	183	167	174	41
52	52	20	120	158	18	80
103	186	103	96	186	103	186
107	64	107	64	107	64	141
52	102	33	40	83	140	138
21	21	122	50	52	122	21
92	150	82	48	99	178	97
85	119	101	101	119	119	101
163	163	84	26	135	163	84
144	144	144	152	100	100	100
71	79	169	178	172	172	162
183	141	141	25	183	141	183
153	46	12	153	38	46	97
75	122	75	75	89	122	122
92	92	123	186	82	121	34
83	52	123	37	57	40	179
43	78	33	144	37	37	137
42	92	92	169	35	35	169
82	136	141	168	109	11	136
166	166	171	171	11	166	171
37	71	134	138	56	25	71
37	73	36	73	36	73	36
105	138	105	161	138	138	105
55	22	155	55	55	155	155
159	109	163	59	77	159	35
181	119	181	179	38	132	184
179	145	117	145	179	117	176
142	124	161	115	12	115	78
163	166	163	180	32	32	180
90	48	61	90	61	22	90
119	25	61	61	119	119	61
107	80	180	74	187	80	46
154	158	154	34	34	34	154
135	21	70	171	71	165	175
105	74	169	32	13	151	105
154	171	23	171	154	98	98
129	177	110	75	72	162	75
86	29	71	71	47	86	71
53	33	33	53	10	33	53
136	104	174	136	174	174	136
89	78	89	89	25	95	78
168	97	156	97	168	168	97
117	108	136	141	100	18	145
123	123	125	125	155	125	123
139	63	53	172	84	86	42
61	181	112	181	112	181	112
84	118	84	181	181	181	84
110	110	119	168	18	190	21
185	184	173	62	83	59	173
126	126	134	7	95	95	95
80	30	30	80	30	80	60
118	136	182	17	79	183	53
22	180	125	144	166	144	19
76	18	18	41	76	38	38
158	158	155	18	155	102	102
96	70	165	56	56	165	70
76	113	28	56	32	27	57
137	184	177	94	137	52	95
173	171	39	137	41	68	176
108	190	18	108	108	18	18
94	92	92	46	94	9	94
32	110	110	39	32	32	110
104	51	59	51	59	174	174
35	112	35	112	24	112	164
115	115	115	97	70	97	97
120	186	66	169	98	141	169
85	85	110	111	110	110	85
32	77	32	28	77	32	162
75	43	168	69	23	159	69
17	103	103	65	65	103	65
114	168	120	147	132	130	130
138	56	145	163	166	188	189
57	41	57	41	113	107	107
136	99	136	146	136	146	146
149	127	131	127	149	127	149
152	134	134	134	28	28	43
20	20	41	20	58	58	68
110	94	94	144	144	172	172
47	60	42	84	150	67	15
47	17	110	92	17	177	156
94	26	15	170	123	26	92
84	68	111	106	30	106	160
30	185	12	82	52	32	38
55	90	43	12	43	33	21
121	15	158	158	37	80	91
186	27	103	189	66	127	174
96	35	96	37	96	35	35
43	43	130	43	87	130	130
187	145	61	61	36	84	115
105	27	161	185	27	108	64
34	51	98	98	55	51	98
171	184	87	69	171	35	168
40	105	40	21	21	49	21
155	46	155	157	157	155	157
147	115	108	23	147	147	23
184	67	27	31	174	137	67
38	53	38	20	53	38	53
24	175	177	130	24	175	130
172	161	114	60	126	63	161
99	18	162	113	153	136	29
32	64	23	32	32	64	64
86	14	88	174	109	163	56
102	107	172	21	84	125	65
46	46	118	46	149	118	118
182	29	179	103	151	154	88
38	36	154	36	27	38	154
175	163	39	89	175	148	49
107	42	163	42	175	17	63
30	66	30	30	66	66	21
27	164	141	141	27	27	27
110	11	110	111	11	11	110
73	13	73	13	93	73	13
19	177	190	76	66	187	187
95	26	168	99	21	181	181
111	135	8	135	59	135	111
154	150	68	109	88	171	164
65	65	146	23	74	50	178
35	160	104	38	27	118	84
99	187	167	97	73	29	157
6	106	35	53	35	35	6
27	64	73	137	120	116	118
53	108	28	57	108	57	77
186	61	61	134	73	19	186
148	93	61	93	136	93	61
43	11	43	11	43	11	22
185	42	55	154	95	26	111
133	47	133	86	48	47	86
12	56	44	44	12	44	12
27	26	27	26	105	27	26
96	163	183	49	152	153	72
32	158	18	145	55	151	55
90	124	90	118	90	124	50
23	39	135	23	39	161	135
114	125	16	92	127	78	54
189	85	85	189	85	189	37
60	26	81	116	69	42	69
39	36	18	39	36	39	16
48	110	98	54	99	154	99
128	65	114	110	106	160	104
22	92	53	85	184	73	184
119	143	94	150	48	143	88
185	85	185	185	85	85	52
79	81	79	128	144	173	58
155	35	139	86	35	129	46
131	100	157	131	44	91	76
173	62	62	173	135	173	62
60	80	164	61	185	61	83
137	160	13	186	172	16	115
56	88	114	56	133	61	109
85	17	55	89	27	94	178
179	74	47	47	134	74	179
77	17	77	17	149	77	17
77	86	86	86	180	180	180
140	140	92	178	170	99	52
143	72	80	133	143	72	80
187	189	30	125	173	173	147
37	15	31	12	69	92	92
54	142	142	117	54	117	34
88	167	52	143	78	180	91
169	164	164	73	134	65	16
57	78	136	140	129	136	173
41	41	65	60	60	41	60
49	173	25	41	41	56	148
10	29	94	159	121	156	48
53	14	53	14	53	65	14
121	121	35	121	35	35	83
178	50	50	178	77	178	50
133	20	183	51	147	173	71
79	84	141	141	79	172	84
181	34	59	34	181	34	181
103	117	154	170	182	156	182
39	119	119	83	83	119	83
20	82	85	135	135	20	85
128	124	169	179	104	104	182
48	164	49	75	75	48	164
63	151	151	166	103	32	114
105	163	105	29	80	58	143
160	62	68	132	112	46	26
162	15	15	15	128	11	128
26	178	26	178	26	88	178
85	62	85	62	28	85	62
180	180	146	88	88	116	116
116	148	76	75	75	76	116
140	132	113	113	113	132	132
164	133	73	164	133	73	159
167	46	106	167	46	167	46
69	114	16	70	177	29	114
99	55	21	186	130	133	21
75	75	82	82	75	76	82
156	13	60	181	156	144	121
162	162	109	62	88	88	109
115	83	77	168	83	108	152
23	91	36	91	96	99	169
85	78	89	69	123	16	51
161	161	59	91	169	45	186
71	80	107	99	106	40	125
27	100	51	44	182	159	50
66	185	66	185	82	66	185
27	80	35	35	35	141	27
58	89	94	68	157	87	157
99	10	150	99	57	99	57
111	39	27	64	56	138	105
154	66	174	154	99	114	167
105	149	158	46	173	63	46
160	53	53	93	93	93	53
61	62	62	61	14	83	61
141	108	141	108	141	13	108
12	143	74	82	144	146	118
18	69	129	150	112	18	68
129	161	49	129	161	112	49
134	39	147	147	134	134	134
170	104	104	41	170	41	158
138	117	142	133	45	37	117
47	156	47	138	138	156	138
147	154	154	101	141	114	168
108	97	97	155	118	155	118
121	102	131	102	102	121	121
61	170	120	88	46	46	10
25	120	47	25	120	47	132
80	102	144	144	80	144	80
35	148	148	35	156	35	156
159	14	149	93	54	124	54
27	140	80	27	80	148	140
23	114	87	127	32	114	42
170	172	187	132	187	44	40
32	35	117	60	137	116	60
33	93	43	99	24	70	16
122	38	155	118	133	115	38
146	177	121	146	177	92	121
165	106	97	144	24	169	45
61	54	125	125	175	148	31
51	48	140	48	51	125	140
89	80	188	169	134	89	27
119	119	98	103	103	103	119
76	38	43	38	68	43	68
61	105	123	86	174	84	12
45	58	76	103	83	78	164
182	165	26	11	19	47	157
112	88	144	144	112	144	144
45	71	45	51	36	51	51
180	26	179	166	141	73	163
142	177	142	120	142	177	177
116	132	105	124	12	87	63
125	178	125	68	159	58	147
33	54	54	166	162	28	104
82	82	82	49	49	127	27
178	75	40	178	40	40	178
94	71	94	116	175	24	125
146	139	146	139	146	139	138
19	189	189	19	151	189	19
114	134	51	114	134	114	125
65	153	90	41	116	146	92
89	119	89	119	119	89	172
181	155	133	133	42	164	154
62	130	130	130	41	41	41
17	180	180	52	66	66	17
83	58	144	144	58	58	144
107	29	60	98	134	151	151
124	82	155	155	155	82	82
104	100	139	139	42	100	104
45	160	62	113	66	62	176
145	159	17	150	103	94	70
135	36	11	33	176	37	176
146	134	15	146	106	146	134
50	29	164	158	123	104	124
43	105	159	130	130	114	166
32	32	32	172	172	174	172
93	135	185	93	190	120	112
107	104	66	66	123	40	144
32	126	47	186	126	171	77
174	108	61	61	114	174	114
67	52	31	190	159	18	151
52	120	148	148	37	114	97
15	61	15	34	59	130	124
25	90	73	20	25	102	117
118	32	32	118	147	145	145
176	181	11	60	91	141	42
116	70	47	138	100	116	65
120	120	120	40	40	40	42
50	113	68	50	68	68	50
66	19	89	136	53	188	147
55	19	107	107	55	55	107
66	136	48	21	66	136	21
77	151	77	159	79	151	159
156	124	92	25	159	32	39
157	45	45	157	157	45	44
15	12	48	58	24	190	73
131	164	131	164	131	131	164
75	150	137	190	10	160	75
133	116	74	74	116	74	56
80	80	145	145	80	145	80
42	140	172	27	37	71	116
152	119	143	152	143	143	32
27	100	171	46	100	139	100
55	143	143	107	107	143	39
145	86	92	69	54	92	118
70	70	74	74	132	74	70
42	46	46	57	37	168	118
119	153	153	110	119	153	15
111	74	35	35	35	111	111
83	64	83	64	64	83	92
38	132	47	75	184	38	50
120	136	60	62	120	62	136
99	107	180	31	33	154	45
73	73	18	137	18	18	73
66	174	66	156	146	146	156
113	138	123	71	132	97	30
121	121	16	121	164	151	16
171	145	105	96	171	96	105
34	142	142	137	158	34	158
84	44	95	102	157	84	121
66	44	16	126	44	99	77
175	115	96	136	177	125	118
109	32	154	71	159	181	154
29	29	163	163	163	121	107
61	56	61	89	56	61	56
81	45	48	156	45	116	190
170	78	185	78	44	111	108
147	190	63	94	56	147	144
96	80	130	96	130	79	80
101	101	172	172	105	172	101
52	66	10	166	132	27	157
82	82	63	138	157	138	157
77	77	84	113	113	131	131
9	55	55	88	88	37	88
102	176	154	42	142	138	176
51	26	153	154	175	51	49
115	45	69	88	88	39	90
95	131	95	127	95	127	127
83	61	61	61	113	83	61
84	123	100	120	59	30	81
165	96	142	168	17	146	45
156	156	170	112	78	170	112
67	54	131	54	131	35	67
185	140	140	153	58	134	16
83	98	46	98	117	66	62
98	19	98	104	98	104	25
102	102	83	174	159	159	83
154	117	19	154	33	32	15
54	85	177	174	174	174	17
159	21	20	100	142	130	158
173	122	109	154	176	122	131
31	81	31	15	85	56	117
19	182	96	96	19	19	96
18	91	18	147	28	147	91
178	106	54	21	178	106	21
178	175	175	175	178	166	178
32	114	89	77	77	158	81
133	118	118	147	133	133	118
147	79	111	147	111	79	120
45	181	132	140	27	50	190
170	18	170	100	30	22	92
136	88	31	77	105	90	77
130	130	141	106	20	144	76
160	77	77	53	53	77	53
87	64	64	32	32	64	32
112	77	123	146	78	114	183
44	175	142	44	142	67	67
125	148	125	125	148	148	58
95	190	85	152	132	160	95
149	163	32	98	119	168	162
94	70	94	70	126	181	76
72	72	72	96	96	80	96
25	18	45	79	45	25	25
124	97	100	49	55	55	33
131	57	18	172	79	65	27
124	85	82	75	157	124	30
60	143	17	101	60	101	101
112	112	184	184	151	184	112
72	159	159	62	62	127	127
128	49	103	22	136	83	140
172	157	118	57	18	50	64
14	28	86	110	144	82	45
46	89	47	145	47	46	145
148	56	72	124	25	25	94
23	87	87	87	95	95	95
28	30	89	28	93	93	89
100	132	168	117	80	53	53
110	110	142	142	110	142	183
132	72	126	132	187	165	35
32	44	187	100	175	119	58
12	166	12	37	12	166	166
182	133	133	182	128	133	182
92	92	92	133	72	72	72
25	107	39	107	25	107	25
26	12	12	26	26	44	12
135	33	33	100	32	100	32
62	161	32	75	167	140	13
181	171	139	10	51	10	79
132	176	55	76	55	84	97
144	28	132	86	172	147	165
78	134	188	68	152	134	113
138	138	99	99	138	99	87
92	165	67	64	112	172	62
51	28	122	142	181	51	28
79	13	79	79	13	13	53
13	164	169	13	140	164	164
145	128	117	145	133	36	139
149	156	89	189	149	29	68
156	143	153	74	49	153	161
161	161	161	162	162	143	162
90	162	74	31	74	162	90
139	72	72	72	14	139	139
104	104	184	184	104	135	184
24	29	24	112	24	29	29
103	186	186	186	148	103	103
156	31	130	68	158	102	136
39	78	187	56	138	102	43
109	168	11	132	31	88	41
175	28	118	92	28	73	43
190	70	159	84	114	115	114
76	86	109	109	76	76	109
26	136	129	92	136	129	129
75	30	30	26	22	26	26
115	44	115	98	44	104	98
110	164	41	53	75	135	81
178	79	24	124	117	100	180
13	139	139	37	13	139	13
73	126	84	160	163	160	126
37	37	79	52	52	31	31
30	29	185	108	128	163	142
26	184	123	157	34	123	86
46	65	67	67	46	65	143
41	41	158	35	158	136	41
29	28	64	74	29	29	74
30	107	69	90	112	66	39
21	147	21	21	147	147	75
56	138	187	169	110	91	148
136	106	124	79	136	148	91
90	90	90	85	85	85	51
134	103	102	169	127	127	104
121	36	152	103	100	19	19
20	57	20	20	57	57	57
19	146	157	19	167	167	146
133	141	120	141	141	133	133
127	127	127	134	149	134	134
10	109	51	101	147	10	20
30	88	35	24	146	144	64
66	63	99	99	170	184	178
139	96	168	60	12	87	110
165	157	19	100	92	161	79
142	36	64	125	140	156	176
174	45	158	50	158	40	175
77	62	105	41	77	41	62
44	168	177	44	20	40	112
43	43	179	36	43	36	36
108	14	170	14	108	14	108
176	94	50	140	28	176	84
105	105	43	43	131	43	105
173	109	71	100	109	63	65
52	65	23	138	52	88	126
72	126	98	118	65	143	126
123	153	183	65	149	30	94
164	139	124	164	124	125	139
136	19	19	159	102	136	102
83	11	175	67	187	67	121
40	155	155	94	94	18	40
99	72	123	123	99	84	72
72	27	27	72	158	72	55
118	150	92	150	150	92	100
12	12	69	88	88	12	88
75	84	114	19	26	171	114
152	82	109	142	152	141	132
14	102	80	102	105	53	162
149	122	31	23	23	31	122
52	120	129	33	63	185	89
158	158	135	74	125	158	74
82	85	24	134	22	24	35
188	188	27	27	27	188	79
151	161	161	24	161	151	151
147	48	62	92	18	124	125
103	68	103	109	109	163	163
102	21	81	102	81	27	21
69	185	138	134	118	138	166
53	53	12	12	12	53	104
62	62	77	183	62	77	77
53	53	165	169	53	169	53
166	85	85	85	109	166	166
114	114	38	59	38	21	38
13	179	179	13	179	13	11
66	65	65	66	65	111	66
95	92	132	95	95	92	92
107	42	90	21	90	42	107
172	172	124	124	172	159	124
44	44	115	99	140	115	99
92	92	186	82	186	186	92
82	82	136	120	136	120	33
19	44	72	139	140	85	59
104	17	133	96	56	56	78
144	144	101	88	88	88	144
89	67	89	89	13	67	104
135	183	101	12	140	140	168
82	54	146	54	146	146	54
40	13	40	138	103	138	32
189	157	157	109	157	189	189
185	158	78	95	165	116	116
17	9	9	135	135	42	9
121	163	121	109	163	23	23
19	70	16	170	56	56	180
74	81	134	81	134	81	134
85	59	30	124	129	77	93
46	124	46	28	46	155	28
67	72	67	123	74	72	72
42	42	9	90	112	42	112
97	97	178	80	178	178	97
103	182	115	76	155	24	174
51	81	164	81	148	51	51
107	107	107	114	120	120	120
43	40	43	43	40	172	40
117	117	161	170	161	170	37
151	130	19	172	27	27	100
120	61	61	61	120	147	120
19	27	60	60	43	159	109
72	91	11	72	158	63	182
39	39	157	23	157	135	23
12	121	92	82	156	17	20
42	56	42	57	64	78	50
22	186	133	22	88	108	84
131	79	125	60	145	111	164
45	45	160	160	160	45	138
52	87	12	87	87	52	58
53	114	13	53	13	13	53
99	165	186	165	186	165	186
20	51	87	7	87	7	87
76	189	76	140	26	85	190
75	149	85	85	75	142	149
78	91	78	71	78	91	91
24	24	79	24	105	79	79
60	170	58	157	157	41	171
104	90	104	45	45	104	45
79	33	79	41	79	41	41
25	44	37	37	25	68	44
55	28	28	63	160	63	55
188	188	32	130	130	188	130
10	95	34	149	161	67	90
63	22	22	63	22	63	146
164	62	41	123	41	123	164
74	26	26	113	74	74	26
50	24	24	30	138	88	130
117	117	49	49	49	117	114
184	32	184	184	32	32	71
114	129	130	87	132	17	129
61	31	61	61	131	65	31
87	153	115	105	190	163	87
27	176	98	110	37	184	169
16	157	57	78	71	78	132
29	109	18	119	124	29	69
15	74	99	126	173	107	130
21	21	109	123	21	123	123
10	10	87	87	10	126	148
73	17	73	17	17	73	119
10	159	117	117	80	117	159
70	111	46	28	26	70	103
113	18	76	123	180	46	148
119	111	132	149	47	81	137
46	163	119	119	84	163	163
115	63	38	109	185	115	65
37	125	50	127	127	10	17
145	61	155	61	155	61	30
115	104	143	57	115	60	88
21	42	157	87	144	145	21
45	45	86	86	33	45	86
183	23	165	165	23	23	165
164	166	164	166	166	164	119
175	175	111	65	54	178	49
66	108	6	52	108	108	66
147	148	150	77	47	148	144
80	53	120	110	53	44	42
142	183	185	142	142	185	185
133	42	66	43	66	133	42
51	51	51	171	171	164	171
36	36	36	145	10	10	10
146	97	33	71	146	122	83
23	77	90	51	14	115	151
84	84	76	84	76	76	68
33	15	15	15	33	131	33
164	64	152	86	34	152	179
155	118	128	118	116	56	121
81	20	158	90	76	172	172
74	115	74	115	152	74	115
141	118	47	128	51	23	49
139	128	179	47	73	155	179
43	53	92	92	53	92	53
128	33	128	90	33	33	128
77	88	77	139	139	139	77
181	141	118	42	144	60	80
72	111	168	146	144	90	128
52	104	65	45	52	45	65
122	62	25	37	133	79	79
31	31	133	180	111	18	188
89	81	117	132	117	189	181
81	23	81	81	23	23	187
76	96	137	24	129	78	76
152	78	82	137	150	95	74
163	47	161	163	47	98	161
28	76	133	106	25	37	154
184	93	176	176	176	184	184
93	153	120	118	118	120	93
185	132	58	132	147	154	137
82	150	82	185	185	185	82
175	102	150	165	126	46	68
76	112	112	112	128	76	93
30	138	139	51	113	45	138
124	31	43	43	124	43	124
137	87	87	75	75	51	51
119	119	92	92	92	156	119
79	72	34	18	18	67	33
114	123	165	76	76	76	114
128	128	19	161	161	128	161
100	83	127	127	134	97	117
90	148	148	32	90	114	32
104	43	171	63	94	147	171
66	66	94	146	146	146	66
179	18	100	92	84	60	153
120	94	120	11	150	130	65
61	24	128	83	59	101	128
158	131	158	158	131	131	134
42	26	26	26	42	42	45
43	24	24	43	161	161	77
167	158	117	148	153	24	148
116	126	28	19	71	25	22
161	161	155	155	161	43	161
180	116	107	67	179	94	67
33	33	33	183	183	183	61
81	63	40	60	19	114	175
68	151	93	93	93	132	131
49	136	125	26	26	136	75
53	149	53	53	149	137	125
171	174	150	94	94	51	93
45	182	45	102	53	157	102
81	85	180	144	159	71	150
190	175	68	145	187	28	101
116	111	116	180	119	111	180
58	134	83	44	154	51	66
127	155	123	123	135	127	127
8	51	16	51	8	155	8
165	178	175	187	126	71	175
59	21	94	94	150	94	59
14	78	77	66	101	96	133
105	63	42	53	77	180	53
160	117	104	30	19	41	30
45	57	36	36	24	45	45
150	146	150	146	150	128	146
173	91	170	77	190	173	17
162	132	26	35	178	42	178
77	133	34	77	133	77	133
28	130	129	59	28	34	131
188	19	52	19	128	78	111
57	46	132	28	128	59	169
60	110	106	106	106	60	60
22	22	139	22	139	100	139
141	141	76	76	141	76	143
52	59	52	24	59	28	28
109	109	54	109	11	11	11
32	97	11	32	32	97	97
123	14	123	123	14	14	133
60	26	17	134	161	161	34
133	134	83	39	73	73	129
154	9	7	130	130	130	154
39	189	164	160	160	160	172
102	138	175	166	175	102	138
85	179	47	10	21	174	38
188	152	110	188	33	145	181
165	15	165	121	55	184	71
118	120	120	121	167	167	118
133	34	35	133	35	34	129
167	88	167	167	78	88	88
145	53	39	90	145	39	39
17	165	180	180	17	26	26
121	14	121	140	121	140	140
86	159	99	174	174	86	99
119	109	98	130	110	73	179
94	167	94	131	38	94	38
120	120	25	120	25	25	97
114	112	31	114	112	114	112
59	59	71	59	178	71	71
162	56	129	162	52	52	129
87	170	120	160	87	87	120
125	126	67	176	137	86	86
95	80	110	29	169	105	174
18	50	99	108	50	99	115
181	13	181	163	101	105	118
41	121	19	41	41	121	121
32	50	27	106	106	10	107
141	120	77	120	83	120	77
169	165	74	129	109	11	74
124	19	119	77	79	146	146
143	154	49	27	37	72	72
162	36	157	69	73	119	119
175	175	107	107	35	47	35
117	76	87	117	87	87	117
188	100	168	52	124	93	99
98	113	158	32	32	113	98
33	33	33	131	131	131	170
62	43	113	32	75	58	111
138	138	39	22	100	110	144
12	12	14	12	118	118	118
33	164	117	117	51	164	51
151	18	147	50	71	180	141
21	162	172	185	143	185	172
58	42	104	129	129	90	130
74	64	129	83	14	168	146
25	131	93	187	187	173	65
170	30	170	170	60	170	60
70	60	31	144	60	144	70
156	67	105	144	52	121	126
128	55	146	143	143	111	190
163	189	163	157	163	189	189
76	88	88	88	77	77	77
40	100	19	19	40	40	19
44	123	7	7	6	6	7
64	14	79	144	79	14	14
111	29	37	62	151	27	180
156	173	41	149	33	84	187
185	173	31	173	115	72	38
67	10	67	151	151	151	67
141	124	141	124	131	124	141
71	74	71	71	74	74	82
59	24	59	59	31	31	31
52	52	52	90	79	79	79
135	135	71	71	135	71	161
66	109	66	11	114	11	11
137	107	141	55	25	25	53
145	21	64	64	145	145	64
25	50	173	50	50	25	25
30	174	116	116	107	156	120
11	162	162	11	11	17	162
95	35	148	95	119	127	61
110	49	190	135	161	100	170
101	78	78	101	184	78	101
119	27	15	177	27	92	13
47	142	142	142	82	20	47
184	39	39	116	116	116	39
15	64	64	64	144	131	172
150	40	161	58	145	91	150
92	138	138	140	140	140	138
118	69	176	12	30	121	28
160	167	61	19	153	77	33
119	118	17	119	89	151	117
109	46	72	108	72	131	72
122	84	36	84	12	140	149
93	93	44	145	157	157	157
102	102	17	152	154	188	65
98	144	98	56	35	122	176
104	156	23	123	40	139	156
178	100	178	50	11	61	178
132	93	100	126	152	156	11
117	30	117	117	30	96	30
23	66	123	89	23	123	89
19	11	11	116	43	154	19
22	111	143	143	161	18	132
38	107	158	75	154	85	141
129	129	156	168	129	156	156
86	86	129	72	172	129	172
146	146	23	23	23	159	114
34	159	145	145	159	159	145
54	99	171	115	23	104	89
128	128	159	159	128	159	165
65	113	43	113	113	43	43
30	173	30	173	30	173	125
12	98	118	21	171	180	118
140	29	140	150	147	103	28
154	179	158	38	179	38	158
71	114	34	34	122	54	69
133	64	133	31	31	133	31
107	102	151	32	31	67	107
83	147	158	20	156	147	39
53	88	53	111	88	53	88
122	141	57	55	76	76	178
154	146	61	72	138	87	61
77	78	109	101	117	65	109
151	116	111	151	116	151	116
144	123	91	144	53	104	98
79	142	115	115	79	14	115
101	109	101	50	101	109	109
168	64	65	65	171	177	81
117	52	117	52	52	117	48
144	138	45	45	144	49	49
147	77	34	96	141	59	100
89	89	123	41	41	89	110
44	58	176	63	162	22	63
93	98	93	93	60	60	60
186	55	123	141	186	186	134
71	139	78	188	72	51	164
63	15	135	15	63	15	63
108	17	108	17	17	20	108
118	51	118	104	68	104	68
72	72	72	19	128	19	19
173	49	168	61	166	166	51
86	74	107	107	86	107	86
67	100	67	108	41	108	67
180	162	118	117	75	49	169
172	156	189	81	112	64	139
95	188	82	95	188	95	188
93	128	128	93	93	128	61
172	113	189	189	172	189	172
112	157	167	112	112	157	157
133	129	133	129	109	163	135
132	51	42	156	183	113	110
123	138	138	123	138	136	123
147	13	13	16	44	160	130
170	61	83	54	97	134	109
150	152	152	28	150	152	150
87	47	130	180	35	87	130
150	140	36	114	140	140	114
23	126	126	126	23	23	101
13	36	13	183	183	183	13
119	177	72	177	175	72	119
58	154	176	130	175	101	101
105	111	105	167	167	167	105
27	131	137	126	59	54	59
99	96	44	96	44	99	60
104	177	67	54	23	36	178
130	112	56	94	32	28	28
22	138	44	50	167	116	22
23	28	88	44	104	96	100
38	38	156	156	144	156	38
52	52	75	91	31	111	154
151	24	151	77	117	73	152
153	172	43	29	165	124	14
55	120	55	116	120	55	120
180	73	166	156	178	178	140
28	130	28	19	69	28	130
67	96	149	67	149	149	67
25	115	146	30	86	30	17
180	94	182	106	179	87	122
181	84	84	181	142	181	84
103	184	50	68	130	95	184
152	38	165	97	70	172	179
160	140	160	140	112	160	166
45	120	45	172	70	120	70
41	65	187	41	41	187	187
190	80	70	86	82	23	83
158	173	188	173	158	158	173
133	114	133	122	21	145	147
21	21	43	149	32	174	78
169	57	169	57	28	169	57
45	45	25	25	25	45	115
174	141	79	141	174	174	141
174	26	56	179	81	174	160
46	91	46	145	46	74	145
86	178	86	10	10	93	117
85	85	112	12	121	185	186
159	20	159	119	154	119	20
56	93	41	93	41	93	41
59	35	47	133	34	88	59
55	9	9	18	40	18	18
178	178	81	27	99	81	99
85	73	48	12	48	82	117
59	178	87	55	126	55	87
33	190	100	105	116	100	105
104	106	37	164	104	106	106
114	25	114	120	114	157	25
153	137	54	153	77	90	122
186	101	101	83	83	83	101
143	143	143	21	18	18	18
102	132	27	38	143	69	18
24	20	97	20	20	97	97
13	13	20	20	13	163	20
117	103	52	103	103	74	74
57	91	12	127	57	66	104
159	48	67	67	80	33	120
123	123	31	66	31	66	66
36	176	92	26	60	124	38
18	37	122	37	104	104	104
139	75	75	139	139	109	75
41	118	86	119	120	137	149
77	59	27	27	27	112	77
65	161	18	127	82	134	96
134	64	111	178	73	136	177
118	152	163	49	55	138	118
75	91	91	95	91	95	95
55	78	81	151	162	90	55
12	65	66	48	134	69	31
130	66	66	130	83	130	66
10	12	152	44	142	43	106
141	128	167	110	167	167	151
86	31	125	125	187	34	53
160	184	115	160	160	115	115
119	55	68	132	54	69	55
129	31	69	105	157	157	166
137	33	121	86	137	33	86
16	92	40	158	23	87	87
75	76	172	83	118	118	27
88	70	70	70	35	35	35
109	176	141	144	104	114	10
112	114	57	138	57	114	138
14	84	13	189	14	133	97
68	52	166	77	77	52	52
85	78	64	84	110	126	85
119	156	19	190	46	12	163
38	11	71	138	113	155	112
17	33	17	163	163	163	17
75	58	58	154	109	83	14
135	141	27	178	83	106	83
126	155	37	10	81	107	150
26	124	26	26	124	20	124
30	27	30	20	30	27	27
131	173	172	131	131	172	172
85	121	175	121	29	91	52
34	141	34	86	22	175	25
106	88	79	188	112	128	163
79	79	15	15	15	169	163
58	132	132	57	58	132	58
144	29	75	43	81	72	171
50	95	160	167	23	61	31
42	118	118	141	159	28	62
107	33	74	74	59	33	33
38	119	38	119	38	119	36
125	67	86	125	125	67	67
162	93	177	11	58	67	114
99	79	144	113	78	118	113
164	164	49	110	78	110	49
15	58	153	15	74	159	190
57	84	72	106	180	161	134
57	97	39	57	179	176	155
53	44	62	77	84	20	71
33	113	90	150	122	152	22
40	157	71	77	100	188	67
189	189	158	123	123	189	123
116	134	41	156	175	80	55
90	69	36	69	69	41	90
146	167	127	169	127	146	167
152	141	30	76	152	184	131
182	72	51	171	34	171	99
14	52	14	52	52	14	56
22	162	93	93	162	93	162
110	22	110	15	110	22	22
180	112	49	88	122	88	99
28	82	28	10	10	10	80
161	151	151	94	40	151	146
11	86	43	43	86	114	86
105	59	82	59	105	121	105
71	159	54	102	30	81	58
186	92	105	77	156	179	105
78	32	82	27	184	174	19
58	97	93	37	70	93	78
11	11	27	27	27	167	11
151	151	151	157	86	157	157
13	130	13	136	136	13	136
140	152	39	81	167	128	15
159	41	22	41	102	36	106
53	166	165	53	53	8	166
149	149	181	149	163	181	181
116	148	116	148	85	116	148
125	96	32	96	129	12	189
36	63	80	171	25	116	187
138	164	157	133	104	133	138
146	155	117	155	117	117	155
118	118	80	49	32	11	169
122	86	167	86	90	122	90
141	91	139	91	37	115	86
179	179	35	35	179	35	166
174	80	166	77	16	29	172
143	66	42	66	42	42	66
174	103	130	22	174	130	103
182	84	84	19	19	19	84
150	154	24	115	128	115	89
105	123	123	105	123	169	85
104	35	12	133	76	171	12
146	129	51	101	49	129	108
137	144	161	135	135	159	157
119	81	179	154	160	81	80
87	10	140	78	101	148	87
83	83	161	83	161	129	161
120	43	19	142	169	91	120
147	24	93	85	85	152	30
143	92	92	92	93	143	143
80	57	74	62	20	141	20
30	33	184	39	168	184	41
42	163	42	42	179	179	179
157	188	48	75	31	157	44
68	91	68	68	98	91	91
91	94	17	105	66	17	39
15	81	87	15	15	87	87
47	47	81	180	180	175	175
51	63	130	20	180	150	10
93	136	174	13	175	123	92
178	106	120	24	139	64	11
86	160	86	178	160	86	160
80	39	87	80	80	54	84
17	90	41	104	104	41	90
86	86	90	86	90	161	90
174	124	165	165	139	156	176
21	145	11	11	145	145	11
31	28	47	128	41	64	20
102	121	111	26	26	180	61
51	161	68	161	161	51	51
41	84	83	153	153	65	163
48	174	48	63	63	185	143
137	83	32	32	126	52	120
120	39	174	58	27	120	144
115	37	115	16	37	115	37
144	22	70	70	22	22	70
78	5	5	143	143	92	143
157	105	144	146	117	48	90
66	98	14	76	104	52	171
46	99	61	46	111	61	46
27	107	139	171	27	25	127
145	143	145	140	143	143	128
182	18	47	128	151	128	187
170	103	122	170	103	47	122
146	117	25	68	39	115	42
13	119	179	13	134	110	58
164	109	59	164	60	164	174
133	148	148	133	158	99	99
138	47	107	108	138	104	105
122	35	110	122	150	156	172
116	44	187	187	103	44	106
128	77	27	53	128	124	77
21	47	175	21	47	21	47
94	15	168	168	86	86	94
24	142	33	29	142	135	47
153	153	47	47	153	99	47
23	50	165	148	156	105	64
50	22	22	53	22	53	157
74	12	144	70	184	182	128
26	55	26	26	55	55	179
84	84	70	112	112	48	70
163	101	43	49	77	11	26
101	80	48	139	187	119	60
93	77	89	95	95	23	151
120	57	94	57	71	120	94
74	74	145	146	189	77	62
42	160	160	42	42	160	82
130	53	130	71	130	71	71
10	10	61	61	10	61	106
34	34	25	34	57	140	140
78	92	92	39	39	39	92
70	179	179	58	168	173	124
121	151	151	167	167	167	153
149	96	84	138	164	149	38
146	152	106	162	97	85	169
161	67	183	93	155	17	89
60	110	95	36	60	145	61
137	93	53	116	101	33	23
96	71	149	164	138	112	114
123	123	68	145	81	163	65
79	123	123	123	88	88	88
10	74	106	84	111	64	64
163	101	163	36	181	171	39
140	129	33	186	64	71	44
112	66	168	79	35	11	88
188	188	30	30	30	156	188
111	25	111	111	25	64	25
129	63	188	17	143	93	24
74	32	42	175	145	140	104
67	82	188	128	58	128	129
22	128	124	128	128	124	124
109	37	174	36	93	27	133
28	130	61	141	74	66	141
165	85	127	165	165	127	143
91	127	152	106	173	91	77
126	126	170	67	141	141	170
107	64	29	29	146	63	179
72	23	188	96	144	23	157
163	163	163	175	32	32	32
44	44	166	166	39	173	173
185	66	168	67	25	101	101
86	86	11	11	170	47	11
148	34	47	18	18	131	103
49	84	84	175	17	180	35
125	95	153	50	189	153	114
175	181	175	175	172	181	181
141	52	17	70	157	15	136
125	79	79	188	125	79	125
105	105	91	91	107	107	72
16	168	69	175	66	41	136
97	16	97	136	97	16	16
15	60	12	33	89	89	23
148	32	18	148	18	18	148
81	17	91	160	165	159	73
19	21	110	110	19	19	110
132	50	40	156	10	50	60
170	170	145	145	145	170	42
158	157	55	38	90	55	124
86	144	90	34	183	88	34
148	24	153	83	22	52	178
11	11	80	80	18	80	11
44	44	109	103	103	109	153
35	140	109	35	87	66	81
71	136	190	137	127	128	158
159	99	97	96	150	55	175
61	22	61	61	58	22	22
24	157	128	180	36	166	21
138	27	27	138	138	27	21
87	161	52	57	85	57	62
83	83	181	62	62	62	83
27	123	11	27	80	123	123
157	115	115	41	115	41	41
147	105	52	24	186	95	147
45	45	23	133	23	152	152
145	145	119	154	145	154	154
149	149	59	25	25	25	149
189	149	147	32	77	62	62
159	148	112	142	142	132	167
71	127	127	114	127	76	48
14	14	115	101	14	101	101
46	163	163	46	163	46	68
150	150	150	156	156	156	156
16	16	157	132	16	157	157
54	42	54	36	119	178	178
158	166	125	151	128	168	166
47	70	47	122	47	122	70
169	92	148	148	148	118	92
185	98	22	22	22	20	19
58	153	157	43	114	58	72
35	35	146	173	135	91	126
52	42	182	190	186	155	186
154	118	149	149	149	154	154
78	112	7	152	112	112	78
58	133	125	133	14	113	77
126	39	68	121	74	103	158
28	67	56	118	67	87	23
53	189	106	22	146	106	67
59	131	69	59	69	68	68
190	20	42	157	88	157	120
127	180	127	113	143	113	180
120	53	78	93	44	135	74
35	50	49	49	50	49	50
107	92	135	111	184	32	26
177	138	33	17	35	15	15
31	122	85	31	85	85	31
149	82	103	82	103	82	103
159	53	78	53	53	78	78
13	110	18	18	18	110	110
65	130	101	65	65	101	101
129	20	165	35	78	133	27
136	71	132	179	93	57	136
127	25	98	127	25	25	127
53	172	49	136	172	49	53
19	12	120	179	151	171	24
156	149	156	156	140	149	149
16	16	134	34	134	134	16
36	31	19	135	43	49	144
144	144	38	38	99	38	144
131	166	12	19	39	109	156
143	148	148	150	143	148	143
165	76	32	98	76	172	59
159	151	65	176	176	182	40
11	171	57	17	56	40	149
53	21	53	21	91	21	53
35	123	103	120	102	123	63
53	122	118	168	122	118	122
14	141	188	125	58	155	185
40	167	47	167	40	73	47
159	77	112	112	112	170	83
22	23	79	23	116	22	116
57	171	86	181	181	119	89
28	28	68	182	28	182	182
12	12	166	166	6	12	138
177	168	132	117	133	132	63
87	183	183	90	122	161	97
101	179	179	101	101	170	179
48	55	57	88	88	48	88
87	17	115	17	148	108	86
104	170	96	38	70	174	170
157	71	71	71	157	157	186
58	39	136	138	138	39	58
174	17	174	106	37	75	32
29	33	21	103	151	141	111
53	159	24	145	169	115	159
154	59	72	154	72	154	72
58	58	29	104	104	58	104
145	145	145	143	94	94	91
26	93	64	156	181	37	129
90	84	38	179	93	168	38
47	37	90	163	37	90	47
80	143	80	143	143	80	35
42	63	42	138	63	42	63
23	131	92	10	170	17	188
185	10	94	185	94	185	94
86	86	83	83	86	42	83
92	92	79	84	84	92	84
152	87	50	177	175	57	124
82	189	186	75	29	29	48
20	72	72	57	135	81	101
33	108	33	13	104	33	13
39	147	170	185	155	147	58
87	101	163	23	32	98	32
172	18	82	162	173	184	160
151	189	181	42	149	74	177
12	12	126	12	126	77	126
156	114	43	71	85	163	132
17	169	78	17	78	17	78
164	87	62	33	155	103	164
108	132	132	94	94	108	152
10	94	10	55	55	55	10
178	175	178	167	42	128	10
91	91	108	108	91	150	108
25	142	116	101	25	90	150
131	91	131	190	131	91	91
93	42	108	25	68	10	98
52	52	119	116	52	119	157
112	137	112	11	137	137	129
54	150	150	150	111	111	111
89	133	62	62	89	89	152
109	73	71	15	88	71	126
64	148	158	158	64	134	158
97	102	163	97	61	61	163
91	183	190	190	71	86	42
127	127	149	149	149	149	127
113	80	113	113	149	149	149
10	124	124	124	136	136	136
85	148	77	85	148	85	148
161	125	125	142	146	187	141
61	19	169	144	138	138	168
65	19	84	65	84	18	84
108	108	113	113	37	108	113
107	154	154	46	132	46	107
32	132	32	32	44	132	132
25	33	84	169	25	62	94
184	184	96	99	96	116	119
117	143	128	140	42	174	174
161	57	58	96	57	57	58
40	40	10	40	179	179	179
151	179	176	79	72	92	151
189	59	121	113	121	131	107
47	184	77	48	15	47	165
120	184	108	163	131	127	103
182	152	149	149	98	22	64
122	147	122	122	147	55	147
126	24	24	32	32	24	32
128	128	152	178	152	178	45
19	10	27	53	27	27	19
180	99	22	84	22	169	54
23	51	126	51	126	126	51
176	139	139	42	42	139	42
184	129	107	91	129	15	140
175	102	54	182	33	76	32
12	108	12	66	117	163	159
169	169	64	169	14	64	64
35	94	94	94	35	38	35
86	133	148	86	169	133	86
155	116	29	21	101	105	26
183	189	122	189	121	77	31
94	100	147	160	157	56	115
32	35	32	111	35	32	35
13	161	71	71	161	161	71
62	173	62	60	62	173	173
39	161	100	62	35	39	69
170	136	37	42	92	136	183
93	106	121	93	14	59	40
171	10	49	171	77	38	77
34	84	126	84	126	126	84
139	139	170	114	170	170	94
146	172	42	172	42	149	146
147	33	52	33	17	52	147
187	169	23	80	23	118	187
128	98	98	128	94	98	128
58	63	107	107	168	58	107
16	113	36	16	37	37	36
121	27	121	93	98	28	96
15	62	181	181	62	181	62
178	111	160	161	160	178	161
91	27	29	142	107	179	129
48	124	151	29	124	115	78
167	43	26	167	68	43	26
159	58	65	41	101	143	58
178	185	173	130	33	33	42
164	73	171	35	35	14	185
166	166	97	166	97	97	171
67	102	156	163	113	102	148
95	13	13	95	127	95	13
86	105	78	105	86	71	78
21	112	112	21	112	21	146
108	108	108	163	76	76	76
155	33	153	33	46	14	97
159	46	46	35	35	35	46
129	160	74	27	129	19	126
22	22	108	132	22	26	132
100	100	108	108	32	100	26
43	61	97	61	100	43	100
36	100	15	36	36	100	31
70	12	182	20	98	173	19
76	59	105	177	177	82	122
164	12	140	177	116	154	177
69	12	12	73	69	12	69
27	27	93	27	27	93	93
180	34	183	139	14	34	182
87	134	131	131	24	110	102
130	97	97	103	33	14	22
41	41	41	151	142	142	142
48	135	135	48	135	121	48
103	26	19	166	116	103	59
160	40	68	166	143	160	72
79	149	118	166	93	78	67
134	64	134	111	68	68	111
11	11	11	11	102	102	102
90	56	48	114	90	116	33
99	167	100	148	148	150	76
148	85	181	121	20	113	85
119	117	188	70	52	52	67
151	104	129	90	23	134	20
20	61	131	20	20	131	131
129	58	105	78	178	78	87
129	43	43	150	150	35	129
122	141	84	160	84	74	129
46	175	40	145	89	40	135
129	161	34	129	161	77	34
90	106	92	37	138	90	88
105	16	87	163	181	87	113
81	81	121	26	26	26	81
84	159	59	141	22	57	37
61	61	61	152	132	152	62
100	77	100	149	100	77	110
93	107	121	16	164	112	77
164	164	164	87	134	134	134
65	65	30	62	65	30	30
83	16	19	137	83	137	19
183	164	129	33	129	23	128
93	93	20	20	20	65	93
68	49	15	137	137	37	57
143	171	171	92	163	188	144
57	86	47	189	10	79	125
146	170	144	125	56	133	36
56	171	56	27	27	27	56
134	25	187	48	170	68	26
142	166	180	44	142	91	11
74	19	54	153	80	126	153
93	68	68	16	16	162	93
143	52	174	111	174	74	82
94	156	94	133	18	104	58
42	135	135	74	145	74	14
18	115	76	115	18	76	138
188	35	174	65	117	16	16
177	183	183	183	119	119	119
142	81	133	14	189	180	130
138	73	92	172	19	126	143
111	33	33	33	111	111	94
159	150	81	171	150	158	28
134	184	174	146	134	117	57
142	142	52	67	52	51	52
86	120	177	19	176	135	65
163	145	140	140	145	140	145
152	152	61	152	132	132	132
13	97	100	89	89	41	52
83	144	144	123	123	123	144
52	18	181	10	120	18	72
18	105	112	170	112	68	98
157	138	108	51	49	143	90
96	96	96	13	95	13	13
26	32	14	25	107	142	150
19	164	103	164	19	19	152
100	141	139	110	80	149	178
169	80	85	169	72	72	85
171	23	170	170	170	171	171
149	147	68	173	157	99	184
52	157	58	157	143	58	58
157	150	171	170	145	157	154
100	170	182	182	170	170	182
165	25	105	165	141	165	141
72	153	34	117	34	34	117
29	29	29	89	78	78	169
110	117	161	117	48	148	137
136	155	113	136	124	113	155
148	38	43	43	117	77	134
87	87	82	88	88	88	87
36	65	134	65	115	115	36
35	24	137	35	137	137	35
92	93	109	58	14	92	16
20	153	20	168	94	184	153
109	109	55	65	55	55	109
34	92	92	34	34	92	62
88	75	150	83	87	88	179
138	108	101	108	138	139	101
105	172	172	105	119	119	29
163	148	134	163	122	134	148
67	141	67	141	67	141	87
168	27	169	168	168	169	22
74	17	87	74	137	137	137
148	180	180	180	148	46	148
139	15	142	142	85	85	142
50	69	141	69	69	141	141
61	77	61	77	61	77	153
106	77	106	106	77	77	162
115	22	94	28	22	28	28
47	28	28	28	47	135	47
63	21	21	79	43	109	21
146	53	108	53	53	146	146
82	172	36	126	125	45	148
132	38	118	152	38	39	161
158	46	158	46	154	154	43
106	106	71	109	92	180	68
113	179	143	179	58	89	144
48	84	48	79	48	79	79
106	106	47	107	69	69	47
97	71	147	54	23	71	139
47	123	26	26	123	26	123
103	174	174	103	118	118	58
58	70	54	70	51	58	54
116	37	88	88	116	116	88
42	106	151	153	42	106	153
132	12	95	146	139	111	55
12	60	12	62	62	12	62
11	182	115	18	43	11	18
67	33	33	146	140	146	33
49	49	100	100	161	66	66
45	57	45	98	107	98	98
39	39	32	32	39	140	32
54	13	64	54	145	86	111
143	54	128	54	128	54	128
160	189	139	139	189	29	19
156	156	91	34	113	34	156
125	125	45	179	179	125	179
69	70	65	47	102	79	45
29	46	29	46	46	29	30
136	185	130	144	93	13	187
55	116	14	30	156	91	172
100	180	178	126	180	172	173
144	30	60	81	81	144	30
58	141	141	20	16	162	13
160	116	116	84	84	116	84
31	139	25	77	25	71	112
25	141	151	123	151	190	169
149	10	100	178	153	178	54
95	181	19	121	141	77	101
49	56	165	43	135	43	149
104	133	95	112	26	71	26
42	160	107	107	160	107	160
173	111	162	139	40	64	121
119	82	52	119	119	52	52
11	146	175	155	11	22	98
141	141	146	141	82	146	146
37	110	84	26	159	174	159
29	145	173	180	131	99	169
166	163	100	182	186	25	12
128	128	73	73	128	185	73
24	101	140	112	101	50	188
173	34	96	32	109	70	95
162	53	90	106	37	117	37
16	16	57	57	57	104	16
45	47	86	71	11	35	35
143	80	30	125	46	160	20
184	85	181	39	54	77	85
44	128	107	107	128	107	128
154	15	80	172	167	138	102
163	163	153	169	17	163	134
115	20	81	40	11	31	72
162	128	32	151	103	105	151
117	29	52	163	119	26	117
84	151	96	65	115	166	168
184	26	100	101	43	24	88
119	99	158	158	15	24	106
149	105	105	105	51	149	149
110	110	79	110	142	79	79
103	24	128	117	175	117	33
42	179	77	157	172	40	177
121	179	121	132	179	132	18
149	119	50	135	18	44	49
118	146	84	113	37	142	60
90	185	126	145	61	113	164
96	44	119	113	113	113	44
34	127	30	176	88	13	63
109	169	84	132	91	25	169
75	75	115	66	18	18	18
145	145	140	140	145	140	129
121	112	112	121	112	121	100
169	169	20	30	99	169	96
63	63	47	47	63	58	47
7	45	138	100	45	138	45
122	40	60	71	149	19	145
81	34	81	34	82	34	81
141	69	58	141	69	69	141
19	63	71	76	71	144	60
73	126	98	82	46	113	82
165	122	47	47	165	77	122
166	113	78	148	176	109	162
62	62	52	69	69	69	69
57	171	159	171	69	175	130
72	58	75	61	59	72	87
52	65	190	190	190	65	65
40	44	110	81	81	45	123
24	25	67	25	24	25	24
100	171	180	100	147	180	171
188	188	50	166	166	188	166
116	178	137	149	31	120	90
29	152	29	74	29	152	158
111	145	111	168	145	166	111
154	34	96	45	32	34	33
163	16	58	92	161	42	162
110	42	118	150	122	11	113
105	23	23	43	43	23	43
25	169	169	25	25	175	169
132	167	55	100	32	73	134
168	177	168	101	151	177	151
173	174	38	155	147	41	173
57	57	57	150	161	161	161
109	109	42	42	42	142	109
22	22	114	66	114	66	176
22	78	120	22	95	78	78
157	14	157	36	130	130	157
60	174	121	124	184	32	37
52	66	131	114	172	66	114
180	135	180	166	135	135	180
56	185	121	93	92	184	165
179	45	49	45	171	171	179
121	169	121	61	61	21	21
67	104	67	104	67	177	104
144	165	165	120	133	120	144
30	109	109	31	126	30	126
128	88	179	88	88	128	128
23	18	23	18	18	23	84
69	88	41	19	169	88	79
116	76	116	61	76	116	76
55	26	26	128	128	38	128
66	42	66	42	151	147	42
33	179	36	33	50	99	119
25	65	65	107	65	25	25
13	93	93	84	93	13	13
58	58	58	164	24	24	24
47	62	43	158	43	62	47
134	134	159	86	86	83	83
40	36	132	71	36	71	71
37	85	186	71	96	170	174
145	145	152	145	152	179	152
54	155	154	15	32	54	108
34	140	38	143	154	140	91
111	126	111	23	77	66	95
28	28	88	28	88	88	24
65	81	81	184	88	47	63
175	15	140	140	15	15	140
40	17	17	40	17	83	40
87	156	122	106	111	39	23
45	13	11	76	76	11	76
139	139	139	11	104	11	11
114	67	154	57	110	57	40
31	45	95	88	10	70	88
68	134	40	60	134	134	59
142	88	88	121	75	91	121
96	96	84	99	100	83	83
159	123	104	35	141	124	35
89	11	11	11	143	143	143
53	117	159	53	159	117	50
90	48	114	14	86	138	114
141	180	54	30	54	180	30
171	25	70	109	97	137	171
30	89	89	30	175	137	137
60	43	60	19	131	19	43
149	59	21	45	71	88	13
144	29	45	45	111	111	144
22	109	158	22	109	109	158
82	155	105	171	103	136	14
94	72	20	64	42	171	141
160	101	160	101	160	101	77
68	68	61	61	57	68	61
48	75	75	134	134	75	134
95	40	95	40	95	40	95
56	156	156	171	148	149	86
10	10	150	117	105	117	10
15	84	159	75	15	167	71
144	110	150	129	163	163	101
92	137	13	145	133	189	92
120	46	98	153	46	152	57
40	72	14	99	80	80	122
51	100	51	114	100	100	51
132	80	90	159	138	154	138
66	66	120	120	120	132	66
90	163	163	84	160	160	84
79	99	117	63	117	99	125
96	190	139	101	69	54	101
154	170	131	115	38	101	23
136	116	107	104	157	17	163
46	177	173	51	140	137	43
126	100	188	123	105	57	164
190	169	169	22	190	169	190
155	47	155	23	23	92	47
6	5	5	5	75	75	66
71	20	20	20	71	71	86
180	160	160	160	180	39	180
87	104	54	100	45	104	124
18	18	70	54	171	171	70
150	63	53	53	63	63	53
116	101	175	101	175	101	175
31	166	166	110	110	110	166
111	62	12	111	111	62	62
176	150	176	34	146	150	146
43	131	132	134	122	122	32
172	176	167	158	99	132	172
16	18	18	16	18	16	124
63	19	129	19	63	19	63
87	141	141	26	162	74	152
152	151	164	121	81	34	164
123	22	43	188	139	49	96
103	148	172	134	172	184	111
82	143	145	32	143	143	145
28	76	28	100	114	168	94
80	80	64	64	92	80	64
87	87	104	74	66	104	66
65	71	65	84	84	84	65
120	74	185	69	122	94	153
108	149	108	101	140	149	101
175	59	153	181	145	59	69
128	170	128	23	170	128	170
185	144	49	16	132	92	49
83	148	26	118	148	14	46
73	95	95	67	73	67	73
169	169	129	169	117	117	157
125	125	41	178	178	178	125
14	150	47	150	150	47	47
52	79	76	135	119	135	186
36	170	36	68	170	170	36
163	136	41	99	75	33	121
145	85	69	145	172	38	132
142	142	94	94	51	142	94
20	47	171	51	120	180	120
47	162	151	117	28	162	122
66	89	75	89	89	68	66
16	155	104	16	16	104	132
41	41	99	74	41	99	99
15	140	105	40	40	105	15
131	63	132	131	80	72	31
171	173	145	62	90	120	98
29	94	29	94	21	21	40
56	49	63	56	147	56	26
126	85	190	92	60	140	122
29	50	58	158	66	50	150
82	82	12	55	12	12	82
48	48	48	73	17	73	73
73	33	73	72	33	55	55
48	139	48	132	48	132	132
161	138	141	91	141	146	36
185	179	88	179	88	179	88
31	147	31	175	175	31	175
112	35	112	101	101	112	101
121	121	38	179	121	23	83
156	175	88	156	74	88	74
171	110	18	160	112	91	160
94	88	86	56	81	33	94
34	26	92	187	60	150	29
25	127	25	103	103	160	103
55	107	143	182	185	139	28
121	78	129	178	121	102	19
172	98	172	151	175	175	98
33	61	69	76	50	93	50
161	177	161	79	130	124	66
153	134	166	166	134	70	134
130	42	87	93	120	93	151
90	186	124	112	163	126	97
151	123	99	17	151	17	17
97	104	95	95	59	59	104
142	18	38	186	38	52	170
167	118	179	99	14	109	122
57	185	128	164	157	55	133
159	101	159	159	62	101	101
115	171	98	98	171	171	98
29	28	115	80	148	14	17
46	46	115	138	115	44	115
186	114	10	41	49	168	40
189	160	114	132	119	38	146
120	89	126	120	83	190	101
144	51	96	14	65	162	174
115	65	115	115	116	127	116
137	181	25	62	85	68	11
21	146	39	103	21	39	39
37	119	77	109	122	131	54
125	125	49	61	125	61	61
70	59	178	129	55	59	13
145	165	75	117	13	91	109
146	98	12	47	91	106	91
160	157	107	16	133	133	61
105	12	27	80	105	143	25
164	124	164	164	85	124	124
11	17	139	114	157	137	17
84	124	57	167	135	61	124
53	51	138	56	12	43	110
82	106	85	50	50	44	50
65	175	112	112	168	44	40
141	37	37	141	141	48	37
24	24	52	57	146	146	57
130	190	88	68	189	172	162
39	175	175	39	166	104	166
133	184	33	181	30	140	68
38	88	38	53	88	88	38
107	11	111	16	178	15	60
147	113	134	134	180	94	67
98	98	98	40	113	40	40
23	23	170	153	170	23	170
111	111	62	135	21	62	21
46	147	46	147	147	26	46
97	18	92	18	105	18	105
65	18	149	18	65	18	65
36	86	186	149	186	155	158
22	132	168	132	143	136	62
154	154	142	154	133	142	142
52	159	86	30	162	22	92
150	91	49	118	72	107	46
66	89	59	66	89	166	66
167	133	62	166	132	166	145
63	128	128	151	63	76	63
142	142	177	81	177	81	157
44	44	61	61	166	166	72
44	129	129	40	44	129	44
147	38	66	147	157	106	77
148	122	122	148	148	122	125
80	182	132	182	80	182	80
71	92	140	140	15	125	175
72	60	179	72	60	60	72
102	102	133	38	133	169	133
43	48	52	171	115	164	171
95	156	95	76	58	76	156
106	164	101	164	101	101	164
111	45	118	176	32	69	32
66	182	160	167	171	125	66
76	163	116	76	76	116	116
12	186	16	29	79	25	19
135	163	26	26	63	48	63
172	172	172	166	62	166	166
71	20	118	20	85	129	71
38	13	164	149	17	140	140
79	118	79	79	28	28	28
30	30	179	30	179	179	176
171	33	61	126	130	96	55
150	9	150	9	11	150	79
23	84	106	108	11	156	84
136	166	36	24	153	125	153
155	50	21	155	50	50	155
86	181	152	185	100	180	13
37	12	23	12	123	123	12
57	184	63	23	93	117	75
93	93	49	93	30	49	120
156	86	86	154	86	156	41
50	167	11	86	12	45	137
60	37	37	60	60	37	18
121	161	72	161	113	113	121
35	35	109	84	109	35	109
63	65	65	53	63	63	65
157	157	131	134	134	157	134
11	149	11	11	149	149	27
73	147	88	51	28	172	97
183	21	44	57	27	44	113
86	116	108	65	63	12	50
148	148	77	20	77	148	77
184	113	164	109	155	96	112
157	145	123	171	149	145	126
109	133	97	22	82	38	106
151	180	156	151	166	166	180
57	170	45	130	142	90	57
149	149	149	117	72	72	72
163	50	152	152	141	79	175
49	18	85	140	106	106	120
76	132	132	76	76	132	86
141	58	118	141	141	59	59
172	62	126	10	10	32	44
44	79	29	51	103	111	139
109	40	40	109	40	109	159
143	143	46	46	143	46	18
62	183	34	97	71	79	79
26	133	30	30	167	133	133
166	22	90	30	114	183	123
162	162	106	121	67	121	106
108	136	79	87	10	21	87
65	162	131	91	150	79	149
162	162	162	21	162	21	21
43	131	43	56	82	142	30
53	161	56	23	125	81	56
149	149	149	159	149	15	15
103	77	36	62	77	11	169
111	54	88	138	179	167	72
103	31	146	31	146	146	31
22	20	20	20	67	22	22
83	145	67	124	145	162	84
147	88	100	129	147	147	134
122	102	27	59	151	111	111
156	29	72	39	142	29	32
131	48	99	187	82	69	131
40	40	66	66	40	66	120
148	142	177	124	139	61	69
116	158	158	96	111	96	116
132	22	186	54	177	177	110
50	78	92	31	31	78	31
89	15	36	74	72	74	21
153	107	135	107	76	76	76
116	42	173	116	42	42	116
22	35	175	155	26	130	130
101	86	46	110	29	46	145
134	89	90	139	69	103	107
171	92	135	166	69	166	29
42	141	109	67	78	190	141
35	33	33	128	160	70	97
90	35	179	123	17	123	35
106	128	28	31	128	183	82
64	64	107	107	107	112	64
60	114	147	147	124	124	114
172	160	127	172	172	127	127
63	35	59	59	134	63	63
164	52	183	169	27	154	183
66	66	126	46	126	66	126
78	187	78	78	187	187	78
23	151	101	23	176	176	101
170	43	138	170	53	53	138
42	122	122	96	42	96	95
95	131	131	95	95	108	131
86	150	17	17	104	59	149
106	126	158	106	126	144	158
134	37	134	29	37	37	134
28	57	38	173	57	38	173
180	173	66	121	99	102	51
159	145	145	145	59	159	159
25	114	114	171	114	25	25
177	102	145	84	60	57	84
116	116	12	62	73	116	12
187	34	134	87	68	146	44
18	84	24	165	114	25	190
103	45	166	45	166	103	47
112	82	112	71	71	82	71
156	51	89	33	61	69	89
128	166	128	140	34	166	166
139	108	108	139	108	162	139
110	89	168	168	141	110	141
26	22	85	74	57	85	55
90	120	119	154	119	95	183
97	153	15	11	49	151	179
170	22	170	119	125	61	17
117	58	151	58	151	20	117
60	16	78	149	175	188	12
33	167	167	167	33	33	116
39	74	74	39	39	26	116
64	178	175	118	156	56	118
63	34	139	30	49	148	17
43	121	148	187	42	16	174
61	139	56	138	65	164	61
27	27	70	130	158	20	62
51	14	51	14	41	64	51
184	99	95	95	99	95	99
134	134	78	78	78	134	110
139	133	181	181	133	133	181
93	93	60	60	60	93	123
113	73	94	94	113	73	113
17	169	169	148	169	150	148
166	55	38	154	99	136	38
39	141	141	150	148	129	112
11	99	11	121	121	121	11
93	93	151	151	93	44	151
112	113	112	53	113	94	53
40	40	137	137	40	137	164
26	165	103	120	26	103	165
142	82	82	95	32	32	142
77	41	128	141	48	73	41
50	148	107	62	55	33	162
56	14	29	154	154	102	34
131	110	17	110	45	45	17
78	85	118	72	102	85	52
29	97	26	130	81	26	135
44	44	156	8	156	105	156
81	81	144	170	169	144	144
20	49	184	59	91	30	49
64	148	64	64	148	148	64
30	187	174	137	102	102	19
150	150	150	168	168	66	168
98	87	130	137	25	25	190
41	128	27	105	65	83	41
179	25	15	131	180	180	11
31	38	31	122	122	31	122
46	30	30	62	130	46	62
67	141	18	18	141	147	18
66	15	26	78	66	53	122
150	112	23	150	104	104	185
119	52	144	52	119	165	144
162	162	164	14	164	79	164
33	84	33	84	163	33	5
109	168	100	109	81	96	129
79	163	154	141	141	154	79
39	39	39	70	70	86	125
149	27	98	149	98	27	118
30	23	30	172	172	30	172
26	104	71	71	60	60	104
106	121	51	183	51	10	18
16	161	22	112	166	118	166
177	161	62	161	161	177	177
120	116	174	102	155	143	86
58	18	29	37	131	77	142
167	138	167	167	138	72	83
20	178	20	41	97	100	185
158	87	21	38	76	21	167
92	106	24	136	92	106	106
180	45	54	157	33	164	45
78	185	105	92	175	17	79
38	170	170	38	69	38	170
155	153	189	20	100	18	155
150	107	190	128	97	132	134
118	118	126	126	109	131	126
183	84	167	73	183	131	158
42	57	42	41	57	37	41
68	122	170	170	102	122	68
172	146	172	162	157	28	37
144	144	84	69	69	144	69
153	150	186	113	17	111	113
158	158	59	158	77	77	77
43	182	137	73	103	137	54
146	170	126	170	97	114	177
167	15	119	41	41	70	96
161	8	14	8	127	8	127
86	128	113	113	102	113	86
150	44	110	42	110	110	150
130	97	130	13	130	97	97
37	72	52	37	52	37	52
107	115	98	47	119	101	160
46	138	177	98	98	146	45
41	138	138	176	141	185	60
168	102	39	23	102	94	132
127	97	127	34	37	104	84
106	53	95	61	91	91	138
117	115	117	155	40	155	40
148	148	20	136	103	103	20
97	175	175	32	32	175	32
67	69	69	67	124	67	69
86	79	145	145	79	79	145
50	50	182	16	71	92	64
59	143	74	59	143	56	62
46	152	83	15	152	15	83
160	160	126	160	109	109	109
175	169	158	184	12	175	152
120	70	159	164	71	115	163
25	100	25	112	112	13	112
116	48	45	48	45	15	15
35	35	35	148	122	148	148
147	144	179	190	182	167	52
183	183	183	43	176	43	43
95	90	133	17	95	95	133
24	8	8	8	24	162	155
36	36	86	36	63	63	63
182	60	54	60	182	169	93
127	20	52	52	127	52	127
36	15	15	36	15	36	133
33	179	79	46	152	122	185
25	66	30	66	66	30	30
133	15	133	33	33	33	133
59	30	19	30	123	159	161
139	106	159	28	90	87	45
21	94	166	21	166	21	166
49	50	124	49	49	124	20
79	23	114	120	79	120	156
98	40	108	106	110	12	98
179	107	118	179	118	179	118
29	28	153	129	120	111	82
108	97	109	74	123	108	74
114	146	14	174	85	188	49
73	141	166	136	73	43	140
68	113	138	113	155	68	138
110	108	48	48	110	48	110
40	59	40	20	166	59	20
11	11	144	144	144	11	190
162	121	166	162	121	166	57
129	129	166	166	129	166	33
41	126	126	41	150	41	126
55	167	41	120	114	167	95
65	65	170	65	88	170	170
58	16	27	117	27	117	117
190	174	190	174	190	174	70
88	91	105	86	127	163	147
63	40	157	29	125	143	143
170	163	179	77	179	31	120
189	70	107	21	135	109	42
75	133	134	75	75	134	134
170	174	174	174	170	170	128
22	22	74	165	74	74	22
181	103	103	103	126	126	126
188	45	122	140	71	140	154
147	147	64	64	64	146	147
177	119	105	156	11	177	64
120	38	51	51	176	10	94
61	95	95	148	148	95	148
64	47	64	47	47	132	64
43	72	45	43	45	97	43
112	148	85	49	167	29	167
119	34	34	119	34	43	119
126	157	66	137	126	137	157
124	170	38	81	24	177	166
91	121	91	121	91	89	91
28	114	39	78	117	23	78
58	63	135	172	180	49	13
143	148	165	100	143	88	106
81	81	150	172	138	150	88
102	38	124	60	27	65	124
46	71	17	24	124	17	85
132	42	40	187	58	164	40
101	143	143	137	137	143	137
83	83	46	46	83	51	46
152	16	16	86	164	86	86
153	153	153	128	128	190	128
162	153	78	62	134	62	185
120	60	26	26	60	120	178
184	35	168	66	68	177	114
22	11	125	12	17	38	38
63	156	172	63	172	63	172
156	47	47	70	70	70	47
49	96	160	96	156	160	156
84	17	42	17	28	28	42
70	70	30	30	166	70	30
105	103	19	25	143	94	94
180	90	173	99	81	83	31
48	88	45	78	45	185	64
10	128	142	142	128	147	128
164	184	75	62	87	64	62
34	104	54	54	110	85	104
86	188	36	36	137	152	66
62	62	127	127	62	87	127
115	115	140	35	19	140	35
97	97	36	119	36	36	97
111	38	67	111	97	114	163
86	86	55	86	39	134	55
136	40	41	27	36	19	119
108	108	83	83	115	108	83
79	166	83	8	166	79	79
151	26	126	130	130	165	144
23	23	23	121	11	11	11
77	23	19	58	160	85	87
145	145	28	115	57	111	69
90	175	83	144	118	113	113
37	152	115	152	131	34	151
16	68	84	16	84	16	84
88	122	48	122	122	101	50
102	56	55	138	102	138	55
179	133	133	33	109	55	37
144	34	65	34	96	65	34
118	118	83	35	118	35	35
185	122	66	94	118	32	78
15	15	122	122	41	111	15
151	106	145	127	113	105	91
45	136	136	41	45	45	136
53	130	53	14	53	14	14
96	80	83	164	80	164	83
83	99	78	102	59	60	60
143	143	151	143	151	151	45
18	37	94	160	58	94	141
188	185	185	185	188	162	188
13	68	13	8	13	80	68
123	123	146	32	76	123	32
88	27	40	99	88	172	57
143	64	153	143	130	147	133
118	84	84	107	157	157	84
18	70	167	189	174	108	167
147	147	62	113	62	21	21
71	85	85	132	81	85	71
117	51	135	159	136	53	159
117	121	121	121	117	117	30
21	77	178	185	11	140	154
66	38	123	102	67	110	56
12	75	129	79	103	79	95
174	101	101	53	98	125	116
50	50	36	184	118	103	167
125	125	135	74	34	148	82
156	104	23	23	104	23	104
162	162	162	186	188	188	188
122	170	20	185	100	164	105
164	47	109	47	164	47	39
71	168	71	168	71	168	46
37	180	190	166	22	135	37
27	73	65	73	100	100	100
36	159	21	21	38	21	36
190	42	111	24	74	119	35
37	21	21	125	125	37	24
107	58	176	134	86	66	58
41	108	30	147	41	30	41
132	76	76	186	186	76	186
54	183	25	35	178	54	44
81	105	105	70	44	147	137
169	125	125	21	131	21	169
103	115	171	42	184	103	54
146	146	146	30	108	108	108
13	81	65	35	130	13	147
115	124	58	173	122	46	58
89	77	53	89	14	131	147
167	109	140	87	17	175	22
71	135	182	30	135	137	50
61	160	18	166	120	160	179
176	136	116	90	142	123	171
142	164	164	98	28	115	188
37	36	123	123	37	73	73
42	104	100	126	112	112	103
157	31	129	157	48	157	129
153	153	153	60	95	95	95
18	72	72	18	18	72	37
38	38	92	188	95	50	173
150	150	29	161	29	168	168
53	125	53	25	25	53	25
155	161	161	164	161	155	155
144	144	144	151	151	102	151
174	80	135	135	174	135	174
190	187	187	189	189	187	189
10	94	94	147	10	94	10
22	33	17	17	49	17	22
80	43	34	152	41	80	136
18	72	27	18	18	72	72
153	169	169	85	85	169	107
109	104	140	29	125	140	121
52	138	99	185	99	173	30
141	141	136	176	54	54	176
87	40	88	40	88	88	40
67	18	175	58	69	52	111
100	63	166	56	166	65	142
142	39	155	117	155	117	39
50	118	102	158	14	23	102
42	75	138	16	43	20	62
50	55	68	24	100	24	38
136	106	91	91	24	37	67
111	108	174	134	111	108	174
160	53	50	40	156	37	14
116	44	116	78	161	70	128
34	18	18	57	18	34	34
139	14	139	14	139	14	96
151	82	94	142	92	174	166
87	14	70	87	14	14	87
188	186	115	39	89	147	62
75	75	131	131	132	131	75
29	29	29	112	190	112	112
84	145	107	145	45	145	107
72	142	64	142	45	53	126
76	93	76	112	28	101	83
78	183	183	78	78	51	183
118	43	118	149	149	41	149
55	92	55	136	59	80	18
49	49	117	44	24	151	163
150	160	11	153	78	76	129
117	185	104	98	185	59	169
140	164	26	173	91	25	91
121	159	153	113	176	124	95
25	91	27	91	27	91	27
61	142	142	37	61	61	142
47	85	178	125	151	103	40
46	46	132	46	44	132	151
21	19	19	133	21	21	19
138	58	127	166	58	92	91
88	62	123	49	88	81	132
130	56	175	170	100	44	87
139	44	49	44	49	44	49
154	26	43	153	46	46	120
41	42	53	42	35	35	41
65	128	102	30	87	48	102
152	163	132	163	152	132	18
171	25	47	31	47	87	92
186	56	177	177	177	186	186
189	68	97	186	54	122	122
11	188	51	188	11	188	11
65	52	52	52	111	111	111
38	38	161	34	38	161	161
127	64	21	52	21	52	52
45	177	45	45	74	177	177
89	122	139	99	99	130	119
97	71	114	152	180	97	93
98	143	147	147	143	143	147
51	107	76	51	136	66	185
127	29	10	129	175	175	134
28	127	127	28	127	149	28
101	79	101	79	15	101	79
130	132	132	25	130	132	130
135	22	135	61	22	135	167
10	74	53	84	84	145	48
92	92	120	61	61	92	61
18	176	121	176	54	54	18
29	29	24	142	29	24	24
145	23	145	23	145	23	76
72	141	72	72	164	141	26
12	135	115	148	73	73	62
113	20	147	147	20	20	147
142	22	22	12	24	145	117
190	188	146	188	190	188	190
164	31	97	45	152	104	45
32	65	138	123	145	27	65
72	173	51	76	73	17	96
98	98	69	73	73	11	98
92	117	187	187	131	115	25
62	27	37	68	27	118	43
119	29	87	14	87	156	127
83	161	161	161	59	59	59
133	155	24	26	132	189	91
123	159	23	145	85	20	169
90	136	105	136	50	136	90
117	138	138	128	73	81	29
103	69	172	23	60	20	153
74	74	168	72	81	178	55
133	133	130	20	130	20	115
55	30	30	55	106	106	144
137	126	126	126	66	137	137
53	32	58	32	159	127	45
31	154	31	154	31	154	125
86	86	159	159	159	187	86
71	89	71	135	24	26	125
158	55	81	88	60	89	75
138	152	95	60	181	111	20
14	10	10	10	145	145	145
61	61	158	11	11	61	11
165	27	145	145	138	141	26
68	93	100	41	93	119	11
188	58	119	179	168	119	143
137	88	91	88	124	28	37
91	30	30	30	91	70	91
162	63	38	38	22	157	11
166	166	104	104	166	104	42
104	104	133	37	37	37	104
25	25	25	69	69	69	51
78	118	179	53	30	23	78
126	56	22	98	149	126	137
47	178	64	126	16	177	11
93	173	173	65	173	65	65
89	17	73	151	113	89	40
155	30	167	46	157	104	151
85	82	142	85	69	131	77
110	48	48	48	60	110	110
26	116	134	134	26	51	51
78	39	114	108	39	147	45
45	81	96	112	95	117	95
170	64	119	118	162	14	59
55	158	158	38	158	55	55
147	147	31	118	118	17	118
78	147	78	78	66	12	147
91	106	91	106	15	106	91
50	60	110	154	110	74	92
70	80	93	70	130	65	45
173	70	107	136	53	175	168
63	116	63	63	71	71	71
131	131	26	179	189	186	108
167	167	31	167	31	142	105
46	162	19	138	154	169	19
44	25	159	15	159	132	186
50	120	59	120	130	130	50
100	162	80	167	126	188	85
160	14	14	167	165	160	14
43	43	49	110	49	110	142
17	17	131	17	17	17	17
139	65	65	65	114	114	114
107	108	107	108	107	119	108
36	170	36	143	107	107	170
72	72	99	165	165	86	86
125	22	22	118	22	125	125
161	161	9	9	161	24	62
30	23	30	62	23	30	23
184	40	68	127	38	106	40
90	166	20	20	35	166	35
85	37	139	181	58	163	94
34	109	34	115	115	115	34
107	165	146	67	107	67	146
24	64	62	110	12	103	103
112	90	65	77	179	77	109
62	149	107	138	138	62	62
108	69	78	190	111	130	69
92	31	183	144	25	65	62
14	19	22	19	14	19	58
64	153	165	59	64	93	86
127	82	65	163	151	163	71
168	118	160	17	17	17	160
67	42	30	42	67	42	67
146	178	182	170	65	50	146
57	187	98	145	108	65	72
111	97	190	62	49	94	190
26	26	33	57	103	60	185
29	77	42	135	145	72	58
143	186	143	57	70	99	84
148	115	18	78	148	78	78
171	171	164	36	171	164	164
143	67	67	106	106	67	106
26	14	14	26	26	48	14
161	28	23	23	21	23	161
83	16	16	117	117	117	16
74	69	154	28	38	103	103
55	141	55	100	153	153	100
114	15	58	99	19	81	68
46	64	46	46	64	181	64
150	150	65	150	124	65	65
65	123	145	72	65	13	57
84	175	22	181	175	99	160
70	43	22	43	43	70	165
19	80	26	81	148	81	121
140	105	84	94	91	186	91
28	47	28	126	23	97	120
105	152	138	90	106	46	89
66	132	74	68	131	68	12
162	158	158	40	162	56	56
31	135	45	45	45	135	135
15	104	33	69	111	45	81
161	108	134	75	60	23	53
67	67	179	179	67	26	179
73	164	73	166	160	164	166
130	131	130	82	131	96	82
151	44	151	68	49	151	44
190	13	134	146	51	160	145
142	33	51	180	164	164	30
183	83	162	187	40	60	179
76	34	91	76	138	117	28
121	121	21	95	21	121	21
63	77	117	63	122	122	63
145	190	190	25	125	53	14
127	127	177	127	85	85	85
141	10	183	10	183	183	10
107	124	152	142	33	115	64
154	188	19	48	19	141	141
153	153	153	46	32	46	46
161	163	102	103	81	163	163
158	80	80	141	37	85	131
83	109	91	83	109	83	109
188	183	51	81	122	51	140
39	88	181	84	102	13	88
79	79	79	123	123	123	98
29	59	42	146	81	171	142
130	130	157	62	130	157	157
56	56	82	56	112	82	82
81	151	107	81	103	78	42
154	53	79	154	28	176	182
123	134	104	104	39	39	134
92	92	101	150	101	92	6
100	45	56	144	13	89	144
71	115	115	94	115	71	71
160	19	128	62	190	16	16
34	34	40	20	79	40	79
103	20	103	22	20	22	18
129	129	75	66	129	75	75
149	149	15	139	60	38	100
77	75	15	137	158	30	185
20	24	13	13	84	186	104
43	169	163	176	89	173	48
17	149	125	138	177	177	43
72	67	127	72	72	127	127
189	31	132	28	175	22	28
165	55	116	165	60	60	55
81	107	81	170	70	35	154
134	27	135	129	42	183	135
118	80	174	167	167	114	90
93	10	10	119	119	26	10
115	111	113	111	154	154	115
116	112	116	170	161	116	170
173	173	82	54	144	51	51
139	88	141	139	77	141	77
120	159	83	153	114	29	70
24	176	46	176	46	176	46
11	81	18	81	81	18	18
172	65	182	25	52	188	161
161	161	161	161	116	161	161
54	136	23	136	136	54	54
75	118	148	56	72	179	75
10	155	25	188	82	72	117
18	39	138	117	184	115	167
38	55	99	38	99	80	55
36	33	47	166	30	30	150
109	155	133	22	70	171	145
49	148	57	10	148	55	10
38	12	173	185	55	55	134
139	182	44	182	139	182	139
131	131	123	20	92	20	123
171	116	188	94	143	141	171
166	129	132	166	36	132	129
53	53	19	50	50	50	53
93	21	93	93	93	93	93
158	45	165	112	158	73	92
155	155	155	181	181	46	181
47	47	178	88	178	178	47
73	175	140	97	45	186	73
138	34	161	138	54	34	161
33	163	136	186	161	136	147
19	86	19	19	49	49	49
26	165	26	26	20	165	165
142	87	142	179	87	179	38
128	124	17	124	156	124	156
125	125	45	129	45	125	55
152	166	78	105	112	148	45
104	27	64	151	163	151	170
162	37	162	118	162	37	37
76	183	112	66	63	72	181
122	122	122	121	121	121	180
145	57	145	116	116	145	116
97	182	182	97	182	97	166
168	159	163	159	27	168	159
159	37	152	75	159	126	161
85	85	114	114	118	85	114
152	180	180	28	49	112	12
136	56	66	136	61	90	13
35	52	159	102	152	102	119
127	177	163	103	103	70	26
90	45	90	45	49	90	45
25	38	25	38	38	32	25
24	152	61	12	80	136	61
182	32	182	32	182	67	32
114	83	114	83	83	153	114
136	52	95	59	136	136	52
43	162	100	100	43	100	43
83	81	10	18	97	129	34
188	188	12	12	188	95	12
10	10	84	10	159	84	84
84	20	20	73	73	149	84
89	113	113	84	84	89	168
139	120	120	139	107	78	78
45	123	87	45	123	123	45
109	152	45	62	127	45	14
16	176	112	16	112	176	65
92	92	78	95	95	78	57
102	141	102	42	150	42	141
70	16	64	70	70	64	64
187	14	166	40	148	54	19
107	137	107	107	137	137	92
46	41	13	182	55	121	147
33	33	178	114	114	33	114
54	71	174	71	152	54	174
135	172	81	79	70	98	49
147	147	42	147	42	42	69
7	87	7	7	87	36	157
17	46	70	10	17	115	164
26	150	66	124	81	141	60
69	12	45	12	12	69	69
61	173	163	148	32	104	61
95	87	127	75	32	134	113
19	19	19	54	54	54	107
68	68	68	97	20	41	97
141	156	125	44	22	129	84
83	70	11	83	83	11	11
67	127	127	152	88	153	92
71	12	71	62	62	62	77
32	120	18	99	178	156	188
114	92	45	143	21	119	84
107	107	53	53	169	32	169
116	82	67	116	116	82	82
53	94	138	23	23	23	94
56	142	142	56	81	56	142
59	20	73	85	85	103	115
163	175	27	106	163	89	31
50	32	130	14	14	130	91
154	154	25	25	25	162	154
181	69	181	69	69	83	181
10	79	10	79	40	79	10
123	123	15	15	15	22	123
77	138	115	115	138	115	138
181	101	93	21	99	190	99
138	48	26	149	29	86	14
92	111	92	92	111	38	80
11	14	150	157	131	151	162
147	82	147	32	127	99	50
47	19	147	47	147	47	147
105	55	145	80	104	56	167
89	43	43	89	67	43	89
10	13	40	25	13	162	84
104	11	27	134	115	43	33
156	162	87	58	168	11	99
77	77	137	40	40	77	40
164	167	146	186	55	131	180
72	82	72	82	90	64	82
121	38	121	82	121	38	38
177	99	99	47	47	99	47
126	40	149	94	67	78	128
88	81	81	48	81	88	88
168	25	112	158	88	63	65
24	101	32	105	117	50	117
162	71	71	144	102	71	162
99	108	164	67	88	76	31
101	62	101	126	126	101	126
149	113	119	149	113	19	113
58	116	61	21	116	61	21
24	135	28	15	85	101	118
168	188	59	84	59	62	70
105	19	91	27	57	105	101
160	17	170	17	160	41	170
151	41	82	134	41	134	151
174	164	78	148	190	77	77
42	42	50	141	79	42	79
189	183	183	67	17	66	143
181	99	21	138	136	154	67
138	65	138	65	86	133	86
140	140	115	26	169	128	10
67	62	83	30	67	30	67
66	102	66	102	102	66	57
44	170	170	44	57	170	135
141	111	40	86	111	138	167
47	26	47	26	26	44	47
164	150	150	68	68	68	150
145	20	75	116	145	169	159
152	72	112	148	164	51	86
19	49	138	19	96	96	49
62	5	13	13	62	13	17
102	130	16	16	130	130	16
66	106	66	66	106	106	173
145	116	116	92	92	116	92
110	72	183	30	30	116	22
156	29	29	160	27	15	175
112	12	36	186	109	12	76
109	165	105	165	105	105	165
150	159	168	172	159	35	53
177	100	177	107	60	175	70
117	27	27	117	27	117	49
44	30	153	108	35	158	169
98	109	23	23	23	109	138
35	186	99	24	82	14	21
28	85	28	74	85	85	28
13	76	13	76	13	76	138
113	53	113	30	30	20	53
100	100	100	32	28	28	28
121	151	149	174	121	43	63
174	45	148	34	25	169	151
49	49	76	76	49	76	74
174	86	33	174	33	174	33
121	121	155	51	51	146	146
123	190	24	117	145	102	24
121	102	82	21	183	38	24
181	20	118	67	20	130	148
142	189	95	39	176	141	141
178	177	59	60	164	157	157
141	118	141	118	141	70	118
131	190	121	52	47	69	89
99	160	108	162	27	50	179
123	30	123	154	58	164	181
17	116	30	89	101	116	104
60	128	113	60	60	113	113
82	166	159	36	110	36	111
38	38	83	83	47	47	136
53	145	81	145	91	116	107
107	116	107	117	176	69	109
76	102	190	16	74	102	143
64	121	64	48	121	64	19
73	88	88	70	70	70	88
149	50	149	102	102	102	149
40	174	174	139	20	53	37
189	135	68	119	62	189	178
167	167	120	87	42	42	42
142	124	66	124	66	124	61
27	108	27	27	108	108	107
17	138	138	149	17	17	138
35	101	35	35	41	41	41
12	18	11	127	161	77	182
54	53	16	150	137	51	54
127	32	127	26	103	13	95
65	25	65	25	65	50	25
119	111	147	129	135	135	24
59	41	41	28	41	28	86
71	151	168	120	179	48	18
15	121	83	148	41	166	83
92	18	159	50	114	166	25
93	35	109	175	62	63	62
163	166	163	163	135	57	135
121	124	30	18	162	148	99
131	112	131	112	37	44	37
58	94	85	129	33	85	103
71	154	176	176	71	176	71
100	74	100	149	58	149	74
138	62	48	119	45	145	21
115	91	91	14	35	115	91
157	173	45	30	173	135	106
90	131	108	90	131	108	90
123	88	177	154	154	177	123
34	34	34	62	63	62	62
49	18	99	49	68	129	36
148	148	81	76	76	148	76
43	134	150	134	92	119	189
37	89	89	154	175	19	177
103	10	95	64	180	114	64
133	97	160	15	50	34	97
131	86	174	189	81	60	164
118	92	92	55	31	134	166
153	153	153	102	102	51	23
33	45	120	38	90	35	22
135	186	51	94	51	15	118
133	66	164	29	138	84	82
175	49	111	17	19	62	10
87	75	169	50	182	42	169
173	132	173	132	147	132	173
43	115	43	115	43	115	70
154	154	32	43	67	107	53
11	11	161	161	60	11	161
83	78	50	113	139	126	139
171	159	140	155	29	140	97
148	33	55	33	148	148	33
177	176	167	61	29	84	175
85	49	49	186	157	68	35
152	103	10	54	182	140	35
96	96	96	56	63	56	56
146	29	181	152	29	170	44
20	23	163	89	161	152	73
63	70	96	49	63	96	96
145	145	64	145	45	64	64
100	30	100	133	127	33	70
50	25	153	118	27	50	174
65	125	136	161	54	110	98
47	154	7	7	97	97	7
145	89	58	145	145	89	89
111	84	49	39	150	117	140
78	71	78	71	96	63	96
173	183	67	69	124	149	173
25	66	131	66	25	25	66
113	22	113	170	113	124	22
48	178	13	178	72	138	95
56	127	90	56	56	127	128
18	41	41	41	143	18	143
60	176	140	140	159	108	52
175	120	181	98	103	175	139
91	91	39	30	131	39	30
114	104	87	160	20	114	71
76	88	8	88	108	88	76
145	130	89	155	101	78	189
110	79	151	79	79	151	151
72	119	61	45	119	119	45
128	94	94	78	21	153	90
130	54	142	130	91	82	122
14	181	181	107	107	181	107
67	94	129	53	94	94	67
82	28	82	90	76	76	90
171	92	92	171	92	171	10
71	75	71	152	55	87	137
48	109	176	143	143	188	75
157	162	162	24	24	162	24
148	42	148	42	95	42	148
140	139	140	109	139	140	135
51	74	51	54	74	54	127
63	61	61	63	61	63	77
21	157	21	170	52	136	100
47	108	114	61	112	85	130
157	81	122	140	162	66	157
106	54	54	79	79	54	79
38	131	38	187	13	181	139
15	40	112	16	153	145	77
180	92	43	142	57	36	36
72	165	7	7	11	7	11
92	20	140	111	25	25	20
104	104	22	104	145	145	145
110	41	50	101	52	92	175
174	139	174	169	169	169	174
53	75	75	116	53	75	53
105	79	145	130	141	40	182
90	63	157	63	63	160	157
87	79	39	127	137	84	87
165	179	50	20	50	38	76
50	91	62	180	104	179	104
148	106	86	161	98	98	46
116	55	46	161	17	36	116
137	30	36	137	28	18	53
141	166	114	105	22	102	162
18	18	112	89	89	112	163
165	165	158	95	179	175	93
136	36	104	32	22	36	138
178	178	180	67	143	19	129
178	12	153	58	88	114	159
39	108	72	39	108	108	39
114	120	120	114	114	120	10
99	139	186	116	99	148	148
105	97	57	138	33	45	33
183	108	140	132	19	162	190
81	99	21	99	81	81	99
116	156	116	160	183	78	64
24	151	24	86	34	112	108
109	19	180	19	109	180	172
69	21	23	23	106	105	185
99	99	126	126	114	126	99
124	124	186	186	186	174	124
86	160	86	86	160	160	151
88	108	88	140	90	112	27
82	122	122	59	82	48	82
113	113	113	185	185	51	185
55	55	170	78	148	55	78
158	190	72	72	72	110	45
146	60	60	143	148	184	52
117	16	34	16	143	117	34
71	71	147	71	147	147	89
98	52	188	145	98	102	39
133	177	86	36	93	60	109
20	48	137	20	126	20	126
82	82	59	59	151	82	59
113	43	32	165	40	32	17
84	64	84	64	64	84	163
16	16	142	154	142	154	96
38	71	71	71	42	71	71
121	32	182	187	32	89	15
110	110	64	144	110	64	64
189	36	28	163	36	97	92
135	125	170	45	90	125	129
44	59	44	59	59	44	12
139	145	72	185	145	102	35
24	133	98	90	134	39	60
117	124	149	124	117	117	124
73	76	46	76	73	109	46
167	170	115	170	140	170	40
106	180	123	180	106	106	180
44	95	14	37	43	82	95
123	64	123	117	64	117	30
110	105	140	110	140	110	140
149	97	149	58	58	58	149
135	129	135	129	135	32	129
42	112	15	130	57	182	82
98	78	133	38	68	38	122
56	149	149	67	56	56	149
172	24	172	172	62	62	62
61	108	170	61	141	113	57
180	84	141	189	129	181	32
137	98	146	187	166	23	137
121	121	176	134	107	134	107
133	133	88	133	88	88	101
81	33	87	131	87	172	163
47	91	12	99	127	33	77
145	66	175	66	145	175	152
16	89	16	174	39	16	51
115	100	122	122	115	80	18
48	33	113	59	88	23	48
138	88	49	80	188	143	188
174	67	174	172	97	78	173
103	171	152	103	152	152	103
140	50	53	140	180	95	106
68	98	162	138	21	187	57
114	116	29	116	116	29	82
35	122	13	122	142	37	31
71	157	157	71	24	24	83
27	87	94	87	87	26	26
124	124	98	124	146	146	146
58	80	66	153	166	80	23
16	16	56	56	56	16	118
77	94	140	88	80	139	56
166	166	81	20	8	166	8
30	38	126	108	108	129	145
28	25	27	25	25	28	28
56	124	170	170	94	48	51
167	167	96	104	127	127	104
190	138	136	132	136	37	166
158	13	40	183	13	61	87
134	164	134	126	126	126	134
185	185	141	187	187	185	187
17	160	160	17	160	17	68
135	22	135	22	135	22	34
129	156	156	178	178	156	178
171	62	171	48	22	62	48
34	165	61	131	61	179	151
121	122	122	122	65	65	65
27	27	113	159	108	124	145
82	111	21	83	52	139	26
75	169	75	169	22	75	169
45	120	18	18	18	120	120
17	147	120	22	120	147	17
64	82	82	82	82	82	82
148	60	76	76	76	152	148
64	11	11	64	101	11	64
51	67	51	51	146	130	67
154	95	16	129	86	71	86
76	75	104	76	161	75	76
39	139	92	146	160	159	160
36	158	36	79	183	72	57
144	140	98	64	144	15	183
174	53	133	116	58	16	134
170	184	186	70	138	167	119
45	78	136	136	71	71	78
85	11	152	85	152	85	169
92	156	92	22	40	22	92
169	155	52	118	81	52	183
144	155	98	78	28	172	172
57	160	80	80	80	160	160
96	87	121	121	96	87	153
10	10	130	130	75	130	10
99	57	99	99	55	55	55
158	187	135	186	23	108	158
142	142	142	67	67	88	67
21	167	79	182	104	152	182
31	183	51	31	31	51	51
131	62	132	53	53	62	132
34	34	84	95	34	84	84
144	144	146	48	144	48	48
67	153	47	47	67	161	161
148	74	132	74	113	74	113
127	63	136	37	51	136	48
124	30	80	124	30	176	176
108	53	85	92	92	53	108
148	22	110	54	138	148	159
19	19	110	110	54	19	32
152	29	125	164	189	120	113
35	57	35	49	57	35	57
63	168	63	115	168	115	74
56	108	56	56	98	108	108
42	51	114	42	182	91	159
165	86	146	165	165	66	86
124	124	106	168	88	106	106
174	137	174	139	25	137	139
149	11	50	138	138	114	160
53	111	178	128	54	94	53
147	152	17	17	147	152	84
138	132	138	138	37	37	37
93	134	93	134	134	93	114
96	104	157	89	136	70	32
94	47	122	122	94	122	94
94	170	182	142	117	171	56
83	118	56	118	118	56	9
178	70	87	123	108	171	159
47	59	47	47	66	66	66
64	131	9	64	9	83	9
153	103	21	137	33	135	137
176	92	156	137	173	90	10
146	158	44	46	146	158	51
189	34	189	189	34	34	92
120	97	120	120	97	37	97
104	50	180	88	104	143	88
72	117	175	157	139	151	188
64	64	64	126	126	185	126
160	117	133	176	133	176	160
159	11	163	175	161	183	92
71	101	62	105	11	33	69
163	19	19	19	163	163	162
16	67	168	88	170	67	156
112	143	168	143	143	112	112
73	145	18	133	145	145	133
22	107	96	80	96	107	80
88	160	80	180	180	123	41
27	22	27	22	27	16	22
105	62	86	62	62	86	86
66	40	66	66	68	40	40
172	126	130	126	94	94	172
190	40	15	94	169	42	42
138	116	116	45	45	116	45
43	58	114	133	114	58	133
41	41	39	41	39	39	98
103	121	166	121	103	166	23
168	25	168	150	133	128	102
23	190	178	99	36	25	123
134	84	180	133	67	67	11
51	105	105	51	51	105	168
19	61	23	61	49	49	61
143	81	160	39	46	57	23
35	172	185	172	185	172	185
60	172	60	60	172	172	34
109	11	11	109	11	132	109
110	98	131	98	70	50	44
175	150	148	104	64	175	134
69	70	112	69	112	69	56
50	71	123	137	157	145	157
66	45	11	36	124	34	127
116	68	116	154	154	131	68
180	180	68	120	87	71	72
182	63	180	63	63	182	182
111	111	111	109	24	109	109
101	43	101	61	43	55	61
157	144	32	32	39	157	157
31	8	31	66	8	43	31
143	172	21	175	69	139	57
175	118	133	133	118	175	111
18	130	42	130	53	18	53
164	37	164	37	37	164	160
143	86	174	125	121	54	174
107	123	176	145	123	87	56
40	28	60	95	60	40	28
168	153	37	158	168	158	153
76	138	76	138	138	18	76
161	117	117	20	161	117	161
148	148	102	130	130	148	130
82	82	181	181	181	82	49
171	31	12	12	12	31	31
115	137	85	137	22	85	115
187	57	63	75	184	19	135
29	29	90	90	117	29	90
56	44	58	63	90	81	14
175	30	30	175	84	172	84
31	182	163	172	16	173	175
37	113	146	146	113	146	113
71	145	109	190	38	38	52
82	22	74	67	40	67	83
115	130	145	148	36	22	158
176	187	77	176	128	123	41
107	29	38	188	56	144	71
187	56	14	13	46	109	111
15	71	91	129	186	91	141
76	14	133	133	133	133	133
90	38	149	90	149	149	90
30	120	126	132	127	134	178
66	184	66	66	36	36	36
56	56	139	187	158	177	167
185	90	71	185	185	71	71
137	43	39	160	190	177	43
56	94	72	72	56	72	56
38	40	38	29	38	63	29
53	41	22	134	89	53	101
62	10	166	169	137	62	167
162	35	162	36	84	92	175
145	12	102	186	44	162	21
96	135	172	49	20	54	54
53	22	90	22	134	135	185
10	10	107	64	64	64	10
125	172	125	125	172	108	172
22	22	13	116	58	22	73
153	176	176	153	60	153	176
138	51	46	22	166	167	22
79	79	16	78	78	88	78
105	134	134	105	105	18	134
116	121	116	121	121	116	13
120	74	74	106	124	106	124
136	31	130	35	35	151	105
72	14	104	100	130	31	103
119	140	82	175	32	142	12
117	101	101	83	101	29	83
163	135	139	140	140	37	184
135	14	14	126	14	126	126
88	62	62	107	107	120	120
181	70	82	102	62	70	46
35	90	86	31	90	35	86
153	177	55	151	74	153	40
185	174	105	163	163	173	183
136	55	29	136	138	29	147
91	15	24	15	126	24	126
150	69	79	69	38	38	150
153	80	106	144	153	80	153
62	62	76	175	62	62	175
70	152	74	23	138	58	163
115	171	165	150	176	89	176
151	124	151	124	124	189	151
34	139	34	139	139	174	34
105	96	96	83	130	96	105
67	32	100	108	123	138	88
95	137	111	99	165	38	38
126	116	116	77	116	126	126
105	139	49	14	147	58	44
128	138	138	98	128	138	128
34	78	128	78	34	86	86
142	36	36	142	142	36	14
150	28	33	33	120	120	28
54	54	54	59	59	122	59
164	173	125	51	125	125	154
67	161	67	161	133	56	67
21	21	168	168	21	78	118
165	70	165	165	105	168	168
137	23	121	176	28	130	79
83	178	83	83	89	89	89
27	57	144	144	27	27	144
90	12	36	138	93	120	12
124	113	113	124	124	113	163
86	86	130	24	24	130	64
23	23	15	78	78	78	23
24	81	189	101	116	31	116
52	122	62	10	117	122	64
127	74	127	74	69	127	74
181	99	104	60	104	107	115
112	112	19	95	92	95	92
132	125	132	132	190	125	125
51	154	146	146	154	51	28
20	64	20	16	64	15	15
88	51	113	88	88	51	51
70	188	70	70	188	188	61
126	126	20	119	20	126	20
90	97	25	25	25	97	97
107	59	13	176	102	180	99
171	162	112	30	172	143	30
141	52	134	60	52	138	114
68	71	151	71	88	12	121
91	53	91	189	91	189	189
34	123	34	89	34	89	89
124	147	180	147	183	158	108
65	65	65	163	163	84	163
171	27	96	27	139	84	67
69	181	173	168	179	90	46
162	162	111	69	111	162	111
81	131	81	103	127	103	103
137	121	167	98	91	13	98
19	63	63	88	88	24	19
84	146	84	146	146	84	41
65	65	142	21	136	136	142
105	90	67	187	92	111	187
134	172	149	25	80	25	131
65	117	19	175	178	140	175
142	59	142	142	11	59	59
52	58	130	105	180	124	58
138	144	123	144	92	123	92
152	146	146	146	23	152	152
52	20	31	77	59	150	26
79	41	23	41	166	24	190
153	103	153	153	103	136	103
72	106	165	106	106	165	165
115	115	106	58	106	115	106
142	93	142	93	84	84	38
108	77	23	174	77	108	23
161	37	57	161	161	57	151
127	125	14	125	41	14	14
160	38	38	38	89	83	83
180	39	14	84	179	179	42
100	121	20	20	81	187	152
63	123	69	180	115	177	123
187	63	187	63	185	187	63
41	122	122	33	143	114	68
94	89	88	148	158	89	108
61	139	41	49	27	27	13
68	92	92	92	68	10	68
62	111	111	62	111	62	92
66	175	175	175	66	109	66
162	62	162	62	81	28	28
155	18	156	64	44	81	81
146	128	155	128	128	146	98
29	98	98	98	63	63	63
46	183	64	64	64	183	183
120	120	42	140	161	12	94
31	87	127	77	102	138	138
63	80	63	63	69	69	71
19	166	38	54	38	160	51
150	150	101	119	150	119	123
146	14	164	93	153	119	153
184	95	80	166	186	69	78
100	190	135	122	128	182	33
190	147	79	121	189	176	11
31	24	34	167	61	46	46
85	95	156	133	78	178	21
91	137	137	44	119	91	119
45	73	24	62	137	33	104
123	106	72	148	56	112	180
54	129	158	170	91	31	54
147	147	179	179	147	179	106
13	13	13	158	27	158	158
132	40	132	149	40	107	132
54	130	48	32	179	49	54
124	62	181	163	55	62	141
89	89	29	94	29	89	29
185	25	145	104	25	91	156
125	113	107	181	39	124	18
57	128	111	111	128	39	111
127	92	140	69	159	159	104
84	157	30	69	24	14	30
87	155	116	137	157	137	159
110	43	43	28	110	27	28
174	56	56	174	56	13	174
125	46	16	43	59	126	80
108	80	140	108	108	80	80
105	102	34	116	50	102	22
124	117	73	70	124	73	73
110	140	142	140	142	110	127
113	113	152	179	152	48	108
133	148	10	133	73	79	175
111	171	37	154	154	23	126
66	185	185	74	185	74	74
43	128	62	124	124	62	128
19	32	114	80	19	80	32
56	39	56	146	146	90	39
80	80	80	160	160	160	163
141	129	53	126	64	143	190
168	88	125	65	106	113	15
116	173	41	95	104	169	95
130	130	28	28	28	107	130
116	93	39	39	35	116	93
13	111	40	111	87	99	111
95	106	189	189	106	106	189
175	186	103	130	103	125	126
138	169	94	61	32	24	67
138	57	57	138	117	57	138
145	23	23	113	113	17	17
95	143	171	41	132	80	123
128	128	130	130	130	128	75
21	52	120	133	112	159	141
144	54	54	144	127	83	83
90	42	90	42	77	59	59
55	24	55	24	118	55	24
51	84	84	51	84	107	51
163	79	63	71	185	40	71
24	67	17	152	48	117	125
97	33	6	97	33	97	130
61	25	180	43	24	154	180
170	115	115	170	126	115	170
166	53	105	183	51	166	70
179	29	74	45	52	81	47
171	156	72	23	163	151	105
137	142	92	92	142	92	142
150	153	150	35	150	153	153
87	163	143	187	136	179	56
154	117	35	73	10	11	10
119	175	175	119	119	63	175
38	93	38	38	93	93	121
152	44	184	72	186	72	45
17	89	107	40	19	135	99
137	137	59	31	31	31	137
111	111	111	118	51	51	51
28	151	179	174	179	151	174
163	44	163	116	163	44	44
15	170	28	131	28	96	131
85	76	188	85	188	85	188
36	68	184	36	68	36	68
72	80	72	96	106	188	53
101	99	170	141	182	95	170
81	77	23	121	142	142	156
40	175	178	77	40	43	66
45	174	64	37	23	130	40
174	93	144	65	93	43	64
90	71	99	90	71	90	71
108	94	163	108	163	163	108
92	124	154	23	26	16	18
71	92	180	23	162	150	102
95	129	95	98	129	129	95
135	135	135	90	90	77	90
61	166	22	61	48	79	181
156	32	156	156	17	17	17
61	117	24	132	63	80	24
50	102	20	71	89	89	171
154	189	87	51	92	51	74
84	30	139	132	139	23	160
83	63	108	148	155	108	157
165	176	184	162	26	134	99
145	144	153	125	125	144	145
37	94	161	123	102	94	90
77	133	64	77	77	64	64
32	151	151	126	20	85	98
168	18	34	65	18	65	65
51	128	94	33	185	139	37
122	84	122	122	84	35	84
139	104	64	84	134	84	122
134	102	144	102	186	120	102
139	162	181	165	96	41	109
110	78	32	58	56	94	56
139	180	175	95	180	163	35
190	190	93	125	190	93	93
165	169	165	169	169	172	165
27	126	177	44	67	176	10
75	130	75	75	50	165	50
182	136	182	136	182	19	136
53	53	53	86	86	86	135
73	73	150	176	150	150	73
64	40	64	40	64	40	71
42	44	107	44	107	107	44
72	70	163	187	109	45	111
156	39	165	52	157	45	173
147	176	188	171	167	113	125
168	83	83	36	83	168	168
34	146	78	56	56	125	53
123	123	100	124	124	124	123
28	142	38	38	116	28	142
19	27	122	173	102	110	115
74	40	117	40	74	74	40
47	151	116	118	189	115	189
94	104	104	88	187	56	93
114	170	130	130	102	102	170
91	66	43	117	59	66	39
19	51	19	92	51	36	36
104	37	82	36	78	51	124
118	120	118	120	120	118	170
43	43	73	43	112	112	112
136	109	119	82	89	19	177
127	40	40	28	127	28	172
181	122	21	34	179	143	10
177	55	70	43	42	55	143
187	130	65	166	177	144	146
24	20	20	20	176	24	24
155	41	106	120	21	59	41
36	43	178	133	133	48	135
139	158	14	14	115	162	36
182	164	131	164	182	182	164
62	106	58	58	26	62	58
109	15	107	125	29	164	11
16	63	168	80	153	101	99
132	94	166	98	94	132	98
29	150	29	43	165	58	29
94	43	46	131	68	46	21
130	93	139	139	93	93	153
25	25	155	45	124	124	124
189	58	102	16	93	158	43
63	96	174	42	173	63	37
90	130	114	30	166	77	168
54	54	99	97	97	54	97
20	147	46	158	116	46	54
71	23	71	25	24	162	131
7	16	140	7	16	7	29
183	46	189	157	14	90	168
77	56	77	129	19	129	19
126	126	126	57	22	22	106
162	121	75	61	143	153	143
51	110	168	96	168	188	112
81	81	136	81	99	99	19
33	133	14	133	12	14	14
118	48	161	67	67	118	161
176	47	71	111	120	13	47
25	67	158	136	100	25	171
59	146	101	41	55	87	55
8	155	145	145	92	8	8
114	141	182	126	126	100	90
178	125	125	125	181	178	178
118	117	88	152	182	109	65
89	167	111	111	184	13	63
33	41	33	122	33	122	122
25	123	25	25	158	158	158
177	89	96	136	96	177	89
47	160	134	59	99	99	182
182	183	183	23	56	117	172
52	52	148	157	52	157	157
158	34	34	31	135	57	115
10	139	142	10	13	152	141
175	160	177	127	155	45	21
133	112	87	94	175	16	54
149	63	149	160	63	76	76
127	127	70	28	127	28	101
29	29	140	120	29	120	120
90	24	90	90	75	24	24
19	19	81	91	81	75	75
131	131	136	131	136	136	59
160	18	186	173	18	61	184
43	110	87	56	43	110	56
106	189	180	67	72	53	72
37	58	34	97	70	44	37
175	125	43	43	107	133	179
93	43	93	82	43	93	43
28	167	39	145	24	88	20
99	99	179	166	166	72	72
36	126	140	144	188	19	19
134	146	29	85	42	85	12
49	92	49	49	92	138	92
104	16	124	16	97	115	129
147	16	12	138	72	138	17
82	138	159	65	156	113	65
143	41	167	9	41	9	9
65	21	41	21	22	22	21
13	164	87	65	87	30	35
30	82	12	30	30	12	12
167	79	79	79	52	167	167
64	58	108	108	108	58	58
124	124	146	158	158	158	124
86	174	44	144	76	185	61
79	107	79	107	79	107	140
38	38	164	164	164	134	38
88	61	88	61	61	144	88
95	170	114	15	118	111	95
105	23	34	101	101	49	121
138	182	84	182	97	13	12
40	117	105	142	44	40	62
27	19	46	174	92	27	102
98	143	143	32	32	5	32
16	187	166	145	100	177	166
128	29	56	145	43	40	64
93	66	172	66	172	168	168
122	107	35	144	144	130	38
19	87	19	60	87	19	87
100	100	107	96	100	96	158
80	80	80	53	139	139	139
35	181	76	181	30	56	185
98	76	98	76	98	181	76
99	190	103	190	190	99	99
31	158	158	31	158	49	67
187	187	187	180	48	180	180
159	14	157	101	159	157	157
185	85	114	124	175	162	114
99	90	52	14	74	159	70
76	98	77	77	132	132	77
122	14	89	167	87	13	121
55	153	55	170	153	153	120
29	38	12	29	19	166	186
182	121	51	60	186	96	60
60	146	146	60	132	60	146
155	130	114	44	169	135	37
69	45	79	79	45	20	45
67	97	67	97	97	17	132
177	140	21	186	121	177	140
183	132	156	82	111	111	129
80	47	134	159	134	169	186
165	46	165	165	46	142	46
17	128	177	177	13	39	180
108	143	113	143	143	38	38
141	91	24	155	47	44	102
49	14	50	49	43	165	183
88	47	120	88	60	111	56
133	171	28	30	87	158	171
31	71	113	31	31	113	113
111	92	26	157	17	24	112
188	122	113	59	127	122	62
162	183	174	174	174	183	183
136	95	87	95	95	136	136
32	35	127	87	104	147	109
59	12	104	104	59	104	59
82	160	160	107	160	184	121
27	146	146	20	146	27	58
113	51	177	37	106	47	70
88	139	139	21	152	152	21
163	121	55	55	134	134	121
141	68	68	189	189	68	189
24	158	45	136	45	154	12
95	19	95	54	57	180	73
12	37	12	37	12	37	112
49	111	59	96	133	59	166
37	11	149	169	69	53	165
89	89	88	78	75	78	89
18	93	63	167	129	72	135
142	81	81	81	142	142	144
143	23	143	19	23	23	143
158	168	82	36	71	44	105
6	6	53	6	104	104	93
47	45	58	47	47	85	45
172	32	66	174	121	83	121
84	120	84	84	109	109	109
40	104	84	134	40	40	104
153	67	86	185	74	37	169
159	159	37	74	74	19	19
14	92	126	92	14	92	14
30	77	30	77	68	77	30
85	136	168	53	38	86	111
178	83	182	96	134	89	84
168	116	134	148	116	134	134
56	144	56	144	56	144	110
78	24	135	97	144	102	20
124	110	122	46	159	47	33
68	133	43	104	104	43	133
76	44	41	44	157	157	76
109	109	109	120	109	95	109
179	53	10	173	99	65	113
51	151	104	104	20	118	49
141	68	68	141	141	86	140
24	64	24	145	24	145	113
73	73	180	180	121	180	73
135	143	55	41	143	135	143
129	108	43	190	130	129	153
48	48	52	52	104	48	52
86	185	35	35	35	86	86
117	187	110	138	187	175	84
34	47	159	183	73	182	89
15	180	141	146	125	168	127
7	164	129	164	7	164	67
67	74	111	158	190	158	114
86	42	85	33	42	42	85
127	125	176	123	190	185	185
38	38	38	35	112	112	112
82	97	101	97	82	82	97
27	9	53	27	27	121	121
131	159	52	185	78	178	185
14	114	114	14	114	144	14
67	176	142	19	132	176	140
178	80	71	80	80	46	40
117	117	150	18	150	118	18
170	71	172	126	132	91	26
132	106	132	155	82	62	187
52	31	32	31	32	152	31
14	9	22	14	49	22	22
89	104	143	55	55	124	68
26	29	88	20	157	88	108
51	154	51	174	72	174	154
141	141	116	141	116	74	116
104	70	50	176	178	159	106
113	183	33	72	133	139	139
166	176	12	118	17	17	119
46	66	67	133	42	65	168
110	102	102	19	110	110	102
172	172	137	128	29	80	41
14	114	109	12	14	103	64
123	123	153	65	65	123	65
74	90	74	40	112	50	190
16	173	159	107	85	111	74
36	24	126	183	49	136	56
173	112	37	112	172	106	117
126	48	77	126	152	70	168
122	40	60	131	79	131	81
163	22	22	22	90	90	139
149	155	108	174	54	190	119
88	86	81	86	59	13	147
85	94	24	94	51	85	51
88	24	178	24	103	103	137
125	165	130	77	98	122	130
110	110	38	83	67	38	110
52	158	127	155	172	186	155
112	112	128	91	128	112	128
158	84	158	158	84	131	84
135	78	97	72	97	72	72
28	76	76	28	82	76	28
77	77	77	154	109	99	99
96	18	68	46	105	28	105
44	173	87	133	29	42	21
14	21	33	81	66	37	81
20	86	47	20	14	47	20
102	56	77	102	77	77	102
53	112	77	85	45	183	66
86	187	63	41	57	41	40
104	62	31	166	128	166	159
52	35	52	49	49	52	49
88	174	111	65	133	65	60
10	123	60	10	37	186	178
129	26	104	178	62	178	143
13	83	13	83	27	13	83
119	11	11	119	119	11	41
84	137	163	84	137	137	84
69	52	33	33	69	52	115
17	123	129	129	129	123	123
189	104	170	172	17	170	181
10	37	10	87	176	20	155
34	125	147	147	34	147	34
45	158	53	155	74	107	43
182	182	122	122	182	122	108
153	164	107	107	165	165	153
11	64	38	159	108	72	147
60	104	125	174	41	21	132
119	119	10	119	90	10	10
95	69	95	95	157	69	69
182	134	131	134	141	79	77
164	101	101	88	88	101	101
140	156	53	53	68	68	156
180	129	64	129	71	174	106
41	169	16	48	162	80	169
150	14	32	66	114	150	79
154	154	154	77	105	105	105
177	178	26	123	79	178	10
7	57	7	164	7	164	158
119	71	79	79	83	119	79
30	30	113	30	113	113	14
172	141	141	164	141	39	166
187	36	40	85	130	80	36
106	37	31	82	176	106	176
150	132	23	97	169	138	100
8	19	8	19	46	8	66
139	126	139	126	139	135	60
71	122	122	23	71	71	122
151	151	14	101	129	95	119
144	119	73	48	144	62	128
81	41	184	41	133	116	176
121	58	139	58	115	58	139
113	43	131	43	43	113	113
123	63	63	65	146	140	141
162	182	91	70	81	19	131
131	171	170	143	22	97	125
26	26	149	123	149	26	36
123	137	95	186	137	83	133
81	12	179	142	177	142	33
106	106	137	137	137	106	137
30	114	114	157	114	189	74
80	51	41	98	80	51	98
30	160	72	72	160	71	72
45	48	45	147	63	63	147
101	34	22	101	20	20	101
99	110	53	152	144	13	187
105	105	140	105	140	105	140
113	60	23	95	113	95	95
38	115	111	111	68	11	66
128	133	53	68	104	50	68
162	100	162	71	46	132	95
101	101	154	70	70	70	101
176	161	130	165	65	154	126
98	98	98	39	44	162	44
167	83	83	96	92	92	167
33	37	132	53	132	132	33
53	80	33	66	91	174	31
66	80	77	88	46	11	153
91	82	91	108	125	125	91
36	58	36	36	58	58	62
78	103	146	32	146	26	71
161	74	71	85	104	129	190
145	139	155	139	145	145	53
98	77	94	56	77	94	56
169	136	78	57	136	169	57
183	35	183	123	35	183	35
13	13	89	95	137	179	158
164	180	46	74	110	181	172
70	18	41	41	41	70	70
168	168	135	149	110	110	168
38	136	38	23	136	49	23
23	67	10	23	25	41	23
124	27	161	116	27	111	161
21	149	62	103	114	53	21
137	137	65	15	15	137	15
144	19	19	144	19	129	144
168	74	23	74	166	80	169
16	32	102	94	182	110	110
72	14	51	145	14	50	171
66	18	18	50	18	50	50
177	135	135	15	15	135	15
181	180	29	181	20	49	108
21	83	59	21	83	83	21
135	163	100	59	47	49	31
133	137	133	105	137	105	162
33	133	90	90	90	133	133
125	89	105	42	71	105	66
89	35	40	40	89	40	89
92	136	177	83	142	96	153
92	52	125	125	125	52	52
116	86	86	168	58	66	124
151	119	119	20	18	18	119
111	111	75	179	166	179	75
18	89	18	90	18	90	90
167	167	38	38	167	38	113
60	186	38	60	60	38	38
166	171	54	115	13	36	183
15	151	15	151	127	37	37
145	56	85	148	119	19	85
162	70	103	39	10	70	119
56	181	64	16	189	119	60
176	103	103	103	39	39	39
59	59	37	59	50	37	37
94	111	60	147	60	161	60
61	29	78	25	173	105	105
96	14	21	14	175	115	164
60	55	60	129	60	129	129
78	137	183	39	161	167	47
122	41	120	102	22	169	22
78	168	14	78	168	78	168
138	138	170	90	170	138	170
40	74	141	21	178	21	52
18	83	18	83	19	18	83
57	103	152	95	169	64	95
28	28	184	28	184	109	184
125	125	127	125	127	157	127
167	132	66	111	83	73	58
92	24	24	24	92	92	187
11	96	42	113	155	94	113
87	87	46	46	52	68	68
59	89	59	59	89	72	89
46	47	42	46	88	18	118
107	107	143	139	139	129	107
113	41	41	113	93	113	41
95	174	95	111	91	184	176
27	96	27	111	115	96	111
173	67	117	152	163	19	163
121	122	18	18	122	174	121
42	26	95	24	74	180	18
152	34	91	34	152	28	91
162	23	174	174	35	23	162
33	162	162	162	33	33	179
163	160	160	93	159	145	185
46	46	127	15	159	159	159
30	98	98	183	20	153	88
178	32	13	176	136	41	33
100	47	47	27	100	47	100
31	130	31	130	130	31	53
20	95	51	135	135	135	20
135	187	40	127	22	170	29
33	36	36	176	76	33	176
153	171	42	52	65	171	118
159	159	85	85	85	13	159
163	125	138	163	163	138	138
15	15	23	77	77	15	77
147	68	112	174	112	44	122
48	99	70	48	70	70	48
138	31	92	179	14	141	130
181	165	24	185	22	40	165
24	30	30	24	73	24	135
17	17	40	73	73	136	40
68	38	68	38	68	156	38
150	96	19	72	26	37	58
88	93	109	142	129	19	136
167	53	153	153	153	70	70
16	100	118	118	16	118	133
51	51	51	14	117	14	14
53	63	98	53	98	98	53
41	74	21	41	152	41	21
10	89	120	122	85	56	18
176	61	61	155	155	155	61
105	105	14	144	105	144	144
140	81	160	146	155	142	81
59	76	116	132	81	81	47
92	172	172	135	172	135	135
30	125	80	156	165	123	176
10	102	10	10	110	18	18
160	160	63	25	63	63	160
153	128	128	153	153	128	106
64	132	120	111	150	64	25
53	25	114	97	162	26	132
114	23	26	45	45	26	26
26	12	77	187	32	32	17
65	11	34	7	34	34	65
153	161	31	174	138	39	100
163	51	37	173	73	61	133
9	113	76	113	113	48	48
114	65	31	114	114	31	31
168	139	20	20	84	117	37
138	96	96	36	161	115	158
148	79	11	11	79	79	11
153	54	54	54	153	153	13
176	49	135	135	159	158	164
45	45	57	57	45	34	57
59	62	59	62	62	62	70
168	28	28	56	168	56	56
104	104	104	86	86	109	86
166	18	82	96	170	124	124
82	33	177	62	62	33	177
15	160	150	139	12	15	149
41	56	56	70	70	129	129
105	150	142	105	150	150	105
84	114	163	10	108	187	108
89	99	53	34	34	34	99
115	46	118	80	115	128	117
62	168	76	148	76	62	148
138	115	162	155	138	138	115
14	26	14	26	26	70	14
158	165	34	38	46	46	147
96	153	110	100	96	111	84
103	103	58	184	184	184	103
55	130	173	176	55	173	130
154	176	103	113	79	48	130
149	41	164	149	14	89	55
103	96	154	103	154	103	154
122	94	122	123	86	22	121
112	112	112	158	158	32	158
34	35	34	35	34	35	65
35	164	141	164	164	35	35
152	115	14	99	152	39	152
88	104	88	104	88	144	104
121	121	37	76	76	76	121
110	93	92	139	175	175	70
108	120	67	108	108	67	67
26	80	26	80	88	26	80
120	143	156	99	46	120	30
61	84	61	84	171	45	171
18	119	21	18	148	37	48
93	21	59	71	71	59	71
27	170	97	138	96	53	96
89	170	95	170	89	89	170
116	116	138	147	138	138	116
57	31	85	57	31	57	31
88	39	65	118	173	122	14
72	96	72	64	64	72	64
166	39	164	51	187	118	187
189	14	14	185	109	78	183
141	53	88	190	39	40	95
143	68	63	143	143	63	63
173	179	173	179	147	173	179
168	34	161	148	145	137	145
145	180	145	50	81	50	180
64	74	37	128	128	132	175
100	156	14	34	53	42	34
159	101	159	101	40	159	101
181	93	181	93	181	114	93
106	40	16	97	97	75	54
167	160	160	83	160	83	111
135	70	70	147	147	126	126
111	112	119	23	126	85	84
44	23	44	23	42	44	23
112	103	112	103	181	112	103
126	167	43	126	136	163	159
176	86	43	100	176	109	139
109	83	179	124	75	109	189
21	179	55	111	168	66	56
181	107	110	76	34	117	163
28	162	146	26	46	113	110
54	77	54	112	112	77	36
22	47	128	43	190	150	190
154	74	154	154	160	74	74
133	120	56	78	160	151	158
84	36	128	88	165	172	88
176	164	25	176	176	164	164
91	121	91	88	91	88	88
92	136	137	14	62	108	92
37	178	51	138	83	184	38
14	22	14	14	22	22	32
61	61	30	64	15	64	61
13	88	13	13	47	47	47
83	15	83	156	15	141	104
180	84	89	180	132	132	84
131	131	32	131	32	32	104
120	120	160	71	163	160	120
20	147	147	147	132	20	20
23	158	120	55	155	19	145
41	101	11	22	188	77	117
27	58	128	18	61	186	18
182	161	189	120	33	69	116
154	136	12	105	57	105	154
54	15	133	111	42	67	133
133	49	74	133	24	113	55
126	153	126	12	126	153	153
22	22	98	98	22	98	88
136	109	81	81	136	109	109
125	88	47	107	93	57	13
167	147	94	104	55	70	104
131	57	64	190	27	81	44
20	20	62	73	73	67	67
105	155	157	101	22	105	55
71	177	72	14	97	19	104
37	148	76	46	46	34	83
56	101	136	72	129	72	163
138	138	87	76	66	87	87
129	155	100	95	36	74	95
70	120	116	116	70	116	70
18	78	78	78	18	18	61
138	10	23	81	55	43	24
11	145	11	145	185	145	11
50	137	137	118	102	50	137
133	43	91	38	68	43	127
178	179	161	59	139	124	125
19	79	19	79	79	19	137
169	147	159	159	169	169	20
110	82	157	38	185	45	38
87	162	50	137	34	103	39
142	18	83	68	142	18	68
87	139	112	87	112	87	112
175	48	75	116	187	107	86
28	134	28	134	21	134	28
164	112	112	112	83	164	28
50	54	66	24	150	15	50
38	59	17	14	126	79	38
81	94	94	149	149	149	94
72	175	23	86	187	135	175
139	51	10	51	139	139	51
93	44	131	44	131	93	152
105	105	39	75	105	75	75
161	185	22	26	16	82	26
85	64	77	20	77	77	85
12	12	115	115	12	115	115
57	80	126	57	98	80	23
81	15	158	54	15	136	149
61	147	46	29	140	32	61
150	43	126	81	135	86	43
113	92	92	27	27	150	27
170	169	170	170	149	149	149
186	151	34	158	52	151	116
65	164	39	39	39	65	65
76	18	18	76	18	36	76
89	14	89	89	14	14	87
85	77	77	85	157	85	77
91	104	80	104	91	105	80
82	185	40	40	40	82	82
126	126	147	16	126	113	113
66	135	94	140	167	144	140
54	168	152	160	22	162	177
43	131	119	43	19	19	119
35	22	12	35	35	22	22
181	116	175	135	175	140	175
115	165	165	165	115	115	11
28	25	28	25	25	28	24
49	23	49	23	49	23	45
93	10	93	121	10	10	93
77	168	99	185	69	156	119
25	30	93	6	25	25	6
158	30	107	107	30	107	30
106	120	106	120	125	120	106
24	138	123	165	134	24	151
140	179	116	161	125	66	116
52	42	168	142	95	69	52
44	123	58	58	44	58	44
175	118	108	45	175	36	37
117	177	37	117	104	104	37
177	117	177	177	171	171	171
21	66	189	141	22	65	105
86	83	86	30	30	30	86
165	124	124	71	90	90	90
21	183	52	98	16	98	159
128	70	177	73	47	139	180
48	53	54	127	127	54	54
31	19	119	91	119	48	73
100	121	55	156	98	28	175
107	107	35	107	160	35	35
175	111	51	50	189	131	159
113	65	45	13	174	134	77
172	172	177	177	28	178	178
78	144	173	48	181	96	173
57	184	171	19	187	190	101
16	154	75	182	144	51	139
54	77	54	52	52	52	54
25	30	107	61	61	135	53
54	168	101	182	168	28	133
33	180	109	75	87	74	117
182	25	127	113	113	25	81
114	5	46	120	120	114	120
56	122	20	94	94	122	56
42	147	47	42	147	147	42
54	140	140	54	169	54	140
36	133	89	66	181	74	66
125	146	174	170	146	47	29
71	130	50	130	50	130	50
149	91	92	55	167	141	149
98	109	162	29	182	143	44
187	73	106	73	106	106	73
188	91	184	16	66	188	186
136	16	185	185	93	95	61
142	166	142	166	171	147	147
14	28	42	101	125	76	28
94	94	32	94	32	56	12
154	74	63	176	33	33	145
50	129	120	50	129	129	50
75	159	159	178	178	75	101
90	64	59	35	35	99	52
49	68	101	62	186	49	70
26	164	164	18	26	164	26
53	118	133	110	93	83	190
74	36	175	91	74	36	21
68	68	68	70	70	70	78
138	171	138	152	38	162	75
162	162	171	171	171	114	162
16	99	16	99	17	8	16
160	160	23	151	23	93	151
163	163	133	96	95	44	64
77	164	40	70	176	70	49
21	150	47	38	21	38	47
97	74	74	74	174	174	174
146	25	78	131	131	176	19
186	92	94	163	161	160	160
22	145	22	145	11	22	145
59	59	54	59	54	54	52
137	111	111	137	56	137	111
94	67	87	67	87	67	87
190	185	117	117	14	64	176
37	37	124	124	25	37	124
77	149	48	88	48	41	177
173	157	157	173	173	156	157
122	93	93	122	122	93	64
78	65	159	159	74	106	36
58	38	58	96	58	38	38
94	18	18	52	124	182	91
176	101	97	97	97	101	101
76	76	81	66	76	81	81
27	59	98	41	59	159	88
19	131	164	133	145	164	26
145	113	113	145	11	113	145
120	177	80	177	58	80	120
172	124	153	23	152	133	93
123	123	158	168	66	158	158
145	145	170	101	101	46	170
31	95	53	31	95	95	73
74	127	40	127	127	40	99
83	114	175	37	55	83	120
171	112	106	100	112	100	106
162	147	140	188	147	120	45
113	161	98	161	110	113	110
57	110	179	57	110	110	57
154	153	160	154	160	160	154
178	43	169	15	82	168	175
63	63	71	71	71	63	86
40	99	40	42	40	42	42
63	63	97	63	104	104	104
34	144	121	139	82	34	12
187	111	10	181	154	32	22
142	109	109	142	142	109	53
144	22	14	144	22	144	22
67	145	145	88	88	145	88
126	64	42	72	140	95	55
57	84	57	101	84	13	84
94	72	39	115	39	72	39
10	76	76	10	76	10	51
186	42	187	45	142	45	106
47	38	47	10	130	47	130
41	110	31	41	41	110	110
54	154	115	139	51	150	115
33	93	77	33	93	33	93
119	177	133	119	187	153	119
162	144	63	84	144	136	131
24	49	24	24	49	110	49
10	95	63	183	20	99	10
127	127	104	104	74	127	104
129	129	128	128	81	128	129
105	109	155	105	134	47	115
128	55	177	49	166	54	177
137	30	149	99	123	99	182
131	132	136	78	78	131	132
29	130	76	118	154	154	137
143	163	142	163	143	163	143
90	142	49	60	90	142	60
131	107	131	107	164	107	131
78	130	143	12	143	150	155
142	116	148	29	105	149	148
163	53	89	163	53	163	53
190	101	157	103	185	132	116
81	181	181	158	77	137	113
89	89	63	19	81	81	19
20	17	16	59	53	184	178
75	190	67	115	93	138	115
174	174	96	63	172	132	52
113	170	23	120	31	68	151
87	17	162	163	53	48	102
135	140	135	95	140	89	167
49	95	95	102	102	95	102
153	184	153	184	184	153	184
170	170	67	157	46	170	157
85	60	85	60	60	85	60
164	164	132	132	164	132	58
63	156	63	34	63	34	34
68	68	74	74	65	68	74
43	97	43	81	22	22	81
31	26	171	130	89	171	44
47	47	50	53	169	142	134
33	37	178	155	155	37	33
171	99	44	172	136	122	114
51	51	78	78	63	32	63
103	38	181	88	171	123	171
92	69	69	69	92	140	92
55	186	86	30	112	88	112
52	116	116	36	52	116	52
11	99	99	21	99	15	15
10	86	86	86	10	44	10
159	33	54	24	159	94	31
36	145	125	74	175	145	85
76	32	153	181	24	152	121
51	157	133	133	133	51	51
39	30	141	112	35	142	35
72	72	72	186	186	83	186
187	45	139	184	81	38	45
27	44	70	46	44	172	47
128	125	186	128	120	145	20
165	136	165	136	136	165	28
114	126	94	94	62	94	62
99	14	40	40	40	99	99
65	104	114	104	190	116	107
146	98	149	149	98	98	149
59	21	124	91	138	109	21
92	59	102	59	102	102	59
151	48	86	48	172	172	86
119	42	81	47	81	92	63
121	158	158	117	162	121	117
128	128	129	129	129	42	128
112	188	85	71	49	132	111
105	94	159	43	46	16	23
160	56	90	160	90	90	160
142	33	139	181	145	159	33
30	167	167	24	167	56	56
50	66	19	48	166	104	50
50	28	24	28	50	28	6
134	50	163	156	159	35	150
103	42	112	182	39	112	35
66	60	174	122	41	71	84
100	21	135	100	21	21	100
25	25	115	115	115	25	148
100	180	187	127	121	187	53
35	136	90	61	184	35	102
161	132	122	71	49	59	54
78	77	78	116	64	77	78
178	38	62	38	38	178	178
67	67	67	50	50	58	50
45	147	122	68	48	114	190
67	15	106	69	44	159	94
118	85	71	59	71	85	71
57	57	126	57	126	120	126
176	176	27	48	39	19	142
119	164	73	68	147	161	147
42	12	88	176	86	10	86
113	18	120	109	100	177	189
103	168	162	168	103	168	103
43	133	102	105	133	102	43
174	94	134	94	20	20	174
32	32	83	32	83	143	83
174	39	164	164	39	164	39
125	52	125	52	125	107	52
183	63	133	133	183	133	183
171	104	74	90	90	22	39
158	11	142	51	186	163	45
53	164	80	55	72	168	90
60	170	116	12	101	101	87
64	163	163	64	108	163	64
113	116	26	112	60	68	125
155	44	109	177	146	44	178
128	87	128	26	118	87	128
70	124	67	181	124	29	141
62	118	48	62	118	62	118
54	143	104	77	64	64	87
42	74	50	171	177	49	130
98	44	182	182	44	182	44
34	85	169	65	185	61	61
159	47	69	153	69	16	159
141	141	131	47	88	181	158
136	21	23	145	23	21	145
22	23	23	109	178	178	22
144	14	14	144	14	60	144
116	87	116	149	87	116	87
56	150	108	132	71	51	88
133	47	47	146	66	66	47
85	82	54	54	25	25	85
29	30	24	29	24	24	29
80	153	175	182	67	27	168
101	136	129	44	44	139	96
39	94	96	96	39	63	94
12	134	107	42	42	110	54
125	125	24	23	171	136	75
173	103	103	114	101	15	103
66	66	91	66	91	91	102
139	80	58	80	80	64	139
48	48	48	50	113	92	113
102	51	102	55	51	55	177
42	29	42	26	83	103	39
187	154	124	173	60	166	146
165	80	75	75	157	74	106
48	48	190	64	113	166	180
85	87	36	163	11	87	30
95	46	18	95	46	18	180
47	139	113	76	73	44	113
122	183	143	129	49	16	79
149	103	103	103	46	149	149
108	49	146	108	49	108	49
61	179	61	179	38	61	179
14	111	37	111	25	37	111
129	95	129	95	95	129	93
154	32	58	129	23	23	114
187	36	36	142	187	187	36
159	90	81	81	106	159	159
106	152	185	37	185	40	28
167	167	69	127	81	34	182
113	99	163	162	79	28	28
32	150	98	21	132	66	21
85	85	154	49	175	49	175
56	73	145	28	85	37	55
85	39	12	151	118	39	122
88	88	114	120	174	174	114
21	134	21	21	134	134	83
173	162	109	117	166	98	166
110	110	110	91	82	82	133
64	151	176	64	176	64	176
101	185	29	103	34	34	165
132	135	132	107	53	32	19
170	170	170	169	174	169	169
134	115	134	134	115	149	115
51	53	53	53	135	135	135
178	178	94	87	14	182	85
157	181	113	88	113	65	147
15	135	135	135	127	127	135
169	59	37	144	146	144	109
133	57	135	128	128	168	117
188	41	148	188	188	148	148
114	53	38	38	36	36	53
88	190	36	53	112	117	121
67	67	11	48	99	29	20
180	46	22	51	58	38	187
155	145	155	124	124	155	124
106	18	123	106	123	51	18
35	134	24	24	139	139	35
47	22	47	22	47	22	97
68	83	17	62	68	83	17
31	136	41	41	107	107	136
33	115	114	33	169	72	98
107	148	107	179	30	67	24
46	148	104	140	127	61	22
113	90	105	86	99	132	63
84	23	28	96	30	171	28
111	33	75	111	96	91	125
125	125	150	125	150	150	75
30	58	30	30	92	117	92
95	73	49	125	153	47	188
58	111	128	65	111	181	90
148	136	148	148	140	140	140
81	22	93	142	81	57	68
131	107	107	171	14	160	13
70	70	137	137	67	70	137
171	151	31	79	109	149	131
21	64	20	64	89	19	98
24	24	67	67	145	145	55
149	10	86	10	149	10	149
165	155	92	178	98	40	178
169	35	94	26	77	35	106
185	161	70	147	69	181	69
112	19	99	171	171	153	158
27	175	138	114	14	138	80
170	66	66	66	170	170	95
106	43	118	163	22	22	179
178	85	85	168	168	21	178
180	80	134	28	80	81	173
34	18	12	49	96	176	172
167	129	39	65	167	68	14
66	177	66	177	66	177	167
30	108	79	24	28	84	84
165	89	183	52	165	179	51
95	92	95	92	104	95	92
161	135	116	111	91	177	177
62	10	62	97	97	62	97
156	23	129	19	53	165	156
67	67	132	132	132	82	67
84	115	128	48	138	169	169
153	153	174	135	174	174	153
25	150	53	25	100	120	105
137	144	135	64	86	164	77
105	25	105	25	25	105	105
18	20	110	18	20	110	79
104	35	104	13	144	13	104
69	164	164	164	138	114	69
184	183	93	129	161	65	96
125	125	151	125	160	151	36
14	14	77	37	14	77	77
88	36	158	123	172	68	52
35	111	153	111	169	111	153
48	48	134	48	134	134	40
36	11	116	65	126	36	54
131	126	83	17	65	83	54
75	122	170	122	75	140	122
161	163	70	78	168	190	161
104	101	92	101	75	182	15
14	14	14	81	51	81	81
63	21	40	67	30	183	129
157	44	148	31	153	157	80
80	58	14	80	80	14	14
30	158	30	30	10	10	10
121	127	34	34	127	113	127
186	90	40	89	186	86	51
104	190	190	104	133	190	104
93	80	137	126	126	93	137
123	161	67	154	91	165	112
57	57	123	164	164	100	164
43	64	43	74	43	74	74
16	16	162	162	162	123	164
156	143	72	143	27	80	163
134	152	32	76	152	53	103
16	163	163	161	163	165	165
143	97	143	56	56	56	143
158	174	190	190	174	174	190
170	98	170	98	51	98	170
50	170	134	30	106	80	172
96	78	38	146	102	28	23
144	150	144	37	50	170	12
77	165	63	139	93	98	14
34	39	99	9	99	9	99
188	126	116	102	117	188	119
73	116	116	116	64	73	73
111	111	24	24	49	73	24
85	163	145	121	138	124	175
160	79	95	115	115	148	109
154	36	38	154	152	38	152
107	48	55	51	169	186	169
168	18	102	94	158	129	119
119	96	44	15	37	44	77
156	25	16	16	151	156	151
53	175	66	159	187	141	66
131	75	168	57	16	64	75
111	65	65	111	73	111	65
47	45	151	45	47	45	47
135	45	126	59	40	73	99
16	26	16	16	26	26	130
172	43	125	125	24	14	95
186	142	31	110	90	136	187
60	60	108	108	108	60	188
150	106	170	106	170	106	170
86	75	79	15	15	27	51
17	125	125	84	17	125	38
76	76	182	92	92	92	76
190	110	37	40	100	69	131
64	103	64	166	166	148	148
134	170	170	174	174	110	110
145	79	102	34	22	15	179
13	59	59	13	13	92	13
40	105	40	105	152	40	40
25	65	120	119	65	119	65
172	160	160	67	73	42	57
85	79	52	182	120	69	72
165	110	165	165	122	122	122
41	95	107	177	148	29	53
171	67	33	149	110	49	121
44	109	164	147	44	137	163
173	28	187	142	173	64	184
165	106	71	71	71	165	165
163	170	117	97	22	85	46
64	111	111	137	64	111	64
130	41	41	96	96	41	96
186	157	41	91	137	49	49
115	148	84	153	148	153	151
98	42	42	73	73	73	42
107	67	107	107	67	67	147
134	107	104	29	29	152	47
90	186	65	85	133	117	104
115	115	42	42	42	68	115
45	140	171	66	11	75	140
49	124	91	38	121	144	38
11	48	42	23	55	95	42
73	100	73	148	100	100	73
91	161	91	83	161	116	116
64	169	32	128	152	169	87
48	57	80	22	12	176	12
165	37	132	108	74	28	28
145	182	170	15	124	124	28
18	143	18	87	143	18	143
64	115	189	140	140	73	87
98	162	107	119	188	135	176
160	161	172	74	161	74	172
42	166	27	42	27	27	42
92	92	177	133	70	51	168
91	105	124	124	105	124	105
79	51	160	30	30	134	123
68	68	73	117	73	73	68
188	45	35	37	175	11	16
28	20	146	146	20	146	20
138	103	103	103	48	138	138
45	132	168	121	21	41	168
58	48	58	48	48	112	58
185	92	130	21	171	143	89
37	61	56	101	114	153	116
113	64	64	113	66	64	113
72	121	166	72	78	121	82
127	126	18	110	174	40	98
166	82	122	146	174	146	179
26	131	178	135	135	131	178
20	31	20	72	61	31	20
182	153	47	182	157	153	79
99	80	140	140	80	52	99
101	101	28	144	144	101	144
174	117	129	129	117	129	117
28	73	53	173	28	73	173
24	68	115	74	74	24	68
58	130	61	130	112	112	61
94	86	86	54	114	156	31
40	64	64	127	85	41	103
37	37	70	70	90	90	51
96	104	105	104	104	105	105
101	106	58	186	58	97	85
164	164	68	27	27	27	164
49	39	68	160	152	39	81
104	164	43	50	81	161	81
81	141	114	94	141	40	25
147	85	49	115	140	85	73
128	44	44	44	128	174	128
45	92	58	92	92	58	58
178	125	58	30	121	128	130
60	94	94	94	18	18	18
13	13	19	19	44	19	13
121	157	115	162	121	97	111
23	64	23	118	23	114	64
60	174	15	136	133	55	36
18	122	122	18	122	18	106
153	107	68	60	148	20	60
53	53	53	17	46	96	96
106	79	166	166	106	62	79
178	72	136	107	41	178	72
11	49	131	49	131	49	131
186	38	45	190	45	117	46
35	88	166	88	83	35	88
129	24	12	10	44	181	129
30	168	30	12	58	136	144
15	77	136	171	112	56	122
82	64	181	82	181	181	82
92	125	163	163	125	125	23
60	97	97	60	60	97	38
75	125	125	122	122	75	142
32	89	32	19	19	32	19
144	41	33	16	168	164	112
104	119	104	149	104	119	119
107	15	188	147	150	111	129
127	110	46	46	46	36	110
180	32	19	19	180	32	29
105	23	76	23	23	76	76
76	159	159	18	55	107	159
171	173	93	171	109	173	109
114	147	156	156	79	114	114
57	65	36	65	57	130	65
139	106	127	40	70	142	101
106	81	115	115	142	57	175
36	75	36	162	36	162	156
15	166	36	107	189	114	170
121	93	54	157	93	54	157
171	134	59	135	135	163	20
184	44	44	126	44	126	126
107	145	49	83	40	66	79
174	94	18	103	103	18	174
91	38	100	119	122	57	97
98	135	26	117	146	113	39
57	57	80	190	57	80	80
36	168	36	44	176	34	168
21	82	36	142	146	115	37
74	27	30	84	184	27	117
26	34	34	42	134	26	26
76	171	130	77	77	88	166
21	145	145	21	111	126	21
46	177	177	85	164	98	150
145	112	88	117	88	112	117
133	158	106	106	133	110	158
139	53	53	126	109	131	179
189	72	72	189	83	72	189
109	136	109	161	102	179	94
57	100	57	115	137	100	57
19	173	40	91	95	95	104
55	43	55	43	59	55	43
115	157	66	92	73	123	165
54	170	52	52	52	170	170
106	35	47	103	188	144	132
135	135	85	15	135	20	20
19	188	91	40	91	46	132
22	149	11	120	118	136	190
101	71	123	71	123	71	123
172	144	95	95	120	65	138
74	63	74	129	63	94	94
156	120	152	23	41	142	160
114	114	125	114	125	125	62
189	110	95	52	83	146	83
158	158	92	148	92	16	158
136	152	149	68	136	152	136
190	135	190	190	135	135	109
177	94	88	150	177	63	177
90	96	73	73	73	90	90
63	67	175	50	11	82	101
65	166	106	65	106	179	166
155	107	186	107	155	107	155
135	114	122	176	183	47	47
121	151	35	48	48	117	72
96	96	14	71	96	71	71
87	92	44	133	38	87	187
151	95	173	15	93	65	65
64	64	108	73	108	108	64
136	139	113	124	124	139	113
105	105	97	105	23	97	97
59	82	183	43	109	43	80
41	149	41	74	149	41	149
106	170	54	54	106	54	106
133	154	133	154	145	133	23
29	47	69	98	111	98	142
155	79	155	155	86	79	79
83	157	71	138	114	28	120
178	115	61	47	34	61	169
143	69	170	170	69	170	69
77	179	47	145	171	97	97
177	174	163	75	115	96	177
94	172	126	126	83	32	115
84	84	90	90	74	90	130
56	106	56	70	173	70	106
79	53	7	92	53	53	7
63	56	10	164	56	115	24
26	91	91	13	117	186	26
65	65	146	65	38	38	38
68	71	121	128	47	72	175
141	115	141	84	150	141	84
69	127	109	105	10	90	170
158	12	58	162	158	158	12
29	101	51	51	101	51	101
127	63	127	63	186	63	127
105	105	181	123	105	181	181
155	187	176	25	130	129	168
103	32	25	102	25	36	96
146	39	146	39	39	146	114
188	188	18	75	75	188	75
169	88	166	31	31	53	166
171	131	177	131	33	175	60
131	100	134	134	92	169	47
165	141	62	118	43	16	73
22	182	32	165	112	96	182
103	110	145	103	145	145	103
153	59	80	117	118	50	50
139	188	70	167	42	58	97
141	45	43	61	13	115	117
71	106	106	106	23	71	71
31	31	39	35	39	150	39
157	130	98	98	169	157	98
136	41	85	107	80	93	149
174	145	113	163	158	81	145
120	75	49	23	120	161	75
141	143	160	127	143	71	89
47	59	61	25	174	90	25
18	133	83	90	133	90	133
122	122	88	134	80	82	86
105	105	155	12	69	105	12
33	106	106	20	33	20	19
139	110	184	95	110	72	67
94	174	94	124	129	182	80
130	104	94	104	104	94	94
147	92	147	59	92	147	92
87	41	124	158	26	73	87
76	188	97	116	76	28	59
103	164	166	118	156	99	148
93	158	147	158	158	147	147
188	190	160	167	171	187	146
26	56	174	117	26	117	174
114	176	114	58	83	103	99
159	138	159	101	112	138	112
7	145	145	145	120	104	104
134	134	179	118	134	179	179
62	82	62	82	82	21	62
70	70	127	127	140	29	29
58	99	188	37	99	61	135
65	48	105	48	48	97	65
79	101	48	79	180	101	180
153	103	88	103	88	151	151
54	107	152	175	94	152	20
106	162	164	153	129	166	162
169	173	169	173	116	119	119
62	79	188	188	62	188	62
28	73	131	73	131	131	73
127	158	32	158	32	158	32
139	143	168	161	74	13	173
58	94	61	61	94	58	45
112	173	98	159	47	159	188
15	39	47	15	103	39	39
25	99	101	99	25	25	99
174	151	70	100	104	142	156
160	120	120	56	160	120	160
128	139	25	139	128	128	139
52	90	52	129	129	129	52
177	121	162	36	177	36	121
133	144	79	79	76	58	42
150	102	102	102	15	150	150
184	139	134	31	23	23	22
14	105	143	15	30	89	30
89	89	124	89	87	97	124
105	64	80	80	80	64	64
168	153	189	37	189	134	102
164	121	164	41	84	69	148
54	54	111	189	144	14	111
126	50	35	50	99	175	22
83	122	70	83	102	83	102
137	106	106	106	137	66	137
56	118	179	137	118	105	157
63	101	66	48	48	126	141
115	168	20	173	58	171	47
17	28	167	17	28	167	50
24	86	81	52	102	174	70
146	146	60	146	146	60	60
83	146	170	88	43	88	66
85	84	65	85	84	85	84
173	144	171	50	117	86	66
64	26	178	81	50	14	74
17	33	17	33	17	187	33
160	100	85	85	138	100	100
72	72	73	173	47	47	173
35	13	175	172	110	175	172
17	101	127	139	18	106	127
17	164	29	17	174	34	107
51	158	51	158	38	158	51
44	144	44	72	44	72	50
94	44	57	93	36	93	160
155	167	167	105	155	155	167
95	69	46	127	46	141	114
57	103	94	81	152	62	40
15	185	79	80	148	90	94
81	150	128	127	37	108	156
115	37	23	76	23	147	76
126	126	109	109	126	185	109
94	82	177	17	181	95	76
26	187	19	13	182	75	77
83	130	83	83	130	130	26
179	70	85	70	85	57	57
74	71	159	162	146	96	77
80	24	24	78	24	80	80
46	122	115	122	25	46	46
129	129	108	151	127	129	151
68	58	30	27	47	68	181
136	182	117	42	114	31	117
49	177	143	36	90	29	70
139	31	117	137	72	139	36
125	188	188	125	147	188	125
38	75	70	177	170	103	103
41	66	37	94	80	162	94
147	84	84	62	84	62	62
172	54	53	121	19	162	107
10	126	14	90	34	116	128
135	129	151	151	151	135	163
20	179	131	176	63	102	52
21	187	119	11	30	21	131
141	83	129	69	166	125	71
134	44	120	55	175	130	69
50	112	87	112	50	112	50
26	26	186	26	178	178	178
150	150	165	35	165	145	145
90	117	117	108	117	90	90
155	78	155	89	78	78	155
105	68	10	83	68	187	96
133	184	104	101	117	79	173
145	64	85	145	145	64	64
41	133	23	118	133	106	135
106	184	77	109	75	15	187
98	98	36	178	36	98	36
52	52	147	26	173	26	147
94	169	98	94	98	163	169
115	81	80	115	47	47	81
70	31	155	72	174	22	155
141	86	106	86	186	56	136
98	176	98	176	175	16	175
115	33	33	33	188	188	188
100	187	71	61	62	61	133
183	90	140	15	124	165	129
183	108	66	189	39	184	186
121	10	37	18	165	85	185
118	37	165	120	19	169	123
57	68	68	10	68	10	10
141	54	141	54	107	141	54
76	179	72	177	177	157	61
128	101	27	101	132	101	128
68	95	110	95	129	127	24
47	38	38	96	122	75	146
45	12	95	66	95	45	95
67	161	66	101	188	18	76
185	52	185	104	171	82	79
149	23	40	92	149	23	149
77	86	86	44	63	86	63
182	163	163	110	182	182	163
50	166	126	153	72	55	117
55	55	65	65	55	30	65
64	58	53	64	112	112	53
27	51	129	51	59	132	186
87	150	176	68	117	39	150
88	82	82	82	88	88	122
135	88	181	135	182	83	108
106	92	17	87	53	88	106
71	55	55	71	55	71	85
157	29	31	110	157	181	152
58	68	58	58	68	113	68
123	123	31	169	81	135	63
63	37	37	63	53	149	149
22	60	60	60	164	164	164
85	44	61	103	85	44	61
187	139	86	117	38	28	86
131	119	50	22	119	22	22
15	43	161	42	30	120	161
32	32	92	175	175	32	175
60	60	60	53	53	53	173
173	59	63	173	173	59	59
92	92	68	92	68	68	47
148	148	95	47	49	67	165
30	138	30	138	30	188	138
174	116	19	75	116	97	92
99	189	84	175	167	85	53
108	143	164	60	185	87	180
50	51	67	94	94	168	64
103	105	178	158	52	75	133
54	54	29	134	29	54	29
27	27	88	65	65	104	104
90	138	90	122	122	72	72
128	100	67	161	161	148	112
22	136	163	163	163	132	22
62	109	22	31	99	31	23
109	134	41	179	179	156	81
165	49	143	144	165	165	143
68	71	94	68	68	94	94
82	143	44	44	82	17	17
113	59	59	161	59	113	113
72	43	81	143	44	119	119
48	48	80	80	106	106	142
32	5	32	5	5	64	32
59	162	59	131	131	131	59
57	68	83	184	57	40	73
12	60	96	115	86	149	36
16	11	85	75	130	160	34
13	127	149	169	126	150	82
148	133	97	61	148	133	148
95	27	109	95	190	162	155
179	172	179	172	179	172	115
79	29	79	113	26	58	10
84	24	24	137	84	24	84
146	79	146	16	167	66	84
183	167	27	167	183	183	167
12	171	14	53	155	122	171
119	80	15	179	80	175	156
35	171	63	63	35	125	125
134	79	79	79	134	133	134
146	146	51	146	125	51	51
176	34	33	125	156	12	105
114	10	114	94	94	51	126
23	85	23	145	85	84	85
136	164	188	26	87	26	40
115	115	127	16	16	115	16
12	113	118	127	107	118	145
28	97	180	83	133	63	68
101	108	108	39	101	116	39
14	14	80	95	176	131	175
101	38	67	105	185	141	141
47	18	137	47	135	52	43
155	155	63	34	138	138	138
70	190	62	162	49	49	79
119	119	125	125	119	125	51
172	149	116	184	176	90	184
115	95	95	115	64	82	82
151	71	134	134	71	71	134
111	25	105	111	146	146	25
46	60	176	74	170	29	29
148	68	68	10	148	148	68
139	87	50	155	98	48	22
32	32	79	79	79	32	117
50	17	110	152	50	93	40
183	164	183	189	183	189	189
125	163	163	153	125	131	131
27	92	111	27	120	187	71
182	158	182	158	158	27	182
36	145	36	151	44	68	43
99	146	146	57	57	57	146
112	122	112	87	112	87	87
41	41	41	59	59	59	157
100	177	120	100	100	120	120
20	28	149	155	73	90	73
95	77	77	19	95	95	77
74	79	100	74	74	100	100
154	40	79	110	77	58	90
79	139	139	79	146	139	12
122	183	129	146	143	165	143
121	112	121	164	112	169	169
157	157	157	127	127	127	161
98	169	77	169	13	127	84
164	35	164	35	107	164	35
140	53	140	53	137	53	140
10	71	116	190	185	172	16
136	164	180	178	96	72	55
58	178	64	185	10	64	13
143	148	134	134	143	134	143
82	58	167	58	167	167	58
147	147	114	114	147	87	114
41	184	41	41	156	184	184
43	43	18	142	72	72	72
12	71	89	143	93	153	76
112	111	60	92	103	92	158
128	23	127	40	58	171	41
156	127	84	24	183	96	113
134	140	134	153	147	12	69
152	136	137	10	162	98	54
28	10	70	71	114	28	93
23	23	103	103	23	151	103
172	31	20	20	20	31	31
130	133	99	36	133	99	36
93	115	115	17	115	17	77
115	161	136	115	10	105	115
34	58	84	102	102	68	19
80	152	66	89	152	89	66
127	115	134	38	71	134	131
68	13	68	68	13	13	111
123	147	118	21	26	153	175
151	36	35	81	81	82	20
100	145	34	185	60	34	180
90	148	55	147	48	148	27
149	16	149	62	110	110	149
168	137	101	122	60	148	60
69	100	161	161	80	100	161
136	133	166	55	59	139	23
90	23	90	23	23	90	102
144	90	169	169	14	178	184
51	189	133	66	120	40	51
44	125	65	123	123	181	166
161	28	28	143	161	161	28
52	13	12	52	12	12	52
21	165	113	12	30	30	50
126	126	65	100	65	126	79
73	49	49	139	96	164	51
182	135	135	135	182	162	182
158	158	158	70	156	156	156
78	24	73	82	73	82	24
77	77	112	106	112	112	77
73	151	73	151	73	151	90
97	184	184	97	97	184	54
28	107	28	124	107	28	107
117	127	20	20	184	13	117
21	23	23	23	57	21	21
80	170	108	108	179	80	179
13	129	18	18	13	18	13
104	159	97	159	97	159	97
167	15	131	167	39	121	28
123	153	172	63	152	117	80
89	69	71	89	69	69	89
150	19	55	77	86	27	25
140	152	49	110	101	49	184
127	11	11	127	133	11	127
129	53	53	53	18	129	129
39	64	64	39	26	39	64
166	42	170	21	80	168	152
69	49	16	106	135	20	69
169	131	23	23	85	160	70
88	103	73	87	161	127	26
43	181	75	89	53	114	29
75	75	126	153	119	119	153
54	82	156	74	54	131	77
171	132	44	19	73	142	133
185	93	53	53	14	104	163
50	71	112	50	181	188	188
151	119	99	146	50	169	146
23	105	141	55	161	84	14
130	135	135	135	40	94	101
100	31	114	50	102	100	94
41	133	142	142	62	142	33
122	146	174	134	146	137	33
69	131	50	89	69	89	50
51	68	27	109	42	64	27
21	21	154	14	28	168	101
74	133	133	74	133	74	129
124	72	164	72	124	72	124
29	37	83	37	38	40	53
55	103	30	103	103	165	30
80	79	151	125	69	146	162
134	68	134	146	156	146	68
139	188	68	31	134	94	94
33	80	126	73	55	73	99
10	182	78	41	41	54	156
66	66	64	145	156	66	156
29	29	113	32	18	50	32
67	26	67	119	26	26	67
80	145	82	44	82	129	16
113	97	123	123	123	97	97
91	108	15	74	79	59	89
27	173	27	27	173	173	164
42	19	169	112	112	156	156
122	79	86	122	79	79	122
69	69	81	81	147	81	69
87	119	21	149	28	80	161
149	170	164	170	164	139	164
34	131	130	164	160	113	109
23	112	181	112	112	181	181
72	73	54	73	73	72	72
162	101	37	73	51	140	106
69	69	129	129	149	129	69
32	54	54	145	35	184	172
114	29	32	138	138	154	167
117	190	99	149	117	107	35
91	65	65	127	127	65	73
68	50	150	150	68	150	68
92	92	92	173	138	138	138
109	109	109	186	178	178	178
60	189	148	73	154	67	125
111	58	85	165	53	35	35
63	128	128	63	128	63	156
57	135	57	57	135	87	135
97	41	154	97	47	41	41
80	94	131	19	99	15	15
134	70	134	130	130	134	130
97	32	129	32	97	97	32
50	50	112	112	112	20	20
121	28	141	141	28	141	28
92	106	149	39	43	92	142
181	28	28	28	139	139	139
161	87	16	40	190	24	50
64	9	9	107	74	74	9
63	22	22	53	53	22	53
67	57	177	67	136	57	177
147	150	104	150	104	150	104
143	121	143	121	143	121	64
10	46	46	46	69	10	10
151	112	95	112	151	95	109
43	108	88	119	93	88	147
56	30	56	56	30	54	6
170	61	132	81	112	105	132
173	181	75	185	153	185	53
103	31	133	10	57	187	141
132	57	27	114	50	143	176
161	122	162	41	74	33	162
24	24	141	138	118	93	45
111	111	119	119	172	58	58
107	97	58	103	20	81	96
12	13	12	12	101	101	125
26	60	190	26	190	26	190
115	160	30	68	178	160	80
97	55	97	97	118	55	55
127	106	142	160	183	45	106
34	179	149	39	39	73	132
174	174	150	150	182	174	150
75	165	165	186	75	165	75
46	116	89	139	89	139	89
87	68	87	37	87	68	146
187	138	130	127	138	185	175
46	18	90	18	18	46	46
13	13	110	13	56	110	110
45	45	45	61	61	61	111
186	110	10	145	57	10	15
172	119	107	107	172	172	107
45	48	49	115	81	81	86
145	29	89	89	145	145	89
129	164	73	28	105	39	105
78	101	170	89	58	167	78
148	74	85	145	121	108	152
163	73	153	50	175	73	148
12	163	159	92	163	44	53
54	118	120	118	74	54	118
49	168	49	125	34	53	52
139	74	139	22	139	74	74
70	35	21	170	67	35	16
183	86	44	73	46	117	86
169	164	76	175	140	76	75
20	172	86	114	165	82	136
49	29	66	135	66	135	49
166	110	166	100	97	100	166
108	110	184	135	110	177	184
124	76	76	76	181	124	124
27	163	117	25	98	24	98
82	84	25	84	25	84	25
49	61	61	29	51	50	105
91	134	134	158	159	110	124
180	103	168	180	103	168	87
136	69	62	62	136	136	62
153	57	57	57	22	153	153
19	19	20	95	122	20	95
65	35	65	35	157	157	157
141	165	141	165	20	141	165
96	51	51	96	96	160	51
42	70	39	42	104	119	187
100	95	76	34	85	95	57
89	58	71	71	50	134	20
158	158	101	27	101	158	101
45	45	45	11	11	50	11
61	25	157	81	187	102	89
87	21	105	105	101	101	21
56	89	89	89	56	56	189
85	42	103	85	85	42	42
127	119	127	119	119	127	112
137	49	100	71	144	100	51
81	25	16	81	33	25	25
163	93	26	115	132	141	70
126	112	138	100	138	29	126
138	74	28	138	74	138	74
16	142	10	35	146	140	146
169	57	180	135	18	190	57
40	83	40	40	83	162	83
37	121	168	82	121	66	108
100	130	132	99	39	95	116
31	48	48	167	131	149	92
143	161	155	93	127	107	143
158	157	43	157	43	43	37
123	77	123	114	135	114	77
158	163	115	124	132	157	175
19	97	92	153	97	92	97
78	59	78	51	78	59	59
10	17	71	86	71	25	25
129	43	115	129	43	15	129
141	145	141	145	145	35	141
85	99	16	40	99	153	109
176	176	176	44	44	112	44
158	115	158	115	115	158	114
157	113	189	29	155	107	103
152	150	138	138	150	138	150
177	64	64	177	177	132	64
132	165	165	66	17	121	181
87	74	74	123	74	87	87
171	145	42	96	99	109	64
36	135	133	146	56	135	75
127	139	127	156	127	139	9
113	113	105	113	105	160	105
141	163	116	146	96	177	171
35	35	114	114	22	35	114
35	35	107	117	107	35	107
25	77	133	159	53	69	25
91	98	153	51	11	153	104
108	108	109	108	82	109	109
20	82	130	56	51	46	40
140	97	122	53	187	133	54
126	132	126	126	132	132	67
140	59	180	33	182	33	138
135	108	108	148	73	148	135
151	97	186	55	97	112	75
90	18	103	103	29	18	18
62	128	51	51	128	62	84
91	177	37	117	124	149	59
126	149	149	126	126	149	43
131	18	18	131	71	131	18
55	88	60	59	87	147	147
124	16	159	136	74	47	147
106	51	128	129	129	67	169
21	157	157	80	107	107	21
103	148	140	49	43	103	167
128	128	83	117	128	83	83
48	153	182	48	118	165	171
47	132	132	132	89	89	89
125	97	103	103	103	125	125
100	111	111	25	95	64	29
67	67	48	170	48	67	48
70	131	137	137	86	131	70
118	21	21	142	142	21	142
168	171	104	25	40	104	178
75	50	116	75	50	50	75
149	19	173	30	149	173	30
59	59	143	59	143	115	143
11	75	75	54	24	25	43
122	122	22	122	22	69	22
144	117	103	103	60	158	36
149	78	149	82	18	104	181
56	133	22	176	15	149	176
82	89	144	40	82	40	144
120	40	41	39	41	182	119
174	146	96	43	43	163	120
187	129	140	108	129	38	17
34	31	77	90	79	90	122
188	144	188	188	144	144	176
36	37	169	12	99	105	79
123	70	123	123	154	29	154
94	148	116	162	141	130	68
42	84	111	38	183	38	86
142	152	152	152	168	142	142
56	179	67	56	23	179	67
116	99	33	148	52	144	15
126	47	72	114	47	114	72
100	157	122	111	157	137	186
145	109	124	109	109	145	145
37	99	63	157	50	119	70
188	125	163	78	168	11	163
114	20	36	20	36	20	36
134	145	108	34	145	145	108
74	153	157	114	157	114	74
164	45	70	12	164	83	134
20	150	22	20	74	174	189
117	58	174	141	92	65	28
171	75	126	161	150	49	16
93	33	33	33	144	82	82
40	88	88	28	44	44	40
167	167	133	167	133	69	133
81	154	15	154	81	142	15
101	101	105	72	105	105	101
17	71	147	35	71	147	147
135	25	135	145	169	118	77
142	123	25	142	182	154	70
95	156	124	30	30	97	113
160	131	168	135	176	138	133
93	53	53	179	179	137	93
154	105	167	91	147	179	91
185	138	138	80	30	175	16
75	107	82	107	107	75	75
45	95	45	24	24	24	45
22	113	22	102	102	22	102
93	188	188	62	188	62	62
85	85	43	43	43	161	85
123	54	111	54	123	123	54
98	167	98	43	43	98	43
30	92	157	92	65	148	70
53	60	87	60	87	53	50
103	37	125	103	125	37	110
40	170	63	33	40	170	63
103	103	108	121	73	109	29
98	146	152	116	116	163	44
154	160	160	160	154	161	154
48	89	48	85	89	85	32
142	57	57	142	7	142	22
15	15	33	102	15	33	33
130	130	23	23	23	54	30
135	114	94	94	19	145	83
133	88	88	165	102	102	133
165	113	140	113	113	165	165
106	57	146	178	134	39	78
88	88	60	64	136	99	17
168	13	168	13	13	48	168
59	59	59	26	26	26	90
21	136	67	136	67	67	94
61	61	61	97	19	24	187
51	30	51	138	138	51	138
183	133	26	29	92	98	73
40	49	58	58	163	95	68
31	44	31	31	87	44	99
35	163	99	163	111	16	141
190	27	190	138	190	138	138
28	53	57	125	72	135	93
98	165	27	179	27	189	157
122	168	168	135	135	135	168
178	73	31	58	94	176	58
142	142	92	92	84	61	84
78	111	87	130	111	25	118
174	116	166	89	104	79	116
59	101	75	75	101	101	75
167	130	179	130	109	179	167
178	105	29	29	157	178	105
94	113	71	123	113	90	181
102	81	81	21	81	102	102
48	174	43	173	180	48	50
94	178	120	36	32	149	112
40	95	157	157	157	40	40
39	54	166	185	57	131	140
143	179	176	67	67	143	176
110	172	163	152	53	14	42
128	34	146	69	162	173	35
154	38	125	149	114	177	114
88	88	93	36	88	36	36
114	114	99	131	114	131	131
27	178	188	27	77	47	75
156	145	189	177	19	182	77
60	152	76	116	112	42	152
158	128	127	11	128	132	79
132	73	78	74	161	75	73
168	41	41	130	168	168	41
133	180	139	180	151	139	151
56	73	127	59	182	132	142
176	66	46	66	11	170	10
182	18	175	143	166	19	18
77	13	77	13	77	13	77
62	101	62	139	69	146	24
162	32	32	57	57	32	57
17	161	82	161	17	17	161
57	57	117	128	61	57	67
127	165	63	156	127	165	63
26	57	97	116	80	20	116
149	99	99	149	149	99	93
84	64	144	30	135	144	148
47	76	28	17	22	124	124
149	10	10	149	149	146	10
83	31	31	83	31	83	122
46	37	46	46	61	37	37
164	164	16	92	16	164	16
138	45	114	56	56	114	45
100	100	105	105	64	100	105
24	24	24	88	88	88	25
133	161	97	161	16	161	129
167	167	167	13	41	41	124
182	120	152	172	157	166	94
163	142	53	71	142	77	54
85	86	97	140	105	101	37
123	166	112	166	33	123	166
15	31	111	92	92	31	111
105	66	66	105	66	105	103
78	78	78	37	37	43	37
133	99	110	110	110	133	133
107	163	84	63	104	35	145
87	141	84	87	101	166	126
90	57	57	57	35	35	35
83	139	86	86	157	64	86
137	141	57	33	107	95	189
27	27	97	70	27	97	89
58	58	58	55	123	55	55
118	15	20	10	15	20	20
152	29	56	151	176	55	38
102	152	80	143	80	122	74
46	46	131	42	148	171	143
42	21	30	21	30	46	30
60	60	59	60	59	136	59
99	113	10	99	113	99	22
147	147	54	54	55	147	54
123	134	151	151	51	129	25
163	182	155	170	93	163	62
26	93	26	146	146	93	170
35	56	35	35	115	56	56
129	129	26	143	24	26	24
47	149	131	138	126	98	42
113	39	119	171	144	13	113
142	86	151	86	111	58	104
26	28	35	107	31	83	56
74	147	164	144	25	12	56
48	131	28	103	28	48	103
173	82	184	184	173	173	184
139	113	67	55	13	181	102
123	86	123	123	66	86	86
112	89	112	134	89	112	89
36	86	42	36	36	42	42
54	65	102	102	102	65	65
134	172	27	172	167	99	167
51	32	147	116	185	76	116
75	41	92	91	52	138	41
171	48	101	32	34	30	95
168	155	167	107	92	168	168
20	187	78	150	112	89	112
55	55	117	133	133	55	133
164	108	186	131	150	37	58
145	180	54	170	107	145	11
128	114	128	98	98	56	114
176	135	162	80	147	178	82
140	31	150	150	127	127	140
137	170	170	170	170	50	170
23	28	28	159	101	149	43
158	158	75	48	158	48	48
156	176	26	176	101	21	185
186	85	139	180	91	65	143
117	156	156	117	156	43	117
75	180	32	71	17	51	17
85	55	124	85	139	139	55
39	113	39	39	117	117	117
174	69	154	36	164	82	174
26	26	34	8	146	34	26
119	41	118	76	113	108	97
20	105	105	128	128	128	105
38	68	151	84	157	38	96
98	150	58	28	172	95	180
44	114	145	123	73	136	154
92	160	156	160	92	92	160
67	67	67	67	15	15	15
121	59	59	59	149	44	121
182	103	114	67	66	114	144
93	20	98	190	158	131	169
52	180	35	50	52	180	50
163	109	10	41	42	82	15
126	126	101	101	126	11	101
101	110	101	110	142	110	101
91	179	38	179	179	38	38
76	11	75	23	32	113	142
93	149	169	149	30	143	140
68	72	81	81	72	72	81
54	148	76	148	148	54	54
63	37	63	63	37	37	79
26	79	120	150	175	28	140
15	105	128	128	15	128	15
15	160	15	48	58	58	15
28	19	175	69	59	83	28
65	43	43	73	73	105	73
105	40	174	40	174	136	136
119	154	56	154	56	56	154
143	107	138	175	73	167	167
109	112	178	158	109	158	112
96	96	73	96	73	22	73
47	47	155	163	47	95	155
54	144	146	51	97	48	73
182	160	131	101	186	183	139
147	48	82	92	40	49	92
18	80	42	38	38	136	98
86	86	86	133	5	5	124
122	97	166	122	97	122	97
28	83	116	116	83	97	83
29	67	29	67	120	120	50
173	179	22	179	22	179	22
96	96	96	73	73	73	149
57	96	96	112	57	133	133
30	107	26	122	142	185	18
186	179	26	26	179	179	26
190	54	137	50	104	69	48
154	132	132	132	11	11	11
165	67	19	131	183	58	165
53	105	74	26	74	53	20
141	176	140	151	22	97	52
26	65	65	26	117	65	26
49	179	49	166	20	164	14
172	172	156	91	88	88	47
73	188	124	172	90	144	142
118	118	118	72	120	72	72
149	149	40	40	163	51	51
159	159	56	56	159	47	56
127	141	141	141	127	127	77
53	153	22	74	149	121	53
47	109	175	171	181	181	177
79	157	79	180	157	79	157
61	129	80	80	61	129	42
180	22	156	20	20	187	20
110	75	75	177	73	38	14
16	143	129	16	105	16	143
78	52	52	170	139	170	78
54	34	34	34	12	12	12
151	170	151	89	170	170	109
140	140	140	39	72	39	39
84	161	77	184	12	59	84
115	127	93	67	156	121	27
66	15	114	93	118	56	93
66	129	135	129	66	129	66
31	89	105	25	164	127	148
90	142	110	161	31	161	182
69	20	67	20	69	20	69
83	83	83	83	83	83	96
50	77	50	50	77	11	77
162	176	163	112	69	162	100
156	175	122	175	15	156	15
32	77	133	178	140	146	55
11	140	145	11	189	28	131
44	127	185	18	51	67	44
83	164	35	108	190	164	124
137	58	137	17	58	58	137
115	131	115	149	69	115	149
128	26	26	167	26	167	167
68	58	68	58	68	58	42
69	167	154	69	154	69	154
152	131	61	61	152	61	162
69	77	52	131	154	179	156
53	133	146	133	146	53	109
175	129	83	162	179	83	149
24	110	110	110	50	50	50
120	54	104	104	145	169	158
41	23	61	107	18	54	185
113	102	103	102	113	65	113
55	134	134	92	134	55	55
39	56	136	56	24	97	74
165	18	45	18	45	72	165
103	15	115	18	84	26	26
55	134	18	55	66	181	169
150	68	179	148	26	70	139
135	162	26	107	162	162	107
73	187	112	11	36	53	14
140	140	102	102	32	145	32
43	43	14	16	14	43	14
119	155	34	152	94	187	57
82	21	144	21	144	144	41
152	116	106	31	69	179	45
10	94	69	94	53	69	69
167	153	167	22	56	167	153
130	130	59	75	75	130	75
157	94	157	94	94	64	157
49	49	164	49	114	164	126
54	122	95	54	103	122	103
40	35	182	35	159	42	54
54	72	72	6	6	41	6
17	70	17	70	99	17	70
15	154	105	81	29	65	160
93	160	98	54	160	27	129
82	169	82	169	39	88	39
136	83	83	61	61	61	83
176	53	21	42	169	123	176
133	42	42	25	133	133	42
15	114	43	43	114	118	114
145	160	75	123	145	88	171
143	111	149	143	58	98	76
183	149	170	40	22	80	163
102	102	26	120	105	55	137
124	114	114	44	189	167	54
179	179	61	137	179	61	61
99	99	149	149	99	149	91
134	77	47	47	77	77	47
77	77	110	85	5	5	5
44	139	65	102	130	17	155
117	170	170	117	117	170	22
90	90	174	123	123	123	174
50	112	48	112	50	50	112
136	78	26	103	22	136	92
33	44	160	160	155	186	44
172	57	172	146	57	146	22
96	78	111	92	11	11	56
18	47	187	184	119	18	181
150	30	178	150	150	178	178
177	178	178	177	178	166	177
131	62	36	131	131	62	62
75	75	82	136	82	75	82
16	16	53	16	53	117	89
25	126	105	156	28	175	147
59	130	130	46	130	59	40
128	177	36	177	36	128	145
103	165	101	165	101	165	101
29	173	104	104	82	82	29
107	96	166	127	122	24	24
14	35	119	92	108	144	116
48	54	155	141	155	141	54
93	25	93	120	77	108	62
97	155	145	155	97	155	97
116	108	159	186	71	116	39
120	161	114	179	21	98	34
26	60	11	60	26	26	60
133	133	68	68	41	133	68
190	72	133	52	147	29	38
82	128	128	140	133	133	82
20	39	128	144	39	39	128
129	36	42	99	36	135	99
144	34	100	100	34	157	144
158	28	15	113	28	101	173
140	140	68	105	140	105	105
97	124	124	124	97	76	97
38	157	129	147	186	63	51
105	115	109	52	82	33	109
74	147	99	152	105	155	100
188	188	42	42	188	42	79
26	30	160	160	69	69	26
141	31	93	103	111	142	39
27	34	34	27	66	34	27
135	155	135	155	37	135	52
102	22	41	14	145	22	24
92	170	78	92	86	92	86
82	77	142	37	82	77	37
175	175	159	113	119	95	81
108	165	108	90	90	90	108
127	118	127	127	15	15	15
20	68	68	20	20	68	84
130	153	130	86	130	153	153
11	74	74	74	149	11	27
128	117	60	187	129	129	160
91	19	31	19	135	31	91
72	72	152	133	67	182	180
172	56	150	68	76	179	114
99	185	121	15	65	59	17
75	75	94	109	109	109	75
177	58	48	177	146	35	33
171	172	64	65	145	81	145
129	108	85	17	21	49	52
48	148	79	40	56	109	44
121	186	121	26	140	118	37
63	121	138	160	103	83	74
167	30	47	150	185	167	76
46	177	102	141	33	143	175
132	138	138	132	136	17	17
156	152	69	177	108	177	77
134	171	137	137	134	117	117
24	151	136	107	132	10	24
174	181	152	18	24	184	70
93	51	152	138	93	138	152
92	109	169	134	104	134	19
183	88	88	88	183	183	69
158	108	57	158	166	117	49
187	42	42	42	187	125	187
178	70	178	178	100	100	100
18	18	114	93	93	93	18
41	41	98	63	98	41	98
183	119	144	77	95	140	119
138	140	140	80	80	110	110
20	51	73	83	171	21	83
130	124	59	124	59	124	59
46	46	162	96	162	138	138
92	98	106	65	41	41	162
122	126	99	38	43	99	44
103	103	57	144	103	57	144
118	118	40	40	40	118	189
175	151	47	30	71	151	101
154	41	75	137	96	154	109
132	114	134	134	134	132	132
178	178	90	90	90	178	178
180	61	114	170	170	52	75
166	188	144	93	166	184	23
139	135	139	145	180	135	145
93	66	68	153	150	68	40
146	152	146	130	87	173	137
96	84	140	84	84	96	96
42	42	106	89	89	89	42
137	33	74	28	176	157	131
99	181	18	73	36	104	110
152	152	115	115	93	82	82
41	83	83	41	83	41	131
172	111	87	87	172	42	111
51	20	55	55	118	11	59
160	44	88	174	141	137	102
73	73	73	40	119	40	40
6	152	41	6	41	6	152
148	22	37	30	15	68	98
93	93	92	156	92	92	93
172	49	103	82	167	99	99
18	153	18	171	153	165	165
144	169	147	147	147	144	144
98	23	173	88	29	122	41
26	57	72	96	12	75	79
60	76	137	31	60	137	60
169	185	91	169	169	91	91
57	73	72	125	57	57	72
119	38	128	119	38	165	119
24	107	178	161	107	145	95
185	129	124	103	54	124	66
122	136	122	106	79	79	79
57	125	46	185	34	185	117
148	85	161	136	14	74	151
145	145	137	137	145	137	145
124	29	42	41	50	146	50
114	65	114	114	61	63	63
123	123	45	123	92	92	92
163	103	43	140	107	86	24
28	28	21	28	84	84	84
107	89	96	89	96	107	162
92	36	145	22	145	44	11
47	80	47	109	34	80	80
33	79	167	146	10	146	88
179	58	150	137	47	47	80
103	78	103	185	78	103	78
108	109	18	76	108	25	169
47	175	24	24	168	175	47
176	155	35	14	23	129	30
32	32	146	99	146	32	146
72	62	57	127	105	127	15
32	164	32	103	117	103	164
103	61	61	103	73	58	58
138	138	126	128	126	126	138
83	123	123	83	123	83	91
83	64	87	20	83	20	64
17	17	110	150	110	150	156
140	39	51	128	140	44	29
85	51	51	117	117	43	117
79	160	79	79	72	72	72
100	147	86	147	91	147	91
40	70	40	119	140	140	119
60	80	53	153	153	36	33
38	38	68	34	38	34	34
161	128	151	151	151	128	128
74	47	105	105	74	47	36
128	135	51	128	128	140	51
26	110	157	10	34	124	107
11	102	159	170	89	11	54
139	184	127	184	127	127	184
190	190	190	172	172	172	187
102	51	20	102	20	51	104
73	36	73	36	20	34	73
50	139	26	48	139	139	50
38	38	70	58	168	171	17
161	143	81	26	24	81	82
32	29	164	164	29	29	164
174	69	174	69	69	81	174
81	180	145	180	81	180	81
170	170	125	125	125	129	170
98	170	23	26	134	150	152
53	180	52	166	180	90	123
132	87	101	45	40	182	45
37	44	188	157	63	116	114
156	84	84	156	156	84	125
11	176	84	168	99	70	121
140	75	140	146	146	146	140
170	170	107	107	70	170	12
171	112	104	104	171	124	124
52	56	100	100	56	56	100
51	153	101	33	51	33	101
48	17	48	131	170	17	131
22	123	86	53	86	115	81
150	168	150	179	179	150	179
51	51	167	167	167	51	116
23	23	156	135	158	83	68
101	128	39	166	11	15	163
23	165	83	23	84	83	84
13	33	57	13	33	88	13
190	174	190	190	50	174	174
152	59	136	59	136	147	136
83	34	77	22	138	146	83
58	58	11	58	168	163	168
52	10	117	52	52	117	117
89	72	24	72	72	24	24
96	96	185	185	134	96	185
31	55	159	28	31	96	171
163	180	177	180	163	53	177
46	104	107	107	140	104	140
97	144	71	102	104	177	97
134	46	39	79	73	97	134
101	162	16	101	79	16	101
45	167	45	45	114	167	167
95	169	169	119	190	56	136
84	156	115	165	115	123	124
146	18	159	146	37	72	44
176	179	179	71	176	71	142
89	97	89	47	47	89	47
24	142	97	97	61	24	61
12	146	12	53	146	12	146
122	101	129	101	101	129	129
74	169	72	109	65	76	67
54	54	122	24	122	91	24
117	152	19	182	116	182	116
18	97	97	97	50	18	18
96	168	152	165	105	168	86
161	161	161	147	147	147	90
18	170	32	82	82	152	157
45	19	45	19	19	45	74
170	55	148	170	135	37	83
16	61	61	25	73	16	73
102	109	157	17	102	113	115
82	139	123	110	123	138	11
69	98	98	69	179	98	69
168	160	55	51	68	51	35
108	80	80	48	108	46	46
80	82	125	99	70	14	99
50	130	130	50	6	51	130
107	107	122	170	107	21	170
184	72	107	135	165	184	162
24	105	162	124	189	58	105
35	88	170	35	170	88	100
79	69	120	103	80	80	93
101	10	51	10	51	51	10
36	107	53	107	107	36	36
171	38	122	171	38	171	38
57	179	130	177	46	44	46
124	124	136	66	66	12	66
135	121	14	51	135	121	135
83	145	83	81	145	69	69
28	28	63	63	108	28	63
181	188	69	161	133	133	180
114	49	73	102	150	26	150
50	158	127	158	91	170	165
87	122	175	49	87	69	175
115	33	33	159	115	119	119
34	34	104	116	104	104	34
76	17	134	62	73	53	184
141	50	144	50	95	21	48
32	37	37	136	156	112	83
107	169	95	130	80	14	64
17	68	132	39	119	35	165
186	186	132	77	186	132	132
31	31	111	23	23	31	23
186	42	24	134	128	164	102
99	78	179	172	124	124	26
117	187	187	122	156	26	82
115	146	29	29	115	29	115
19	168	40	139	128	168	86
137	137	137	42	42	42	101
134	107	34	171	19	158	19
86	86	127	62	86	62	127
168	30	169	30	144	50	82
119	130	119	168	145	168	145
142	42	134	42	134	146	146
39	131	14	86	35	25	14
80	152	33	13	80	13	80
56	19	129	63	34	63	103
87	66	98	19	19	73	125
35	35	106	91	115	106	115
165	120	14	11	67	101	31
111	100	124	126	132	124	56
123	188	146	16	82	128	46
183	116	183	17	17	183	17
168	44	44	37	37	44	37
58	102	152	65	80	186	121
58	58	189	189	58	184	189
83	86	71	86	166	45	82
93	147	53	69	114	79	114
48	113	119	119	119	48	48
25	108	132	75	87	132	18
39	39	39	66	127	66	66
95	77	52	98	93	66	66
146	90	48	48	174	122	27
59	151	36	53	111	116	62
51	176	147	45	51	91	45
46	46	179	46	179	23	179
105	152	161	152	93	102	99
107	107	15	49	107	15	15
45	148	15	149	189	141	114
69	59	20	73	20	59	73
22	79	123	100	22	29	43
162	32	157	163	162	157	157
71	68	68	71	104	68	71
135	92	66	135	135	92	92
60	99	65	174	35	163	65
15	177	111	150	128	176	13
30	39	134	108	134	152	18
72	115	98	109	130	130	90
114	37	127	127	114	27	114
91	179	139	159	47	108	56
174	190	38	144	186	144	60
185	138	157	182	190	190	71
57	98	98	98	57	57	54
46	113	46	46	113	86	113
164	115	115	164	56	164	39
12	87	12	102	87	12	87
47	107	106	64	31	85	161
135	95	55	80	84	170	102
58	188	55	150	24	177	150
35	32	154	175	167	36	35
93	124	124	70	179	83	171
34	156	14	73	124	121	156
81	137	81	70	174	125	44
84	72	149	126	126	188	126
61	61	143	143	61	143	138
98	85	134	94	134	119	13
164	101	164	183	183	183	164
132	132	62	62	132	36	59
46	133	44	95	95	95	46
69	142	69	45	45	69	45
32	38	32	32	142	38	38
17	17	186	186	186	163	17
142	170	17	188	65	101	38
169	169	89	89	121	89	169
67	64	72	77	186	80	72
99	128	128	145	137	18	99
177	169	89	106	72	153	106
111	72	104	104	104	111	111
93	126	62	136	150	151	93
37	134	102	102	37	102	37
21	17	95	51	148	41	95
172	172	121	172	121	121	175
153	132	167	153	143	143	143
141	55	55	55	55	55	55
129	175	57	55	128	114	105
93	22	167	118	26	82	26
60	78	78	92	60	60	78
62	126	62	126	33	126	62
27	76	189	82	70	132	98
97	16	181	168	22	119	105
137	77	27	61	150	158	120
95	56	87	87	95	56	85
13	72	52	182	13	12	161
138	96	96	90	120	120	90
70	70	77	155	112	112	155
148	54	148	148	132	54	54
67	17	17	154	107	67	107
70	149	70	33	149	149	70
182	20	181	68	61	98	30
20	133	178	92	92	20	133
54	30	85	63	36	169	104
162	32	60	171	179	162	134
82	82	78	165	82	165	165
169	39	32	32	169	69	39
112	71	112	123	123	125	71
131	185	36	70	118	70	36
66	20	36	66	36	36	66
47	162	98	162	47	47	162
153	20	104	21	73	125	189
134	150	112	132	83	134	86
83	83	169	13	77	131	25
94	112	10	99	189	83	119
87	120	124	57	137	145	57
104	164	119	95	80	59	119
16	171	88	63	133	127	46
49	49	82	84	82	82	49
91	43	136	141	159	145	123
97	126	97	146	126	18	18
63	129	63	17	129	63	129
48	109	73	73	145	21	86
147	90	84	100	52	104	31
154	142	153	59	59	154	142
153	51	105	118	181	168	105
151	50	175	109	57	151	32
63	134	106	168	140	26	10
52	84	55	84	158	143	162
181	181	42	181	42	42	133
17	45	136	181	67	81	72
84	90	90	108	155	90	155
135	113	113	158	135	135	113
13	13	179	181	26	173	73
97	23	97	97	37	37	37
172	76	60	165	102	60	190
102	121	121	102	148	148	120
70	61	94	94	94	70	70
148	147	65	148	65	148	154
130	36	122	122	106	36	106
180	43	49	92	92	180	43
166	115	166	166	159	34	34
43	43	40	40	64	43	40
41	187	189	173	170	159	107
142	34	178	48	29	54	73
174	156	156	65	174	174	156
38	164	148	45	159	128	186
21	60	138	138	109	180	153
44	44	92	183	92	44	92
80	80	49	114	119	59	71
80	183	183	148	148	183	148
60	131	146	83	143	146	84
56	52	74	78	106	173	126
28	28	183	54	28	183	183
84	39	8	39	49	39	8
99	94	19	88	138	142	152
13	173	173	173	13	13	172
147	68	68	149	68	147	147
79	18	18	79	187	79	18
84	105	84	105	105	77	84
91	91	137	115	91	115	115
123	101	123	145	176	145	176
146	84	146	175	69	102	95
136	171	15	116	80	109	47
124	90	27	147	135	179	27
87	71	121	121	33	33	33
103	17	177	79	118	188	103
92	62	176	120	138	156	127
167	32	144	166	149	143	144
60	63	63	60	63	60	125
159	81	67	16	16	24	75
136	100	136	100	136	94	100
46	108	154	46	112	112	154
168	46	98	98	46	98	46
11	156	185	180	31	147	147
5	102	108	108	5	144	5
41	74	146	102	41	58	107
159	108	159	64	159	159	64
48	129	105	144	97	100	20
157	102	43	43	140	140	157
179	103	163	174	140	155	18
140	149	140	11	141	56	91
86	139	121	121	121	139	139
11	105	176	11	176	176	11
134	134	154	68	154	73	73
136	136	146	31	146	92	31
182	93	71	93	145	33	136
139	139	136	19	19	19	96
63	116	116	171	31	31	171
55	153	127	153	138	151	178
120	120	156	156	156	120	20
10	169	157	169	150	157	157
105	165	70	186	14	153	61
114	163	180	163	163	114	114
134	123	123	21	21	123	21
178	119	34	39	62	94	51
183	105	20	110	72	47	183
183	88	183	75	75	75	183
113	123	113	123	116	123	113
83	83	83	10	169	114	171
95	95	35	35	40	95	35
88	88	183	64	41	18	179
102	22	64	135	135	120	149
168	22	36	168	101	138	154
110	110	75	75	46	75	110
183	183	122	122	97	122	183
148	103	116	148	12	93	190
134	32	41	160	13	13	188
61	98	20	187	88	147	184
142	142	154	67	53	157	142
109	95	152	173	173	152	95
122	130	130	122	109	130	122
112	58	160	112	58	23	23
171	81	108	81	146	58	163
38	185	46	103	72	103	157
94	94	180	93	33	33	180
111	111	111	48	111	111	111
106	106	28	92	28	106	28
87	92	87	87	92	92	22
78	75	33	184	161	25	75
176	154	28	105	154	28	176
90	113	113	51	90	67	90
55	168	19	39	66	144	48
146	146	52	52	18	69	18
163	22	160	163	160	160	163
104	148	71	176	176	177	49
93	159	122	122	159	122	159
57	158	57	57	174	158	158
155	155	6	33	6	6	143
189	160	34	59	172	108	96
82	161	70	161	151	11	106
15	96	147	147	147	96	96
174	174	50	50	164	174	50
24	12	149	149	24	149	24
167	143	28	131	53	133	62
23	172	91	172	23	142	142
46	46	111	48	46	111	111
168	114	174	148	174	53	38
140	79	22	51	79	28	172
115	115	89	89	115	103	89
48	39	39	30	30	39	30
97	175	97	180	180	180	97
99	23	172	36	99	69	179
91	55	125	155	55	39	122
179	100	67	179	81	107	81
152	113	13	74	157	13	44
93	28	162	93	93	162	162
121	121	91	127	91	147	147
156	60	147	60	156	147	35
70	67	109	67	30	47	126
135	135	71	135	71	50	71
65	78	114	80	135	78	186
50	47	171	161	79	77	50
142	142	164	164	190	164	142
76	76	76	59	79	59	17
34	34	34	121	121	78	121
126	139	153	16	172	54	37
100	187	20	66	44	74	48
25	58	58	170	142	24	125
42	144	125	17	42	133	56
35	12	181	14	69	35	98
161	161	159	123	159	123	99
144	144	25	74	74	74	144
186	38	82	151	178	164	154
134	73	73	12	170	73	134
56	23	56	48	23	23	56
169	155	28	89	64	106	137
24	165	98	165	24	24	113
178	125	76	105	163	18	105
73	98	98	134	98	134	134
188	102	140	140	88	48	93
136	136	69	69	39	69	136
14	105	189	14	14	105	105
141	75	141	141	75	28	75
135	12	144	146	25	148	135
171	104	138	50	138	18	71
69	69	70	136	136	136	69
43	105	43	94	94	43	94
27	60	27	135	121	121	121
164	60	143	60	173	23	122
171	25	124	25	86	91	29
112	151	51	105	117	112	109
178	168	63	178	178	63	63
139	57	57	139	139	78	57
84	12	61	34	161	121	150
146	34	64	25	64	146	25
32	48	32	120	48	120	32
47	47	117	35	47	35	35
58	83	66	83	83	66	113
164	144	10	36	62	95	25
10	95	39	39	55	103	49
20	121	102	121	102	20	85
41	41	75	75	102	41	75
109	30	92	30	86	67	128
139	67	127	102	139	24	67
175	176	176	176	95	95	95
112	55	183	27	163	169	98
37	45	45	37	37	45	47
176	71	20	42	65	12	30
75	123	36	63	151	170	28
15	127	166	34	50	68	174
39	148	67	148	92	107	56
142	97	97	142	97	142	60
31	110	165	156	105	189	189
90	119	161	90	164	90	119
65	128	65	128	65	54	128
124	112	142	119	23	158	119
140	72	82	134	96	98	98
78	157	17	17	157	173	60
146	48	48	146	146	92	48
21	21	76	76	76	21	76
64	150	15	150	130	112	47
85	177	95	70	60	33	95
144	45	156	176	163	171	141
38	23	23	34	172	186	26
35	134	98	35	98	35	98
24	142	142	142	28	142	24
148	111	33	33	148	33	148
84	10	30	126	177	120	84
183	89	95	81	19	95	28
174	143	158	109	56	180	132
48	33	33	31	31	33	88
82	38	19	38	19	91	82
108	108	49	49	173	49	108
83	142	83	159	83	159	159
136	15	136	15	158	136	15
12	116	55	93	63	29	156
148	148	28	148	28	125	28
83	67	109	113	66	169	169
24	59	163	59	163	59	163
180	41	117	137	85	41	26
97	160	97	133	160	89	89
24	144	122	117	80	46	128
75	91	42	42	144	153	81
170	162	166	45	174	20	45
78	124	97	189	78	24	82
35	111	29	29	35	29	35
52	186	181	167	52	181	178
152	140	51	100	27	106	10
178	173	53	165	60	175	173
137	102	131	151	17	29	67
126	128	23	24	29	168	61
138	146	30	52	52	52	30
70	34	70	152	55	152	70
5	166	5	5	83	13	83
60	181	181	60	60	15	181
42	16	157	29	16	75	44
127	105	15	101	127	155	83
134	63	108	98	71	52	37
65	20	65	187	187	65	187
122	177	122	117	25	87	143
132	95	35	170	95	143	176
63	44	26	15	44	159	179
162	167	34	42	111	126	157
134	48	109	134	109	109	134
20	67	31	74	109	93	50
13	35	52	13	35	13	35
80	103	150	103	150	103	150
184	14	150	177	32	180	180
106	122	42	135	33	33	149
105	132	105	21	132	105	132
68	131	131	103	103	131	99
144	144	86	170	114	170	144
168	23	55	168	23	55	136
28	97	97	28	97	73	28
105	105	68	96	96	76	96
56	113	113	113	56	144	56
99	84	6	96	84	84	99
173	31	155	149	177	150	177
43	89	60	181	150	43	101
87	67	17	66	162	17	163
99	33	33	68	68	33	68
137	122	21	178	126	70	178
28	34	34	28	28	34	54
42	42	156	19	145	145	156
90	171	54	61	90	61	168
187	90	12	12	153	13	148
118	38	70	12	106	172	38
22	36	153	61	22	36	153
22	84	122	182	17	17	179
64	169	169	64	60	169	158
63	103	117	103	63	63	103
128	153	128	151	157	65	65
44	176	69	173	187	142	161
177	160	131	54	139	42	177
140	31	140	41	31	31	169
190	45	45	190	122	190	45
57	165	110	143	173	165	166
153	150	36	153	27	150	27
142	138	138	40	142	180	176
42	148	86	59	86	42	42
23	157	63	63	157	8	63
80	165	80	165	80	82	165
28	13	168	36	144	101	36
57	163	57	163	163	131	57
68	68	82	68	82	82	65
156	156	113	39	29	135	62
42	39	181	39	112	39	136
91	38	18	38	18	38	18
102	102	6	80	102	102	80
66	118	118	66	66	187	118
166	156	147	44	166	166	44
20	113	148	11	113	11	11
27	155	155	49	90	90	49
114	114	111	62	62	37	37
60	95	28	60	95	60	95
165	12	81	40	165	165	12
35	121	180	180	180	121	121
19	26	72	101	44	135	25
31	173	183	19	81	89	27
146	94	146	146	37	94	94
76	50	157	160	159	129	109
71	79	46	10	152	109	58
39	88	88	88	51	51	51
81	71	132	103	115	125	113
92	92	145	145	92	145	154
128	123	20	20	20	128	128
79	17	17	115	79	17	79
25	93	93	54	45	25	45
144	144	6	130	130	130	72
131	94	11	154	171	94	41
152	176	107	45	113	10	123
43	77	182	143	84	156	77
166	73	167	58	102	185	92
185	185	72	149	185	72	72
23	85	69	85	120	120	23
113	171	166	114	122	18	97
53	25	53	25	53	164	25
69	21	17	83	13	101	70
140	181	13	175	100	164	175
29	28	29	165	29	28	28
114	184	184	179	179	184	179
95	139	52	79	88	170	159
34	109	55	109	55	70	34
94	94	33	146	33	169	169
141	126	126	127	126	127	127
146	184	85	99	32	182	73
134	124	134	83	134	83	83
161	139	74	139	72	114	21
105	101	101	81	105	105	95
99	129	123	129	99	129	99
154	83	154	154	83	83	131
80	50	123	123	82	152	70
154	180	174	159	176	189	11
54	54	99	99	116	99	159
12	20	20	176	121	14	183
74	64	74	63	46	46	63
34	168	134	34	168	134	56
21	148	148	148	21	21	136
184	184	156	36	156	184	156
32	175	175	141	171	18	189
134	134	134	157	130	104	104
58	167	164	99	123	154	168
136	136	136	107	107	130	107
63	79	102	47	126	43	181
97	40	116	40	116	116	40
50	138	58	55	55	126	13
83	62	99	94	55	47	80
27	178	152	57	171	128	128
149	170	170	149	149	170	30
124	109	91	124	91	91	124
92	126	126	92	120	126	132
140	174	13	182	101	14	101
48	181	170	118	179	123	37
64	102	64	102	64	102	42
96	96	95	111	96	95	95
165	165	165	105	69	105	109
122	46	46	55	122	46	122
33	182	180	61	19	164	166
164	161	108	175	27	17	92
49	65	58	174	106	91	128
62	64	100	103	141	140	55
118	12	118	12	118	127	12
25	102	188	91	183	56	173
59	49	114	162	155	59	75
155	84	155	84	152	84	155
107	132	139	70	183	27	107
72	87	141	72	87	21	68
138	138	146	138	146	72	146
54	30	41	88	41	30	54
129	129	79	16	129	79	79
167	12	70	167	70	167	70
111	114	114	32	111	144	32
20	162	154	150	132	28	177
79	65	186	96	71	96	42
159	159	62	62	62	25	159
96	156	156	180	116	180	96
72	72	93	93	172	172	31
27	27	18	18	18	27	13
177	183	178	178	75	103	17
108	71	108	154	162	62	143
68	41	109	41	109	41	109
103	103	67	116	72	72	116
94	140	35	63	63	42	20
104	34	186	57	26	117	148
158	34	147	180	33	133	153
17	135	86	154	85	108	135
141	34	125	125	125	141	141
122	122	184	122	184	22	184
75	147	139	150	165	173	173
20	155	15	111	100	58	68
165	74	169	153	24	73	75
172	92	172	172	92	92	28
114	114	61	26	61	61	114
178	15	126	135	86	86	128
83	83	116	77	77	83	77
123	137	137	81	81	137	81
60	60	119	162	162	162	60
110	10	110	37	10	89	10
120	107	58	13	138	179	65
130	130	130	107	113	91	113
25	120	25	25	30	30	30
177	162	177	170	177	162	162
34	178	42	143	155	34	47
50	50	62	41	122	50	168
153	126	184	184	126	184	126
19	19	26	185	74	187	56
117	180	180	142	43	39	180
188	74	131	35	149	82	131
112	120	62	95	63	149	120
100	140	100	140	100	140	132
141	129	129	141	129	141	129
108	91	30	67	119	80	128
180	141	46	65	73	124	95
150	150	86	86	86	150	42
111	42	42	166	170	42	166
27	46	27	78	78	46	58
122	65	97	97	122	98	98
104	104	62	10	47	104	62
39	25	25	107	145	111	153
38	38	35	38	95	95	95
185	185	137	107	80	38	115
32	129	60	182	34	136	98
33	86	33	114	33	114	114
94	105	16	26	94	105	94
61	55	126	19	55	61	19
124	42	147	142	188	129	94
175	175	23	23	160	175	23
51	117	51	117	51	136	117
137	67	35	30	67	179	12
15	27	25	169	27	25	169
68	161	150	80	56	80	80
105	102	105	96	102	102	105
120	29	29	120	154	98	98
152	50	77	114	50	158	142
84	22	22	84	84	50	22
107	174	174	174	107	107	175
76	77	77	76	77	77	76
80	79	148	127	60	42	80
15	83	103	15	83	83	47
85	171	85	171	186	171	85
134	18	167	79	172	79	180
167	160	84	160	38	83	152
71	86	111	138	58	142	131
52	189	189	70	26	154	11
87	105	19	167	19	87	105
108	16	42	36	18	122	166
63	46	13	22	183	56	137
77	150	42	150	77	150	77
42	105	42	110	188	63	176
69	57	153	57	110	110	69
118	57	175	108	118	175	108
140	138	47	16	16	47	16
187	152	152	165	152	187	187
72	29	75	75	155	182	153
79	34	105	76	101	140	175
62	37	37	37	62	13	62
142	142	142	34	34	34	26
51	188	188	188	51	70	51
77	77	77	77	77	168	77
122	90	54	155	90	45	71
18	153	28	185	149	184	137
132	122	164	77	56	122	169
157	33	157	167	157	167	167
57	172	111	182	124	124	44
167	185	22	127	86	74	185
52	172	95	133	164	51	85
151	79	121	36	79	36	79
59	71	71	59	71	59	149
92	123	107	107	92	107	92
129	176	80	184	179	176	40
40	36	136	32	111	37	115
157	95	151	16	87	58	164
125	170	163	155	91	180	131
33	107	169	169	168	168	33
58	163	159	159	163	58	46
11	19	171	163	18	108	47
125	30	125	50	50	127	127
157	91	111	157	13	157	111
172	178	120	94	138	94	187
85	85	166	166	174	166	85
19	130	173	19	21	21	130
24	24	114	24	113	113	113
51	69	69	51	51	69	82
18	17	187	187	187	18	18
105	56	105	53	171	77	13
180	182	147	172	133	174	172
104	104	154	112	154	154	104
79	103	171	174	81	186	93
119	22	65	95	91	28	29
181	25	37	134	167	163	62
100	130	100	130	100	119	130
35	35	18	84	173	67	103
21	21	72	152	152	72	79
53	37	145	37	37	53	53
45	71	161	167	105	181	157
147	36	170	100	114	17	162
11	104	99	104	105	142	47
42	49	76	49	76	49	42
179	181	170	181	170	181	170
184	100	164	103	50	92	58
10	74	74	30	74	10	10
118	23	94	151	73	39	24
50	61	108	76	136	122	136
20	78	127	144	105	121	66
71	72	127	72	16	115	169
22	130	82	108	108	130	22
176	133	29	160	183	156	75
14	30	154	38	133	184	123
100	67	57	100	100	57	57
73	56	34	46	10	189	146
39	104	39	68	104	37	68
152	116	10	156	126	63	10
17	143	174	174	105	32	140
187	128	128	187	187	128	16
31	148	148	112	112	148	112
175	67	128	81	33	31	67
38	91	84	38	180	52	185
152	51	139	51	139	139	21
23	46	134	110	34	157	121
87	81	22	66	95	81	159
129	137	137	129	129	122	137
101	134	75	155	97	22	155
44	88	78	44	78	88	73
112	149	118	129	158	84	59
29	57	120	81	47	36	145
44	19	43	159	13	44	24
159	76	76	40	40	159	39
151	34	65	48	30	68	88
133	31	31	136	111	111	31
15	41	41	15	25	15	41
125	117	117	12	117	12	12
166	81	101	36	81	109	36
178	178	158	158	111	158	178
17	178	84	17	84	39	39
92	98	98	41	92	92	98
115	34	50	34	34	115	115
134	179	116	117	125	14	150
121	61	61	57	57	67	121
44	37	48	37	44	44	37
34	152	147	18	19	64	175
142	92	142	105	142	105	133
82	154	116	141	86	88	188
179	181	141	141	181	141	181
100	120	181	15	118	119	179
173	106	21	161	52	52	20
116	89	127	66	146	119	146
110	146	97	127	90	22	110
120	92	175	33	33	92	175
123	123	157	15	162	35	33
104	121	174	35	178	181	110
98	61	94	20	111	111	34
77	77	95	56	116	100	140
42	130	130	42	33	42	130
118	118	92	92	92	118	156
95	46	129	151	40	49	49
186	77	69	77	100	100	125
158	80	80	88	180	88	158
60	19	116	124	14	120	124
122	75	132	122	71	177	97
149	149	106	135	149	106	106
49	156	66	176	167	156	128
96	182	29	42	157	93	174
187	85	160	119	143	158	85
102	172	151	17	27	177	73
53	53	127	101	42	135	53
35	100	75	51	157	119	135
106	139	139	70	106	106	139
135	40	57	40	40	57	57
13	147	169	48	108	21	12
172	172	126	172	126	27	126
45	78	78	78	122	115	115
66	132	121	114	189	114	144
139	139	16	16	160	139	16
105	70	185	105	169	78	120
126	126	49	21	126	49	49
70	111	114	124	124	114	111
61	134	155	61	28	155	134
132	48	32	98	32	181	47
163	188	136	55	73	55	103
170	32	21	179	146	14	21
154	83	113	57	83	154	182
29	150	150	168	29	29	150
18	164	38	170	163	149	27
167	116	147	142	116	142	167
34	87	79	24	123	79	27
146	161	146	161	161	155	146
39	152	55	55	152	39	171
15	143	15	15	143	15	143
189	105	41	189	105	105	189
118	50	38	50	118	118	50
108	130	139	36	139	130	139
111	64	111	64	64	111	25
105	105	11	105	11	11	93
80	134	188	30	60	17	136
99	31	114	94	26	49	64
21	172	172	172	21	21	34
51	51	37	51	103	103	103
108	170	117	111	108	179	167
87	26	131	87	64	131	26
117	111	42	149	35	45	190
142	110	161	123	142	69	43
12	12	12	37	37	47	37
10	101	136	56	38	171	78
103	103	139	15	74	74	27
57	94	24	24	24	94	94
96	105	169	20	96	107	180
152	93	86	59	124	140	50
189	161	47	148	47	120	32
62	165	165	71	32	32	165
54	36	36	139	54	36	54
171	58	146	141	146	50	73
31	167	187	188	167	128	81
26	57	57	57	98	67	67
120	137	59	47	185	69	94
97	135	132	40	97	97	89
33	172	130	130	33	172	70
168	183	69	97	177	38	146
165	135	165	165	138	135	135
156	109	84	156	109	84	137
149	149	149	60	56	56	56
53	121	53	121	121	112	56
134	147	59	13	97	59	91
144	64	62	15	183	62	65
143	143	157	157	143	168	157
103	103	94	94	103	46	94
155	155	22	176	176	65	22
179	179	168	66	66	88	88
39	165	117	165	117	165	117
110	22	22	83	83	22	83
82	116	129	82	59	129	59
119	88	102	100	140	46	102
75	41	88	26	41	88	26
101	40	14	79	176	26	40
63	143	38	122	61	100	167
107	58	56	152	82	56	77
181	32	32	105	32	105	105
53	33	41	33	53	53	33
128	171	150	150	171	148	128
51	73	125	189	158	79	15
73	52	37	52	46	52	46
169	101	98	101	101	169	169
180	51	180	25	25	111	111
169	147	103	26	169	110	60
44	19	148	44	148	148	44
32	29	29	32	94	36	94
47	47	154	109	47	109	109
168	39	39	39	56	168	168
175	157	134	99	157	175	99
86	89	131	86	146	36	125
25	34	179	114	81	81	177
70	70	70	135	135	49	135
39	47	145	65	139	145	142
78	148	84	118	63	139	60
115	143	44	155	187	137	115
177	75	177	177	165	75	75
165	73	161	164	173	23	73
182	39	39	182	182	39	28
134	159	134	134	165	165	165
128	128	69	117	117	69	69
145	128	91	102	59	23	23
37	29	41	19	71	37	40
108	13	31	108	136	61	117
159	121	152	33	121	121	159
24	24	24	139	52	52	52
87	173	24	17	102	123	87
61	33	61	146	61	33	33
79	61	61	61	79	79	181
169	63	158	31	120	117	86
11	174	173	106	129	110	75
97	97	29	97	19	29	29
76	72	76	53	53	53	76
160	55	44	44	136	83	141
116	113	129	154	47	55	113
105	124	124	105	124	105	44
53	141	141	8	141	103	103
106	98	130	118	27	161	161
47	93	45	45	45	75	47
68	142	142	68	111	111	53
21	110	110	170	79	91	24
107	107	165	83	67	67	83
131	131	131	173	153	153	153
129	68	116	65	68	32	129
85	87	87	9	85	123	85
19	115	115	19	19	115	10
173	173	138	138	173	138	148
153	132	153	132	81	81	44
162	88	88	162	162	56	88
16	66	59	105	49	60	30
176	70	176	32	70	70	176
99	15	64	133	137	118	173
87	79	79	63	32	75	132
19	19	135	19	135	109	135
123	90	90	103	103	90	103
10	10	129	125	55	55	55
170	141	110	63	170	52	50
184	68	93	162	127	21	168
84	90	13	71	170	68	62
71	46	130	46	46	71	71
133	153	177	121	84	133	38
77	112	112	77	112	77	129
165	55	64	19	70	72	55
21	21	92	21	66	92	92
110	102	102	110	110	75	102
161	100	15	161	15	15	161
170	52	42	28	161	52	33
164	164	146	90	130	104	162
120	32	51	14	155	14	107
25	127	148	127	127	25	25
146	137	146	137	146	137	109
47	107	47	107	107	102	47
39	146	125	146	39	146	167
16	86	16	48	135	32	51
90	90	109	69	109	90	109
69	69	69	85	145	41	145
24	117	187	51	174	28	187
141	46	43	141	46	141	46
105	98	104	183	151	48	126
47	145	179	110	136	72	179
89	20	89	175	175	175	89
33	170	122	33	170	170	33
139	118	118	139	118	139	118
110	110	20	20	177	20	110
166	130	183	125	174	17	189
46	69	69	50	69	50	50
180	165	65	27	103	157	115
118	27	135	118	27	106	118
105	96	63	111	71	184	97
131	115	178	164	44	120	45
109	136	109	121	136	136	121
169	123	147	59	119	65	168
97	97	51	108	108	108	97
20	62	62	47	159	47	159
25	71	108	152	38	152	46
47	63	30	132	52	159	47
45	50	169	57	169	45	45
153	77	77	14	153	77	88
174	174	174	26	26	48	26
11	166	34	166	34	166	81
158	152	37	176	173	152	99
180	35	190	190	180	190	180
149	151	136	151	136	151	136
178	178	117	104	147	91	170
120	87	123	87	53	149	76
50	36	141	104	21	131	132
88	127	152	128	69	127	113
53	53	118	118	81	118	118
64	111	64	111	64	111	184
36	92	167	176	162	92	84
149	96	149	149	88	81	96
90	139	89	90	89	90	127
92	46	43	124	53	188	34
13	163	13	13	163	163	33
174	15	112	76	111	48	161
121	164	96	16	143	21	102
27	41	44	27	41	27	41
31	31	61	61	61	31	183
145	87	72	177	79	186	104
65	65	42	99	139	38	139
88	117	95	124	56	82	184
84	78	180	169	104	51	89
101	48	75	75	48	37	37
101	81	157	52	78	182	91
98	40	13	40	40	13	13
141	25	36	160	43	39	142
63	170	42	141	36	82	46
59	135	59	59	135	135	166
62	180	187	159	124	178	172
96	137	119	96	96	119	119
58	58	139	139	58	141	139
64	104	64	137	32	32	104
174	114	31	174	174	114	114
29	159	64	71	71	29	64
51	112	132	51	165	165	112
116	19	98	31	31	56	147
146	156	57	146	146	57	57
159	159	156	159	159	159	159
8	110	52	110	52	108	52
112	112	15	124	112	15	106
116	116	132	107	132	144	116
43	19	29	43	108	124	114
32	12	120	138	59	118	32
158	16	16	158	107	107	97
158	158	22	158	133	58	133
98	102	120	121	70	98	80
86	170	149	47	19	156	25
71	71	156	156	156	164	71
165	76	22	183	165	105	98
134	100	32	139	66	90	114
52	170	173	85	53	40	111
152	112	106	130	106	152	130
36	79	182	34	71	75	146
37	94	94	146	94	86	86
98	124	72	158	98	13	138
153	68	68	153	68	153	28
127	172	100	75	185	85	172
47	47	47	98	98	47	98
120	115	125	116	134	117	26
154	174	174	174	154	154	133
46	52	20	58	38	162	31
22	150	115	180	63	77	63
44	183	21	121	107	23	44
91	48	43	74	188	126	91
108	125	30	30	54	147	57
85	79	85	15	85	79	79
87	11	11	87	20	11	111
185	110	52	189	129	153	146
152	115	115	152	59	103	152
111	17	141	17	10	153	129
112	122	184	16	131	15	71
79	65	36	123	65	123	36
54	180	141	118	118	141	180
171	93	171	30	66	35	180
114	70	70	101	70	101	101
170	56	56	189	189	56	189
146	76	115	88	134	106	146
23	127	64	155	178	74	157
94	75	181	30	161	109	54
118	55	140	37	64	84	38
128	38	37	112	185	158	11
57	92	92	70	57	70	113
155	86	108	80	166	166	154
25	111	123	82	111	127	171
108	56	72	108	50	20	119
18	18	109	147	147	108	108
188	122	177	122	177	177	122
43	85	34	148	24	43	148
120	120	120	179	11	179	179
37	120	118	38	37	139	164
118	148	158	142	183	183	23
61	153	153	153	61	100	61
139	108	44	95	44	44	108
135	58	135	135	14	97	14
97	95	73	10	175	97	37
124	134	117	33	178	121	184
118	162	118	118	162	162	28
157	184	49	32	49	173	173
32	32	135	68	135	32	146
90	89	38	129	126	71	115
58	165	167	67	66	165	90
160	170	158	170	170	109	158
31	118	31	31	118	146	118
117	66	117	117	66	66	66
134	39	181	112	184	181	158
71	81	28	54	184	38	54
138	80	147	147	80	59	147
140	120	99	99	120	120	99
71	97	133	152	190	71	124
93	184	93	123	184	93	184
19	106	19	175	175	106	172
19	70	26	70	141	87	130
150	93	150	93	124	93	150
148	148	148	156	77	77	77
135	97	97	25	106	97	25
77	61	61	61	61	77	77
99	97	88	97	64	109	104
174	51	19	126	126	24	34
158	158	158	99	99	43	51
131	133	123	131	131	127	133
24	55	179	75	107	27	154
66	86	166	36	186	190	76
77	77	106	76	106	21	76
164	27	190	174	27	41	95
141	110	141	58	141	110	110
55	45	43	45	45	43	43
178	170	76	38	189	186	178
161	145	98	47	95	136	64
131	188	131	34	37	113	165
54	62	37	73	73	62	73
138	178	38	138	38	138	38
97	42	146	134	104	73	146
100	173	72	148	72	68	79
179	183	147	183	179	179	183
170	21	170	170	21	102	21
186	159	143	97	159	153	157
36	116	23	101	36	144	11
62	60	32	78	121	148	103
116	71	188	91	123	48	56
80	168	114	165	168	165	80
178	98	188	77	44	34	51
15	94	7	94	15	15	129
88	121	84	180	184	110	124
39	109	41	42	73	24	124
88	115	35	96	101	166	35
117	175	93	175	143	190	117
99	117	99	117	117	81	99
145	155	89	49	84	115	96
43	150	88	99	67	104	119
184	128	65	117	65	56	110
64	32	78	64	39	82	60
48	48	25	25	48	25	183
19	93	71	98	93	42	166
71	183	183	51	106	166	91
21	149	149	123	149	123	123
132	13	13	185	100	103	112
26	26	46	85	92	169	113
96	87	117	76	136	47	108
91	116	116	10	147	96	21
104	132	74	104	104	132	132
90	90	90	92	92	79	92
62	148	82	82	148	148	82
39	119	143	143	119	119	143
107	77	144	113	123	139	80
112	123	82	123	123	135	135
172	73	179	120	176	183	38
28	63	28	121	63	121	121
125	125	166	166	125	86	166
91	51	186	152	112	35	159
124	71	124	71	124	157	71
123	123	123	156	74	74	74
107	45	61	90	107	157	10
68	147	93	146	147	68	68
185	74	74	78	78	74	78
75	65	71	77	159	25	59
12	87	48	145	188	190	190
17	144	64	144	168	64	17
99	17	127	104	17	98	13
44	44	35	83	35	44	35
46	67	160	46	160	85	46
186	134	186	190	134	134	186
161	176	149	81	39	79	149
55	142	93	142	142	93	93
140	70	24	70	70	140	140
19	19	45	45	45	135	19
167	190	87	190	124	16	60
22	123	175	57	110	72	22
25	37	36	36	37	185	37
105	69	69	27	27	24	105
109	113	63	113	182	101	181
16	42	126	126	168	81	56
124	47	61	22	11	11	178
141	98	141	141	98	98	124
172	64	89	94	94	172	89
24	168	24	81	24	168	168
71	135	135	169	147	79	44
121	186	186	121	186	121	114
40	154	154	154	46	46	46
58	96	58	96	96	24	58
22	137	109	24	28	84	109
141	32	106	139	69	149	158
128	60	38	128	38	128	38
149	120	120	34	149	149	120
135	37	37	115	28	135	37
78	32	32	32	66	66	66
84	84	135	135	135	84	59
27	150	37	99	141	45	99
70	109	70	134	60	118	153
89	19	95	89	163	158	165
84	169	51	120	182	32	169
78	78	47	38	150	186	29
93	139	93	139	139	113	93
171	24	169	98	24	98	171
102	25	86	86	137	86	137
41	116	41	59	35	41	116
64	114	74	65	139	74	74
107	75	107	143	54	54	75
25	154	154	29	79	79	29
102	90	90	102	102	90	88
110	101	189	86	150	86	74
146	133	54	54	133	153	133
57	57	143	102	143	57	143
16	118	16	159	176	105	53
143	6	6	99	99	164	6
167	43	43	68	68	114	188
160	166	180	41	26	72	75
46	37	108	100	168	46	68
157	140	51	93	108	72	36
33	67	172	54	160	33	146
61	103	149	103	103	61	61
149	81	109	149	164	35	167
118	39	118	25	39	118	6
147	124	96	135	47	84	96
31	57	158	45	57	45	158
90	184	86	118	184	113	103
56	173	142	66	91	57	83
121	151	30	40	113	107	135
12	88	18	88	29	105	32
109	160	153	12	153	114	67
115	132	116	115	116	115	116
76	163	163	76	141	76	163
80	111	86	141	163	34	159
121	121	128	16	128	128	121
172	96	100	153	100	183	138
165	145	145	28	128	145	165
188	145	121	47	40	47	164
179	82	153	117	74	69	186
45	53	19	100	100	183	180
16	44	16	97	16	97	76
188	123	162	123	162	162	123
114	93	150	95	110	92	154
136	160	160	67	67	160	67
110	107	124	74	73	107	86
104	180	71	76	142	16	133
125	172	53	149	172	116	96
82	48	82	82	31	48	48
119	52	52	119	52	119	173
157	21	20	157	72	116	86
101	187	184	24	15	127	73
110	110	17	72	54	65	36
47	68	108	33	48	48	10
106	106	106	126	165	76	76
180	178	166	166	180	168	168
10	130	151	114	85	165	153
124	14	124	14	14	32	124
40	110	174	40	55	174	110
189	136	48	144	142	106	144
182	135	182	162	162	162	182
51	165	67	152	67	116	100
62	120	141	171	67	98	120
17	188	56	139	107	135	135
133	39	71	20	20	39	133
101	101	49	101	63	49	49
177	84	111	143	111	32	112
121	121	158	121	123	158	158
24	108	108	24	24	90	108
66	108	135	82	52	82	23
115	83	121	121	121	83	83
133	11	70	70	11	11	70
60	103	149	149	60	103	133
170	26	170	134	145	26	145
158	19	183	72	125	66	183
101	21	139	174	93	13	174
43	160	90	54	43	160	54
120	81	133	61	18	141	178
62	104	177	65	89	27	69
98	93	77	123	91	24	133
94	112	129	112	94	112	94
94	97	97	102	102	94	102
72	108	118	108	158	96	125
95	40	32	95	52	40	32
44	92	173	40	78	131	40
87	87	133	87	33	133	133
89	92	19	133	93	171	93
172	103	137	85	29	183	170
160	160	162	102	56	56	162
99	121	86	160	64	52	64
185	75	117	75	71	11	177
30	190	16	87	28	16	70
55	55	150	150	180	55	150
101	101	101	32	166	166	166
111	111	133	133	77	133	111
124	189	21	30	30	76	94
92	28	92	140	69	171	108
116	126	116	41	41	126	106
36	113	121	121	36	36	121
110	142	175	132	156	160	132
27	125	63	125	27	38	38
27	176	33	27	27	33	33
46	63	45	68	10	169	150
20	67	12	12	20	12	20
177	93	136	93	76	163	96
48	72	80	72	94	124	34
59	15	15	109	55	43	137
124	72	72	89	46	47	72
80	66	40	50	66	80	66
74	74	46	15	74	35	35
167	167	82	96	146	82	167
123	138	184	97	110	87	87
72	66	72	72	66	66	123
103	90	112	147	64	21	114
15	34	15	121	34	25	34
164	164	18	56	177	95	146
12	129	12	12	172	129	129
141	179	83	83	141	141	83
166	10	10	37	10	166	166
41	140	17	11	32	119	32
65	55	116	75	24	65	151
60	30	66	66	113	131	76
145	145	108	108	14	108	145
114	114	38	114	13	69	38
152	130	53	152	68	130	127
168	14	78	168	162	26	34
155	110	131	134	180	18	53
11	11	78	78	78	11	81
114	10	48	166	48	109	121
186	180	121	180	176	83	141
179	129	129	89	188	44	60
95	129	96	129	96	95	132
148	123	89	148	148	123	123
101	71	185	61	95	18	95
178	115	178	58	114	58	114
64	111	64	129	102	102	111
153	97	10	10	133	160	115
155	163	126	129	109	163	137
71	116	127	163	163	71	116
22	24	94	94	22	94	139
179	44	87	171	87	19	133
12	116	99	99	99	12	12
9	170	46	9	104	46	46
155	105	80	106	57	32	23
66	168	66	66	168	120	168
103	47	92	103	47	47	103
84	84	143	38	157	38	143
154	113	24	171	33	10	36
160	82	160	132	51	132	132
11	58	106	183	163	138	89
127	127	124	41	118	79	18
10	32	31	10	31	31	10
102	23	103	102	164	164	103
90	90	90	141	64	141	141
42	48	48	75	155	48	42
150	146	160	83	34	52	169
45	43	43	73	64	45	73
113	44	63	17	24	157	144
162	189	168	189	189	162	162
176	89	73	89	176	73	134
71	119	107	20	119	139	22
114	56	56	37	114	135	37
87	160	144	148	171	116	39
69	69	71	71	71	69	87
54	160	160	116	160	116	100
144	144	42	136	148	86	182
128	183	183	126	182	155	190
136	159	64	103	136	28	177
188	110	67	110	67	110	67
46	17	78	17	108	46	108
187	21	78	24	24	76	133
131	119	92	122	131	131	119
112	66	179	75	66	62	64
82	54	19	153	54	38	22
31	179	77	178	171	179	110
54	28	54	127	127	154	28
84	22	94	66	94	66	84
19	129	30	19	30	30	19
152	152	67	20	20	67	16
112	27	189	158	35	190	13
143	160	12	143	12	12	109
107	126	108	23	108	110	129
83	25	159	159	25	159	25
120	88	89	88	128	163	162
66	100	100	66	66	138	100
57	118	102	76	102	80	78
171	171	137	171	126	137	137
40	38	164	164	18	38	164
12	86	15	189	86	59	35
146	27	174	157	150	137	147
30	139	139	49	49	25	30
87	114	124	87	114	87	114
164	43	178	178	178	164	164
14	90	63	93	95	90	107
70	76	150	76	76	150	150
124	135	124	168	135	124	11
123	135	135	70	88	135	123
57	87	57	103	57	87	87
142	177	32	32	142	153	60
113	177	58	27	147	25	58
147	147	126	68	68	68	147
165	136	59	63	63	62	76
101	101	74	170	75	170	75
82	82	190	48	61	46	156
30	30	40	40	80	30	40
89	153	153	104	117	181	162
149	72	149	94	72	149	72
168	117	39	39	168	73	117
115	121	164	46	124	52	107
61	45	128	189	96	96	112
157	133	133	157	157	43	133
160	120	106	120	120	106	166
102	83	122	138	83	150	150
52	52	188	188	139	52	188
63	77	186	26	65	149	138
173	115	115	74	43	104	104
42	117	169	154	20	117	155
29	29	29	18	27	39	18
33	31	136	112	135	57	33
87	138	138	15	126	138	126
39	145	39	121	121	39	121
12	10	10	10	57	12	39
104	131	94	131	131	104	58
23	135	106	132	183	84	129
144	89	89	17	157	25	144
116	163	82	82	19	188	78
174	129	174	66	31	94	185
125	66	125	66	31	125	66
12	149	94	67	96	94	186
171	30	30	30	171	171	126
146	141	86	146	86	146	86
185	118	130	118	78	78	183
65	42	134	65	42	151	151
87	136	189	181	28	84	136
45	175	162	163	85	45	98
119	83	40	139	83	104	25
111	94	94	111	94	52	111
146	23	31	154	23	154	146
32	24	91	91	91	32	32
165	112	151	158	165	158	112
70	92	175	144	108	140	70
57	57	148	95	148	57	148
104	88	96	113	185	55	137
92	84	36	84	92	115	36
182	153	150	153	63	42	160
136	77	91	185	65	150	90
118	37	118	162	162	162	118
36	36	184	184	22	184	36
170	30	34	129	82	109	28
32	102	16	47	165	88	73
119	73	95	73	73	95	95
132	57	77	29	42	29	118
96	73	96	96	73	73	69
38	111	105	38	105	52	52
24	86	129	157	77	86	32
104	104	159	136	47	139	63
29	41	136	48	108	59	49
28	65	67	65	145	145	28
77	178	74	186	80	79	178
128	128	19	99	145	74	153
15	44	44	15	44	116	15
57	55	57	87	87	57	87
122	67	32	67	67	67	122
90	120	90	163	117	163	163
163	62	134	117	60	109	130
49	161	161	99	161	99	99
52	97	63	37	53	161	86
43	188	61	122	44	185	80
167	51	175	188	137	32	32
188	22	154	61	43	21	188
107	131	131	107	131	131	107
79	137	42	151	181	147	20
54	132	88	54	88	54	88
77	77	49	42	77	42	42
88	175	82	110	73	88	149
73	73	131	140	131	73	131
70	185	70	185	139	70	185
13	149	26	165	26	122	184
24	24	165	87	34	92	70
47	70	70	70	65	47	149
61	54	37	32	133	83	54
167	167	127	127	167	22	127
67	164	67	130	141	46	97
17	150	173	17	85	150	85
154	29	170	170	29	170	29
122	128	189	122	122	189	189
41	25	117	143	108	54	143
50	136	47	47	83	83	136
69	69	17	82	162	82	69
144	72	177	72	171	121	160
41	110	90	110	90	41	89
108	45	180	45	95	120	27
33	111	149	30	150	17	88
58	137	70	58	77	58	137
69	69	168	60	15	141	152
32	138	138	138	32	32	54
112	112	128	143	143	143	112
164	47	94	164	94	164	94
72	127	149	174	172	72	116
115	115	14	14	14	61	115
145	145	40	123	123	123	145
178	85	16	74	110	123	16
155	54	189	27	53	96	15
103	103	116	103	116	116	68
64	75	165	87	67	184	153
49	132	132	49	49	57	132
62	133	62	179	176	38	11
40	106	13	149	16	106	65
103	177	94	103	65	161	93
114	99	161	161	99	161	99
96	88	88	88	22	22	22
83	78	83	78	78	112	83
70	16	160	124	124	180	87
127	134	65	134	64	111	47
99	99	24	34	143	24	170
64	38	45	23	25	111	119
137	130	130	137	137	121	130
159	165	43	165	159	159	165
119	83	18	56	119	56	18
50	72	119	152	72	152	72
77	109	40	190	179	190	10
131	132	122	122	105	131	122
141	141	105	105	20	105	65
36	35	99	35	99	35	36
162	62	62	48	102	111	41
183	62	120	120	183	120	183
52	41	41	72	52	52	41
121	33	95	121	33	33	121
75	103	146	66	91	141	66
45	114	114	114	75	45	45
59	119	178	175	146	84	175
116	116	81	116	116	116	116
137	121	137	121	45	121	137
149	65	70	127	80	82	93
168	75	126	126	126	168	168
139	90	38	179	138	158	158
150	75	69	27	150	69	75
29	136	49	42	136	151	187
13	126	126	126	13	10	13
11	77	42	152	126	67	42
76	140	140	34	140	76	76
107	103	60	103	60	60	117
41	54	144	94	144	94	94
74	174	132	91	64	132	49
154	154	141	41	151	151	41
32	173	144	134	142	77	103
82	165	16	49	58	134	69
131	55	168	168	55	167	131
114	96	114	96	96	28	114
40	40	113	170	170	86	113
45	94	45	76	76	45	76
151	135	42	157	184	122	13
9	45	45	45	124	146	9
157	140	90	88	90	140	140
126	64	169	64	79	126	64
71	100	112	165	133	133	107
40	40	17	40	128	17	17
167	114	16	111	27	181	45
38	38	39	62	38	39	39
140	86	36	78	25	111	78
20	88	72	39	39	72	88
167	105	105	167	154	105	167
153	21	95	153	21	21	153
28	28	33	143	143	143	28
169	67	79	79	67	154	169
89	89	179	179	89	174	179
22	132	30	22	132	22	132
12	40	130	143	40	18	91
14	14	14	147	147	130	30
39	122	178	39	122	122	39
72	169	34	104	104	170	142
113	22	37	92	37	29	43
151	7	73	53	151	151	7
100	122	175	175	122	122	175
141	72	85	160	190	72	36
74	129	165	165	44	11	72
59	38	188	38	59	59	38
38	44	129	170	87	172	129
19	72	72	29	11	75	156
88	88	93	126	88	126	126
22	32	106	91	91	176	32
21	19	21	133	133	133	21
109	86	142	22	86	142	109
47	47	47	30	30	40	30
152	7	152	28	152	28	103
35	40	40	35	161	35	40
115	112	99	42	55	42	81
89	94	89	45	189	69	84
63	54	122	184	111	163	184
26	98	173	84	26	165	15
107	116	107	107	146	116	116
109	109	109	88	88	88	27
11	130	130	68	137	36	170
44	83	187	59	176	39	47
46	112	112	46	46	98	112
128	128	55	179	174	98	14
84	98	72	74	134	138	151
84	109	128	155	60	106	84
17	88	125	17	88	88	17
49	49	38	38	49	38	121
47	47	50	145	47	50	50
37	189	42	74	77	147	74
49	128	138	49	49	138	138
176	187	176	119	153	177	39
130	92	36	183	71	36	166
28	104	171	55	106	17	106
115	124	115	32	32	32	115
107	155	29	65	111	10	10
141	60	177	60	141	141	60
79	30	59	40	140	52	172
125	163	125	48	125	163	163
84	140	140	92	151	152	82
27	29	81	176	182	108	108
115	115	15	178	15	115	15
31	31	108	108	108	111	31
190	64	156	28	141	92	46
108	117	117	50	147	147	117
152	86	145	39	82	86	163
18	115	115	75	75	75	115
96	131	131	134	96	90	131
60	156	60	148	148	156	78
188	13	88	126	188	185	154
167	82	40	81	167	167	40
170	120	129	87	88	22	120
134	170	134	170	123	186	62
90	175	122	90	175	114	114
79	145	79	94	94	42	79
87	16	56	56	16	16	56
131	119	112	21	90	131	62
123	97	80	35	152	103	154
64	106	64	97	97	64	97
51	155	127	51	19	19	155
19	98	92	19	92	134	98
35	35	55	55	60	89	60
63	11	63	11	11	63	137
58	58	83	120	83	126	120
118	145	116	118	116	159	159
174	10	26	11	172	91	58
109	109	156	156	156	83	109
31	157	106	185	153	60	162
141	24	185	185	185	141	141
16	127	24	24	128	127	127
124	168	124	15	57	15	124
150	150	167	150	142	167	167
91	125	125	125	42	91	91
154	141	65	33	163	79	131
148	79	29	157	37	183	118
129	129	13	129	13	13	156
83	165	176	165	149	25	150
65	67	48	189	120	120	145
83	62	116	112	112	73	126
157	85	111	85	157	85	157
86	86	153	82	44	152	131
104	104	160	104	18	160	160
97	11	13	114	152	13	169
34	34	34	110	110	82	110
61	37	34	76	151	120	151
22	22	149	149	149	44	22
119	145	94	19	19	94	157
172	79	48	79	48	153	172
182	34	20	33	126	149	149
38	21	139	179	114	29	44
72	65	72	65	72	30	123
100	90	138	149	54	149	35
40	40	142	142	68	68	54
31	94	55	107	96	126	75
153	20	153	181	181	181	153
52	117	67	67	67	167	117
55	164	69	26	164	26	69
85	85	165	173	165	90	173
122	171	171	90	171	122	122
26	105	47	132	136	128	78
81	169	169	148	148	169	148
30	122	161	158	30	188	55
91	29	28	29	160	30	31
71	71	57	128	71	42	42
153	87	127	87	153	153	87
185	143	185	46	143	185	143
58	113	113	147	147	147	11
51	37	37	19	19	19	37
140	116	49	140	116	140	116
95	60	179	179	95	60	63
15	81	15	176	132	74	85
173	101	148	106	97	179	88
149	66	60	22	158	118	51
37	184	148	139	139	122	39
41	24	54	41	41	54	54
39	36	19	36	36	19	19
65	42	65	154	48	48	154
77	103	164	77	11	175	120
180	154	99	62	83	62	67
150	143	150	166	87	143	143
22	48	167	167	167	48	48
175	59	74	175	91	59	91
15	131	85	166	132	58	171
179	49	115	27	135	49	78
29	32	29	32	32	29	17
95	95	95	173	107	173	173
44	152	130	44	44	130	130
60	36	60	36	36	60	129
168	158	170	41	56	114	140
158	148	121	148	42	158	148
45	56	123	117	73	102	76
137	23	34	133	141	116	51
133	32	30	133	133	30	30
117	117	70	173	162	46	81
65	108	97	47	162	71	30
89	62	68	89	62	66	62
105	141	86	105	86	62	105
87	87	39	187	87	39	39
81	81	65	81	65	161	65
61	64	151	19	58	70	167
116	99	73	11	142	168	83
72	185	160	155	30	134	47
57	137	103	107	103	57	107
86	21	86	8	31	21	21
176	115	21	176	115	115	176
133	33	134	134	145	145	133
159	21	113	113	113	21	16
155	151	72	117	83	117	161
99	169	169	29	99	140	169
175	46	119	75	86	48	180
20	123	82	169	131	47	150
93	186	94	124	93	69	84
140	187	77	94	17	187	172
163	146	163	107	163	107	107
73	180	106	56	180	106	73
101	62	152	147	147	62	101
124	23	11	38	50	72	152
117	149	97	97	117	97	117
174	62	187	155	174	39	54
88	51	63	51	65	84	142
174	47	47	122	106	122	174
143	73	73	52	143	73	109
109	55	148	148	55	55	148
71	167	32	172	167	32	172
163	160	155	28	155	137	145
175	57	110	57	110	110	110
48	164	186	119	36	117	119
90	28	26	26	17	15	51
68	53	168	78	53	105	17
33	55	55	16	146	166	169
182	46	98	30	182	158	65
112	175	112	45	45	88	88
132	136	136	93	93	85	93
168	41	168	168	41	41	62
136	155	27	48	131	155	145
172	178	172	60	178	178	172
111	111	88	88	88	30	111
125	148	125	125	148	148	55
42	49	155	119	42	49	119
70	102	159	39	133	189	136
51	64	103	24	101	51	140
155	168	168	89	19	176	105
58	91	58	134	58	134	134
52	33	151	52	25	25	151
23	121	19	23	19	19	23
96	27	175	92	90	97	90
143	11	29	48	157	175	143
148	96	159	113	67	61	67
66	15	164	108	144	144	122
26	186	94	186	186	26	26
131	94	42	94	94	42	42
83	95	63	74	135	29	80
121	81	167	163	121	146	20
28	28	167	28	102	167	167
81	81	102	102	78	81	102
75	97	106	75	56	13	121
154	154	18	152	18	144	144
46	60	46	117	36	36	46
64	113	37	188	37	148	70
139	10	114	74	25	156	91
131	110	120	128	59	57	57
115	38	38	38	115	140	115
67	88	88	107	90	88	90
128	185	83	126	127	34	19
39	79	78	137	79	86	48
87	101	87	44	73	168	123
39	39	164	164	39	163	164
16	44	171	123	122	134	134
92	41	41	28	116	61	12
99	173	90	59	140	66	62
152	145	53	147	21	72	53
14	164	67	14	14	164	104
109	93	135	93	135	135	93
37	92	35	35	37	37	37
108	96	175	93	169	74	121
172	103	26	175	155	73	188
113	28	188	117	138	140	138
23	77	163	190	100	163	115
69	23	23	69	104	136	23
184	189	114	61	20	61	166
184	88	88	88	184	35	184
28	184	18	28	18	28	18
73	73	155	104	114	73	155
141	123	18	123	141	123	141
28	28	51	51	28	68	51
90	58	157	157	157	58	58
154	115	115	156	154	156	158
34	117	111	93	93	117	34
118	45	118	118	45	45	175
190	90	163	68	81	131	37
13	58	13	120	58	51	13
132	132	132	136	150	57	150
54	33	33	105	56	54	54
89	189	62	15	62	138	91
105	35	19	139	59	162	74
20	11	148	25	20	43	52
25	62	94	185	151	45	64
44	44	44	25	101	101	101
87	123	11	178	87	155	61
173	119	169	46	96	26	68
18	50	154	105	107	141	66
186	183	186	130	186	130	130
132	86	141	138	134	64	142
85	85	50	50	85	26	50
11	137	11	137	11	92	137
35	120	35	157	86	157	35
181	75	75	75	22	22	22
21	37	133	10	85	111	78
31	58	11	81	100	163	117
125	149	141	141	17	94	184
37	88	37	156	156	156	163
51	51	112	58	50	50	50
81	23	45	45	132	146	161
139	151	139	139	142	151	135
88	174	110	174	84	107	111
160	32	149	149	49	160	32
165	15	13	113	15	60	141
142	118	149	60	52	145	134
12	188	171	143	174	18	88
18	160	16	160	160	16	16
23	130	16	157	93	21	167
98	98	96	30	98	30	30
160	132	160	188	80	17	74
174	136	84	103	174	139	43
85	94	29	95	95	50	84
56	56	117	117	117	56	56
97	136	101	101	97	97	101
41	90	41	188	120	32	53
77	42	158	123	112	180	77
35	35	32	35	48	113	48
62	133	133	13	62	133	62
158	82	82	180	158	74	74
156	90	89	52	90	74	149
119	162	56	181	162	15	131
51	134	18	112	112	145	130
97	158	14	118	84	151	75
55	22	121	91	35	61	34
145	122	122	106	145	122	145
108	150	150	150	133	150	108
25	92	92	25	159	25	92
117	86	117	117	99	99	99
158	87	158	135	95	17	82
178	178	33	47	97	131	20
61	123	15	139	61	139	61
190	125	83	125	124	52	139
39	125	37	18	56	177	179
24	36	181	147	36	166	49
129	129	50	122	50	129	50
75	75	157	110	50	50	159
189	61	61	61	136	136	136
65	41	52	96	15	102	78
25	57	134	134	84	25	84
129	115	86	166	115	166	115
52	41	52	117	52	117	117
119	119	111	22	111	111	119
26	17	138	89	17	138	138
87	82	82	143	9	82	143
10	10	189	10	49	189	189
164	143	143	46	143	164	164
72	135	189	55	132	26	72
96	161	161	14	143	62	100
93	93	93	186	61	61	61
14	150	150	150	101	14	18
106	128	68	128	161	58	32
87	160	106	102	83	134	144
17	20	129	20	47	17	47
82	29	51	171	51	46	73
155	67	81	24	132	67	36
47	47	47	169	178	178	178
162	128	19	74	32	151	162
121	130	130	79	121	79	70
13	82	68	68	68	82	82
163	163	139	163	139	15	73
80	59	59	85	29	80	85
66	33	73	73	66	66	73
118	135	119	62	68	141	141
82	77	82	102	102	82	102
161	68	87	68	96	68	161
147	38	110	66	35	26	37
174	41	174	174	78	78	41
27	89	27	89	27	15	89
38	101	109	80	38	80	109
92	95	78	162	11	61	152
117	174	46	83	48	90	22
136	109	31	125	106	106	72
27	40	40	22	21	22	27
15	84	74	135	84	135	74
76	109	73	14	90	174	45
135	35	80	135	135	80	80
59	81	59	168	143	143	168
76	10	128	109	177	83	68
169	119	129	73	129	119	73
112	180	189	154	21	40	73
90	144	139	63	67	14	144
165	165	165	158	158	158	157
37	169	96	173	154	70	70
35	62	151	62	35	166	151
171	171	147	160	87	147	160
165	76	76	57	22	165	57
87	153	123	100	57	57	121
118	51	51	72	72	51	55
64	78	64	78	67	7	78
95	163	163	69	95	163	95
176	109	10	163	12	109	152
143	166	19	166	34	19	34
107	60	168	60	168	168	60
165	85	11	171	33	158	171
93	176	62	65	151	70	151
70	36	111	133	70	106	72
37	149	149	37	96	37	115
95	37	75	15	42	178	77
143	19	115	34	143	115	34
111	23	96	96	87	23	96
44	178	178	175	65	74	10
177	164	164	177	83	177	164
104	13	110	23	110	175	44
149	84	56	148	168	28	84
141	63	174	63	174	34	34
98	143	114	136	36	154	114
25	183	124	181	162	179	120
34	173	72	63	173	72	63
98	98	60	14	98	74	74
99	57	57	65	34	156	32
142	174	174	142	174	43	142
91	143	106	15	143	106	106
56	46	46	34	107	169	132
10	93	10	93	122	10	168
88	101	69	58	145	17	128
158	86	86	60	86	85	85
176	17	17	176	171	17	176
146	25	146	25	65	146	25
41	41	33	73	73	73	41
120	146	20	96	183	184	55
68	134	82	39	14	31	31
131	142	136	12	136	103	177
24	125	176	116	125	168	185
99	99	16	167	167	124	167
8	81	30	81	81	13	8
60	54	122	144	56	25	31
20	70	70	44	44	70	44
68	68	110	16	96	119	44
103	71	83	36	64	119	83
51	135	50	135	135	50	50
76	189	35	76	35	35	76
16	16	137	140	125	140	137
86	86	59	59	140	59	59
123	160	99	72	29	134	178
47	98	173	173	173	50	103
47	33	33	18	148	48	34
108	137	177	139	181	141	121
56	36	36	93	36	56	56
120	36	36	120	36	37	120
116	80	184	81	77	81	127
60	176	73	43	11	43	150
148	79	79	79	155	148	148
143	37	37	113	178	113	178
77	157	77	134	134	140	140
91	72	72	32	90	90	91
82	187	152	60	90	116	34
115	66	115	115	66	66	137
150	115	100	135	115	77	165
115	35	181	63	63	181	181
61	131	131	163	61	61	151
85	85	174	175	85	175	175
71	92	41	71	92	92	71
181	50	21	163	163	114	42
88	39	88	88	39	39	62
78	99	99	78	99	54	78
116	164	12	50	164	116	164
112	93	112	93	142	142	118
175	110	175	147	126	98	81
131	177	158	108	129	99	176
68	32	122	23	122	23	122
167	99	66	167	66	167	66
140	126	179	32	101	178	155
62	168	75	160	93	112	112
186	109	46	46	46	186	186
98	171	74	153	74	98	153
34	138	86	171	46	31	167
43	77	77	43	43	88	77
127	91	91	127	91	56	127
129	62	55	53	27	87	129
170	128	128	127	18	127	18
59	121	190	59	59	190	190
153	68	165	144	180	148	103
167	161	76	167	156	167	161
79	30	30	79	47	175	175
60	69	60	69	60	28	69
36	51	78	132	78	152	21
188	44	166	166	44	44	166
141	169	65	26	166	59	113
131	130	131	130	86	27	131
30	144	162	80	144	30	80
78	141	109	19	81	74	40
137	20	175	175	20	175	20
107	156	52	139	117	61	83
153	153	79	79	153	47	79
53	79	11	87	188	59	79
137	158	149	149	121	188	27
21	83	83	83	92	92	119
156	156	156	17	146	146	146
116	123	169	34	114	69	98
159	98	109	98	98	159	159
124	131	65	124	32	171	96
74	132	74	134	158	31	133
137	123	39	39	123	123	39
61	59	131	59	59	131	131
180	104	19	19	47	63	186
118	83	34	76	36	126	30
128	78	131	43	171	180	86
135	99	65	154	154	65	99
16	36	130	86	73	15	51
102	136	69	50	165	24	130
172	65	99	134	10	24	14
63	172	81	152	71	125	121
113	86	113	86	86	113	111
108	174	174	108	40	174	108
84	126	163	14	49	98	32
69	67	101	106	152	168	168
50	175	44	44	44	175	175
139	115	174	182	182	160	115
77	28	36	20	101	20	50
84	170	102	55	170	84	84
144	144	110	143	110	123	123
153	64	188	135	58	133	49
164	164	12	12	12	164	178
78	152	44	89	41	95	89
181	181	79	181	21	21	21
149	42	128	70	75	160	18
42	50	86	123	42	180	98
85	125	125	125	85	85	85
75	142	93	25	166	127	64
144	10	144	8	44	10	10
154	113	113	168	113	154	154
20	20	45	45	86	45	20
90	34	69	174	65	188	178
79	35	154	154	154	15	35
35	35	6	35	153	6	131
100	102	100	102	100	102	123
51	51	63	40	63	40	155
147	103	116	147	182	60	99
132	128	138	134	138	170	104
186	125	125	125	134	134	134
126	169	169	126	50	126	83
16	133	133	24	16	63	24
111	144	52	106	158	146	111
178	160	178	160	160	178	90
83	83	89	89	83	89	142
39	65	39	147	86	147	86
111	64	174	64	111	129	129
115	187	115	171	115	171	171
170	151	122	170	111	189	184
33	35	74	33	74	74	33
66	25	25	29	66	66	25
56	162	170	81	170	170	56
134	134	44	134	146	44	44
71	104	104	30	49	43	186
75	74	129	74	163	75	74
64	149	64	32	149	31	64
158	106	106	38	150	150	158
136	108	83	20	42	190	136
178	174	178	174	178	27	174
31	153	155	155	31	153	87
121	60	60	121	54	140	60
158	162	43	162	43	115	115
58	12	35	25	36	182	35
27	140	157	27	27	140	140
71	149	16	149	70	184	86
44	44	55	44	36	55	55
12	12	15	183	15	15	12
20	20	49	49	92	20	49
112	112	62	112	62	62	166
78	28	56	146	146	187	32
150	92	110	110	179	150	179
93	114	59	114	93	93	114
94	49	49	83	41	41	83
57	101	54	45	145	154	45
95	56	95	95	56	122	56
54	105	30	189	33	33	68
100	45	45	161	161	100	112
31	46	31	163	46	31	46
124	130	79	52	81	49	189
85	85	60	85	132	136	136
143	143	100	63	100	44	44
62	84	106	62	58	58	106
147	161	132	84	53	132	63
82	44	61	61	69	140	11
69	13	156	154	69	143	20
150	27	156	91	160	38	25
65	65	59	59	166	65	59
92	152	181	120	99	99	131
134	54	54	134	54	25	134
124	175	78	142	46	55	78
83	17	152	154	158	83	12
185	169	35	35	169	35	169
79	77	79	77	77	79	15
22	155	159	82	139	108	137
109	54	109	109	54	54	12
60	149	60	149	133	60	149
148	54	168	41	144	148	42
35	26	125	26	125	135	135
21	139	139	43	175	19	129
75	89	38	38	43	43	89
26	98	98	107	74	74	107
23	110	55	85	23	85	23
90	31	31	36	152	90	36
94	75	82	139	65	22	119
59	170	170	170	132	59	59
114	20	20	103	21	21	114
85	126	186	86	102	98	86
127	127	127	142	81	142	142
99	27	143	151	66	119	151
151	136	35	38	32	153	157
49	152	28	10	81	164	120
165	11	182	165	165	11	11
142	138	159	142	138	138	142
40	24	145	102	162	53	116
103	52	155	62	52	160	89
13	95	107	13	95	95	126
117	48	54	117	48	48	57
49	79	49	26	26	79	94
122	82	82	45	45	82	124
79	136	180	108	161	41	136
112	178	80	112	176	17	17
63	32	32	63	63	32	30
33	76	35	33	40	67	97
189	92	74	145	62	79	79
177	45	145	29	88	140	80
139	101	139	152	120	101	139
60	26	59	60	15	59	188
187	122	65	166	120	166	27
33	161	190	161	161	190	190
115	72	142	115	72	77	13
35	35	94	20	35	94	94
88	98	59	88	184	37	69
79	50	93	170	79	17	33
105	105	54	16	105	16	16
32	32	126	127	30	127	32
50	50	143	181	50	181	181
49	49	43	55	43	175	175
157	157	98	157	98	98	175
190	177	69	119	190	160	25
50	94	94	94	50	50	37
129	118	146	180	141	186	46
78	167	78	167	94	94	74
59	24	37	76	58	168	45
28	178	71	115	133	115	25
170	61	122	68	177	181	106
17	39	80	80	39	39	80
161	73	36	116	178	42	36
101	48	29	180	101	114	69
172	67	64	66	186	30	130
125	115	115	125	125	115	123
67	10	42	11	131	34	34
26	102	58	53	73	58	29
80	42	12	165	88	109	154
175	142	175	142	39	158	158
186	131	186	31	42	90	81
75	45	119	16	16	179	180
189	166	72	189	166	166	189
104	93	103	93	93	104	104
73	51	165	184	190	73	155
187	77	77	187	77	187	40
170	92	114	175	127	117	174
97	149	58	24	141	141	127
126	177	26	71	162	97	71
168	137	87	87	168	168	122
137	137	55	126	55	127	127
157	105	165	105	157	105	157
141	141	26	141	62	62	62
97	97	174	97	174	174	131
10	54	10	139	10	54	54
91	26	67	26	26	67	67
45	83	148	62	61	93	106
72	72	61	61	61	62	72
145	145	65	183	39	179	59
91	91	167	81	168	81	168
112	186	38	47	176	156	89
41	94	41	94	94	78	151
185	133	43	43	12	130	28
14	14	44	44	38	44	138
113	38	55	38	117	50	121
47	106	188	152	130	88	22
47	93	38	174	11	170	170
81	111	177	81	63	94	119
23	140	16	59	188	140	177
46	111	68	165	109	110	20
54	116	11	151	180	151	27
169	157	157	169	153	169	157
70	150	185	77	15	21	93
181	147	130	147	130	147	130
18	96	18	96	103	18	96
65	159	36	67	97	184	93
170	41	117	186	117	102	41
63	179	126	135	45	108	190
111	150	45	111	111	45	45
167	18	18	18	59	167	167
163	88	65	38	162	27	88
17	162	17	17	43	162	162
139	137	139	139	137	137	118
149	128	81	103	163	56	81
54	138	21	130	107	107	114
32	32	32	83	54	83	128
82	42	42	82	82	27	67
33	33	184	116	184	184	33
81	117	117	128	128	94	94
23	141	28	165	51	51	36
111	135	135	121	55	111	55
184	51	82	93	102	57	93
71	71	125	92	108	83	20
118	91	138	118	143	110	23
43	18	18	81	167	167	81
120	65	23	34	65	14	48
18	58	18	94	94	18	94
147	147	105	38	147	105	105
176	120	120	25	176	120	176
54	162	112	99	28	27	47
83	20	58	163	44	64	118
43	115	113	139	70	22	174
58	112	22	182	72	51	22
49	142	49	49	142	47	142
97	20	74	129	69	61	70
94	46	94	63	94	46	46
95	33	94	17	33	94	95
32	76	32	72	66	76	66
161	85	30	85	161	30	173
80	141	158	141	119	80	141
125	125	164	23	102	102	125
62	45	171	104	104	112	51
178	122	95	25	54	95	50
182	111	182	111	111	119	182
15	15	161	161	15	189	161
143	113	30	93	75	173	93
165	9	9	9	125	103	103
41	141	35	121	106	95	144
126	25	93	90	154	13	126
152	64	64	64	152	171	152
113	125	136	92	16	80	140
98	98	180	180	98	180	189
112	132	142	142	150	21	15
104	24	50	28	97	190	139
20	38	118	14	144	52	14
185	101	94	27	34	169	169
90	185	185	185	90	13	90
64	57	64	57	57	64	53
99	14	117	91	181	180	123
41	117	41	116	70	130	19
125	114	90	121	90	90	121
91	91	172	20	54	94	118
46	55	81	38	38	21	93
115	142	178	115	52	49	70
54	117	172	71	156	149	149
26	23	26	26	23	170	23
22	174	153	136	17	106	184
115	138	115	42	147	135	138
144	27	144	140	112	27	144
121	79	90	186	133	54	78
110	98	50	110	98	110	98
139	80	80	116	113	116	116
81	143	183	143	41	138	19
184	155	34	34	155	155	34
60	151	92	112	87	126	114
143	142	143	96	96	142	36
18	19	18	19	19	87	18
130	68	37	131	128	90	145
93	110	145	110	61	127	59
31	186	110	181	120	144	187
150	72	149	59	138	72	180
12	12	12	179	53	179	179
131	134	131	86	134	134	131
78	92	43	89	90	121	136
48	105	43	43	26	43	48
33	33	126	126	118	33	126
66	22	31	22	31	66	154
161	96	64	161	96	161	96
170	43	73	22	170	69	154
131	162	120	140	120	131	120
103	75	105	75	105	105	75
141	16	76	168	26	111	151
76	143	86	58	130	143	179
134	63	173	121	121	173	63
176	84	124	147	84	176	147
40	32	107	23	172	78	178
49	73	73	70	73	70	8
165	99	99	76	165	165	99
50	105	20	105	105	20	20
146	178	10	165	143	100	143
31	143	17	114	71	75	75
69	82	82	92	125	123	119
123	70	70	73	73	70	73
67	67	52	52	142	142	152
189	59	189	59	189	147	59
72	190	143	124	87	111	87
54	51	54	51	54	51	131
113	18	72	144	72	144	18
15	152	110	103	117	48	158
112	72	112	161	100	111	12
69	146	146	69	69	20	97
114	176	135	114	146	146	176
67	36	58	60	122	58	130
71	155	44	79	44	76	37
90	40	90	40	40	161	90
112	110	24	83	44	27	110
138	86	52	48	48	85	179
73	74	73	175	73	175	175
22	158	169	22	22	169	169
123	123	111	76	123	76	137
60	10	91	10	157	79	29
60	31	168	60	31	168	161
84	34	121	100	124	84	92
88	81	48	78	42	80	42
53	142	58	53	142	53	142
91	65	66	64	152	58	65
135	115	126	135	115	99	115
51	51	40	69	51	40	40
105	81	30	140	140	81	81
20	58	58	172	44	131	177
67	67	130	78	72	73	103
122	28	110	112	139	91	24
122	64	111	64	162	122	64
32	155	162	123	122	11	51
45	142	45	142	137	45	142
118	118	104	114	114	114	118
91	170	147	147	91	63	147
180	180	180	63	86	63	63
100	138	111	100	90	120	18
190	59	165	165	190	190	165
112	44	44	112	27	130	130
69	85	69	85	85	69	146
93	70	26	45	145	185	39
26	173	101	92	186	77	96
79	57	79	79	79	57	57
75	118	106	35	118	75	106
107	42	104	138	107	138	104
76	166	117	97	166	166	97
157	11	51	51	90	51	157
28	59	28	28	59	96	59
83	105	105	105	83	190	83
129	129	165	131	136	165	136
178	78	178	69	178	78	78
184	27	27	27	60	184	184
66	91	143	146	146	143	146
64	111	90	90	134	154	88
172	94	51	32	168	98	90
150	43	97	184	43	166	142
115	173	173	115	115	151	173
100	142	142	102	142	102	102
97	81	38	38	38	81	81
20	132	116	132	116	132	18
69	180	147	35	134	147	176
82	62	48	174	90	174	108
121	121	121	41	41	41	91
96	29	136	30	29	30	96
115	19	31	44	45	189	45
155	187	175	116	149	91	91
64	99	20	40	94	133	20
149	35	92	6	6	92	6
81	120	81	136	120	120	81
143	67	153	105	61	83	143
15	171	81	44	171	152	31
28	93	28	80	125	125	125
125	126	7	125	7	6	7
18	158	67	11	17	114	73
121	72	74	88	72	27	122
46	46	46	146	146	129	146
117	120	42	22	16	31	58
17	17	140	106	176	50	137
172	40	89	156	116	17	156
174	174	58	32	58	32	36
41	93	104	125	93	125	104
22	141	116	55	186	153	116
17	66	92	66	116	45	43
82	157	25	184	124	157	127
100	23	127	90	23	18	130
133	111	60	183	183	48	60
136	94	61	31	155	138	178
20	166	122	60	29	104	74
176	146	48	146	146	176	176
27	91	27	27	27	27	8
35	31	97	97	35	35	97
110	110	62	80	129	189	85
32	138	161	177	32	67	55
82	79	82	79	79	81	82
112	28	125	53	125	61	148
21	115	21	23	115	21	115
155	74	130	106	125	20	104
140	172	186	148	113	123	100
108	108	72	60	72	153	108
165	125	125	125	125	104	104
42	56	44	44	42	44	42
35	18	18	151	151	117	117
18	6	6	149	6	14	149
59	123	59	123	123	34	105
45	35	80	130	80	56	130
46	10	10	10	46	46	58
100	100	22	22	22	100	84
146	44	60	136	136	86	21
70	70	113	143	70	21	21
87	71	71	112	130	87	71
59	44	136	43	136	181	151
98	134	134	98	98	76	134
106	34	77	34	106	106	39
32	100	142	183	71	117	32
120	99	122	99	122	99	120
31	96	185	160	185	12	168
180	154	154	84	150	177	154
122	122	122	61	61	61	145
80	93	186	164	80	185	57
152	88	88	152	152	81	108
149	84	95	95	23	149	23
28	24	149	32	53	184	149
35	138	87	133	35	49	132
55	30	125	27	13	121	19
15	166	15	83	166	166	15
142	108	108	142	142	108	150
133	128	48	24	48	26	104
66	100	100	31	66	31	52
175	78	189	183	153	103	90
169	116	144	144	135	135	144
139	150	18	150	150	18	18
16	51	52	63	144	52	48
116	24	124	24	24	116	92
79	46	102	46	102	139	139
100	12	88	75	112	16	45
189	70	70	189	94	189	70
93	93	92	75	93	75	75
99	99	78	23	99	23	23
126	128	37	31	126	128	128
112	84	84	98	112	84	112
27	46	156	173	146	158	118
48	138	48	48	129	138	138
112	142	142	141	89	84	66
101	169	101	153	169	153	178
110	53	51	151	44	151	47
51	97	170	43	170	43	51
26	106	108	34	178	178	131
29	34	86	34	29	29	28
21	129	145	154	182	25	36
117	31	31	27	27	31	27
164	170	93	122	36	38	178
93	92	94	186	132	93	127
172	132	172	132	163	172	132
103	144	53	53	53	103	103
93	48	180	173	143	178	10
18	81	125	18	125	18	125
106	30	116	129	125	175	18
29	141	15	103	30	30	123
137	75	20	77	58	166	75
150	146	79	93	85	72	127
76	88	76	37	37	37	72
113	113	113	54	54	24	54
120	138	110	84	132	63	120
148	170	148	88	148	170	170
56	88	88	56	98	56	88
134	134	134	115	115	111	115
65	73	136	136	65	178	178
83	83	67	8	130	8	8
148	46	148	156	46	46	148
148	111	180	160	172	93	127
77	14	93	77	93	77	93
182	190	162	121	83	76	85
143	169	107	169	143	92	107
51	109	96	96	165	159	62
169	37	37	169	169	49	37
20	95	112	112	20	95	176
149	22	98	98	149	22	66
167	77	20	17	17	20	167
145	145	142	69	145	142	142
179	20	20	105	179	55	105
66	152	173	144	182	55	150
130	123	37	122	101	85	116
16	178	94	79	24	24	62
83	22	22	83	83	49	22
114	57	114	19	67	94	184
134	78	107	107	107	78	21
71	29	92	179	68	60	68
41	78	78	78	41	41	53
166	128	106	128	166	166	128
140	38	159	38	140	76	38
86	86	86	89	89	89	141
190	172	19	170	33	92	170
178	130	189	38	167	120	167
92	176	92	32	32	176	32
13	23	69	98	105	69	125
114	17	84	125	84	47	17
30	8	36	36	30	30	76
56	56	107	56	107	107	28
160	170	170	146	156	156	170
116	55	74	127	177	155	127
178	31	118	186	22	91	151
79	55	124	20	20	55	79
30	161	161	161	72	30	30
64	186	28	134	112	152	120
178	79	153	168	153	138	182
12	165	12	88	12	165	165
78	160	183	147	189	171	78
128	42	42	42	42	25	128
70	135	130	70	135	70	135
55	166	28	166	162	183	72
157	65	157	33	65	50	50
71	86	76	71	86	86	71
39	139	39	139	130	130	134
64	53	12	151	170	170	31
56	63	56	16	108	63	108
175	59	146	64	64	189	133
120	31	56	56	147	83	74
44	75	44	75	44	75	160
95	72	141	164	152	117	147
151	173	180	45	140	132	86
68	167	164	164	68	164	93
28	110	94	188	97	12	114
144	22	46	128	63	37	144
21	186	167	109	84	107	109
114	83	114	83	114	83	98
98	76	112	115	76	115	112
124	62	77	71	70	47	187
76	104	76	188	104	76	104
48	48	48	89	90	90	90
105	64	97	82	27	145	64
96	103	103	59	147	96	96
156	168	168	156	156	168	65
54	22	54	54	22	22	69
73	75	182	56	182	112	59
72	128	96	143	149	29	169
176	88	176	88	78	78	114
66	31	31	31	64	64	64
78	67	139	77	139	14	134
119	103	98	63	94	123	48
144	144	135	135	108	108	90
117	84	84	117	84	164	117
165	100	87	110	94	167	70
126	108	108	108	128	126	68
63	187	160	177	21	64	34
116	127	32	116	32	137	127
144	154	144	119	119	119	90
172	85	68	16	68	85	109
14	29	163	64	64	35	40
48	48	63	48	63	63	37
27	67	150	28	87	145	145
73	157	152	123	182	183	34
125	13	82	125	178	37	37
137	35	89	35	60	99	52
51	51	162	162	51	52	162
138	19	12	138	60	59	189
136	36	36	143	137	69	133
158	183	157	128	157	11	90
129	65	65	37	129	144	129
148	148	42	42	148	180	42
74	140	141	134	84	50	113
162	71	88	101	48	176	75
25	97	144	25	97	149	97
86	73	86	177	73	73	86
85	121	85	121	104	85	121
79	57	103	23	11	11	24
112	165	64	24	112	164	52
78	95	178	178	78	78	178
188	145	43	72	14	93	188
23	78	46	62	11	183	131
20	125	97	174	12	147	147
76	107	107	59	59	61	76
29	183	98	140	74	96	56
119	14	11	113	113	164	178
123	78	123	123	142	78	78
23	72	76	118	86	148	170
75	55	181	121	88	67	55
165	40	63	189	165	179	179
54	29	29	54	29	54	129
157	157	92	89	89	157	89
147	185	124	102	163	40	172
115	76	162	162	39	39	115
81	65	137	97	51	72	84
18	115	161	189	161	189	27
48	80	46	125	133	175	37
94	44	56	45	168	56	78
81	29	29	39	106	39	39
118	118	89	23	89	89	118
126	123	95	126	95	170	123
92	28	92	28	92	28	27
21	106	36	141	92	49	27
140	42	187	29	61	29	160
128	72	110	83	148	99	148
138	158	138	137	152	106	53
110	186	186	14	110	186	110
183	34	111	170	132	83	80
153	153	122	122	122	178	153
94	44	166	166	49	48	113
132	82	132	130	82	82	132
34	36	90	134	23	162	158
41	41	41	139	79	139	139
22	96	96	93	96	93	93
58	133	58	139	165	12	73
67	161	114	22	30	161	43
18	18	100	36	169	36	18
62	127	184	24	183	184	44
175	115	121	184	84	96	70
136	136	168	168	136	140	168
79	42	88	88	42	42	88
177	25	175	175	25	25	175
39	86	152	132	132	86	86
50	50	101	25	101	50	101
139	154	139	154	131	154	139
35	28	133	28	35	35	28
11	174	181	115	27	115	27
101	101	101	165	120	165	165
94	78	65	94	78	94	60
182	183	118	132	19	104	178
31	71	47	105	54	54	83
111	136	143	91	53	91	78
41	154	70	121	38	68	77
66	47	159	159	159	47	58
39	44	85	44	85	85	44
133	97	39	78	144	64	105
14	88	88	88	14	14	15
151	49	171	160	188	12	171
12	12	12	57	57	57	36
55	185	62	34	131	152	133
135	157	135	138	80	60	14
138	56	129	117	85	142	155
54	18	54	54	18	18	149
102	27	27	27	26	102	102
14	79	183	49	181	14	34
167	133	133	78	78	78	78
148	148	137	68	42	12	34
141	83	148	83	136	176	18
98	165	87	76	87	76	98
160	160	29	12	12	12	160
170	170	173	173	173	170	27
161	28	28	161	113	161	28
166	146	26	164	164	177	166
83	23	138	100	75	138	161
168	81	106	173	152	151	72
176	153	78	78	153	153	78
122	58	122	122	58	40	58
130	175	144	107	61	61	31
74	171	132	24	109	29	132
84	176	66	163	66	151	126
38	38	178	74	178	180	121
109	109	174	138	107	57	33
142	146	121	146	142	121	66
84	88	84	43	43	43	84
49	143	113	113	143	113	143
25	91	40	91	25	91	25
135	111	86	133	102	102	154
131	73	95	71	115	87	183
28	78	36	36	113	70	55
183	149	187	137	22	185	149
55	158	138	107	87	57	107
124	154	126	171	183	128	154
82	82	115	115	115	82	71
172	153	153	43	136	149	102
16	16	31	166	64	21	104
172	98	185	96	188	62	110
56	145	146	12	114	152	58
65	170	63	13	58	37	65
134	134	130	64	82	50	53
26	95	41	26	95	162	41
144	112	68	17	144	144	180
23	26	81	180	26	23	180
179	190	144	68	101	39	34
33	187	147	29	80	36	36
153	66	190	124	50	145	76
30	172	172	121	18	30	16
143	47	81	47	47	158	143
120	98	10	85	186	101	120
134	169	134	100	169	169	134
85	158	24	57	57	24	57
132	142	132	142	132	170	142
174	174	140	51	183	103	124
154	166	64	167	44	113	167
168	131	66	44	101	182	173
48	100	103	48	100	110	110
109	124	145	15	15	10	84
174	112	106	176	131	112	143
92	103	165	165	167	92	167
35	120	179	29	179	68	85
46	39	39	39	106	113	46
138	29	151	29	29	151	151
99	155	69	91	92	19	92
43	169	101	85	110	184	171
134	62	10	46	58	85	133
94	37	42	42	72	46	174
86	76	69	144	166	86	11
137	112	153	40	153	153	112
188	125	125	19	112	70	117
46	17	17	134	58	85	52
97	91	88	85	151	99	151
145	39	89	145	89	89	145
116	90	124	116	116	90	90
110	167	176	156	113	75	82
86	102	82	165	60	97	134
172	38	93	120	172	67	154
182	182	132	109	109	109	182
182	61	85	105	72	116	81
22	31	22	188	39	117	180
29	188	29	51	29	188	188
116	143	143	91	54	91	91
122	164	113	142	52	33	75
74	74	74	160	18	160	160
167	76	139	150	22	128	111
60	121	36	36	121	128	60
42	179	74	74	179	179	74
119	11	59	119	11	119	11
51	51	106	106	161	51	106
127	151	157	127	138	178	112
21	21	138	21	138	76	138
68	68	68	118	85	118	118
60	190	60	190	190	60	99
23	23	157	23	157	175	157
147	147	40	57	95	69	126
65	117	154	106	18	18	169
113	27	27	27	106	113	113
25	50	160	50	39	127	24
164	164	164	120	179	120	120
143	143	46	40	46	143	46
23	23	23	106	106	106	115
76	7	131	76	47	131	76
146	146	146	178	178	178	82
107	107	99	130	27	130	99
53	70	129	68	155	138	70
58	58	49	127	49	58	49
128	164	140	164	140	175	128
25	53	23	175	126	25	113
122	61	187	122	61	61	122
14	63	86	188	110	63	104
22	168	118	186	141	165	76
123	73	88	120	119	73	24
59	186	59	186	70	59	186
77	158	156	182	77	15	117
148	59	164	95	46	46	188
60	62	145	37	82	132	19
107	119	137	155	137	185	183
190	148	173	132	179	46	139
133	41	16	174	133	41	16
183	120	102	121	107	112	121
79	55	111	108	31	55	134
178	33	138	138	138	33	33
50	51	51	135	135	135	51
151	153	151	153	117	153	151
102	50	50	50	130	102	102
156	10	160	160	39	58	66
170	37	15	170	37	31	15
110	97	97	137	97	137	78
149	134	156	129	98	122	130
127	160	10	111	92	131	48
155	94	155	44	88	41	116
128	104	104	13	128	128	74
95	24	98	177	80	114	84
12	18	79	12	12	18	18
125	115	115	160	125	115	129
140	141	50	10	153	121	172
23	148	142	119	142	190	107
19	98	103	187	98	127	89
72	72	72	150	150	37	166
22	51	98	35	73	63	187
43	120	70	129	57	70	119
109	181	181	27	27	181	27
27	23	129	141	27	129	23
141	40	57	139	42	78	40
17	127	17	68	25	25	116
153	16	58	58	31	177	175
150	150	20	20	88	150	20
51	106	93	106	93	93	42
123	145	130	130	145	130	145
70	17	91	186	157	27	77
13	51	120	110	169	174	120
123	138	67	74	123	72	63
34	56	79	185	113	113	103
24	109	28	104	48	40	150
183	150	183	122	37	158	183
153	153	68	68	153	68	139
61	61	130	57	72	53	184
125	31	27	100	100	40	84
130	161	185	135	43	67	87
21	91	73	115	92	78	115
126	31	31	126	126	31	32
172	75	26	184	81	113	162
170	159	133	133	75	125	170
34	134	34	108	34	79	134
136	85	154	85	115	115	154
38	120	160	53	53	160	120
127	127	69	102	14	127	102
25	25	66	25	66	170	66
85	74	47	47	116	74	116
130	130	110	170	183	103	182
137	115	137	84	13	97	25
155	79	46	172	155	78	155
44	133	135	133	135	44	60
79	146	135	98	60	182	73
146	63	69	54	55	45	54
89	142	136	164	39	164	26
127	56	42	42	137	151	190
42	16	98	98	72	16	98
148	182	148	156	56	156	79
19	92	19	92	92	19	37
141	176	141	176	176	141	25
79	136	156	47	160	136	144
80	141	92	168	60	110	101
187	81	179	187	187	179	179
78	126	177	159	61	67	75
56	56	148	41	59	41	59
27	29	29	141	27	27	29
111	115	111	111	183	183	183
125	178	22	183	26	42	125
145	27	83	27	83	83	27
91	187	91	83	188	88	46
26	75	26	101	75	111	111
80	80	124	81	81	81	80
94	107	94	77	107	107	94
95	95	123	126	126	95	123
43	117	44	74	146	139	139
32	57	73	57	57	32	32
29	183	183	66	29	183	29
25	15	164	15	25	126	126
91	85	85	23	85	23	23
88	116	42	88	60	88	116
72	85	53	72	167	92	53
149	93	149	93	93	149	73
23	182	23	182	182	40	23
100	103	88	149	138	178	176
163	74	111	97	127	117	22
167	161	16	155	184	155	32
169	169	169	35	72	72	72
159	89	137	119	39	94	70
138	92	92	166	166	166	92
156	162	64	104	11	61	162
183	107	97	122	74	21	97
143	143	96	143	135	135	135
112	123	66	112	66	112	66
14	14	121	121	139	14	121
10	10	108	88	139	124	158
30	168	57	168	184	22	16
93	87	123	87	184	21	178
26	26	44	172	152	152	172
80	60	62	182	60	92	141
148	185	134	148	134	148	134
73	150	79	178	79	130	50
78	15	104	188	133	86	102
93	55	93	88	55	88	101
153	65	178	174	165	181	75
42	50	18	166	87	114	87
37	37	55	156	118	67	116
92	169	188	181	126	136	169
174	190	109	25	189	110	93
120	78	78	120	62	116	62
96	166	134	96	134	96	134
171	69	171	28	109	28	109
70	30	57	62	59	62	167
97	148	174	48	123	11	144
179	77	133	28	11	77	127
84	31	31	84	19	84	31
84	84	88	88	88	84	125
31	48	48	31	114	31	48
67	45	67	67	45	106	45
47	24	67	25	29	62	67
79	91	64	72	41	40	143
110	163	169	110	169	118	169
153	72	48	134	175	108	134
155	35	160	155	117	35	160
67	185	128	150	181	21	42
170	105	105	11	170	170	105
144	34	179	179	80	183	100
20	67	169	67	169	20	104
98	76	98	98	159	159	159
79	76	50	129	162	129	154
114	178	178	114	114	158	178
161	120	143	159	66	116	140
20	132	154	132	172	52	23
67	155	67	44	65	48	87
36	36	68	134	134	134	36
189	185	188	91	76	162	118
164	155	164	164	155	163	155
187	49	187	127	49	187	49
106	138	91	187	75	181	73
18	18	18	18	163	18	18
183	69	91	92	168	165	108
147	88	19	19	31	147	147
88	155	35	88	35	35	88
136	142	107	149	23	39	149
28	73	128	154	39	121	181
64	186	150	150	186	150	186
182	129	182	129	158	182	129
37	138	37	21	37	45	138
12	97	51	186	107	168	51
151	69	71	70	151	117	96
180	180	109	180	109	109	21
120	25	181	186	125	100	136
20	50	20	20	142	50	50
86	132	148	50	178	119	176
161	154	14	154	154	161	161
105	105	125	105	125	78	125
67	133	67	133	67	133	35
47	179	24	76	179	72	47
188	167	63	106	167	158	131
56	106	45	106	56	56	106
80	190	60	60	180	120	142
188	178	37	160	97	150	70
178	93	26	26	93	26	93
161	94	161	151	167	190	136
53	170	62	24	69	62	132
34	23	119	87	60	23	66
24	145	105	55	108	160	55
139	90	33	132	89	33	128
159	82	141	82	55	82	55
173	135	187	187	173	173	187
79	79	113	31	79	79	79
174	21	21	105	144	173	170
72	133	72	72	155	133	170
57	67	58	58	102	58	67
22	95	18	88	179	97	109
69	97	135	135	135	135	69
178	157	29	20	47	37	125
125	76	76	119	125	125	76
15	139	156	155	119	126	50
17	140	70	79	79	17	70
86	10	42	157	157	42	157
76	178	124	90	131	124	92
110	140	110	29	114	114	140
126	179	97	181	79	78	48
148	121	175	20	50	50	129
158	52	158	39	43	39	43
47	124	174	172	60	124	96
121	170	25	31	178	181	181
146	42	107	103	56	42	17
35	163	159	64	64	78	31
163	165	122	93	39	114	163
187	137	151	76	48	137	66
180	12	188	12	188	188	12
128	9	70	9	103	128	9
146	146	96	33	96	146	68
71	124	71	71	112	112	112
11	85	142	28	28	77	87
100	136	188	84	115	104	174
159	83	164	151	178	62	62
75	178	178	75	26	178	75
108	76	188	188	188	108	108
146	95	159	99	134	127	127
55	21	97	55	103	170	100
119	25	53	139	183	108	111
70	88	148	131	88	70	148
41	150	132	19	17	30	154
27	107	27	27	107	121	107
167	137	167	137	167	75	137
35	25	178	178	132	181	190
13	69	83	138	83	68	41
180	22	183	67	61	93	79
182	130	156	185	182	177	100
78	109	36	41	78	109	41
114	69	77	114	76	87	19
120	33	33	12	33	12	151
87	138	87	87	158	158	85
153	153	66	151	151	151	153
161	161	106	129	129	35	35
126	66	145	111	25	177	36
103	38	27	101	136	89	27
87	87	130	87	130	130	21
83	176	116	176	176	116	116
119	32	32	167	167	32	167
38	102	98	74	74	38	102
50	187	161	161	187	187	161
183	183	66	107	183	107	107
101	118	34	159	144	104	104
85	19	64	111	27	64	111
61	5	61	60	98	5	5
48	32	59	83	31	172	73
168	23	45	131	168	23	168
171	138	60	60	136	183	44
26	142	137	57	80	12	121
100	74	108	179	118	74	61
57	45	150	45	57	150	103
140	32	32	32	140	21	140
25	119	63	72	25	63	25
60	151	90	70	15	63	15
121	56	62	62	121	62	121
130	80	80	130	24	80	56
35	64	59	64	59	64	135
190	122	138	190	138	138	190
44	38	24	44	24	24	70
42	42	54	54	189	42	54
185	178	96	115	163	24	153
56	93	56	104	83	104	93
126	51	126	151	51	126	36
169	98	169	52	169	52	52
145	85	48	157	165	99	29
53	53	137	100	53	137	137
150	184	184	150	18	184	150
39	41	41	45	189	133	58
97	55	86	52	14	74	86
158	158	51	158	145	51	51
73	73	114	66	62	62	114
138	11	138	188	11	11	138
119	163	75	163	75	163	75
11	85	94	149	48	149	174
57	188	64	132	120	184	55
175	175	58	150	178	105	103
93	183	158	186	165	144	168
148	52	20	148	52	52	148
19	19	158	158	19	158	32
12	112	74	66	102	62	66
146	36	53	126	68	128	137
95	16	111	44	138	61	107
146	106	146	130	106	106	146
118	16	135	31	16	31	118
81	44	186	44	186	186	44
89	89	148	148	89	148	131
181	94	97	172	115	169	81
38	20	65	126	144	59	144
101	81	54	54	101	81	106
13	10	165	39	32	140	46
94	72	72	43	92	158	51
144	58	82	144	154	154	144
98	94	160	126	67	94	96
26	163	111	63	11	95	22
85	103	45	85	45	85	45
68	143	139	142	52	37	106
10	10	160	10	144	73	160
55	55	55	70	85	85	85
164	164	164	40	101	40	40
46	97	48	35	48	48	144
64	64	150	97	150	78	97
116	173	169	95	20	98	78
179	140	140	179	140	179	147
88	25	69	88	101	106	87
69	85	46	85	46	94	69
50	112	159	84	78	75	42
155	13	121	144	156	144	153
52	168	52	107	107	52	107
163	97	163	37	114	60	171
104	123	104	104	123	11	123
130	98	37	98	152	98	37
32	32	185	113	113	32	113
188	97	111	62	153	22	111
36	139	54	139	139	54	54
16	16	16	100	100	100	13
156	28	111	111	156	156	111
37	61	80	60	30	154	30
82	113	165	117	28	118	113
90	90	87	170	90	87	87
36	171	130	170	36	30	81
142	92	130	130	142	130	142
97	132	132	53	53	132	53
115	115	36	23	36	115	36
67	85	143	67	90	67	90
20	20	115	19	28	166	165
167	99	15	167	167	99	99
69	132	61	144	136	136	20
99	24	17	173	36	24	111
51	64	100	155	99	13	59
174	40	97	40	40	174	174
161	128	128	89	89	103	128
65	139	65	146	66	139	146
141	63	62	63	62	62	63
29	171	92	29	171	74	92
59	137	15	150	59	137	59
90	105	105	146	146	105	146
131	122	131	131	112	112	112
126	11	65	65	66	27	122
140	140	140	169	169	169	136
155	91	91	91	87	87	87
66	129	106	105	101	141	136
117	179	148	92	161	175	51
99	127	106	16	166	116	149
117	141	82	112	49	63	157
77	56	107	56	107	97	77
153	104	131	138	10	153	139
95	62	133	95	96	35	65
172	63	68	166	77	63	185
112	175	66	112	175	175	112
177	168	168	120	120	120	168
35	76	74	190	74	176	86
128	128	59	128	128	143	143
25	110	138	127	127	138	25
40	25	31	25	186	94	11
39	115	159	152	152	162	84
84	138	182	182	84	84	182
72	141	141	120	35	141	120
171	89	12	12	12	89	89
24	53	44	157	181	24	24
170	39	146	39	96	146	96
161	30	30	104	145	145	161
95	95	135	95	135	81	135
69	167	86	172	69	25	183
39	55	15	15	15	55	55
74	163	74	141	110	110	74
21	36	12	86	163	128	40
173	118	103	160	85	173	47
78	87	92	87	78	87	78
169	31	188	169	26	149	16
167	26	121	28	168	46	167
13	71	13	169	13	71	71
120	120	151	83	83	151	34
148	38	95	95	148	38	128
94	102	157	86	129	171	161
170	116	151	151	38	151	38
66	61	144	61	144	144	61
167	176	132	132	159	167	159
141	127	27	27	127	108	127
139	18	70	26	31	139	52
86	44	15	44	141	141	15
151	87	136	87	78	78	151
96	73	17	35	35	176	110
34	34	87	123	123	39	87
103	142	67	142	172	70	75
162	84	23	46	46	84	23
168	146	104	168	168	104	137
121	12	189	100	100	49	17
144	151	160	160	151	151	160
14	35	119	128	162	76	142
59	145	145	16	16	180	59
68	19	19	84	68	68	19
155	155	65	130	155	164	130
119	71	69	177	119	58	142
31	57	39	141	115	141	183
69	69	124	69	28	124	69
36	133	56	104	170	170	12
173	158	136	158	173	173	158
92	144	172	92	172	137	144
50	183	52	183	183	50	50
115	112	100	70	147	159	76
92	94	13	13	94	94	16
57	133	57	57	133	130	133
121	146	146	48	110	166	153
29	71	58	139	29	65	188
187	23	23	33	23	33	33
23	23	122	122	67	125	67
156	175	16	129	136	129	73
122	40	133	170	189	58	101
131	36	60	50	63	31	31
144	45	20	25	30	154	122
178	178	82	178	184	184	184
86	123	151	123	86	168	155
116	65	65	42	116	65	116
131	151	92	188	65	131	60
86	24	86	15	71	137	46
143	124	147	143	132	124	124
75	85	98	66	44	29	44
21	168	45	154	45	112	91
77	16	120	82	63	119	16
86	88	88	86	45	88	86
21	162	117	117	162	117	162
98	147	183	53	33	135	182
76	76	87	57	34	76	95
29	29	29	19	19	78	19
127	154	30	127	127	154	154
180	38	26	78	36	98	40
189	155	136	154	38	158	182
82	178	117	80	130	11	158
85	66	131	85	140	185	180
75	30	45	45	45	30	30
15	83	148	15	11	154	48
127	118	146	120	118	176	82
25	25	128	34	34	25	34
112	154	67	139	154	67	139
143	165	44	170	113	183	87
89	169	108	100	56	135	184
171	179	152	138	190	168	123
138	138	168	168	67	33	67
97	102	55	45	145	97	131
184	184	152	152	184	92	152
101	128	63	101	128	101	128
163	148	119	163	163	77	112
112	42	89	80	112	128	154
126	71	66	137	66	126	71
102	68	56	121	15	95	71
43	70	43	27	43	70	78
117	185	28	142	168	19	117
162	162	154	162	149	154	154
69	64	174	16	142	118	13
15	15	38	38	38	10	15
129	65	50	90	71	55	61
138	47	28	106	106	71	115
69	167	52	131	177	127	177
167	167	91	50	54	106	80
29	132	44	70	178	181	92
173	61	147	164	110	164	137
41	45	85	40	164	120	97
138	138	138	122	16	16	16
152	152	113	32	32	30	152
59	59	59	99	99	99	95
66	66	169	169	108	66	169
39	76	39	39	79	79	79
168	55	18	172	170	168	143
91	14	14	75	91	14	91
103	28	143	77	132	183	186
109	70	22	51	109	22	22
57	50	76	37	111	18	106
130	177	116	80	116	55	94
66	76	38	25	26	131	14
110	126	145	76	156	76	178
15	136	107	106	136	106	107
41	178	43	115	61	106	77
50	22	148	141	131	90	50
145	157	190	190	157	157	190
173	62	173	76	80	76	62
124	139	50	50	50	139	139
160	165	59	68	165	165	59
69	136	136	184	113	110	63
148	11	134	141	56	104	183
46	71	71	46	71	15	46
51	107	130	91	87	177	141
47	47	60	69	69	47	69
50	120	112	112	77	64	11
146	47	103	119	78	142	96
140	64	57	26	125	185	112
89	33	32	151	32	151	151
115	147	162	173	25	98	162
129	109	45	109	129	109	129
52	88	160	160	71	71	88
108	165	108	108	165	165	183
55	132	37	155	132	132	155
175	186	87	159	34	146	159
56	168	123	168	30	153	117
67	23	67	142	142	122	23
127	118	94	131	79	74	94
88	22	22	45	45	22	45
186	177	92	75	45	45	53
82	119	119	57	124	124	57
169	169	107	107	25	75	75
160	85	55	47	48	140	47
94	94	41	35	100	94	35
63	166	154	63	62	158	57
30	170	60	80	24	65	18
14	185	48	84	95	37	20
42	179	42	162	39	102	18
73	178	106	98	39	153	124
168	94	30	76	111	108	168
74	74	141	20	20	141	120
34	34	31	162	179	179	162
140	82	111	133	129	171	126
146	134	146	142	73	73	142
99	144	99	28	144	99	144
42	42	18	18	18	42	152
35	49	141	95	112	119	89
42	92	146	143	92	143	146
179	153	179	25	179	25	25
117	116	114	39	73	152	175
177	177	74	74	118	74	177
107	33	190	190	68	74	171
63	16	45	157	81	34	35
129	129	90	135	90	90	101
140	170	189	189	189	140	140
143	55	132	55	179	132	179
184	114	96	184	46	30	124
94	185	162	170	170	29	95
138	171	17	131	152	107	102
32	95	159	75	45	95	127
114	175	143	114	178	148	86
114	116	116	39	39	114	105
56	83	146	110	53	89	143
79	93	169	188	169	53	18
40	39	186	118	185	185	78
58	145	58	145	145	51	58
54	134	102	170	91	130	182
27	136	87	90	131	56	136
61	89	107	35	174	164	35
139	182	139	108	108	139	108
188	42	97	37	23	97	142
117	165	117	117	165	165	32
147	147	147	128	128	128	164
69	128	64	164	41	59	121
30	124	87	183	139	188	146
86	37	121	146	14	121	37
58	97	171	115	106	106	175
9	157	9	99	9	76	76
108	164	108	117	108	117	117
47	47	35	167	47	167	167
70	36	104	129	48	104	98
83	57	144	150	57	150	144
185	185	185	96	154	96	96
26	37	26	37	68	68	147
167	167	97	174	97	167	97
150	150	20	55	150	20	20
181	113	39	54	167	54	148
189	92	13	44	92	163	35
62	78	88	97	58	12	136
17	42	118	118	17	118	17
82	143	82	34	82	143	143
19	88	51	119	166	190	157
32	14	14	174	36	25	101
76	50	10	50	76	76	50
180	178	178	29	180	180	178
108	56	108	28	28	141	177
83	54	83	83	25	25	25
147	131	131	147	142	131	147
40	122	26	33	171	171	125
34	105	105	34	34	181	105
168	16	137	119	109	155	17
139	145	127	137	28	161	145
158	108	63	158	158	108	108
116	87	87	116	30	107	116
135	68	68	135	135	31	68
9	94	165	9	104	165	9
162	162	92	18	162	77	92
165	154	84	165	165	163	84
39	97	41	82	41	39	39
73	73	106	125	125	125	73
142	153	90	108	87	71	108
117	34	104	34	34	104	104
145	122	145	63	122	122	145
151	168	151	151	180	168	168
71	71	71	106	36	106	106
74	45	21	34	12	38	151
11	170	66	161	170	45	170
179	41	179	110	91	38	50
127	35	164	111	177	35	12
57	47	57	57	101	101	101
151	151	38	38	173	38	151
81	67	67	171	81	67	81
158	142	142	141	45	45	141
136	94	148	25	26	159	23
116	82	116	79	82	162	116
79	47	177	88	169	18	12
163	80	124	101	85	91	50
23	23	86	46	181	136	183
105	12	75	73	180	33	33
175	175	163	138	152	106	86
21	124	36	21	36	36	21
117	75	117	117	44	75	75
10	75	102	16	138	171	170
53	43	144	160	85	111	85
77	11	94	77	27	11	11
50	17	164	164	40	17	40
14	53	129	129	185	126	99
100	47	15	85	85	15	100
121	121	121	104	104	34	104
16	7	16	145	7	153	7
125	68	122	107	122	107	68
98	39	66	24	89	39	40
38	60	159	74	145	74	60
37	47	37	37	47	7	122
145	145	130	111	130	145	130
153	13	13	13	153	109	97
90	55	104	15	175	55	31
167	45	167	104	167	158	104
71	27	154	154	67	111	155
33	75	123	63	145	121	153
51	63	97	163	101	51	107
178	60	28	117	63	139	184
105	107	140	105	140	19	140
178	88	88	74	172	67	153
148	62	129	184	171	132	184
107	41	97	107	152	97	97
38	38	149	38	149	118	149
185	93	154	156	62	47	156
137	158	137	158	137	158	128
112	135	173	100	173	100	135
146	67	146	67	67	15	122
48	48	22	53	24	24	53
127	119	150	150	98	58	30
63	108	11	77	42	21	49
82	37	37	190	190	37	190
41	66	48	59	41	38	137
132	170	132	114	170	170	132
21	88	101	132	55	89	101
40	40	168	73	164	40	168
80	49	40	63	49	63	80
121	164	164	164	49	31	49
179	98	136	94	187	86	86
180	172	112	74	184	67	10
40	158	158	40	22	40	158
22	68	68	145	145	68	145
20	113	185	167	23	65	23
143	103	122	141	173	103	168
25	113	26	26	44	165	177
130	153	160	130	153	130	153
54	128	152	152	25	187	64
182	47	117	117	182	117	182
93	132	157	136	121	22	184
25	25	34	25	34	34	120
155	155	39	39	136	39	144
117	52	52	52	91	117	117
57	107	116	81	120	166	140
94	61	61	94	61	118	94
59	16	16	16	59	24	59
144	33	144	170	137	137	33
48	136	182	42	78	133	125
146	53	141	141	166	146	141
44	134	134	44	47	142	142
63	100	24	85	57	171	56
61	27	155	61	27	27	61
149	149	152	37	37	165	165
180	30	179	161	136	147	136
113	50	66	91	172	179	27
84	137	149	137	165	127	170
41	109	15	119	148	10	126
40	137	128	188	128	140	87
100	95	100	37	127	12	185
139	149	139	133	133	133	139
11	134	118	190	134	18	185
173	25	114	127	173	92	79
102	71	177	52	141	30	175
189	132	101	71	82	123	60
154	154	158	41	47	158	41
105	62	144	164	189	123	146
121	54	112	121	135	57	26
61	88	181	106	35	88	92
109	86	109	63	169	169	169
51	171	53	23	147	152	18
35	95	68	182	95	135	88
182	15	182	104	15	182	15
94	94	133	68	122	122	133
167	118	161	161	51	187	150
33	33	87	33	182	87	87
165	54	165	33	54	48	33
7	121	59	127	127	127	59
95	58	58	57	67	62	149
115	29	53	35	29	115	53
145	69	145	145	69	32	98
155	155	155	24	24	102	24
153	97	153	62	81	129	104
118	41	118	46	41	68	41
20	87	12	87	12	87	21
84	166	85	10	136	55	85
147	126	90	130	19	47	179
72	28	72	28	28	114	72
43	55	128	128	43	55	162
157	138	138	81	185	106	185
47	124	124	155	155	155	124
164	24	128	137	176	16	125
73	146	127	127	127	25	73
86	134	86	134	86	134	134
61	174	94	116	135	94	62
17	79	79	17	130	17	79
143	77	86	114	143	184	151
117	57	54	117	54	117	54
187	34	37	84	61	45	87
103	177	12	177	90	177	62
164	101	33	129	27	178	132
20	116	20	74	129	36	111
147	101	101	127	127	127	101
100	183	63	184	175	123	33
106	171	76	22	147	93	76
58	48	171	48	48	171	171
42	87	140	184	89	186	62
72	76	132	86	163	72	71
164	58	164	85	85	164	85
70	119	139	134	131	70	168
128	72	72	128	128	138	72
107	181	190	157	89	107	12
170	67	22	37	70	22	53
10	189	10	128	189	10	189
83	40	75	126	75	64	53
100	189	71	100	124	130	42
38	38	79	79	89	89	164
131	107	67	131	131	67	67
99	106	128	25	106	128	25
55	163	124	153	55	153	163
172	68	90	172	89	172	137
139	139	139	107	107	107	32
10	52	135	52	10	52	10
19	114	36	36	36	19	19
146	127	181	50	89	147	28
73	47	137	88	137	47	137
45	73	33	170	33	13	77
148	182	182	182	145	145	145
79	28	28	79	28	79	21
161	53	37	50	136	84	114
150	33	143	42	143	97	138
130	138	90	178	73	128	130
158	69	20	52	158	92	103
35	117	129	151	126	36	157
54	54	54	178	178	14	178
126	77	126	167	126	77	116
133	133	133	111	45	111	111
13	16	185	36	148	180	121
118	86	118	57	57	118	56
133	67	133	72	67	72	160
147	111	134	109	53	116	142
190	10	39	30	21	124	30
26	93	168	93	93	168	168
138	50	158	158	141	129	140
169	97	169	44	44	44	97
88	91	33	88	86	91	33
48	70	164	70	147	172	18
126	126	106	101	180	180	106
16	150	19	72	114	75	16
141	113	107	165	109	144	113
103	69	44	69	30	103	44
166	162	67	156	39	67	114
70	135	32	135	93	70	70
113	113	60	60	60	113	118
40	106	40	40	42	42	42
87	9	132	9	87	87	34
131	74	146	74	74	131	131
14	30	30	39	30	14	14
144	133	133	54	144	54	50
164	102	65	103	136	164	116
175	113	41	80	113	80	175
82	71	111	71	44	77	45
92	60	47	52	110	116	60
58	181	42	148	47	22	144
7	9	7	7	133	133	54
64	190	154	184	61	41	31
128	138	138	126	128	138	128
12	163	56	12	23	169	46
18	139	131	131	139	131	139
78	19	82	11	151	151	23
67	48	87	132	108	55	27
75	123	132	49	49	50	179
73	73	140	140	112	112	115
23	61	100	147	81	182	81
169	83	49	176	105	83	160
106	26	10	26	161	190	59
158	37	114	55	85	181	21
118	46	118	46	46	118	69
47	117	27	52	117	47	27
113	183	19	19	183	19	183
13	21	21	23	53	65	133
46	46	134	134	134	134	30
45	17	85	83	45	85	83
59	165	85	165	165	59	59
88	161	161	16	161	16	16
33	145	79	145	87	33	79
116	76	159	159	181	139	51
47	170	47	170	22	47	170
163	163	145	179	179	127	127
42	42	159	66	172	28	53
36	48	48	36	36	48	187
99	142	170	124	33	15	124
110	133	131	131	17	145	33
102	58	58	102	58	107	102
174	111	163	129	111	128	13
28	28	126	126	25	126	28
86	87	70	70	145	86	87
156	24	27	31	166	31	126
172	172	56	96	154	96	56
189	154	130	177	34	117	117
167	141	114	14	111	26	112
65	90	169	169	90	169	90
117	71	71	71	71	117	117
44	164	14	166	14	175	116
101	142	178	84	88	189	101
116	38	38	116	116	150	38
152	176	176	35	156	140	24
153	46	46	166	32	153	32
15	184	151	26	47	184	170
38	154	65	75	102	75	128
147	114	114	147	114	147	120
184	18	184	36	184	36	36
161	92	139	123	90	92	85
149	58	38	58	58	38	38
88	88	126	82	120	84	134
119	143	50	18	119	18	143
92	107	92	103	83	162	32
87	151	112	114	150	114	130
14	111	46	141	141	160	73
36	140	104	36	140	36	140
87	83	83	107	51	87	83
132	139	93	139	132	23	23
190	154	88	154	71	31	120
10	76	76	10	76	10	145
70	47	24	69	55	121	56
48	65	48	27	48	27	27
53	18	18	53	18	107	53
40	30	112	72	117	114	69
184	171	184	171	184	171	97
79	186	180	138	79	100	12
43	139	182	29	139	135	99
74	74	74	27	27	27	146
20	73	164	149	136	136	167
123	123	170	170	170	123	148
34	158	160	168	98	103	136
146	31	63	56	77	77	38
109	29	13	29	36	185	105
174	13	36	13	174	174	13
76	80	118	76	157	80	118
25	99	29	46	64	46	111
103	16	16	102	103	112	16
183	186	183	121	186	183	186
26	108	108	79	26	108	26
119	110	103	61	103	134	134
22	22	44	44	44	22	13
19	159	138	34	35	75	11
175	89	127	175	175	89	89
36	164	88	72	158	136	164
36	110	162	162	59	104	77
55	108	145	145	144	108	144
45	45	45	96	179	96	96
134	71	98	114	49	97	132
142	119	119	127	142	158	127
108	108	101	90	122	101	122
126	162	63	179	145	156	145
162	144	12	177	137	78	98
79	57	57	12	57	12	12
101	73	73	33	73	101	101
5	81	101	101	5	78	101
134	51	32	51	30	113	14
110	110	44	125	44	44	110
173	127	15	173	173	127	127
66	66	66	117	80	80	80
26	93	93	26	103	26	93
144	130	147	40	151	147	83
175	83	23	40	66	23	22
52	52	104	104	24	104	52
129	22	29	29	29	129	129
171	90	105	51	168	68	51
36	36	64	164	30	89	54
109	110	110	110	54	109	109
190	190	155	75	75	75	190
28	92	142	75	174	102	75
131	22	128	75	104	52	104
90	29	62	29	156	118	80
189	185	115	107	171	54	156
29	6	68	6	68	68	25
81	133	81	79	79	64	64
157	150	68	11	98	179	58
48	117	190	30	43	37	62
33	10	10	10	33	132	33
146	146	119	81	146	119	119
123	165	123	82	165	165	123
148	119	148	117	148	117	38
98	13	40	78	154	78	154
64	176	107	107	176	64	94
115	123	150	142	79	174	185
122	35	35	73	73	22	122
35	46	35	35	37	46	46
172	72	22	22	22	72	72
41	15	76	24	141	137	15
45	24	45	32	24	45	24
156	162	6	6	159	6	156
57	84	57	57	90	77	77
168	180	144	131	32	168	154
132	106	175	175	106	132	36
142	171	66	135	127	154	32
16	122	138	91	135	168	91
108	141	62	141	62	141	62
106	177	177	42	48	42	49
153	145	119	119	119	153	153
63	167	32	38	63	32	167
152	147	147	146	75	35	188
88	90	117	162	177	84	36
166	152	105	67	55	105	62
30	148	22	148	22	30	118
147	57	116	138	27	116	165
149	149	177	149	48	177	177
56	56	110	29	78	78	110
48	78	179	133	30	30	184
106	79	16	79	79	107	107
39	146	173	39	39	173	173
53	85	85	158	138	138	158
63	74	132	74	64	74	63
70	50	105	105	70	105	70
84	41	129	163	109	139	109
173	91	14	91	91	62	162
30	78	184	30	30	184	184
120	112	179	40	146	101	109
142	144	142	144	57	142	144
114	114	118	114	118	118	183
66	65	18	181	65	54	157
25	129	64	152	40	176	143
12	28	185	18	150	51	101
190	75	190	59	143	38	34
84	42	84	42	149	84	48
167	81	66	81	90	66	66
100	179	136	59	136	44	54
84	125	84	81	84	125	33
78	102	102	78	102	81	78
37	37	21	90	90	90	37
138	138	86	138	86	86	34
140	140	115	156	156	140	156
69	94	128	138	72	29	106
178	17	157	58	144	139	58
98	99	99	99	98	98	123
16	162	50	84	140	162	140
128	33	144	128	177	33	144
75	156	109	75	156	75	156
73	82	25	25	25	137	82
73	73	109	109	151	73	109
50	28	50	28	179	28	50
100	79	85	134	35	55	169
76	59	64	61	35	76	18
109	11	11	11	109	187	109
142	45	83	50	82	172	82
116	72	75	108	108	184	145
154	52	180	105	52	180	105
26	52	116	52	86	129	92
44	87	116	116	44	44	116
125	189	185	52	146	17	108
40	38	145	38	38	146	145
76	98	98	127	127	98	127
140	180	180	140	175	180	140
22	68	68	78	78	141	22
79	46	114	29	32	136	114
18	18	95	95	74	172	88
120	114	55	114	162	120	55
10	26	26	10	26	102	10
111	39	102	111	103	39	111
83	174	62	35	21	69	35
145	145	104	10	104	136	145
172	132	62	150	159	29	175
103	60	75	143	146	182	103
141	113	113	18	141	141	113
53	45	176	52	57	58	58
59	73	73	73	74	74	74
93	80	36	40	190	40	162
164	47	140	93	15	28	15
55	150	32	158	178	66	158
59	64	82	82	64	64	82
186	14	186	179	186	14	14
51	186	24	115	126	151	151
92	20	48	92	142	179	49
144	51	107	51	31	170	177
96	167	124	96	183	47	40
78	24	24	78	78	24	65
111	10	111	111	73	53	10
147	115	137	105	149	137	39
137	137	172	58	172	164	58
76	91	91	91	28	28	28
96	73	149	69	80	88	80
24	40	13	140	40	10	54
118	101	118	98	98	18	118
46	55	170	110	110	110	46
91	86	155	86	83	155	91
172	172	75	172	116	75	75
25	109	26	13	187	75	71
69	28	73	177	29	108	161
121	20	20	57	169	20	121
69	101	69	83	83	83	69
147	146	127	146	45	111	59
151	145	75	134	45	82	145
134	25	105	135	115	33	105
52	167	15	52	167	52	167
37	182	48	37	59	12	157
166	89	126	166	126	166	97
23	36	137	126	36	36	126
25	22	22	22	13	25	25
132	39	132	132	39	65	39
89	48	126	126	159	173	80
168	165	88	99	187	165	17
21	101	101	10	10	101	10
160	160	178	112	100	24	32
82	82	183	18	18	82	18
79	79	14	79	130	14	14
61	175	151	151	175	28	28
144	113	100	58	173	50	50
77	71	106	77	106	25	71
109	184	161	82	141	143	19
127	39	137	125	176	39	156
184	53	72	72	178	154	143
149	31	169	169	149	148	31
151	30	133	127	124	28	52
109	140	170	103	95	137	188
168	95	154	95	168	168	95
44	104	104	44	63	63	66
123	174	91	174	158	91	158
144	104	157	114	130	114	156
182	182	98	133	158	128	60
130	157	148	10	156	110	157
107	107	69	107	126	69	69
64	71	64	135	135	64	135
11	157	60	161	11	11	60
115	41	41	139	115	115	43
100	171	17	29	10	163	144
49	49	67	67	49	67	169
16	128	143	46	16	182	61
64	123	31	123	137	131	151
115	101	101	101	98	115	28
90	165	69	92	92	94	65
129	30	85	129	85	163	163
34	92	92	178	92	34	34
190	102	135	162	128	120	147
8	76	8	95	96	96	96
30	71	54	129	18	149	77
80	124	156	118	167	125	73
86	13	13	86	157	13	166
178	125	178	156	125	125	178
149	119	149	119	119	149	81
20	136	132	18	40	24	97
140	54	188	88	19	54	170
129	82	123	129	123	129	123
17	26	17	108	103	108	17
81	81	57	57	57	81	86
92	187	187	92	92	41	187
42	24	34	34	166	151	154
121	180	141	175	154	180	186
128	76	128	128	76	76	65
132	167	101	120	109	49	120
132	182	96	178	133	57	148
164	164	92	48	76	89	82
84	84	156	45	156	156	84
64	64	116	22	64	116	116
116	116	142	50	122	62	56
13	149	13	189	72	13	112
147	50	42	119	119	119	50
105	44	93	105	44	44	105
68	35	23	90	12	120	147
123	158	76	53	119	109	91
152	83	141	95	88	33	120
79	11	80	35	101	80	189
82	48	121	116	134	164	116
33	138	138	138	33	33	91
37	63	37	141	31	31	141
79	165	45	137	14	41	152
34	57	65	176	176	131	20
34	34	34	63	101	128	101
15	150	15	16	123	123	150
182	116	160	116	182	182	116
111	18	111	59	18	18	111
88	35	102	76	18	88	181
147	35	59	81	10	35	77
84	12	125	44	43	12	125
91	142	97	49	145	171	188
153	151	124	122	93	153	121
73	187	73	44	73	187	187
187	40	133	66	160	66	35
178	77	36	43	143	177	87
16	16	27	174	48	97	44
114	185	84	89	95	55	188
92	51	51	37	54	92	163
145	66	66	7	28	66	28
20	189	17	47	165	184	49
85	103	85	29	106	26	81
143	143	131	143	133	133	133
94	15	161	15	69	50	76
98	16	13	16	16	98	98
22	126	126	148	114	96	136
52	169	83	136	90	171	169
82	13	82	82	13	13	184
18	46	158	50	134	136	164
65	72	161	41	184	41	10
89	145	16	42	40	27	154
172	102	12	102	102	172	172
138	138	55	26	138	55	55
10	98	10	62	136	40	98
129	186	109	42	129	61	149
151	151	109	172	123	61	37
175	168	75	49	90	168	12
49	82	49	49	172	172	172
67	78	129	78	129	129	78
108	132	108	132	108	132	188
82	36	147	63	30	159	153
138	138	77	77	138	77	88
124	71	124	124	71	71	75
130	151	165	54	64	117	71
29	35	189	145	35	161	87
51	115	18	42	51	14	14
64	107	17	60	116	89	166
23	154	137	113	113	154	154
151	24	151	24	20	24	151
19	147	147	22	63	101	143
20	50	47	148	20	178	51
119	35	127	107	35	127	107
34	114	46	114	52	52	114
37	156	27	61	170	105	182
109	109	109	27	73	27	27
131	152	74	16	16	26	178
45	168	42	42	168	42	168
85	102	41	85	19	30	160
145	69	24	69	129	129	24
105	105	105	146	24	146	146
59	18	18	59	170	170	91
98	103	98	98	103	103	67
63	111	111	107	17	155	104
84	20	37	165	189	151	84
166	22	103	166	104	103	104
180	142	158	44	163	40	180
39	30	29	132	85	184	169
32	47	164	37	166	97	42
32	20	32	20	20	20	32
60	51	51	60	101	60	51
83	83	112	64	64	64	33
41	41	114	150	175	175	114
116	187	14	168	90	100	114
183	141	141	183	183	141	144
149	149	71	71	71	36	38
167	80	159	77	159	87	76
145	145	26	145	26	189	26
12	92	154	12	40	92	92
136	91	158	131	166	139	19
77	54	66	140	122	122	30
85	85	79	79	79	85	96
113	113	17	72	17	72	91
153	47	51	140	27	65	65
118	169	118	50	179	34	52
154	160	13	162	160	162	160
95	175	75	63	60	175	130
114	40	178	26	131	70	70
190	71	119	157	180	104	71
79	33	79	62	148	33	33
57	40	27	40	57	40	57
126	166	107	36	185	36	57
146	146	84	146	84	21	84
17	157	141	157	17	141	100
169	45	159	45	169	44	44
161	59	59	142	142	59	142
20	20	169	96	96	104	140
82	137	82	169	169	137	75
39	116	119	68	39	100	80
28	116	183	28	183	183	28
20	133	133	61	54	88	158
20	22	22	22	20	20	16
84	90	157	157	37	84	90
27	107	107	89	89	107	89
146	46	146	63	89	154	116
138	176	75	138	138	176	176
61	57	132	47	185	57	19
129	153	152	123	165	10	152
46	189	189	17	17	17	189
63	60	78	78	48	63	60
183	130	73	68	68	132	120
20	131	20	131	131	24	84
104	163	139	69	23	50	72
29	162	29	11	11	11	29
175	31	185	53	68	13	31
104	109	104	94	94	60	60
17	133	107	181	84	44	97
169	127	169	141	103	51	22
145	145	99	99	145	146	99
178	185	114	132	188	112	132
13	176	106	117	166	127	81
179	179	30	146	131	103	74
24	52	187	187	187	52	52
160	139	15	15	160	15	160
78	78	78	114	31	31	31
11	96	11	158	101	120	138
181	26	146	26	26	146	146
15	12	15	15	12	100	12
90	51	47	47	90	47	90
146	134	64	115	146	141	58
71	71	67	71	67	67	190
122	122	59	59	58	48	58
71	71	130	130	130	71	105
147	57	70	57	57	70	70
25	108	177	117	93	53	140
119	139	119	139	119	80	139
100	77	142	64	35	77	148
168	63	114	168	63	63	168
98	98	152	98	152	68	152
25	25	139	71	90	90	139
133	76	76	182	182	182	76
120	121	121	120	121	120	67
83	83	132	57	30	83	131
114	17	17	86	17	114	114
23	21	95	54	112	73	73
134	134	112	112	134	112	125
139	184	73	63	73	107	15
88	91	81	88	145	86	88
187	169	96	154	94	169	171
12	12	12	109	147	109	109
146	79	46	14	28	137	136
115	108	153	182	121	95	95
132	98	98	98	189	189	189
79	68	41	82	15	165	69
20	47	93	50	174	69	187
120	12	97	120	12	120	12
36	76	37	36	83	71	95
30	153	74	45	55	159	125
39	142	166	163	103	62	99
105	17	74	105	105	17	152
56	159	56	98	56	159	159
66	138	32	34	103	22	141
116	46	116	110	46	46	116
64	64	78	64	60	78	78
11	11	56	12	173	119	37
70	70	131	136	146	106	151
170	72	157	77	70	45	77
69	181	32	83	44	165	165
132	132	150	178	132	178	178
68	119	119	129	129	146	68
144	151	151	44	124	144	124
20	20	57	74	74	20	74
105	138	100	94	138	100	105
23	30	95	95	60	10	10
61	142	12	96	78	138	96
82	19	165	35	165	19	82
111	111	19	111	19	148	19
166	150	51	166	166	150	150
37	126	120	37	146	37	126
86	86	49	25	32	49	32
81	167	108	27	53	30	96
81	16	27	166	88	166	19
131	131	158	147	67	158	147
130	46	118	80	54	130	14
86	138	138	138	86	86	105
63	147	174	143	106	106	95
136	136	67	136	130	130	130
162	113	96	96	162	96	162
85	85	66	161	66	85	125
168	128	82	61	15	104	120
157	105	100	150	157	105	105
37	55	55	55	143	37	37
78	156	78	156	42	42	19
167	106	69	91	69	117	19
165	165	131	48	100	48	131
162	170	167	85	166	169	170
75	51	137	152	178	155	111
75	71	71	71	75	75	15
132	42	42	132	113	42	132
108	179	162	162	179	179	162
144	144	139	147	144	9	9
65	189	131	138	83	24	184
95	95	155	165	165	158	158
171	68	74	85	25	85	121
39	114	36	36	123	123	39
25	25	143	26	25	143	143
89	121	29	73	29	121	29
109	101	153	153	109	120	101
112	112	180	180	112	180	137
149	46	46	46	36	36	169
160	31	77	160	37	141	20
124	55	63	161	161	55	63
78	54	86	96	73	109	128
50	94	99	87	94	74	14
80	168	168	138	72	80	72
24	80	180	138	161	161	166
11	159	11	11	97	159	159
181	92	146	38	156	181	116
32	45	36	118	36	49	124
100	75	172	156	38	143	169
29	83	147	29	147	29	124
116	153	101	112	125	174	48
7	14	45	45	7	118	7
132	26	88	40	126	126	170
8	8	104	59	59	83	8
24	147	109	48	109	89	135
43	152	43	153	153	126	152
171	171	185	115	151	49	108
89	89	89	161	95	161	167
119	144	17	69	94	143	71
179	121	121	74	118	118	179
127	134	29	60	75	55	134
143	86	143	136	128	44	78
185	133	133	123	185	185	133
117	11	179	40	158	148	153
113	128	128	27	113	27	180
31	90	31	93	93	93	31
123	29	67	29	123	29	123
96	27	96	158	59	158	27
129	21	32	151	21	95	90
79	190	65	22	65	136	65
14	104	64	101	107	156	163
105	11	105	57	122	11	11
23	134	138	22	104	23	145
145	26	62	31	48	36	31
19	19	42	10	19	42	42
52	41	52	41	41	173	52
27	25	163	94	147	13	45
71	62	65	65	71	65	71
47	41	41	30	160	117	184
106	48	58	31	48	185	42
16	76	16	76	112	112	123
25	124	75	93	132	127	114
52	52	44	168	142	168	44
41	94	117	129	117	151	190
129	79	174	62	136	136	153
132	158	105	132	85	158	105
128	55	159	181	181	21	71
127	127	98	127	98	58	98
57	132	106	63	12	97	63
26	26	97	65	97	97	26
27	128	180	102	120	87	29
124	134	124	134	124	136	134
79	174	118	60	189	156	53
139	139	139	57	111	57	57
126	108	108	108	126	124	126
178	14	82	178	172	46	186
39	29	76	188	44	159	66
126	18	145	132	176	145	61
63	76	76	63	130	63	76
82	42	57	35	127	33	151
109	109	188	14	168	93	70
176	176	77	188	188	188	176
41	118	118	118	41	41	144
14	21	21	14	21	30	14
59	64	59	64	186	59	64
131	131	82	21	71	129	137
179	108	14	49	181	108	60
134	113	102	113	113	134	134
165	89	165	63	165	63	63
65	110	65	65	90	153	153
131	33	76	27	131	32	111
146	68	34	123	93	152	170
59	148	15	113	111	144	58
117	170	31	169	170	124	117
101	15	66	175	15	66	175
21	21	51	18	103	118	94
117	117	21	117	39	39	39
49	118	157	172	58	57	53
10	65	29	115	170	138	151
61	61	45	128	45	45	61
133	161	133	161	161	29	133
58	12	176	17	54	185	78
32	97	169	32	136	32	136
111	111	160	111	34	34	34
101	24	101	24	96	24	101
128	44	13	179	46	56	171
141	54	159	54	159	54	77
74	54	187	164	135	74	135
93	43	93	67	67	23	93
50	148	151	93	44	148	15
123	123	20	94	20	20	123
128	56	25	10	33	57	159
101	125	101	101	134	65	125
109	51	149	51	122	122	122
114	57	127	79	23	173	39
131	102	95	81	108	86	131
54	169	170	151	170	104	119
98	47	171	39	179	67	123
88	28	157	88	28	141	28
69	69	57	57	126	94	126
169	38	108	169	51	108	51
67	83	83	158	67	143	158
21	68	126	68	31	68	126
133	44	127	74	50	110	189
142	46	46	97	97	46	97
93	93	15	15	15	93	117
63	11	11	107	107	107	11
179	34	179	34	34	179	61
112	33	173	112	108	173	33
102	117	89	89	89	102	102
52	101	10	10	52	52	10
175	175	39	39	80	163	163
96	60	158	44	65	96	159
152	186	107	96	164	83	178
21	15	169	169	15	15	169
73	96	32	21	73	21	32
54	150	54	54	54	54	54
17	181	128	181	128	128	181
153	82	153	82	22	153	82
30	102	83	102	102	83	121
84	25	84	12	12	84	12
53	97	53	53	97	97	77
169	104	46	160	160	160	169
36	106	12	93	180	170	21
79	26	51	79	51	44	51
79	87	79	72	72	87	138
27	128	160	62	27	128	160
138	113	113	138	138	183	113
72	30	120	179	66	179	130
127	126	127	172	27	98	98
166	179	76	166	179	179	166
108	146	146	90	90	146	90
36	72	36	72	36	90	72
159	95	95	95	159	108	159
115	172	172	50	52	114	157
28	116	116	90	116	28	28
52	190	162	152	113	45	63
107	65	104	104	107	104	107
36	112	179	121	52	64	64
47	133	133	47	143	148	148
38	27	15	38	15	38	15
158	58	158	158	176	58	58
157	161	18	84	57	53	39
80	80	80	101	95	101	101
141	141	129	129	173	103	173
81	82	81	74	142	74	81
62	62	147	61	70	147	62
30	18	30	30	72	72	72
91	89	21	22	89	91	89
58	124	76	175	160	76	76
27	27	109	145	109	27	109
56	35	18	118	130	28	189
28	90	90	139	139	30	28
40	14	124	40	168	167	185
51	182	182	55	57	89	156
31	64	80	105	122	127	76
67	163	38	118	188	163	178
11	82	55	13	36	180	36
169	135	145	169	169	145	133
25	74	96	35	184	121	26
188	96	37	90	142	71	134
163	55	168	17	75	149	156
158	137	95	133	35	11	77
172	148	148	60	23	132	158
54	54	35	35	54	35	20
113	184	77	139	48	120	19
173	115	115	173	80	173	115
96	137	101	83	101	113	114
135	85	135	108	85	67	67
175	175	137	181	137	137	175
127	42	127	45	157	15	146
64	87	67	96	189	14	96
68	161	68	127	118	68	161
36	79	129	140	143	36	27
68	78	92	92	85	85	68
125	157	92	164	92	110	189
154	190	154	190	190	74	154
30	57	176	57	70	59	97
89	37	23	84	107	99	168
179	179	179	132	132	147	132
59	166	59	137	53	166	166
71	71	110	16	110	71	110
175	134	101	101	175	42	134
181	31	14	58	58	94	11
30	40	97	165	133	59	59
136	15	15	136	136	14	15
10	14	10	14	14	99	10
29	83	142	124	71	89	83
149	113	52	52	110	149	110
64	150	150	150	94	64	64
122	34	109	60	109	173	36
126	50	50	50	126	126	175
117	49	80	80	49	80	62
95	16	95	95	45	44	103
79	79	121	73	79	73	73
134	56	86	190	19	74	113
129	92	92	92	127	127	127
172	95	162	107	166	126	141
139	25	139	139	188	25	25
85	170	162	61	121	79	157
140	70	48	187	48	138	105
32	189	136	115	135	102	107
171	118	118	147	25	25	147
29	83	174	29	174	87	83
99	179	120	10	33	99	71
143	46	106	46	46	143	143
17	71	20	135	20	90	148
116	140	116	61	140	15	15
166	119	38	10	29	21	29
79	63	164	152	178	130	46
106	13	152	106	106	13	13
125	35	35	176	61	102	102
118	118	76	76	118	149	139
187	95	58	40	19	19	141
58	56	129	172	108	100	108
170	44	170	44	44	170	71
105	102	140	26	106	17	29
10	80	10	129	10	80	5
22	64	119	104	22	94	53
16	52	52	32	118	74	188
23	173	23	173	173	23	17
156	158	152	83	49	111	154
8	8	20	59	20	20	40
99	146	85	91	121	170	154
33	42	82	36	16	80	82
89	62	22	62	89	89	22
20	68	160	11	20	20	160
170	27	33	18	74	33	36
41	17	135	165	87	187	107
113	109	110	110	110	113	113
137	150	26	15	143	95	38
46	59	46	69	69	59	140
12	188	175	48	82	106	173
152	18	53	163	37	86	162
149	39	163	127	105	68	88
135	32	74	135	42	74	42
90	159	27	172	84	159	17
179	16	16	163	179	16	179
166	62	184	96	86	136	96
160	160	126	119	160	119	11
29	51	34	36	25	148	29
57	57	68	68	68	47	57
181	26	60	181	27	123	126
82	82	96	96	82	52	96
130	181	115	32	32	96	157
140	41	16	16	140	140	16
118	159	170	17	158	170	173
130	161	161	101	65	106	122
98	20	47	98	21	31	148
142	25	142	96	16	105	30
135	135	106	106	34	135	106
167	13	93	13	13	93	93
82	139	91	173	20	153	111
52	67	52	67	122	157	67
125	133	112	112	138	127	69
93	83	93	93	17	83	83
13	148	148	13	13	185	148
111	109	130	7	130	130	7
146	154	45	33	137	33	187
133	81	81	133	131	77	81
105	85	105	85	105	87	85
86	187	97	12	44	118	108
77	161	21	69	105	74	121
42	64	72	166	75	97	97
103	125	98	103	72	21	169
102	113	102	113	22	102	113
186	156	129	31	136	111	117
37	125	61	125	112	178	103
126	143	73	73	62	123	49
112	33	97	135	119	134	97
88	88	69	58	88	58	19
78	169	147	148	71	62	130
90	181	184	47	94	108	94
109	25	109	25	143	25	145
188	48	74	115	103	72	115
184	69	103	103	184	184	103
127	152	188	188	58	132	141
60	147	60	67	147	147	60
112	148	148	25	25	25	148
41	143	125	128	94	17	58
181	108	12	88	45	101	154
160	105	168	168	105	105	168
71	171	171	20	20	20	171
18	63	83	169	18	83	169
48	130	108	48	130	107	130
45	124	114	182	44	45	40
45	45	45	53	53	159	37
11	134	50	167	68	134	150
157	92	128	79	47	30	95
83	23	150	171	137	177	108
35	164	84	39	164	164	84
74	100	100	99	17	74	71
17	73	84	158	12	158	69
28	131	28	28	91	91	91
184	134	90	67	114	88	134
169	168	35	111	155	40	168
64	128	84	84	176	93	94
156	42	101	85	64	114	101
72	90	161	72	30	67	152
141	152	94	25	141	94	141
16	29	112	47	101	112	87
115	129	179	17	179	17	129
79	14	189	110	110	148	189
27	145	137	27	72	145	137
80	179	80	179	179	80	188
183	183	93	183	93	147	93
145	145	189	111	189	145	189
171	171	120	101	120	120	171
53	149	189	12	133	149	96
97	130	103	67	155	145	103
21	169	53	88	88	165	12
129	138	138	15	15	15	138
31	28	126	126	28	128	31
88	183	126	85	44	126	162
91	91	103	114	127	113	190
130	118	118	25	72	124	43
185	48	175	108	158	18	72
25	84	26	26	160	141	39
33	144	33	144	144	133	33
20	156	50	90	85	112	109
10	90	22	16	67	156	90
15	118	15	15	159	118	118
91	104	104	91	164	104	91
98	51	111	43	113	29	98
167	124	124	188	110	84	151
166	178	94	182	158	83	182
51	46	146	51	51	146	146
40	81	110	81	173	110	40
39	29	70	44	144	44	126
142	71	65	131	150	28	145
54	81	89	180	50	50	148
89	85	107	106	54	81	107
120	26	79	122	132	139	152
73	156	172	75	156	34	69
59	171	59	74	59	171	171
149	33	149	149	33	93	33
83	83	117	138	138	117	87
179	179	166	166	166	179	57
104	114	39	18	117	39	102
148	167	108	94	78	148	64
52	38	164	19	119	19	14
34	34	73	73	73	77	34
18	146	54	54	16	172	58
133	117	117	161	66	112	103
12	129	168	29	151	140	72
182	16	182	16	182	16	169
118	118	95	118	95	136	95
111	135	94	134	111	77	85
166	189	175	190	74	189	89
109	45	173	133	85	150	176
102	19	158	107	107	107	102
73	121	77	77	190	118	185
93	63	81	63	42	45	158
174	174	44	67	167	167	44
15	91	140	31	58	154	77
87	176	176	128	87	172	128
44	162	127	149	127	162	162
24	97	24	34	97	97	24
101	50	66	139	85	50	122
20	175	138	20	175	175	20
143	73	146	72	22	94	73
104	100	104	82	100	100	104
114	173	35	114	35	173	115
78	77	55	106	52	106	147
32	32	32	75	75	127	69
129	89	129	183	183	129	183
110	110	15	15	15	110	56
122	88	88	88	122	122	103
84	37	155	50	188	106	142
148	29	148	138	115	115	138
118	112	143	74	110	14	21
55	55	164	55	164	32	164
119	120	65	119	154	120	65
67	51	89	49	169	31	92
12	15	15	84	133	21	190
159	63	63	70	159	159	63
68	68	144	68	144	144	145
181	29	117	29	81	19	29
173	156	156	156	49	173	173
146	136	67	158	176	49	21
150	168	150	95	95	150	95
144	69	144	157	89	101	189
94	52	94	52	24	52	94
21	81	155	149	151	151	107
148	103	35	148	103	47	47
64	64	126	106	17	19	92
97	97	183	152	152	97	152
55	162	55	128	55	128	128
48	157	97	157	48	48	157
55	160	125	144	144	160	160
67	121	134	127	68	137	121
155	37	37	155	155	47	37
46	119	171	171	63	119	63
44	19	165	165	44	6	44
161	81	161	81	110	61	161
74	74	56	56	59	56	74
142	137	63	63	142	142	63
145	124	145	145	181	124	124
14	53	94	175	167	161	94
28	41	41	28	75	75	122
39	111	111	115	111	39	39
155	41	100	41	155	155	41
93	153	42	47	32	89	166
38	166	38	166	38	169	169
116	176	71	116	35	158	130
61	108	169	174	174	89	34
67	69	119	11	113	90	165
52	40	16	16	16	52	52
37	165	101	43	188	135	94
142	47	142	155	28	25	121
32	178	65	173	32	43	81
17	135	17	148	17	148	148
84	54	54	81	81	84	112
15	185	168	168	179	24	101
65	155	155	40	65	142	142
58	163	132	98	138	61	11
141	181	11	181	55	72	132
117	129	111	14	111	129	111
159	141	151	76	151	76	141
130	130	130	79	65	65	65
18	180	15	15	18	18	15
156	53	81	102	69	79	159
105	20	166	160	160	20	20
99	92	58	99	96	34	147
65	65	37	65	175	175	175
98	98	23	110	110	110	95
135	77	86	40	86	83	96
37	40	37	40	140	37	40
73	73	38	48	73	48	48
103	38	15	33	139	166	27
94	130	19	48	181	76	114
69	60	152	101	101	60	60
141	120	55	120	141	141	120
33	113	113	33	113	84	33
95	95	78	66	66	66	95
34	101	101	170	170	108	108
11	128	56	56	56	128	128
101	56	56	56	56	101	101
142	85	108	125	156	145	77
22	22	116	116	22	116	56
147	113	72	147	72	123	123
47	18	159	159	18	46	46
39	39	39	97	121	97	97
73	126	126	73	126	120	73
14	127	102	131	64	144	65
146	146	13	146	13	13	25
64	163	178	69	188	105	178
17	105	47	105	47	47	105
169	175	112	169	184	11	184
158	91	91	91	158	172	158
101	34	174	101	34	174	58
59	17	141	64	33	74	30
93	93	156	84	77	29	19
41	127	127	163	41	127	41
72	72	38	148	72	38	38
133	20	88	14	88	142	153
78	179	153	169	127	127	133
22	19	56	19	142	22	56
127	54	127	54	54	147	127
19	34	19	34	34	73	19
83	149	108	70	28	55	78
52	52	133	129	156	129	52
106	91	73	95	121	166	91
110	183	117	142	22	153	153
58	148	148	38	90	78	69
155	91	35	31	155	91	35
75	125	75	151	125	125	75
65	88	111	65	141	88	111
43	107	107	43	123	123	145
15	44	44	50	91	14	93
84	27	109	84	121	127	16
152	65	65	79	16	62	113
21	21	68	33	33	98	21
173	173	132	64	64	153	132
82	85	83	155	103	123	85
139	64	131	121	37	167	190
51	182	80	182	17	17	152
58	25	58	25	19	25	58
131	24	24	77	77	24	77
133	70	149	41	133	149	70
38	28	54	38	132	149	116
169	169	89	11	169	89	89
168	168	71	71	168	71	113
51	81	125	81	51	37	37
89	167	125	76	37	111	135
94	83	20	20	20	93	94
151	37	44	19	157	76	87
39	86	110	189	150	39	58
169	75	94	56	39	54	39
120	120	174	174	120	174	48
74	83	79	135	76	83	111
24	24	125	125	24	125	157
155	33	155	158	155	33	33
105	99	99	105	144	105	99
73	188	112	166	141	182	141
62	152	39	45	125	82	82
74	148	152	189	152	35	51
85	85	102	27	102	139	27
124	180	176	57	124	85	35
130	189	177	142	76	68	177
11	53	75	147	75	164	31
124	91	55	18	150	31	190
105	25	105	25	25	158	105
58	144	58	144	144	97	41
76	89	135	122	167	155	21
123	167	154	92	51	79	77
51	51	154	164	154	77	77
137	40	137	40	40	65	137
46	112	110	173	123	180	123
155	70	121	92	155	70	121
101	177	87	25	185	177	128
72	148	35	72	96	35	96
116	157	65	115	116	91	56
44	56	117	56	44	117	180
89	60	142	123	60	60	142
24	61	61	171	171	171	61
38	38	128	128	161	120	152
11	99	99	101	11	11	99
58	145	54	158	54	158	145
44	104	12	174	31	18	189
46	114	113	99	99	68	110
162	162	112	173	162	173	173
95	151	109	88	95	129	36
88	88	175	175	61	175	88
52	119	46	119	46	52	95
36	172	25	183	172	162	107
109	85	41	30	70	85	179
122	75	75	122	76	76	113
130	14	64	106	81	106	140
165	29	34	165	91	182	160
61	71	71	147	147	71	147
133	150	86	167	21	135	154
58	88	140	130	167	140	153
24	80	28	28	28	80	80
40	93	93	190	65	92	86
62	149	149	140	140	140	149
186	123	86	17	114	43	17
27	102	84	80	84	154	140
154	90	20	53	72	61	160
59	134	164	61	164	19	60
25	60	171	35	45	60	178
52	125	179	37	125	37	52
131	113	35	112	131	113	112
133	133	65	133	145	65	42
120	74	131	20	120	103	75
97	111	65	89	88	89	149
46	130	36	11	174	84	11
185	121	93	95	10	29	55
84	142	80	113	142	113	84
16	151	121	151	16	151	16
162	37	37	162	162	37	145
47	54	54	47	55	54	47
135	77	67	134	145	135	112
28	109	103	28	179	103	179
72	33	69	35	69	72	72
98	68	98	96	98	96	96
104	104	91	105	105	104	105
112	112	76	112	189	189	189
69	29	29	69	88	61	69
101	116	130	173	10	14	43
88	100	97	100	63	60	44
128	123	84	45	128	22	72
132	69	97	17	88	81	92
83	15	15	83	83	15	34
73	73	97	16	163	90	42
22	125	137	71	168	22	118
26	125	183	125	55	38	125
178	65	178	38	161	38	65
134	141	74	99	164	53	147
47	60	47	71	146	132	134
56	35	97	63	97	61	140
154	154	15	154	15	15	107
79	97	97	97	67	67	67
58	126	123	158	126	158	158
27	118	96	62	45	46	14
134	105	32	177	105	144	54
45	61	88	45	71	71	88
156	105	171	43	28	59	108
188	188	190	76	76	188	76
73	46	90	161	141	80	104
84	100	19	19	84	62	100
148	17	107	107	17	107	12
34	185	119	34	83	89	63
126	101	130	31	62	112	31
160	43	129	83	146	172	129
141	12	12	141	128	141	12
16	13	13	67	111	16	16
136	132	167	167	27	132	27
95	54	159	174	73	177	74
114	128	114	180	153	51	104
26	177	41	122	122	146	63
39	39	89	89	39	90	89
166	125	125	125	166	94	166
35	115	45	189	35	47	85
101	18	45	101	171	138	48
46	168	53	129	70	150	70
6	142	77	151	6	6	142
74	138	159	159	118	45	27
117	117	36	55	27	117	55
162	123	125	35	163	159	129
95	148	138	138	148	148	138
82	82	68	70	108	68	108
164	57	164	70	46	70	164
15	122	15	59	122	122	15
52	51	52	51	60	52	51
52	97	64	52	20	97	20
190	128	190	190	128	169	128
154	115	134	98	59	157	115
46	112	112	47	87	54	101
163	127	163	163	61	61	61
111	95	39	147	23	12	39
16	28	26	74	55	98	26
100	53	21	190	189	148	148
43	143	43	43	143	143	88
178	63	178	63	63	178	178
66	101	66	28	66	101	101
156	94	52	115	100	87	42
19	165	147	20	165	63	57
93	133	93	113	133	175	175
116	46	116	116	129	46	46
67	8	98	67	98	67	115
127	127	94	94	144	127	94
78	109	78	31	31	31	78
168	168	75	168	124	75	75
16	33	33	33	87	167	16
83	83	166	166	166	56	83
33	83	58	62	143	87	33
132	151	10	157	44	169	123
113	157	103	103	157	157	153
132	132	101	113	168	49	145
24	171	106	171	62	176	182
12	32	80	56	12	62	127
159	46	46	159	46	76	159
19	31	19	103	103	19	143
45	177	45	177	32	32	122
129	129	136	129	43	43	43
136	168	136	47	107	47	136
57	66	30	57	57	30	30
36	103	103	36	45	57	103
87	151	33	151	87	33	15
159	170	159	180	159	170	170
146	22	67	67	67	22	22
179	88	190	48	131	168	166
17	90	90	17	83	120	120
76	61	186	186	76	76	186
163	33	83	163	163	33	33
81	25	163	92	163	81	81
143	116	102	34	169	102	167
125	44	125	42	18	104	141
141	43	141	141	43	43	151
131	87	134	87	53	18	107
178	178	30	39	30	30	178
47	69	69	42	42	42	69
144	56	88	137	95	172	100
155	155	155	19	88	19	19
73	30	30	154	73	73	30
150	90	24	63	155	90	129
153	174	67	18	22	177	153
145	70	129	48	112	10	75
135	135	135	25	75	25	25
99	164	21	99	164	99	164
119	88	146	82	26	101	119
134	51	186	61	18	107	65
167	170	36	160	135	61	95
179	99	158	22	114	111	92
42	48	78	48	34	42	34
118	67	169	114	84	145	112
98	114	146	146	98	146	98
140	12	169	125	13	93	169
136	26	36	136	47	26	47
187	146	46	171	171	136	30
