-9206 6966 6393 9423 8697 -1654 -6283 -3076 7404 9543 9385 3354 8753 -5368 470 2744 -7389 -5044 -7997 18 -7123 -2233 3100 3287 -719 4951 2168 6384 4930 -3588 -6268 -564 9202 9711 -4740
7220 7600 3330 -6508 5494 -9293 -6280 4046 1696 -4099 -2132 -5214 5128 -1114 4022 1197 -4042 -6577 4835 -2605 4621 239 3548 7241 -2937 -7124 9111 -674 7312 6887 -3805 4542 -4296 3561 9987 3716 3600 -8097 -8877 -433 -9635 -8143 1516 9462 -5849 -4927 -9614 -3057 -7030 9644 2621 3598 -3313 819 -5329 5915 9692 -899 2339 6469 9341 -7078 3833 -4190 -2213 -9146 -7276 -6168 -6129 -551 7999 -5345 -2526 -2336 -5724 2262 -3215 9520 -8764 4329 -7406 -2072 -4349 -6249 2 9946 -1400 9962 9406 -1178 -9049 -1110 7786 7233 -2157 8099 -7878 8860 -6218 2420 785 6348 3900 2048 -7382 1093 -4272 -793 -7873 4886 2092 -2596 4503 6472 -7450 -1057 7134 -125 3243 -3513 -9064 6078 -7615 -3528 1499 7851 4942 -2696 -1784 -1881 7185 -5447 2484 -2624 -1488 2556 -7813 -6092 -5317 -7126 -7278 -6476 9231 919 -4983 3219 -443 1929 9645 -4852 -4413 -8419 1918
2030 9830 165 8368 8088 -8144 -5080 -7341 9816 -7199 -2131 -5609 9150 -128 -4815 -5630 -7271 -663 4756 -7661 -1115 2430 -5314 -2140 3973 6293 -4420 -5005 -5797 -4202 -9859 -191 -911 -5427 -9027 -3704 9248 9290 -7791 -8784 -6624 -2202 -4943 1380 -8599 -6973 -5913 -8616 7109 8916 760 -7963 6065 8319 6514 -6168 6780 846 -7564 7666 -6487 1973 7579 4721 7970 -3972 -5786 -8551 -4463 -6048 -4476 -429 -4909 2294 -2460 -2920 2112 6802 -450
-7163 -9036 5121 -6860 6268 4770 -6875 8116 -4334 -8270 2618 -8745 -8769 -7636 9589 -7372 4575 8938 -4105 -832
-6840 -1386 -4281 6028 -7983 -1127 -9089 -7426 -5137 -7970 -8283 -1597 -3885 -6661 3717 3513 -283 626 -2347 7015 4736 8764 -358 7639 8863 7629 -903 -3524 5452 5590 2989 8245 3103 -4772 3251 310 1162 8407 -5045 -4013 1812 -580 -7838 -9885 -8498 7698 3942 8396 1184 -9328 2920 9967 -1634 7293 -6103 -2493 -6893 -6313 4795 -6644 -5853 -6308 -9570 3852 -5834 -8262 -1982 4523 3483 -4585 2657 -2049 6839 -7263 6037 3081 7613 4138 2451 7229 1147 4484 -3342 1819 1956 7012 2204 7145 -9696 3688 -3979 1128 5579 -91 -5124 -3818 2426 -101 -7393 -6356 -7486 -364 -118 3256 989 -15 2122 -1420 1939 -8390 -6602 4826 -269 -4726 8094 9436 9060 -6287 5774 -884 6361 -4972 -3240 -6273 5722 -9711 -4319 1237 6394 -3319 4255 2659 9038 -930 8818 4105
784 6281 622 1707 -661 -9952 9931 -9402 9535 9028 -3336 1446 -7612 3279 5963 -9207 -1649 -4905 8098 -8687 1825 -5471 -295 -4824 2716 2853 -7077 9402 1787 -9805 -7576 -3031 2836 -5956 989 4897 -2119 -8128 1858 -2367 7709 -5806 -6703 -2826 9063 -7536 3919 -4910 7083 6063 -3650 4660 -8335 4124 -7719 135 2232 962 -433 37 1013 -114 5353 6936 -5731 7758 4762 -2866 -6227 -7924 -2028 6971 1985 7151 -5943 112 -926 -879 330 9842 483 -5615 -2901 311 -6127 -5941 -2287 -5647 8409 -2052 2850 6710 786 8761 9969 7827 -9801 -3135 8634 -8709 -8592 -2173 -311 5921 2919 -6292 4503 7257 -7626 -5545
-8859 -9472 6015 -8871 4647 2282 -7856 8575 -7392 -1524 -4474 4126 150 -9362 -5584 -6934 7971 8513 -7847 4951 3239 -2884 -5648 9559 8284 -1097 -5699 -6486 -4095 1413 -3758 -4441
-7942 -6664 -4789 2136 4697 607 -3907 1234 -7190 -5096 -2394 -7747 -2688 -7933 6589 5091 -6068 3922 -4534 -4218 -5348 3615 -4845 2471 -5977
-1690 5337 3837 -8916 -3658 5265 -4650 -654 8352 -2689 -3784 -3724 -3877 -3776 -1064 -6018 -673 3157 -4720 4128 -3533 9457 -8984 8718 2652 7369 -7879 -8169 8292 -4633 -4402 -2451 4577 -6045 5572 4952 2473 -3874 -3204 2952 -4346 -9747 575 -9009 -4737 1348 -9704 -7524 -4283 3298 5870 -3162 -4813 3669 8101 -9455 8851 -8563 6348 8647 9726 -5120 3448 -638 -6290 1421 8754 -3309 -8686 -5514 4906 -5100 -8650 -7687 -9035 4328 -5896 6449 -1270 -1470 -8217 -8794 -686 7557 -400 -1817 9685 -3547 9618 8801 -9243 2750 -5680 5116 5534 -7646 -5692 7668 -2946 -1354 7172 6605 4332 -1604 700 1300 6769 -8243 2424 4238 -2978 -5142 -5538 5087 412 -9765 2839 -1032 1436 -1911 1441 9922 2272 7852 7019 835 -2373 4444 7709 3149 492 6774 5337 8163 -9964 -5241 5229 1251 -7473 2790 -1116 -698 -4830 8030 6970 7083 5707 -6436 8322 8659 -9567 6037 596 3841 4190 1839 -7581 5906 3944 6398 688 -9892 -8108 2086 -935 2000 2582 6387 -5088 9067 3516 5183 -9932 -6497 5130 -6315 3531
1520 322 4707 2038 1993 7059 -7371 3691 -509 -5075 -6263 2668 -8427 -3371 -4031 -4682 3472 -3957 2211 -2174 7897 -9296 9792 9802 -1530 -9651 -4746 -5402 6705 6270 -9902 -2338 7332 -1535 6569 9730 3206 -4286 3339 -5498 2578 -7977 -8561 7598 4028 -4477 -4639 -7784 6744 -2579 8325 -8549 -3196 -6915 -9201 5637 8461 6711 -5993
-2512 -1944 -272 531 -9611 -4494 -9093 -4791 2663 -6542 -207 -6514 5506 -9908 6999 -9523 5083 -8918 -4544 6327 1191 -7585 -4241 4906 -8573 -5542 -1132 -4260 7626 1604 -7944 3786 -7121 -8938 -1017
6734 -126
662 3644 -2770 5964 -518 -6424 7826 4131 7145 -4833 9747 -1652 -2920 -1752 6089 1424 9993 -3087 1973 -2994 -8914 3284 3357 2580 -6141 9887 2400 -8338 5077 6695 -6461 -8667 3274 2268 -3026 5017 -2219 3699 1359 -8217 -8038
8564 -5339 6583 5394 -1255 -3295 -3850 -8238 4577 -789 -345 8810 -4801 -5031 -2505 -1374 -9981 3067 8539 -4338 -4666 -451 4638 -4639 -2758 2237 -1476 -942 -719 6247 3888 4444 -2027 591 -4198 -965 7272 3221 -5861 1777 -6393 483 -2666 -357 4402 5899 -7005 3682 699 -6039 4171 -9342 2190 -272 8459 7277 -7538 -6434 -9860 979 -7052 -7467 7207 5519 -2978 2226 4953 123 3617 6943 7106 7937 6312 -4582 -5839 8968 1921 -3987 -7131 -812 3067 6543 5849 -5811 5021 8683 -4134 9918 2441 -2157 1980 -6909 -2612 2272 4002 -6465 2959 4785 -1780 -9810 -1553 3357 5085 -5660 9541 2405 1006 -3509 -9304 -8677 -9529 -4581 -6945 6691 529 -8854 -2295 -3025 781 5613 -5834 -1803 -4254 -5811 -6575 -4729 2581 3487 4852 5180 -9393
-7901 -7267 4401 6394 -1230 3772 -4555 -3526 -2460 -7700 -4087
-6048 4769 9677 4075 4082 -2912 -3719 5475 -88 8543 7949 -993 2806 -5305 9495 9294 -7336 -461 4433 -7502 -8240 9335 4840 -4972 -8252 -3139 -1644 -4199 -5294 3260 -4750 -4184 -7812 1348 -3761 -1353 7145 -7975 -6010 -4011 -7649 -7409 -7832 7384 8427 -8624 4390 -4748 -4646 -6144 -6996 -8610 -3085 2174 -6363 6799 4355 -3891 -6998 -5533 -1582 5480 4280 -208 -6567 7779 -9613 -7999 -2232 -7970 -1684 6238 8180 -2287 -6255 -8830 9687 9123 -6557 -5949 7317 3703 -4959 7189 -9670 7721 -4934 -7950 1574 -3207 4653 -3216 6214 -7392 -3632 9954 -2264 9592 7379 -8801
3740 7435 55 -825 368 8848 3232 -6938 -5100 8302 7271 5441 -5035 6413 -7743 -1495 -8081 5244 -7901 116 -6245 -5075 765 1334 7534 7976 -8954 6608 2481 3336 9718 -1195 -1070 -1833 6290 -8983 -5554 6261 -1348 9154 -9471 -8572 9794 -6407 4815 -7592 5412 -9031 7027 5381 9958 -5196 4633 -6193 9579 4708 2927 -1814 676 -8079 -6509 3056 8420 -7073 5130 -1410 -4334 7238 8173 -845 -3519 3996 8005 -2990 2454 209 5052 4910 1243
-5926 771 -3636 -3896 -1140 1686 -9587 -7727 3877 4335 6650 886 3468 -6152 -8603 -3917 -6108 -700 -1097 3357 -3917 3205 3405 2559 -6206 5474 6555 -2123 -4698 -5739 9483 2139 3354 6823 1543 2116 -4814 8878 -2237 -1456 -6310 -6547 -85 -9657 6590 -25 -4176 6215 3136 606 -285 9491 8243 -3420 -5035 -4412 7140 -4162 3013 -8761 9063 4886 132 4661 2019 4386 9355 6933 -8064 -2992 947 -4720 -3951 834 -7645 4014 -7583 -9466 -910 7986 6095 6332 8197 8803 5882
-3559 -5970 9840 -3924 6611 3692 -2596 7620 -8880 58 -3082 7009 -4415 7823 9576 -725 -1465 -4081 -8437 -1487 450 -233 3740 3001 328 6650 -8419 1193 -9927 -9292 -7710 -5515 -2146 2368 -2851 5039 5231 -8242 8937 2051 -7984 8803 -7257 5515 -82 4947 -4007 -5023 -4130 8860 5082 7896 120 -5343 -1911 -9964 3834 -7068 2957 7837 5914 -2496 -1500 -4329 302 8043 -8652 5493 8594 9361 -717 -6958 6523 -4017 -9976 9640 -4572 2284 7502 -1821 -4385 -8210 -1741 -8787 -9095 -9723 5501 4967 7272 8189 -8403 5492 -3625 -7669 3556 6158 3620 -4501 6290 7379 -2063 5307 -6777 7961 6550 -9230 -932 6003 -4925 8766 1034 7990 -5800 -6515 -3231 -7468 -9614 177 -3858 -5842 7072 -3991 -481 2598 -7457 6996 2577 -7386 8993 4579 -4739 -3745 509 5317 7143 -9336 -5570 2588 -5928 3273 -2345 -3734 1122 379 5314 7103
-9781 -1073 89 -2012 1624 5609 5816 -4592 6422 -587 -9155 2595 4080 220 -1863 -4908 -6438 -1051 2091 533 -7270 -2190 2069 6860 -1570 862 861 -1337 429 2929 9779 -2124 2124 8973 -2184 5424 -735 -5056 7132 -198 137 8981 -1874 -9873 -4230 -1402 -4831 7757 2185 329 -5317 8886 -6993 -4268 -7310 -1343 -8724 -7529 -5841 -5442 9309 4463 3574 -5780 -3564 9717 229 4088 8959 -208 7606 8487 -8807 -2460 8004 312 -1966 7042 -5075 -5123 9942 8082 6306 -3948 -5057 7094 1379 2257 9545 -3630 7605 1168 -5535 -6812 4665 9137 -4090 -9819 2118 9274 -480 -1579 458 8278 -7548 5661 9354 4306 748 4182 -2044 2271 -8026 4688 8992 2308 9804 -966 8519 -6502 -1962 2673 -85 -7890 -9658 -8655 -1294 2168 3972 555 -6838 1396 -9883 -2267 -9404 5367 8630 -2653 -5637 7362 -6063 8009 4662 3738 1100 2437 -8814 5988 2051 5415 233 -707 750 -2114 9156 4186 2240 7577 8816 8855 -7510 -5707 -1829 -1832 -9978 -9149
-4783 -9745 7982 4946 7007 -4479 -2689 -2945 514 5770 -2543 1945 6133 -9413 -68 -1347 -5404 9903 -329 -2893 -9462 7729 -8676 7096 1427 3422 -6528 809 3133
3773 685 3650 -927 -6248 -2081 2676 -3945 4715 -5596 9067 9946 7242 966 -5282 9360 7478 -7303 -1957 -9266 -77 -4511 8679 3073 -52 -6546 -3735 -2086 -9212 2280 -9041 2714 -734 -8208 2668 2492 5838 -6953 8971 -1107 -547 3194 9189 2460 -1618 4865 -1169 -1023 -9681 -9457 -7095 -624 214 -4903 9631 4176 -6161 -7489 4795 -3330 -1095 -627 -5699 -515 -1774 -2843 8961 -6064 3796 5745 260 978 4020 -3101 5577
4854 8671 9088 8609 98 -6524 -489 -5936 -3173 1722 -8970 5982 7658 7264 2058 -6990 -1610 -1746 -9730 -3711 3147 5867 695 -8594 2408 6953 5744 -6175 -1470 9495 -6059 6188 -6995 3727 8470 9338 3170 -1987 7075 3396 -9588 -9164 -9882 -5962 1671 -3061 -4604 8563 5012 -1903 -2600 3459 -7896 1621 6511 -813 8971 -6238 2929 8697 -1676 5663 5738 -7903 -9974 -2786 -2425 6551 2330 -9598 -8784 2616 9070 7912 -3726 -517 -499 1092 3971 3623 114 -343 -209 -2259 3437 2185 192 -1522 457 -585 3511 5029 4429 4490 -3358 -2024 -2997 -5935 -7683 3432 -7021 1694 -6019 2744 -1755 7452 -6273
78 4112 -4303 -8834 7049 -3029 -8244 -2989 6344 4319 5938 5653 5818 4319 -9762 5711 -2894 2599 -6161 821 9755 8352 6023 -8613 5305 4171 -724 1984 1585 -1127 -9527 9360 5323 -6228 3622 6504 -4070 -6233 -5423 -3827 -5679 -7782 1714 -7963 9956 2014 -7597 -68 -6432 2114 -9239 5320 -4159 6396 -1835 -1779 -368 -2826 3881 7937 -1840 -1919 -7761 7373 3394 8842 -438 6069 -8759 -8453 984 -4715 2467 5290 -3261 3386 -9572 461 -8435 -2863 -6257 7493 -1360 4000 1991 3643 -2010 -2426 3753 2331 5393 -9279 4715 -4154 7505 -7832 -3932 5418 -2242 6480 -5916 -8074 4275 -8860 7434 -4293 4664 2192 7738 -9411 -4752 2497 7549 622 -2276 4652 -8587 -7681 8381 -9184 5852 -2327 -3020 1632 -4671 5502 -7756 -3963 -6015 1219 3137 -1519 8772 -5974 -9330 9710 -1022 -4458 2430 4298 -7711 -7441 6631 -3119 -9998 -8618 918 2967 -5476 5553 -3298 2261 -8832 9734 -5810 6622 -8299 4840 -9681 -4225 2496 1757
5954 -1837 -6251 3659 -5223 3790 4300 -6216 6075 6499 1309 -8578 -5331 7125 -2364 6755 -6829 5701 3829 -4787 -2851 -5769 9488 -8969 8769 -9516 5753 -1423 69 5930
-9110 5423 -595 5659 -9850 -866 -1559 -1701 2157 6738 5378 5503 163 -7670 -6303 -4950 7011 2496 7708 3153 -3073 500 -8668 -9336 -372 6570 7058 -3369 4270 -6534 6111 1405 8065 8180 -9389 -3148 4601 7277 -3106 -7500 6825 -7180 -5873 -1656 1971 2598 -1280 -4963 6336 8061 9307 -6030 6006 -6945 1773 402 644 -1019 -1067 4780 5529 1622 3762 9194 -792 1355 -6394 -2798 -7720 822 -376 7039 9331 -6600 6752 -6176 -3785 -3346
-5644 8390 6198 8661 7303 1876 -8145 4223 -5885 9411 -347 -452 -8492 1786 -8588 8341 3834 -9055 1990 -5922 -2827 -8850 -1733 4094 -9280 -3105 4029 1343 -2496 3825 6304 948 2776 -7759 -920 8339 -4958 -8926 3360 -4100 747 -6012 6935 7624 -1705 -2936 -2361 -8155 -8304 5309 -8276 9858 -9696 9488 3649 6905 -2246 2163 1222 2036 1773 8607 8928 1123 -1086 -2364 -1167 -2532 -4758 -6717 -4225 -970 -1609 -7598 2910 1719 2835 -5171 4090 4004 -4856 -9217 -6451 6113 1942 7089 -912 -7382 235 -3843 3315 9993 -4783 4786 9831 -5463 -2510 -6326 1169 5460 3428 -1782 -8317 -1349 -1723 7073 1031 -2318 -7735 -5173 3306 -987 1447 3600 9096 -9537 -9171 5275 -2922 -3611 -7225 -7592 -8468 3933 -8668 -529 9172 7486 4651 -7926 9257 521 3667 5023 -7751 -1751 4707 -1842 -6489 -1839 7793 7701 -9417 -9769 6442 3921 2758 -787 -954 7118 -5851 -318 -3442
-8523 5973 -7905 -8274 -1589 5733 -5747 -2944 1554 8688 -214 -1302 5699 -3508 9765 -4794 -9741 -1005 8287 6832 -1901 226 -1207 1059 8568 -1909 -6375 479 -8309 5864 -4369 -677 -5086 -5389 486 -2597 6256 990 -7595 3871 -6120 -6804 2315 -34 -6255 -9994 -3202 8893 8733 -1101 -3369 -6721 -1172 2568 6163 -8326 284 -1895 -3303 9186 8959 -3715 -7372 -7986 6194 -8310 -4831 6885 4180 6649 1883 -2223 4144 6328 -690 -4281 -5576 -1515 -5838 -3573 -5743 7510 3512 1428 4748 3961 7189 4100 -3603 8793 9404 6795 3473 -3520
8811 -7474 -3653 1380 -6066 -6710 8700 -5365 -769 -964 3186 7743 -515 -7545 8800 -9762 1165 -5543 2119 9163 -1130 594 6298 -4905 3009 750 7525 -1226 5510 -1331 -9098 -6433 91 -4021 -6431 2422 7756 8600 -1195 3430 6107 2849 5824 -9305 2328 -3441 7223 4603 2185 -5905 8451 -5678 -2156 5303 -2962 -6406 -7972 -5837 2659 -4608 -799 -8421 3596 -8501 -8258 -9079 -6487 -3125 4522 6752 -8755 -4570 -1647 960 -6662 -6200 -673 -772 4536 5275 -215 1507 4546 -1262 -2686 761 -8511 -2063 9918 4585 5185 1560 -5862 8640 -1837 5669 -1747 -1315 -3530 -9589 8702 -2717 9423 -5529 3112 4636 174 1779 -9846 7178 -2374 -1941 -9064 4714 6688 -8865 -9577 -8727 4674 -9686 3914 -2901 7979 587 1576 4679 3347 7106 -5623 2707 -2386 8357 -4858 -756 7152
3633 9243 5937 -6725 6910 -9620 -2837 -2609 5320 -8328 3203 9558 -3358 -9548 7462 6902 -2289 -2768 6051 976 6284 4449 -6409 2234 -2643 -9955 7016 -8477 938 -9653 -3925 5081 6009 5101 170 -5740 -1833 4787 -879 -7449 7361 4217 -3841 5640 8339 -5071 -8806 5588 -7496 2855
7238 -3841 -4027 8957 -1501 3364 6742 -4048 2412 4142 5261 -4978 3118 -8162 5316 7763 -6283 9696 8286 2010 -2579 -7708 -8422 7587 5689 -1310 6029 -3613 -1764 7134 -9446 8096 835 -6522 5213 9648 8120 5942 4016 4854 -7123 1964 -1268 -7849 -6482 776 -963 -6138 1998 277 -8973 -5431 2281 8827 9868 -6033 9428 3925 2513 -9249 -4885 -5030 424 2176 -7443 -5307 -4613 3018 7617 -674 1360 -512 1319 3237 5895 -3660 -9966 2957 2764 -9163 3651 -3009 6674 2855 -2995 -5759 5221 4704 -7956 -2732 -7259 -6384 964 5982 5733 -8613 952 9732 -3140 7664 7648 8447 -9375 4013 7010 3467 -4860 -3695 253 -1455 -366 4173 -208 3927 -6877 -4199 7740 -1929 -5312 4085 9784 7548 -3947 3972 5453 6841 4083 4420 -802 9424 9651 1384 -7874 6463 9950 8073 6487 8118 1128 6047 -5626 -2098 9666 -7710 -7877 -3141 1192 8603 4730 -6554 -4921 -7491 -3230 2747 713 -2298 -1076 6284
-5934 -1782 -9612 8822 5742 -9886 9212 -3765 -7394 2351 2314 -9729 -6059 -3105 1059 -4686 2619 -9380 7693 7736 -3426 310 2195 -8153 -5594 3251 -876 4849 7804 741 6995 8180 6560 -5793 -920 5828 -6902 -7434 9038 6666 -4808 3742 3067 -2147 -2789 3407 4515 7889 -5004 -1245 -5028 894 8094 1858 9387 2981 -8389 8164 6488 4135 -3699 3385 -5958 -1778 3046 2415 8413 -5468 -862 -9025 2859 575 1893 -2353 7455 2343 604 -6561 -3120 6156 -4511 -2719 7759 4176 8799 -5841 7444 4411 4464
-6422 -8267 -3493 -7237 -4296 -8403 -2043 -2505 5187 7663 6287 3687 -1938 9995 -2590 3457 8247 1272 4689 -4649 -322 -9848 -7683 -1232 5345 9371 -5295 2916 -1006 -7802 8645 2574 1406 811 853 5753 7480 -3739 3796 -6326 2365 -2839 4392 4163 865 5253 -2833 -334 3692 9349 -2415 9473 5444 -4644 8524 2616 4197 -1890 -9853 5246 -2230 1802 -3569 1577 9478 -6609 2225 2861 7814 -183 1451 -5835 7524 -7032 -4683 2402 2929 -4171 4247 9327 3772 -5694 -7864 -3082 9126 -8704 -7479 1216 1781 -2133 9544 497 4670 -6352 57 -2028
-1200 9485 5222 1324
6425 -2153 7737 -3418 -3757 3189 9788 -7227 6597 -1782 -8257 -8146 9826 -2244 -8647 7863 2518 -7904 -7328 9208 1523 6216 853 -6741 -288 -1506 3706 -2370 -2983 1515 8830 1795 -9159 3106 -8311 -9404 -667 5726 7537 9353 -1682 9145 6787 5665 -5730 -5254 7996 1721 481 -6240 3560 -8844 -2405 -3380 4329 -7181 -1241 7197 -22 4674 3770 -5365 -8404 -2588 6081 8369 4546 -3016 7756 5148 -4893 5998 -1363 5372 3293 8355 4971 2414 -588 4502 9163 3967 8476 7839 8384 -8431 1541 -4151 -6096 -5658 5764 2443 -7367 -8661 -5375 8727 9420 4622 -2447 -23 -1756 2650 -914 4470 3036 -6040 387 5683 5461 1119 8255 2472 -5207 -4947
7463 1905 5047 -2807 -3169 -7150 3525 -5717 5782 -5746 -941 -2917 -2720 -8790 -7115 -5730 -8938 -9246 1219 688 1537 -4104 3321 -2781 3881 7613 -9367 7570 -7251 9706 -5780 5488 -4635 1715 9627 1334 -343 -1836 4536 7393 3143 4272 -5711 -6732 -9954 -3765 -1874 -775 -6097 6049 -8164 4796 -3006 -1799 3494 7751 2088 441 -7798 -2973 5452 4362 2848 -2290 -8237 5548 5165 -6192 626 -4538 3708 -1138 100 6319 -1207 2506 -1821 949 -7399 1668 -9004 -298 -6247 8773 9897 -7913 7957 8474 2230 -3613 -3187 1723 -8380 -6612 2845 -1896 -1542 3116 8544 -462 6401 1433 6288 1207 6942 2381 -7943 -8488 -9683 -2935 7698 2583 -9499 1328 3854 6138
2100 7162 -8435 2465 -6413 -4613 -5114 -8654 8447 3916 -3918 3281 -883 -7894 890 -5916 -2229 -9029 8737 -3769 -8587 1293 -2907 9831 3063 3823 2554 -7328 -2648 -5602 3677 7746 -3604 -8844 5101 9583 7071 7360 8140 -9714 -6596 -2400 2748 -991 -1233 5343 497 2996 -8297 449 4272 -3730 -9313 5340 2716 -9504 -3898 4883 8334 3377 -4527 -87 6274 -5244 7914 -6416 -5103 1502 3145 5731 4892 -80 -7031 -4927 8986 -3081 249 -3418 -5301 2132 3038 -6306 -2466 -6877 3688 1714 -1673 -928 -339 6580 -3872 3636 7093 -246 5051 -1359 -5470 -8666 -7430 1071 3065
701 231 -2323 8349 -7988 -9414 7929 20 8127 8696 8825 -4398 3296 3392 -6807 -6918 -9671 5724 -2359 -4685 2863 -7167 7832 6457 232 -7553 -1096 -8463 -5683 -9364 2438 165 -6774 -8578 2107 9648 -5068 -117 -2231 285 -5150 -7727 8827 256 -2176 2579 4687 -8996 -7036 -1807 1890 -9377 -9346 604 3953 8260 7175 7496 7080 -883 5943 8946 -649 2900 -6058 -6724 1760 6288 177 -8487 -3139 9550 -1162 -272 9586 -2593 -6441 -9533 2064 -380 -541 2932 -1131 -62 -7839 7439 1173 -9600 -3530 9841 -3350 -2752 -4311 -6400 2477 4923 1145 -7594 8523 301 2421 1769 5251 -514 -8900 -2418 -9741 -7166 -223 5096 3129 6857 -2719 5335 5360 2291
-6504 -6814 -8578 9353 1065 2019 5782 -1758 5834 -3553 7378 8870 1930 9617 2426 -3547 -244 -5893 -8026 -2406 -540 5728 -5087 -6739 -2988 7399 2715 9256 -5872 -6399 -9747 -1883 5201 -7119 9588 7533 -1178 -7314 -4837 -4778 -8226 9043 7720 4123 -3167 3417 3849 579 -7531 -1571 5634 546 3391 1845 4411 5541 1846 -4248 -8989 -6687 9594 -3175 -73 6966 9325 -3448 -575 1708 8299 -761 6994 -3712 159 3654 -1207 -5649 -6849 -3652 -1816 -843 3798 -57 7215 7009 -6737 -8290 -1302 -5726 -455 5074 -129 7635 7618 -7861 3979 5920 -3893 -9120 1292 4210 -2421 -7070 6272 2585 -3925 -8827 6783 -4756 6599 -6148 909 -6887 8161 2531 1653 1370 -8263 -8916 -9255 -6156 4544 -8283 -7351 2511 -4470 -8930 5051 -1929 6347 -6789 -7917 -3170 7557 -697 9322 -3986 6747 -1072 2111 -962 611 -6323 3052
3591 2763 -193 4208 3755 3004 9471 997 2702 8786 -6815 3801 -7759 1445 2967 -5959 -7819 4775 -4745 2873 -586 3755 4441 -6363 -7283 -727 5329 3575 4380 -7567 -1913 -6669 -788 -2611 8614 -8745 -6277 -1243 -857 -7116 5904 1890 -7065 8269 5190 -9698 -4649 -9052 4650 -4694 9108 -9781 4274 6883 7061 5669 -3747 -8229 1473 891 2706 -1272 -2191
-8521 781 4843 -335 2405 8347 3936 -7398 4620 -2470 1253 8143 825 -7988 -254 8147 5914 -1650 -8190 4347 -5518 907 -1665 7764 -3779 -194 2234 -8471 -4033 396 4553 5182 6199 -4054 -990 7000 3078 7344 -1644 -8585 -3795 -3235 -8306 3219 1486 -7416 -2303 5696 -2554 2989 874 -1408 4089 -3659 141 5014 7680 7497 -6327 4614 -2968 8621 8858 1851 964 9824 -4080 535 2051 -5319 4119 5844 1376 -6808 5081 -3751 -1169 7721 169 2350 7482 8819 -4324 6715 -2302 3774 9961 9732 1026 -4277 8954 -1276 -3898 4103 2046 -9257 -9817 9569 9813 -528 -674 -2689 9184 253 -6800 9815 -8374 -7021 9498 -4574 1716 736 1419 -8474 6138 -2887 2784 -3095 4028 -8357 -1311 -1028 7534 -6402 2992 -6108 -1491 8439 -9413 6985 9103 2434 -7728 7032 -6221 1107 1401 -2857 2878 -4728 -7179 -5338 5107 -7703 -6696 -894 5318 -2592 -1238 189 -1941 -1066 -2750 -7536 2464 4069 -9146 -9269 4319 -9757 823 -9893 3948 7787 -7810 -3835 4510 -3077 -2961 -4261 7109 -9897 -6050 167 -157 -936 -8024 -1399 -2550
-1031 7515 9939 -1123 548 5681 -856 -3691 -8162 1049 9095 646 813 9617 750 -4626 -7295 -6297 -7195 -4049 -718 4012 7026 6049 -2156 3143 -4482 -6220 -4145 -1198 3170 8885 5968 -1594 8646 -2785 7642 -1901 -274 9822 -3274 5145 8800 -6692 1828 -6880 -3300 7098 5445
9212 -2632 7433 -6235 7543 8028 9021 -6977 5412 -3722 1284 -7584 8962 4546 5877 -3794 -9458 665 -4921 8757 -4653 4816 -5706 9215 4332 -9436 -8863 5121 -9854 -5176 -5799 4024 -7840 -521 3519 -9755 123 7165 4789 8850 3004 -7170 1785 -5564 6804 -741 9353 -230 -9945 1721 5076 1802 -5157 4360 -1822 -1288 3420 867 2526 6995 2867 -4471 -1102 523 1910
-5668 9696 761 -7387 -9483 1492 6091 -5129 -4105 775 -1091 -9496 6843 -8923 9645 -1338 -9380 4332 -1485 -6292 5581 -9469 5866 -7318 4114 -9330 -319 2386 278 490 -7338 -4202 -8066 7217 6498 -6115 8771 4153 4571 -3914 2733 7429 5343 -4050 -8954 7712 -4254 8570 3279 -7979 -642 -9452 -6787 8870 -7052 9539 -9887 -6316 -4166 -9696 1661 5529 5004 -8095 4297 -7392 8882 4357 7017 578 137 4488 -9747
-7964 -9133 -8128 -3992 -9423 5892 930 -6082 -7948 3035 -3424 -9626 7208 -720 -9147 929 -1768
5095 -5711 -7439 4247 -2472 7481 -1036 -4932 2124 -4847 -8815 -4028 -6837 -817
-258 -8083 -4073 4427 -7100 -8585 -4791 -4911 -4964 3378 3943 -1277 1657 -525 -2438 9906 -3729 5803 -2495 -2245 8717 3278 -1157 -5425 -4811 5301 -4376 3005 7868 3700 6913 -333 9008 2463 -3705 1798 -4922 4420 3900 2251 2323 7937 2740 -6833 -8340 -8608 555 -6040 412 6619 -9552 -2425 179 3814 8832 -5886 -5693 4381 -8787 -9629 5092 -5687 -9029 -3052 -2766 -619 -9827 -9652 -7167 -3830 8648 -4361 5314 -9595 7410 -7579 7313 -3156 -3489 -2828 5302
-9742 -2313 1512 9926 2761 -4682 9909 1657 8800 -1551 4519 -9715 -1879 -9217 2453 297 -2807 -7666 7925 -5559 -338 -548 140 -2719 3857 -5755 8145 -5246 5932 -361 957 -1883 9001 -998 -4315 -8578 -5538 -5485 -2815 2988 -5720 104 -7381 1968 -1823 -6855 8511 -189 -8734 8158 6889 345 8005 3 4216 3726 9205 -1445 -6932 4449 5913 2918 -1240 -6255 -926 4710 -5548 7137 4757 3843 -356 -4247 8030 -4266 -642 4353 8137 5735 5614 383 1711 7100 -5865 -9250 5864 7087 2779 -995 -9509 -9415 2471 -1148 -9439 -402 -489 1409 1433 -5139 6686 9068 7647 3526 -434 2434 671 -4491 -2110
-6389 -6475 -8012 9277 7122 4371 -8258 -8909 1631 -4017 9488 -7729 7274 -1587 3241 -946 -1010 1127 6142 -6023 -9892 -4523 -2472 -9383 -9897 2270 -2529 8157 725 -6988 -162 -3501 -4552 5396 9718 3103 -3691 9246 7845 -1242 485 8380 -6133 -3280 -6251 417 -7507
-676 -7517 7487 5573 -2281 2506 -8193 -4586 7965 -3894 -2902 3729 1252 485 -1148 -3194 9524 -1324 -4450 -6248 -5273 -5841 4824 -7724 -8462 2122 -5136 -1393 8691 5738 9793 8190 6871 629 466 -7235 -6738 -3659 -8683 5236 5058 1020 -8860 -5920 -8775 -5264 6630 -4901 -5976 -3031 7024 -8672 -6658 5298 6720 4272 3722 4677 6585 -7236 8377 -8706 864 -4620 4726 -6262 9965 8255 -6241 7322 -2365 9758 7331 7146 -9284 -86 9175 -273 4006 9216 -6344 -6622 272 -8239 6973 6507 -3841 -6407 7805 287 4212 -2882 1588 6668 486 -1762 7098 -934 -2623 3346 5594 2666 5662 2839 -5299 -985 -2587 369 7691 -4517 6645 -432 -8767 9464 1337 -3989 -4777 -5906 -1243 -185 7345 -108 -8065 8963 6967 -3397 -2176 -8502 -3065 -7500 -4573 -6573 1065
9969 -7609 -6122 -498 -5234 5447 -7763 3302 7715 2412 -3597 3568 3982 2976 3725 7520 -4329 -1263 -8744 9891 -3419 -4233 7505 -8826 -7840 -6174 -2681 8647 -4329 8547 595 -2600 -2672 449 6674 -6591 1433 2711 -2316 -2600 2721 -3623 6710 -3592 -3691 7615 -6503 9655 5839 -3657 8700 408 1422 5324 8137 -4428 -67 7355 -2206 1150 4092 6557 8804 7647 -1499 -2123 -36 -2790 7661 8818 -7505 7343 -4754 -1906 -9676 1283 -2893 -9600 7224 2639 9824 2153 7416 3507 5199 6366 8410 -528 -3732 7498 -6303 -4068 1523 -2381 9710
1530 -909 4230 -1110 2343 -7102 -4000 -389 -2492 433 4512 6835 -8514 -6884 -6214 4231 -1750 4260 6930 -428 -1524 8984 4045 4062 6162 5265 -6684 -4359 -2503 5120 8905 7835 486 7029 -6251 8750 7545 -9223 -6341 1474 6257 -6898 -8925 4274 -4563 9903 -8517 -6101 -6759 5744 -6107 7445 -1012 -1920 -4041 3868 -6254 -4182 4858 5781 5521 3550 -2679 8258 -2420 1995 571 -825 -8261 -9391 -6803 3655 -1655 7466 755 -5380 -3218 2782 -1307 6599 9076 -6003 2639 1130 6188 8020 -2951 -2791 2353 9528 4355 9658 4153 5550 1001 1147 6037 7536 5696 7682 1394 -9669 1793 5161 4901 4966 6161 -1511 4562 1959 9585 8509 8603 848 3386 -5234 -5027 9697 -6992 4084 6023 -6737 -7347 -6187 6255 9116 4079 215 2924 9061 -1538 -3016 -125 -5990 3153 9393 9428 -3723
2448 5819 -2148 6424 4550 -8897 -8849 8704 -3170 -7759 5535 -9538 -6506 -5137 -4711 -7210 1475 -786 397 -7681 6433 8990 -7088 -8765 6095 8947 -4006 -8814 -1318 -3383 -7863 1852 4776 -2186 -8641 -1371 3999 7134 -8649 3312 -9981 -6188 -3171 -2428 1196 9417 9680 -9481 7875 92 3312 5002 8631 2838 -8049 2723 -5332 -8043 7217 -2343 6653 -7523 -9356
-4645 4000 -2064 -6350 -5120 3275 6151 -2437 4116 4149 7712 9493 2632 1765 -908 -8914 3829 -2665 4098 -7176 -3139 6337 4033 -1305 -3987 -1798 6809 -301 -6282 5587 -1798 -690 -2971 7673 3321 1601 -9606 4153 8886 7991 -7733 -2683 -3084 1263 9708 8045 -220 -6418 -9646 -9676 9194 -6733 2670 -9326 5072 5461 93 -669 1389 8779 9650 3047 4743 419 6161 1561 -8553 -9541 -5808 9871 -35 6108 9130 1555 2820 -3517 -4750 -1493 312 3563 217 4517 7383 -4897 420 2385 -170 -6081 -7674 5600 -7564 6754 -1379 -1693 145 -9728 -543 -1786 -8979 -9335 4033 -8523 -5873 8970 -1550 -1809 -635 2432 -8242 4606 -6741 -4611 4481 3738 -927 1402
-1558 9780 6144 -7693 1218 7031 2246 -7670 -6696 -334 -9492 6191 -2902 -1852 3505 -1232 1491 -3320 -393 7783 -1268 2148 -1131 -5952 -6032 6783 -8652 2443 -5238 1885 -9517 -2275 1418 -1298 5432 -9764 8983 -5632 -5053 3375 6037 8907 4607 -4983 -9598 3829 -454 7001 -9357 4968 1865 -1610
-8699 -8395 -51 -3578 -1736 -8819 8184 -6597 -6061 -8766 7401 -6486 -4398 4628 -7188 -8746 -5191 2241 -1884 -8703 6798 1278 69 -6769 7840 -4139 -9458 1492 -8460 -819 -3958 -5475 7171 -7099 -2532 2855 -9276 -2271 3699 -827 -5023 6725 -3217 -9259 -1963 8214 -9528 1934 -9548 -8386 2085 1864 1098 3200 5925 -7238 -8416 -3120 3308 6639 6183 -8285 119 -8917 2308 -9724 -5301 -9230 -1382 2653 9379 1795 5540 -2065 5589 5540 -3831 8917 6329 5445 552 3246 4279 -5526 -5203 -4552 3263 -4066 -8240 -8876
3991 -3039 -473 -8591 -1992 1701 1864 1841 -7464 1822 5116 -2065 -1471 4687 -9312 9152 -6607 -7592 4751 451 -6778 6356 -1595 8823 -2199 793 -6052 -2551 -6372 9092 8118 -4242 5118 4920 -9203 4241 7880 4402 381 9737 1350 6002 7616 8894 -9670 6775 -4522 -581 -5251 4556 7013 -518 4780 -655 7169 -9446 7778 6622 8861 -5579 -7050 -6507 7984 -492 7499 3858 -264 9100 7770 7901 -4561 850 3699 -7842 6341 -6848 5045 6134 -6084 -4734 3407 -8246 9104 -1390 -4631 1456 -8603 475 -7453 -2283 -9573 -3413 -4385 9785 8776 -2739 8902 8451 -1690 9580 4507 -2807 188 6347 -9526 3766 -8593 7208 6318 -3400 -6024 -6537 5250 -3144 -1742 -1765 -2722 -2186 -4727 -5254 -2181 1910 -4874 8278 -1559 4081 -9205 -3687 5578 3966 -7815 1479 857 3742 5555 -8761 -4906 1775 -3937 -8951 9653 7096 6935 -9665 -5772 4902 -7222 -9402 -9428 -8578 -8133 2037 143 -5632 5692 -1360
-1713 1751 -3484 -7060 3813 7412 6495 -9516 -73 4689 9521 -4216 7211 1537 -6152 4964 1431 -2049 -5082 8934 -2896 -7872 -9664 4163 -794 -1988 1242 -4780 -5303 -3618 8208 -6925 8235 -5232 1074 3376 8416 -1186 -1992 -795 2122 9296 -5909 3944 3623 4452 6760 5689 -7828 -4650 1727 -6111 -9928 7026 7890 -9524 651 3078 98 -2736 68 -3747 -216 3189 8245 -8220 6885 9262 9289 -1373 -1793 -146 -5043 -4746 8691 3682 3282 2337 7745 1015 -2169 2036
1979 -5694 4812 -1029 -9005 -4454 -2214 -9478 1019 7250 -5579 -1255 -8416 9016 9670 2311 -1833 -6872 9108 8285 -8798 -6356 4247 4114 -1622 -8482 207 8018 7625 5142 -9442 6014 9514 2907 -8152 -4858 -6960 -34 6497 2005 3789 4709 562 5820 6546 -2226 2915 -3632 2653 7471 -4565 2117 -3807 5364 -7588 -7024 5552 1614 9723 -874 3103 4762 -840 4882 -4972 -7304 9252 5680 -8793 -1546 425 -2592 7225 -4775 3827 -5542 -3222 3837 1794 3921 6381 4342 -4245 -1 -5367 -4619 6027 5733 6254 -1623 2651 6971 1145 -3691
-3295 -9627 -5780 -4511 -2703 1562 -3831 -4976 3295 -7642 -6241 4161 -5302 5018 5805 -1975 -8755 -7521
64 -4255 -1083 -8247 -3649 -356 -16 6377 -8503 -9010 -4281 -7539 -2637 5738 -4171 -3518 1991 -3171 -6710 -6189 -4844 5059 -8411 -1930 -3398 6475 8732 -1552 -9110 3137 8046 -8608 -6857 2570 -2605 3397 8893 -6898 -865 -4351 7663 -9379 7795 626 4995 -54 8893 -1839 4997 -723 -8670 -8214 -9467 8003 2523 -9483 8603 8931 -4668 6098 -5342 -4573 -3637 -5879 -5450 -6093 7650 5366 -4801 -8184 4035 5221 1879 -8349 7130 -2363 -6636 3742 -7460 -154 6548 9190 4669 4842 5698 7345 2174 2690 -1310 -2601 4794 -9990 3504 5084 -8777 1707 -5129 -710 7243 -134 3714 -7073 -497 4327 8791 -1963 -5154 5510 -6131 -1616 8082 4462 -2385 9477 2697 -6313 -8775 -5412 -2880 3227 -9680 1861 5436 -7566 -8247 5713 -4054 8531 9659 -6751 8636 9562 -3512 -814 7541
5630 -7665 -4817 -198 1168 -9772 2444 4033 -8276 -978 7952 -9763 -3554 2116 -5241 -36 3150 1744 4271 1336 5698 4560 7328 -7810 -3717 -3141 -7843 1786 -5240 6734 1820 8854 4936 -6383 -2341 1420 -1089 4873 5155 7457 -3690 9317 -1000 3499 6791 -6508 4074 -7973 -9949 3387 -3135 1283 2263 -9551 -362 -6996 -3726 8839 2849 7315 -5075 1503 2392 -7875 -8970 3081 -1876 2442 -9726 -1664 5289 -4353 9998 2680 837 -851 -6099 -8569 -2936 3508 9425 -7553 -4119 -7267
9697 -9142 2129 -4924 -3967 -6169 8332 -6232 8884 -8560 -6710 9031 8359 -5295 5917 -4971 4230 8143 6775 4764 6677 -2801 645 5641 -1776 -9590 2573 -2681 -5421 7528 6657 5348 -87 -6564 8811 4034 -5751 -5445 -1192 -4333 5558 -3861 4316 2039 -4913 4514 58 -4541 6716 3181 4507 1025 5865 1673 -7764 -329 -3247 7653 -7942 -1897 2007 7808 7740 2478 -9163 -7776 5481 -4656 5628 929 -2591 -6178 7593 -2537 -8492 -9875 5471 8513 -6773 -9354 -9214 4987 -6154 9069 -7518 3540 -3933 -6654 9926 101 9787 9723 5624 -1237 -7352 -1977 -3122 -6930 796 566 6859 8551 9935 -5794 6723 5568 4126 6330 656 -4252 -9937 9774 -3297 -1881 3890 -1547 -6264 -1327 8786 -670 8112 9958 -7921 7707 1968 636 8546 -923 -3435 -2862 6182 -8423 8567 -3325 7124 9210 -2417 -8848 2210 8786 8714 7625 -6528 4080 -6454 1058 9925 -859 9157 7609 2270 -2852 -6681 -903 -1548
-5212 8391 7462 8827 986 -4074 -4745 8579 -437 -7142 4050 1062 1351 -2152 -4475 -240 -6769 5029 4668 -1020 -8961 7095 -5719 3239 -4612 7936 -6575 4984 6941 1300 -5210 -3148 5568 3318 7835 8704 -9820 568 9408 6437 -679 -2058 -6129 -7737 -6043 -3642 246 5698 -2659 -9822 927 3219 -4347 -11 -4501 1845 -4048 -6208 -15 8990 8185 -8623 1209 2033 -5028 5332 -58 7061 -678 -8089 5474 -3758 -259 -4122 -8000 2056 7 9614 1490 5143 2752 -1089 5398 3111 -2524 9398 4037 4406 9597 1680 2748 1629 6393 -141 4207 760 9725 9392 2900 2285 -1815 -2335 9389 2056 1106 5161 5284 -2260 6912 2946 -8611 8999 9173 -3307 7524 -2258 515 6615 -7029 7001 4344 -4178 -4016 6259 -118 6999 -9450 -5000 4792 -85 2172 9948 -4241
9173 702 -1582 -8996 -2651 4459 -6185 -8513 -5130 -1332 -7470 6807 -2755 -3694 5158 -737 -7130 2398 3346 9812 6588 9030 1596 -6743 5330 -4309 3161 9775 8239 -4872 -7501 -6609 7425 7002 5637 5019 -5066 -1869 -4206 -5739 -6075 3954 -1868 -5787 -9210 -1225 -4429 2217 8262 2597 9263 8848 -7835 6835 -8928 -3373 -9730 1161 -5188 2162 -1738 8761 -5126 4094 -430 -4865 -9289 2271 -4301 -9961 -2939 4559 3936 9817 660 -6874 9158 -6502 -4789 7375 3964 9541 4358 -2257 4966 -7732 7952 -2401 -9009 268 -6628 6380 -4124 8433 1155 7387 -2365 -707 3690 -7904 9064 4708 -8080 8384 4024 -7618 9217 2568 2710 -6311 -452 6909 6515 8625 -1055 -8149 2459 -8082 4140 5461
-5213 517 -2980 -5797 -54 396 7807 -7813 -7746 2775 -6496 -4759 5211 3304 -7783 1192 8374 -7079 -9165 -4141 -6509 5897 825 -8493 -2461 2332 -2505 4940 1283 2776 -6219 -9620 7522 -8990 1746 -8811 -1985 1235 9982 -8123 -2833 4794 6582 5370 -5841 -6438 1554 -7490 2307 -5807 7084 5299 -9200 5072 -8528 3840 7943 -3453 -5577 553 -4992 5642 6183 7634 -1854 -724 -3102 6418 8605 5734 -3978 -3243 1404 -6808 -4595 8250 -1765 -1558 2394 -5014
390 8819 -535 9217 -540 -1997 -1225 386 3301 -3634 -2288 -594 -9278 -5820 6457 9152 860 -3229 -8735 -8653 -9345 -6107 -9124 1753 -8983 -1223 7249 -8241 -6178 240 -681 9950 6428 5577 4887 -9556 -1320 -2010 8257 -9591 1 2460 -9309 -9602 -4192 -9541 -3299 -3226 8683 -6975 -6018 68 -4677 -2794 -7972 339 -334 9665 8275 2155 -1507 7503 4692 9055 3725 -834 -7375 -7918 8752 -8830 -1799 -4199 -3365 -579 3727 5875 -4498 8987 -4819 3838 -2075 -3621 -2694 4649 2353 9716 9285 5772 -3364 -4500 1341 8857 3709 -6810 -3095 -278 -3849 4251 -6202 -2706 -3784 9790 -8525 6572 9294 8950 -6630 -5486 -6589 -7231 6370 6264 -4920 -3777 5606 6475 651 -6965 -8138 19 7353 -8339 -9002 -3422 3301 -7816 8525 7576 -1895 8872 -2067 -7444 9347 6118
358 -880 -4338 -5965 -6289 2039 3241 590 9232 8982 4974 -780 -4939 -8611 -5649 -7084 4772 -2403 -9694 -7007 -1484 4843 6907 949 8159 3094 5998 8448 1786 -7729 9628 -4050 8604 -9095 -921 5372 -6317 -5368 -6117 -1436 -4332 -5826 2343 6512 3366 -2995 6144 -2897 4926 5951 -6247 2076 9937 -8030 2324 -4167 -5806 2361 7084 -6145 8554
-3182 7120 -2526 -125 8285 -9459 3377 -5678 -2642 -9075 932 1262 7285 5536 5735 -5612 -120 -1856 -7189 -2717 8005 -5565 -4888 4041 7749 9015 8481 -7543 -1585 -804 4175 -4691 -6802 7052 7410 -2741 -9954 -6367 -6909 -6413 -7334 7927 -7793 375 7115 3576 1115 4642 7891 8278 -645 -1463 -2443 4068 5100 7180 -1320 -9262 -729 -8527 -5585 986 -9143 7237 6456 -1724 -524 -20 -917 -1155 -2781 1451 5087 -7018 4518 4644 -8939 174 -739 -9464 -711 -403 -7864 -7745 3689 428 -9796 -215 8350 9288 31 6566 6531 -4306 -6960 -7822 3856 -6293 5562 1363 -1627 1094 1109 -4580 -118 8806 -8953 -3012 -9143 8345 515 -288 9796 8222 -4311 -512 5338 -1836 -3825 2479 -6647
-155 7900 -4922 -4363 5428 9352 -4961 -875 -7603 5007 -1699 -1777 566 2675 -7233 -412 2371 4745 -9709 8924 -4910 -637 6655 6157 7061 3499 9549 5942 2044 -3276 -4450 8385 830 8576 6938 -7355 -861 -8710 -9963 -1042 5366 3722 3239 7799 6727 853 -3778 -195 2588 5169 2728 -1425 -3307 -450 -490 -5223 -7349 -3346 4729 2703 2235 405 1870 -5386 8201 -6968 9714 -8738 9599 -6410 -4028 2007 -9261 5479 -7115 7104 -6129 -6852 -7937 -8593 -2638 8139 -6146 5523 4770 7859 5685 -3474 -5953 5812 8399 6119 2846 -9742 -3661 3368 6525 86 -1101 4581 9369 -9300 -6214 -2745 5944 -4494 -9792 2236 -4809 7932 -1584 1020 3481 3718 2732 -1511 -6848 2601 -1877 -5354 6771 2633 -9448 5881 991 5886 -715 -8930 2730 -3280 8591 -9862 -5195 -6836
2924 -3721 -7302 -8861 8559 -5856 -9940 -1516 -9929 -8015 -9383 -7794 4599 -8342 -1249 4625 6997 6423 7816 -7200 4108 6301 4447 2444 1499 2348 -9882 -220 -2192 -6336 3334 8345 -6972 -8002 -8180 -7137 7149 7970 9943 -7937 5087 2207 7074 -4050 306 2826 -189 -9695 3666 5617 5658 -9305 2845 2791 -5392 5118 3526 -6323 5992 9761 4584 -2197 -2407 -524 -5295 -2677 7636 7686 9747 3684 7136 2280 1432 -2173 509
3951 -4624 4802 -4677 1234
7729 1679 741 -9353 -3317 1799 -5585 1663 -3914 -5444 -3458 7109 5761 -6695 1764 9253 -3144 1399 -1218 7677 2252 6298 1929 -7542 -616 1289 -9028 2788 -9005 1590 2856 9984 8424 1657 -1501 7047 -9040 -7410 6876 -9511 -8222 5691 -8182 -8479 6674 -9462 6420 6396 818 -4485 1589 1677 -1612 -7983 1420 1487 7425 -7175 -6407 -4403 -7809 6884 -3704 3762 -8975 -6072 5353 -5021 -622 551 8599 -2464 -2509 -1609 -2739 747 -3041 8552 -2991 2372 3726 -5886 5369 -3698 -9293 9259 -1256 -1499 -4989 1926 -6406 4428 6877 282 6339 -3138 2960 -2737 -3716 3662 -3200 1193
-2012 -4579 2242 -7590 -7132 7139 -2723 -1725 -4759 -7687 885 -2704
312 -4873 -9173 -863 7202 7766 5124 -7465 -7967 3427 4046 -2137 5280 -7560 390 -9868 -2460 -145 -4206 -3378 8007 566 -7178 13 8569 -682 8609 9998 2008 -4782 -105 -1117 3137 1440 7058 -3871 6815 6078
8406 -7721 -8929 -9874 -292 -804 5288 -1300 -786 8926 -4584 5677 -1421 -554 5006 -5552 2039 -8567 6964 9983 5287 9330 2535 3298 6341 -1710 -9074 -6818 -2281 -6683 -904 8615 -2026 9980 -7765 8694 5280 -1749 -6734 -1478 155 8594 955 -4564 4975 9699 -564 -762 10000 -6360 5769 6202 8844 9278 -5514 -9096 -3680 7870 -6534 7878 437 5461 -5590 4732 -1746 -3073 6518 4766 7532 5775 9544 -1551 -8929 -706 6918 -4987 -7387 -4373 -5346 3873 -2550 4960 5619 9039 6218 1125 -6088 -3093 -4885 1335 617 -3861 -878 711 -177 315 1063 -403 2310 -3664 7218 6675 -5693 -9616 4909 -7301 4215 -4510 985 4409 7673 -4437 6781 9774 5610 3797 -7073 -8728 8023 7547 6209 -5091 3786 4378 7176 538 4085 6077 8326 -4333 -5498 9695 4452 5055 3165 -5608 -7027 -3844 -2534 -2617 7357 -3371 -6187 -4526
3796 2684 -7466 -3464 3334 4996 -7006 1635 9286 -655 3337 -469 -8498 5437 -306 -9251 958 -9876 5216 -6711 -5797 -778 3541 -430 4198 -5695 1971 6652 -1252 1172 1375 -2163 -5828 5259 -9811 -3074 3405 -3898 -5991
3854 -5681 8040 -8719 -3406 1990 4403 -3033 5922 -9067 1675 -3853 -8913 -4575 149 402 2043 6373 -5202 2096 -8648 5916 -8328 -4622 3670 -1057
-4681 3755 -4984 -6993 -7456 8525 -3360 -9149 -2568 -5213 -2963 1608 -7796 8276 -6176 -1845 -7431 3497 3386 4651 9081 5797 3006 -7431 3122 -2735 -2351 -9369 5615 -924 87 4718 5555 -6795 -4633 -6595 -611 618 4185 -1785 5293 9869 -6085 5094 6728 -4756 3705 6401 -309 -3417 6062 9308 6601 7662 7952 -5634 -6840 -4779 9454 -2205 5788 6398 5234 5247 -6147 9139 2057 6413 -2638 -5217 5054 386 3973 2407 9105 763 6306 -1504 5495 2710 -7949 -1222 8642 2208 -4081 -8609 -2221 -1087 3152 -5447 -5805 9428 -430 -9923 2632 -5201 -7973 6561 -2379 1146 -4574 -9260 1102 -4191 -7485 5195 -2173 -1130 -9944 9290 6783 -8431 8376 7646 2984 -6515 -9029
7153 7329 4077 5124 -4012 2048 -2768 -9895 -8132 -7927 4855 -9620 -9164 -3401 4009 9653 1533 5771 3179 7181 5219 5775 -4923 468 5890 -7392 -147 -9888 -9604 -5446 -1750 5296 4751 4253 2809 -7329 -7777 -369 -4601 -7346 4538 -1794 4965 -2851 -6562 2893 7021 -747 -2493 2195 -5892 2021 3115 -4755 -9572 -8531 -7675 6854 7648 6760 -1003
-1900 -5309 3780 140 9879 -9044 1462 -5222 -8450 9777 2071 -9224 1574 9418 -741 -5831 3169 8319 6064 2986 -3466 -7139 8326 3940 3906 7981 -8990 1007 128 -3759 9974 9453 -9611 -4319 -3990 -1461 -1300 -1020 -4118 -6149 359 -4782 4870 -8999 3734 5865 696 8139 -9758 -5423 6300 -6172 -5831 5619 -5897 865 7125 -8199 1374 4783 5502 -9502 4128 1850 -736 -8209 5179 -1511 -1832 2881 4188 7954 -6343 -4117 7211 -1300 4711 9933 5223 -2166 5214 -8057 3860 -1417 -3544 6212 -4667 -6370 -5284 -5405 -519 4129 -8633 -929 -2067 3418 5325 8398 1434 -9917 3348 -7985 -7746 2278 -1803 -9132 -438 -3959 -5507 7583 -5185 -8062 -6140 -7120 -8829 6490 113 -5621 -4340 7242 5587 -296 -2402 8392 6752 6852 5822 -8521 5880 36 -8338 -287 2499 8835 -5568 -2864 9744
-7333 -6604 -6101 -9275 6037 8383 -6296 1065 2048 -2056 7521 -1357 2318 5948 473 5806 5986 -1673 8429 -9079 9962 692 923 1122 -3908 4295 6347 -7585 491 8345 -9303 8272 6194 323 -4377 -1868 7097 3459 -2741 -2510 3101 8385 -6536 7926 -7081 -6803 4999 -4879 -2756
210 -567 -6025 -5326 -7437 5306 6900 -7115 4832 -2304 7286 3522 -1000 -2928 9150 4033 -3227 3169 -5832 3377 -7252 1587 -7881 -4914 -2130 -4394 3252 -5612 8442 -8366 4442 -2281 -5901 6714 8621 -9338 8502 5289 -5627 -2107 -6312 6868 3635 4742 -4503 5538 7879 4940 -2424 -8130 -1962 -1580 -933 -2789 8511 -9883 -8115 -9356
-7772 -3315 5968 7678 6158 432 -6685 8881 9612 -8997 -5413 7304 4640 4180 6977 3171 -2570 -2840 -158 -2829 3585 -1981 9172 6575 2791 1420 7249 9463 -4374 -4674 -8626 5826 -982 2315 4095 5128 4220 -6946 -7589 -3717 -340 -6006 -1805 3748 -1302 -8979 -5329 802 1866 9451 8237 6320 -1088 4078 -4519 7859 8733 3954 -5173 -2839 -2465 -8954 6564 5743 -8617 4982 8227 152 -776 -8567 9205 -3113 1490 1246 -2983 -6714 4014 4434 -720 1360 9101 7815 8619 -5694 3766 -547 -5814 2238 4817 -9990 9618 -129 -8393 -9809 -3990 3718 6005 9011 -2948 3017 1170 7910 -7607 3580 -7419 -5360 -6359 -9637 2882
-123 -3173 -911 3649 -3609 3904 -6779 1637 -3387 -2005 -1801 -3467 274 -4295 -4898 -6142 -6605 6909 4526 5435 -5183 4668 -7715 9767 -8838 6447 -2813 -8993 4071 5949 9923 -3103 -4878 -4765 -3371 -5295 6268 -921 3373 3121 8041 -6142 -5230 1387 -6466 3962 -1493 -3491 -5218 8586 -2773 -5665 5931 -7712 6126 -4566 -8588 153 5217 9427 -4868 7257 -9834 7214 9818 9203 -9849 382 -1812 -5451 7713 5182 7854 961 3203 -7357 -4072 9509 8889 -7694 7032 5724 6653 3294 9174 -661 6906 -2771 3028 -7399 -9410 -8225 7512 -865 -2284 -70 7138 -2080 238 -2360 -1528 6716 -1184 5033 7424 -7935 -1955 632 -1195 2989 1570 -157 -6201 7210 3285 9123 -3359 -3615 5512 9281 2875 6913 6495 7831 5044 9563 -8078 1513 6664 6557 -5371 -4073 -1054 -5293 -5465 -4562 4359 9950 -6219 -6607 -4202 9674 5812 1013 1608 -5596 -9761 -9832 -261 -4088 7536
8812 2903 7193 5151 -6762 -7567 -5297 -9930 9027 7335 -8553 280 -3282 -1706 7061 1330 -302 76 -3730 -8722 -446 128 -3827 -1899 -4752 1906 2191 -2273 6969 -2717 -2375 -3618 4700 9654 4483 8688 -2833 -3250 4484 2452 -9359 -2152 3423 -2479 4728 4001 9609 -6430 -9313 -6481 9084 5990
-7260 690 2411 3190 -6172 3666 7156 -8438 6772 3591 5399 7184 505 2031 -6645 -5485 -3754 4987 2581 -6487 9484 -6459 -8664 5442 -417 -6304 -1157 -6862 7265 -7709 8535 3994 7010 8510 6890 -2587 8580 4392 -2023 -7273 -3755 -5262 2588 -450 2419 3762 -6094 5674 -144 -315 -2996 706 -1742 8350 7701 -2976 2848 6301 -7688 -5979 6909 7131 -9147 7335 4195 9073 -9341 9954 6989 -7279 -8927 -4645 -9626 -6463 -4405 -239 -3825 4305 -7786 3386 5795 1506 -5692 352 -2544 -528 817 6593 9774 4478 9498 5990 -1633 1888 -6213 7955 -4057 -3161 5377 2943 4927 -6613 972 -3708 107 -4516 9029 9723 6267 -588 -6256 3457 -980 -3411 2867 7956 3055 -5201 -8727 8167 3227 1382 8635 7411 -2359 8419 -8844 -3299 7022 -8581 -2761 -5614 8511 -2837 -7136 -6310 -6979 -554 7238 8255 -4666 -6505 -6204
-8233 7582 6673 8654 -8165 -4690 -8535 4217 -2401 2071 -389 -6880 -2582 -912 334 -3476
-6255 1146 -7069 4991 3869 5690 9953 -5716 3930 -5988 6210 316 9033 2774 9473 -9194 4641 -2326 7543 -1178 -5631 8332 -8987 -4420 -6482 2838 4067 -1069 -9262 -2842 -3752 8910 -5116 -5910 -6668 8718 1841 1488 -4711 3335 -2301 3005 -556 8768 1836 7609 6820 -5487 -1310 4998 4607 -384 -4301 1049 -4672 -7393 -7099 7713 -5442 7159 -1468 4771 7149 786 2557 7369 3298 -5371 4919 -1652 2183 -1980 -3059 301 -6193 -9178 -7913 -464 -9538 -7589 -2836 -8197 -2401 -3531 9633 2378 -4338 7014 -8844 -4777 -124 -8706 -3692 -756 2809 -6273 2624 8818 -4233 -1296 -8119 665 -716 4044 -264 -8425 -1545 -931 2719 -916
-1412 -3687 -9334 -3888 -8572 -825 -2382 -220 -4737 5846 2322 9024 1100 8346 209 973 8938 4598 2963 -7141 5017 3888 535 1914 -8140 -1885 -6178 -6394 -9802 -5804 5311 601 3304 7144 3999 -7736 -3614 -2552 -854 7198 9261 7657 3472 4762 4107 -5678 -6142 7510 -49 -5837 -846 -3421 -9210 5406 2306 9955 -8250 -9006 -1562 -4828 -3074 -9246 4308 -268 1428 -7292 -4062 -3742 -9061 -9436 3144 -5189 -6257 9792 521 9873 4886 -4804 8821
-3120 -1928 196 8154 -4958 -9429 9646 7878 -557 2055 -2065 -5743 8124 6742 9339 -7542 -9896 2311 -6647
-9194 -2153 2459 -7015 3062 -3655 929 7683 -8269 2370 1969 -3011 -876 -8852 1985 -83 -455 5791 -5316 5042 8145 9934 -1473 7102 -2147 -633 -5259 4704 2182 990 -2024 3258 9244 -8074 -5685 -8952 -4075 -2122 2437 -5279 2237 -3500 1820 -1231 8203 1938 2799 7129 -4052 780 -4030 -6081 -3659 9686 -5572 6776 4998 -9213 9534 -5600 2478 6484 7658 8236 5129 -4963 -1545 4106 -3344 -3956 -5139 -4356 -9218 -1724 4524 -3460 5576 89 3329 -404 -1188 506 4234 9799 2850 8924 -16 -1588 227 6887 -5648 -4681 -1150 2967 3337 -2503 -9339 1710 -4634 -3410 -4230 -5235 -7902 8575 -892 2451 -9092 -9679 -4308 8963 -4484 -5082 -6795 -5517 449 -5181 6959 -9226 -6573 -2068 -7335 3871 6951 7157 2590 4826 4231 5620 -1265 -6963 8415 -2176 -1039 2569 -1437 2551 -1764 8266 -825 -2200 2101 7909 -7206 -3389 -7165 5550 -8376 2337 -1346 -4210 -5023 -162 -3415 2928 9865 3823 -1127 -2731 -5164
-1700 -6302 -1285 8883 4739 -3292 2881 9123 3849 -4737 -8488 -6835 2267 -7818 287 -9273 -5044 -7791 -3023 9964 -8706 6286 7658 4925 -3845 -5813 -8894 9513 -2875 -5657 2823 8736 -771 -4981 -6158 -3553 -7139 398 -7221 6900 -2089 7812 -8425 -1011 -4484 -154 -4752 -7413 2512 -4405 1102 -6467 -3267 -9933 -4680 9344 8576 9532 -7038 -4509 -77 -4447 -7729 2800 -4909 -3092 -9923 3907 7201 -5849 2116 7396 -2152 -7512 -7128 568 1763 -970 6047 2428 2308 6594 9552 -3767 170 -9285 280 -4124 -8027 -7379 4679 -4029 3287 745 5415 -4981 2462 -650 -2893 177 -4966 6323 -7631 3126 8416 7869 2593 -5792 7692 -9995 3429 -4214 5431 8665 5513 -1088 -19 9593 1414 -3526 -8419 -3059 9049 -4443 -9075 -4257 -8851 1157 5887 -4052 -5386 3190 9875 8814 4706 -9791 -6721 -5526 -8406 -931
-8780 -414 8507 -188 5398 -541 -6192 -6690 2894 4673 8321 -5795 173 -36 -5567 4041 -8887 4539 -9430 2327 -3401 271 -6285 -3084 -126 -6107 231 -4700 -6911
-9005 -2051 1717 2756 -4259 -9404 780 -5681 6159 6217 7431
-394 6265 -8238 -9258 2741 316 2195 1232 2783 -5992 80 -3574 7575 4438 4841 662 1700 -9816 4455 -5217 -5214 9774 3074 7181 4061 -3816 -3829 -7736 9730 2150 3596 5026 8737 611 -7893
2823 -7148 -3706 -4561 -974 -5387 9819 3324 3514 -6988 -6163 1834 -9831 3878 789 9742 3152 -6949 -9143 -2544 -441 3835 3008 -8291 -2264 -2789 5128 -7634 -3790 -982 2630 -9358 -8741 516 -4073 4294 5320 9110 626 71 8204 -2499 -7053 2338 1803 6243 -6485 345 -7381 -6530 -5999 3711 -2688 8602 1698 -8125 -7575 1765 -1753 1998 6147 9391 5598 -963 -2186 2654 -3309 6379 -6287 -5345 -6263 4966 3499 -1256 -8365 -4996 -6306 -5265 -7417 -5050 1618 -1914 3532 6755 4349 -1051 479 7237 -320 7669 3631 -1972 2110 -6117 8131 -3740 9449 1598 6275 -7153 2758 8196 -6368 6036 -7859 -5347 3069 -8464 -4043 4715 9372 -6749 4576
-9083 6905 9954 -1805 -6186 2574 6679 7630 1402 -6525 -5803 8888 -9824 8312 5535 -49 9243 233 -5882 98 -828 6940 -7998 -5674 5769 1865 5746 -5353 6152 5162 -3601 2643 -4445 8234 7100 3912 2644 2128 6189 9621 5092 -1952 -4338 -76 -7206 -3296 -5994 9842 6879 9713 -2927 -3828 -3865 -6144 -8699 -5257 -2622 -7465 9939 -7440 -6358 -1092 3810 -4607 3172 6380 -4796 6319 -1061 4911 -7176
-4868 1923 9670 6480 7518 -9367 -4119 2420 1419 -9445 3858 -6876 6364 -5824 4029 878 1853 4600 -6746 1019 -8499 -9769 -3788 6288 5494 -9288 -9169 9139 7890 -8445 5752 -9269 6872 -6737 9012 5392 -6152 -6385 -5537 2644 7711 -2577 4440 -6816 8518 -4508 -2409 -6252 4077 -5127 7891 8025 4623 -2492 3326 2658 2108 9717 -4116 -1460 5048 379 5956 -6882 7707 8972 6234 6112 1980 1755 9157 -3629 -6297 -7572 -3590 4367 -8918 -8363 -7544 4694 6952 2618 3094 1303 -5124 9358 -7703 -1093 -1983 4206 -6920 5725 5321 -747 1966 -3602 -2517 4162 178 3966 -7262 -3877 -2793 49 713 2884 -4358 -7499 8711 3953 -8548 -5896 -7676 292 -8055 -5479 -2271 5968 1646 4843 -2475 -3683 -4101 -6024 -7741 7441 1027 6614 -6236 -3209 -8756 3383 8421 1638 2783 -8434 -1023 2558
-709 6965 -5546 8659 -2934 -184 -6317 -8381 -9535 1232 -3201 2699 -4066 8821 1665 2566 6859 7869 -7538 5661 -8576
663 2153 -5720 -5009 -911 -7072 -4260 9215 1434 -3029 9584 1972 -7195 6173 4244 3565 8901 -1018 6764 -6489 -3503 -6727 -4406 6528 -4070 -9798 -6316 8382 6363 3642 -3222 -4758 9338 1236 5781 -5428 -7375 -1122 -9649 -7148 8195 -5493 -1466 9040 1782 6502 -1770 -9821 -5612 -9529 -9481 3262 -969 -9189 6620 -2749 1276 -445
-8557 3960 6012 5468 6436 -7680 9731 2001 -3887 982 6772 -6849 1452 -8 -8310 2284 4276 2495 -306 8113 5584 -8855 1730 -7481 1450 9147 6215 2023 -8201 -3580 6707 -5190 6272 -3388 -5955 -8695 -2657 2669 -7558 -5864 7835 9891 -736 3973 -3211 -8795 3034 -9873 389 -7571 4045 -5484 2471 4209 -1941 6757 7868 -1017 -3185 2429 -6146 -7600 -2615 -7459 4823 -857 3328 4066 -5797 9688 -9941 -4657 -8308 -7590 5673 8298 6532 263 -2090 1917 3581 -6774 9143 7991 -2374 -8622 -2335 -9237 1172 4232 -476 1510 2038 2548 8910
4720 9888 17
726 -6533 -9332 -255 -4406 -304 2659 -5673 6408 1791 8072 9388 48 9101 -3891 4168 8524 6644 9505 3511 -6198 -2349 9461 -6189 6488 8987 -8247 1371 -6551 -9021 -5080 6350 2702 9861 3478 -9468 1538 -2031 1021 6867 -8730 9290 -7101 -689 6251 8874 -1247 -5912 9998 -1889 2864 -3366 -8638 -4236 -993 -8303 9137 -3624 -3007 -2925 5450 6483 780 8914 9749 -2602 7704 -3934 -1578 1490 1610 4339 -5893 -2223 6605 -1224 6347 -2171 -9550 -4878 7779 8098 -5627 -6800 -5877 -7933 -5566 197 3870 -2057
1182 -6628 4693 210 8059 5533 7700 1537 -1050 -3193 -6691 -9169 2856 -6376 -8583 -1991 -2767 -2030 1949 -4690 8265 8317
-1942 777 -883 -7909 -3384 -6198 6790 -8971 -6940 -2622 -3393 -435 8404 -1464 6707 6995 -8325 5142 5781 8896 8195 2642 -2973 -8444 -5086 -6400 319 -5175 7461 -9189 -5144 6028 7046 8811 -7900 706 -6661 -8570 -2631 4723 1774 5274 -8743 9790 -6634 7708 -540 -4657 5127 3159 -4328 8012 -2949 8472 7855 -868 -9060 4101 -4138 -5626 3986 2440 -6556 2090 -2803 4999 -3353 7093 -3729 -1082 1495 -5893 -8588 -3305 -2082 -8551 -2216 -6936 -6151 4391 5610 -2145 -2060 2077 1667 -1687 -2316 -7269 800 9101 -4403 -1189 -7729 -7388 -8218 -3815 9713 -3182 762 -4635 -114 9839 4119 3172 -6841 -1598 1583 -5722 403 761 -3243 -175 5170 8810
8663 -1035 4368 4165 -5047 6425 -2828 7601 -8518 -8579 -6144 -2429 34 9149 -109 -4671 -4497 -9160 -6597 7745 -2689 7349 5710 -5320 -711 7932 -9805 8827 -9784 3568 -1986 8895 -6510 3867 -3510 -1114 4122 -1127 8596 -2807 8296 -3652 -7002 -965 -8627 6384 2411 -7296 8658 4543 -8681 2524 8782 -8265 9792 8331 3278 4856 6904 7158 -5213 -4211 -9806 -1450 -7053 -2916 -3875 5738 2899 -1381 -8041 3740 265 2422 -4026 5576 -3163 1257 771 -1814 -3830 -6925 8519 -4191 -1936 4310 4072 6683 6686 7459 -901 263 -9952 -5252 1596 -6775 4509 -8021 -2766
-5957 5988 8167 1924 -6783 -5468 -384 3616 1279 2564 -2252 9629 6522 -7063 -9295 1535 5033 -2445 7109 4114 -3698 6600 -2430 -2517 -2742 1482 5347 -4067 -7746 8649 5115 8184 -9503 6520 -355 8117 -9624 9782 -1390 -4344 8792 -714 -8010 9307 4854 4639 -4954 9220 -3857 -1103 139 8306 -9928 9717 5308 -9683 7349 6655 -2234 -2426 -6041 -8302 8561 -390 -5698 8451 6429 -7507 1911 553 -1108 -6717 8634 7672 -5807 1513 -8 9211 1904 -3849 -9186 5967 -447 8191 -6446 -8192 -3398 -7075 -4876 -3013 -7926 -949 1212 -8198 8889 253 -6907 -4898 -4366 3150 -1961 -1397 -4097 -1310 2085 6363 1865 4060 -7460 1408 -3521 -2050 6607 -5219 -3725 3975 -5494 6492 181 -4450 9494 -7623 8329 9150 -3294 6778 8915 7188 380 -5859 -370 -7262 -2106 -9670 2960 4105 -876 -9071
-2205 5567 -6772 9093 -6274 8269 1981
621 -4062 5237 -8347 -4737 7736 5575 -3512 6554 4142 5887 -772 -748 7804 8150 -4237 2731 -5625 5836 -6592 -6403 8242 5734 2785 -3252 -2527 6223 5929 -8809 6191 5742 -7559 2191 7791 -2228 -5406 1867 6900 5983 -8191 -9758 2548 7556 -7872 -6504 7078 -8791 2113 1830 -1807 -7647 3235 4786 -68 -8061 6611 -4529 771 -7015 2329 1884 -4455 -5888 7062 5446 -6960 9843 -5293 -279 5291 -8984 -4083 8852 3425 -938 7136 6592 -3657 -9426 6134 8077 4242 6263 -6346 -9413 -7958 -3532 6301 -7956 2629 -7443 1726 820 -2591 4909 -5011 4106 -5246 -903 -8018 9494 830 -5255 9993 9015 3464 6689 -9416 -3438 -627 -4794 -1824 -2591
-1496 -6590 5393 4362 9000 -2206 4715 -2565 -3833 9358 -371 6537 -5589 -4193 7891 -5894 6215 7003 9414 9007 -7986 -7378 -1641 4147 3842 8959 -1818 2318 -6130 2461 -6506 9654 1017 -5522 -8281 -6267 7792 1583 -5034 8508 3661 -9038 -9342 -8218 -5304 6923 -9852 -1269 -3259 -3930 -8470 3724 -5318 5105 3517 9097 -2632 -984 8827 -172 -3789 -3420 -924 273 -2487 1382 -7561 -5182 5323 -4344 8740 9753 -9 -9755 517 -9429 -9135 -7692 -4655 -9579 2403 -6381 -4270 -2346 -8280 -542 1490 -843 6205 7774 -8723 82 1374 -4972 1774 -8909 14 6251 -2491 -8890 -457 -2601 -3255 -2181 -3574 -248 1111 -4068
3564 649 8994 4581 6977 5648 -2170 -1451 -6031 -1710 7808 3309 -8850 -8337 -7676 -4031 999 9434 1515 -6198 8316 1585 6529 3589 -5449 3443 5564 9508 -8005 -462 -1948 -5413 -2416 4628 -8402 711 -9663 9217 3338 7319 -9911 4583 9318 9906 -3555 931 -7330 1493 -6714 1497 5443 -3157 -2393 -4643 -3531 9020 5135 -1111 -3868 1957 4785 8853 9738 -5453 -2085 6023 -4313 -2620 8550 74 291 -1867 -6004 -8404 3690 4910 -1047 3686 -9585 5304 186 5040 5135 54 3395 3639 -3624 2642 -971 -2294 -2864 -7632 2463 -6294 -6034 1611 -1291 -5695 3501 -7849 -4324 6429 -799 2363 -1556 -9785 1783 9809 8562 2277 1991 2099 -6930 630 6373 -2323 6831 -1788 -3245
2703 3436 9922 -880 7104 9073 -1964 7548 -8754 5829 -1216 -9092 5170 7684 -3000 3887 -1670 9260 3446 5639 182 3656 -8115 9770 2772 -5697 -113 -4767 -8637 8211 -3839 7190 -6082 4370 1987 9554 4876 -4934 -1753 -1167 -1533 -3913 -6230 52 -8079 8523 -1174 -1563 -9808 -6574 -5940 5495 4766 -5577 -1373 -657 354 1185 -4814 -961 3351 9604 2538 -5229 2282 -3087 4080 249 -6608 -8020 4970 -3549 7372 3434 -5509 7472 2345 -149 -6147 -3601 3950 -4014 -7308 5168 9027 3017 567 8315 7525 -6270 5299 -5867 -266 9322 1882 -9648 5467 -4794 7417 5983 -664 -5078 8364 -1803 -5191 3336 7477 874 1872 2409 -4124 -876 -4525 -5924 7552 8262 -1665 3085 5655 4137 536 9559 -1858 -5524 2510 2829 -8029 -6454 6460 -5182 -8070 9073 4865 4737 -2778 4287 866 -3579 7348 8780 -2076 -4642 -2728 -429 -9362 8818 5118 3929 -8143 2715 -7900
1638 2055 -3911 6164 5851 -8655 7204 7049 -7400 -7926 6130 9002 -8816 -8301 5376 -4175 4766 -5286 -4000 3531 1028 -4647 -4673 -7241 -4626 -3194 -2963 -6040 3717 -1686 406 -5205 -6239 -9813 -2781 -6250 6366 4016 -6428 -4448 -9205 -3829 8965 -2461 8038 9678 9398 6330 -6101 -7460 990 2133 8779 -3412 6582 -2832 -4752 702 7769 -4960 1908 4314 5945 3334 -5983 9155 9694 9621 -4075 -7388 403 -3788 -6048 5115 4936 3417 -8909 6468 3007 7168 -1655 -8778 -6495 9820 8260 329 268 -9569 -5386 -1490 -1774 2064 -9614 -7990 -6906 2778 -6612 2479 1659 221 7983 9251 7951 841 -18 469 1381 2677 8 5879 6874 -4490 6445 5838 -558 5029 -1026 -5196 -5695 -1176 5989 -7588 952 -2976 -7101 2921 -2968 -4559 2340 -6394 -9980 -7528 -774 9636 -8954 7546 -4107 -1497 -2688 9739 1177
4012 7724 -4656 4130 -6877 5732 1510 -225 7240 -2973 9793 5018 562 -3251 7993 -8382 -3646 2935 -7024 7792 -1596 2237 3867 -4864 -2923 8389 -9412 -1200 -4182 -4485 -6046 8126 1274 9109 5933 5070 1481 497 8914 312 7132 -6172 -8601 -9902 -1130 -2265 -7071 8234 -4834 5975 -8910 -9225 85 1286 3789 -9861 -5236 -3129 4820 1937 2501 -8980 3659 7448 803 2181 9760 9507 9679 -9383 -5606 741 -7150 -6530 9715 -6674 8070 -4257 -3396 2604 6112 -5661 4937 -1907 -8402 -2447 2394 5073 -270 -6635 2399 2861 -493 -6074 2538 3162 6297 8197 9651 8766 1913 6707
-2873 5447 -2667 -6672 4528 2085 -776 -5063 9543 -6704 -344 -8752 127 4133 -8071 -3708 -8815 -662 -8666 767 -2425 7033 858 -2353 8356 6377 9205 1982 9007 5415 -6314 -7038 6134 -2660 8686 960 68 4052 -5553 -1954 -9294 8970 4266 -9022 -8103 8739 -4553 -251 -4720 4507 9262 -8948 2878 -148 -1947 -1862 -5803 9530 1341 7946 -3229 5561 9449 -1282 -7560 5317 -6762 -2300 2070 2331 -9041 885 1016 -3862 3239 4488 2375 -2163 -3501 2724 -9286 4309 -2941 -7990 -9231 7492 3009 4277 2657 4054 3258 -9539 2260 427 -576 9424 -7985 -810 353 7098 2980 -6558 2354 2750 -9908 -3034 -1342 -2602 5454 9967 -1454 5823 -8308 4130 -7872
614 8543 -685
1957 -2203 9788 1454 2836 -5387 -1249 7792 -5011 -4611 6098 -5618 -1358 -4322 92 3414 7847 4290 -5524 1903 -6293 -6894 4775 3990 8992 -7779 287 -5010 -2858 -8238 -7807
3733 -1214 2151 -2190 6946 9820 9628 5665 -2332 -2809 -7553 -6829 -6499 2402 -1395 -4669 3569 6364 4021 3813 7301 4825 -1845 -3390 -5426 6826 -9950 -5537 -5531 4431 8163 -1354 -7669 -5686 -981 -1998 8849 -8916 -2467 -5175 -1101 3366 2805 2358 -1660 -7527 -3710 -6235 967 -4080 4582 7794 -481 4571 7199 4951 -8363 8504 -7607 -282 8613 8435 -3660 -9974 -7878 -4613 6477 4110 1650 -5811 -5310 4167 -9200 -9782 8699 -2606 -3603 -341 -1295 5178 -6283 -3323 -1506 -6417 -4037 -6746 7492 -8439 5827 691 3696 -1909 -3879 1956 8254 8356 1443 8712 5856 8759 -9373 -1692 -1356 8182 -8095 8608 7974 -9791 -626 -538 -4801 7452 -840 4367 -9160 -4273 -2531 4105 9366 -8922 6306 554 -1198 3919 977 -5505
6080 -8209 -8448 7875 -3752 -7194 2405 -5332 -2252 -2395 9550 6299 -676 3989 5614 -8185 5451 -8909 871 4497 -9686 -9084 -5486 9424 4495 7810 5796 -8299 -3856 2788 -4694 3036 -1904 6455 -1214 -6720 6459 -9023 7706 8186 -6292 -4409 6500 2867 -5321 4931 8964 -1197 1402 867 636 7925 6491 3652 197 890 43 3948 -5828 -2428 -4978 -5480 6538 3810 -5936 -5915 8516 -2753
-1795 7086 2358 -500 3613 7862 -9462 3122 -2399 5701 -6287 3691 1619 4645 -6648 -6282 5816 4929 3927 6537 1049 -512 7674 754 1757 5673 5177 -8539 4336 -8262 -6294 9544 -2108 3138 -2178 6880 -9978 9992 -2457 -2148 -1644 5304 -5194 4581 -3607 7785 1188 4706 -9804 -6618 -9906 6395 3533 1038 5997 -4531 3945 8421 817 4286 5055 2554 -5429 6692 1523 -5196 3907 -5683 8100 -7623 6954 1250 -1727 2097 8626 8106 -5534 -4606 -2156 -892 2225 -6591 4559 -2554 8276 3667 9748 -8916 -6661
-8743 1692 -7004 5240 -3796 -6996 -7397 5737 -7120 7242 -6887 -7075 5422 1951 4410 -6510 7850 -6819 -2495 -7828 -1903 -5114 -5163 5321 -7824 -6628 -8944 -3442 4880 685 1061 6867 -3496 6574 5112 6945 4386 -6364 2094 -8165 9783 -8413 5040 -8331 -412 5136 -9709 -7980 9161 -6380 9306 -1590 -7102 -2650 2374 -8506 -2521 1822 -7283 -2492 -8405 -7967 506 3179 -2927 6649 3130 8203 9981 -4915 285 9559 7637 -3910 7859 9605 2152 5361 5195 -1323 744 -3037 -5542 -4661 -6277 -7416 -6906 2825 -7809 1597 -5718 9711 -7892 -9418 1894 6100 -2374 -3713 -4117 -3803 -8669 -488 2646 7514 2576 -5491 406 1649 -1902 9307 -9652 7724 -4770 4946 -2513 5268 2150 8288 -3252 9343 5921 -6983 -4537 171 -4804 299 -2308 3419 -6789 6436 -3655 -6015 -7498 6376 -1644 3727 3705 -6733 -4602 9315 4005 4537 2640 6699 -7765 -130 7468 -1472 -4767 -4996 1754 2804 7923 6367 2608 -5316 9748 -1194 9499
-4830 4713 -8260 3753 -1849 4399 5178 5799 2050 -2289 946 3874 -960 1121 3578 -4536 5720 5549 7821 6412 8991 6255 714 -8593 -8519 -2502 9196 6423 1139 2860 7047 -4491 -7678 -3925 -1807 -3861 -9041 -3486 -2125 5923 9641 -9290 -8440 -8524 -3984 9711 -9182 8838 8217 -9645 -3108 -7754 -246 -1272 -140 3673 7654 -6345 3547 8744 5489 -338 1434 5440 -2869 8153 -7347 9511 -4773 -5616 3352 1612 -7511 -3750 6820 9443 -5796 2000 -5468 -5843 -802 -2799 -8302 -9316 9192 -4806 -9845 -6178 -2594 3181 5307 -4510 -9834 -6408 -4357 -7204 -7149 495 8340 -7388 -6351
4634 7876 -2649 -3178 -8019 2928 5850 -3220 4091 4470 1141 8725 -6743 2538 -3921 -660 -675 -3159 -4566 7443 -4117 9931 2630 -6916 -1144 -116 8128 -1506 -6061 -8172 -9920 1681 1361 273 -645 -7031 4761 -3370 782 2253 -4733 -3699 4901 5497 -4891 -7329 -9158 940 4380 5948 2816 -4037 -4308 489 187 -8753 4507 7130 7808 -8403 3213 -5612 9318 -9793 -4168 -4275 -351 -408 4802 -5502 5375 1483 4567 1135 -4261 -6138 9908 -3731 -2082 -7758 -7080 2684 92 -3496 8674 -3119 5460 7901 5460 -2138 -8630 -6575 597 2132 2931 5559 -8416 1720 1270 7862 5059 -68 5670 6200 -2586 -3890 -8837 -520 -2918 -6397 -5804 -525 4828 -5751 -2737 1718 -2621 -5294 5272 -4410 3590 -8036 3205 1990 6571 -5160 -3280 -6254 7143 -3421 -4230 -297 455 -7408 -82 243 6725 2960 8023 -6975 -2884 -786 3754 -2632 -1513 -3527 -9210 -6906 3766 9496 1241 7818
-5398 -6823 -508 9922 6475 -1714 -4390 5987 -5001 5081 6453 7616 -7903 5827 227 -9765 3694 -3428 6876 -9623 1692 3505 -1773 -6819 1203 -572 8948 9939 -2859 -4247 8899 -3086 1623 -1781 4791 3649 1599 4188 7440 7410 7369 -7853 3318 9259 -5013 2275 1613 8798 6374 -6963 -1547 -2060 153 6400 2588 -9135 4865 7521 3861 83 4023 2673 -698 903 2842 4790 5025 4446 3924 -8689 -4677 -7204 -8800 4074 -3422 -9355 4033 9035 7799 3828 3387 8077 1336 4959 -3733 -9239 1748 1010 -2438 -6819 -4392 -3567 -9437 -3929 3358 7949 -614 -3064 -9111 -9242 -9519 383 -3600 2238 2257 -6976 4996 -7696 1966 -1232 -5099 5571 4761 4941 -3228 -1133 -2096 968 -9549 -6026 -7029 -1951 -7229 -2619 848 -2509 -3837 -3127 4642 -7277 8499 2055 -9812 -2402 -9735 -5722 9703 2916
8185 7158 -6199 -9768 -5266 1589 -6013 5767 -7359 2279 -9330 -953 -7233 9385 6203 -4011 1475 8888 -1978 3681 -9441 7179 -3484 -5483 2146 -4010 -5952 4875 -7747 3050 221 4880 -1267 9130 2337 -8154 1509 -4704 -6738 7050 -9497 -6199 -2148 -3294 -2510 -3078 5976 1817 4176 3327 2318 -9880 942 -2797 -9244 -4660 6824 -4237 2016 -4693 -1676 1546 8331 -7262 7865 8830 5584 2487 1067 9033 8150 6884 3322 -899 -90 -1978 1014 -8914 8025 -9917 5322 -9377 -2160 4836 8087 -9899 4847 -7267 6327 -5656 -3237 6549 -247 -5203 -7138 -9843 -8549 1154 4532 6480 -2824 -6009 -5226 -2446 -3075 -914 -278 -556 458 -8173 4860 8289 -3160 2142 453 9247 -4070 -8970 5270 4257 -5603 9304 7259 3135 -8652 -4018 7508 -8271 3559 5910 -5865 4185 6733 -8390 2244 -3616 6400 6698 -9358 507 938 -9509 4151 -3823 8222 4671 7504 -8467 1722 7820 8372 -2457 -5656 -1652 4062 1885 -9802 -8425 -9086 8013 6400
6457 1089 -8874 3497 -2574 8349 -8073 -6597 2254 -4562 -9743 9460 -658 -9645 -502 1875 1522 27 6741 5419 -1042 4921 -5502 -5093 -4294 1936 -2490 4799 -884 -3640 6217 7229 2555 -5612 -1860 6931 -4235 4578 -2729 -1706 -1729 -2800 -8960 -203 1212 -8781 8834 -9192 -6705 -9427 83 -6191 -5900 -2785 -5610 -7460 -1136 7778 -683 3349 -5118 -7417 -5983 -5847 5310 -4074 -3951
6811 4951 5753 9070 -179 7636 -7911 -4590 -652 3570 4933 -5295 7329 776 2448 2988 -9149 -500 863 -6645 6208 8784 7016 3838 -7209 -4348 -2647 9825 -7853 6170 9925 1929 -7895 7877 7959 -3253 -79 1502 -98 3204 3227 -61 102 7144 1775 -5598 3182 -2008 7520 9651 -2608 305 -5547 -1889 -8846 -1360 -8890 4151 9525 2461 -836 -644 6558 5283 3270 3964 6549 -8035 38 -8246 6985 -8095 -3337 8833 9412 7571 -1180 -724 -4553 9430 4876 7832 6201 1048 9062 3801 6595 719 -4128 4134 -3435 2375 8142 -5437 -6511 5684 7094 -1257 -2149 -6666 -3861 1388 -3131 -4443 -4533 -9903 4796 -3146 800 4099 -2209 -2012 -1078 3529 -2266 9951 -5397 -233 3604 5874 7903 3665 -977 8615 -6320 4814 2898 3742 -4023 2012 -2383 3140 -9643 -9985 -3670 -8536 -2373 -1348 -7556 2083 -7206 -514 2317 -1123 -4361 7786 7417 -9209 6063
-7719 -388 -748 -9098 6294 -1134 -4631 -1041 -1359 1809 4290 629 -8538 -2063 6215 3364 -9832 7996 7689 2221 3246 -6995 -747 -6361 7494 5847 7394 -7818 6604 6392 -7726 -4361 -7678 -9834 -1473 9439 -8772 -9695 5061 1881 -4527 -5679 1120 1108 -9689 -6130 4591 567 -7354 7374 2777 -6846 -1627 -7940 -6443 1044 4699 4099 -1374 -4810 -2141 1071 1709 -362 1767 -5134 -8386 2792 -297 -1809 366 -2592 -5050 5381 571 6209 5823 6064 9248 -8319 7107 2395 -7455 -9952 -4575 -2871 -2683 -6260 9576 3335 -5211 2992 7116 4523 3543 -5418 -6096 6612 3035 -4859 -3689 5302 -6165 4752 -5397 6336 -2950 -5832 -9273 1285 -1198 7135 -5056 -9465 1767 -5960 -6761 7780 -1370 922 -1939 -8026 -9185 629 -9372 -2321 -9835 7748 -6109 1658 9570
3230 4875 -5362 7491 -2961 -9268 8566 3332 -4029 -5568 7806 5069 5439 -9066 575 -1340 1740 2531 591 9257 -2789 -7454 -691 -8891 -1013 8799 4056 -7260
-7159 1307 -2558 7973 6010 2605 -8068 8896 945 6343 1460 9343 8551 5625 -2524 417 211 -4161 -3994 1106 -5031 -287 -9081 9719 7089 -6028 9272 -6221 6987 -8655 6 -4042 -7102 6481 -9692 -707 6136 -8099 -4401 -769 -1761 8557 -7725 8513 -4946 6172 1504 -253 3281 -2768 7578 -7427 -7984 -7057 -7978 -1994 9441 -1915 7829 2930 -9263 6212 375 2492 4313 -762 -4257 -8858 -3564 -2 -7365 -9022 -4907 -7369 3145 -7958 -1020 -1697 687 -1229 4396 -9311 9793 -148 4948 -7606 1146 -1491 2397 6639 9421 -8444 6200 7642 834 -1328 8743 458 -8177 -75 9844 8967 -1507 3005 -2769 -3500 -4782 4468 197 6754 7255 652 7628 57 -1868 -4211 -3771 -2606 8837 -8834 2596 3577 -7583 6921 4105 3736 -636 -7851 -8299 1142 2755 -925 4312 8331 1835 -2940 5284 395 -8927 963 -3920 -8037 -6248
-6216 -7005 3846 -2393 2420 1703 -7066 -8877 5162 1974 -3594 7865 812 5807 -2435 6810 4575 2443 -7287 -3489 6535 -657 -2006 -1328 -7572 -5295 -8511 6369 -9465 989 -7506 5789 8491 5953 9672 -1771 -2124 8500 -7584 -3705 3307 -6530 -7353 -174 3593 -1829 8896 -271 -7282 -2528 -1699 5188 -75 2037 2220 -5940 -1944 -5217 -6330 -7170 -973 6318 8279 131 -5354 6329 -3006 281 -5411 -9432 -1417 8297 7720 -4794 -4918 -508 2811 -8891 -9430 -4833 8667 -4513 -3553 9905 6531 -3308 -1957 8497 -6405 -6453 -5371 -4898 -142 -7168 -7603 -7857 -2317 -7002 -2402 2888 -3142
374 -3932 -2489 7636 -2965 4297 -529 2286 -7825 -9444 -6452 -8558 -1269 1815 -7847 9348 3969 -5499 -6207 6025 -3820 -6496 -929 -6740 3879 -5188 341 4061 -3263 8600 -2710 -1330 3545 3166 6236 4636 1697 9627 -8384 -8429 -9967 2885 -4192 6761 -8125 634 9036 -9121 -1498 2427 -3904 5449 -3461 -6501 -6660 820 1473 -2610 -321 -7591 9981 -1091 -6286 -4756 -4937 1001 -1437 -3265 -7053 6667 -1321 -5413 656 8115 -3995 6065 -8707 6433 6502 -5187 -1491 -4899 7719 1278 -7699 -9965 -3596 623 811 363 1958 3810 -7018 -4611 2606 -1320 8596 3003 1172 -3769 -5061 -6207 8170 317 6351 -8831 4522 -2744 1585
3248 -3935 -648 7852 -9403 7311 3839 -7197 1373 2955 3329 -1395 -5834 -3809
-7072 436 1458 4951 7343 -1974 4207 -5487 8705 3400 6967 -9720 8985 -1788 -7642 -5854 -4195 -6700 -4602 -1602 3284 6325 -4843 8406 664 -4474 -9609 4 6295 2220 1735 196 -1632 -3081 3333 8569 -1335 4066 -9925 -3514 8286 2932 8824 5108 6208 -5076 563 -8719 6770 2040 6728 8805 -4529 -6532 -8498 1864 -9882 -5159 -928 -2567 -2524 -2346 7814 7629 2836 2435 5535 3049 -3769 -780 -8790 -6211
2966 -2699 -9461 -7969 7360 3871 7664 1019 -2290 3869 1819 157 -1814 -2635 6358 -1875 -7249 2975 -5132 9727 -4420 -9099 9559 1218 -9871 5878 7156 4004 -704 -916 7972 4060 4220 3195 1185 9442 -3540 -3995 1575 -7506 739 -300 9656 6914 2025 -6246 -8868 8242 3575 9579 2019 7417 9650 -9403 7828 3022 9569 1498 7124 -3162 -3704 7299 9339 8211 5806 3091 2734 -7569 8611 5544 6066 -2713 -1211 -5866 3073 -3996 2981 -6368 -7344 3361 6476 9183 7400 861 -4031 -9478 6886 5940 -3617 15 -6023 -8122 -312 3399 468 -883 -3945 1285 -3138 1605 2689 -3489 -1768 -1797 -3016 5791 -8234 -9651 3597 6838 4666 7433 -4444 -5311 -3746 9557 3069 7534 833 -4338 -2825 4531 6529 5422 8329 4919 2735 4066 7512 9268 -5264
5885 -1752 3101 -6299 546 -3681 -9155 -4103 -9979 2776 7365 3499 9269 -467 -3121 709 -7468 -5819 4464 -237 4685 -2534 -329 9016 -5458 -8548 -9957 -7805 -5751 2275 795 -9267 3867 -2119 -4428 -6074 -8103 -5866 -303 5089 9441 3403 1811 3782 915 458 -1629 -7626 3712 -6843 2813 -9109 -7629 -8821 -6699 -6305 -3928 -7590 -8375 9947 3083 9005 -1316 -976 3069 -6982 4138 91 -2740 -545 -4499 5344 -5199 6703 1375 7254 -7980 9256 -9663 5705 -1695 -1705 -376 -4343 3429 6133 -9121 -951 -9371 6823 5589 -2861 -1914 6808 1622 -2307
-3622 5719 4540 2824 -3896 7187 -3460 7373 3636 -1083 -1119 762 -6475 360 -5105 4163 -3571 5405 -1376 2038 3541 -5244 4699 9324 9205 -1139 -7545 -2750 3857 4579 9153 3694 2272 1178 -863 -346 6748 7041 3981 9298 5120 -1703 1925 831 -1816 3303 -8930 3239 -6766 1472 3156 -5783 -3491 1287
4122 5782 3597 7026 7780 -924 9944 -7713 -9894 693 5345 -4020 -8374 4249 4594 -4700 -7280 7518 796 -6876 -3803 7476 -7673 -4755 2997 -7338 3631 8560 9625 -4072 -4904 -6918 9982 5846 2957 -4350 9094 -8213 2108 2824 7718
-9818 1273 7366 -6528 5864 1291 -8423 -8262 2415 -9018 5865 367 -2996 -8957 -5449 8407 -4178 4038 -925 9692 5868 -6213 3847 -4263 9555 -3889 5317 -392 7395 -9563 -776 -4514 -1087 -8754 2693 5869 -91 2010 2864 -2248 -1903 6229 -5527 5600 4802 -694 -5347 7934 -8407 -2975 4141 7293 4183 -688 -9350 -2852 8128 -8552 8426 6869 5123 8327 -6076 -897 -2023 -1129 -1854 -6784 -6191 7489 1021 -948 8930 9113 -3841 -6208 8273 -7900 -3678 -2081 8351 -6935 6042 5769 -3822 -353 -4218 8704 2446 -7072 -7562 -5519 5123 -6526 -8179 594 -3567 -6390 3704 -3261 139 8064 -3261 4387 -3809 -1761 4288 -9601 6394 408 -5423 9681 5055 5090 -3861 -4405 6928 5692 8071
7303 8439 4644 -3721 8796 -4028 7740 -5102 -1590 -2482 -8487 1454 -512 -7438 6914 7620 8358 -6772 8049 -3235 5711 5313 -8281 -8499 -2497 2240 -9856 1253 3732 -1418 -393 7120 -6243 3779 -2143 2540 -8130 -9407 6814 -4619 -9786 -6101 3453 6829 5988 -2107 5937 -6242 -2617 1487 -165 9609 -6778 -1267 2780 5268 1782 8998 -2196 -2377 3236 -1811 -5667 -2755 9994 -4286 7405 -9547 -9363 -2120 3216 -5772 -4384 8225 3432 -893 -4876 -1195 3604 -221 -2719 -5997 -2827 1262 861 -7039 -7094 9716 -332 1560 -3366 9774 8437 4311 1462 -5491 6224 -6897 -1915 -9951 -6440 -6017 9333 7514 -8641 2426
7605 -1795 -9434 1898 -4781 7413 8192 -3161 2631 -5760 9042 4409 3697 523 -6144 9850 2651 8521 -6331 -9462 3708 9215 9510 5295 -9674 2546 4689 2688 9315 2563 8909 -8012 6006 -2023 -9541 2779 1749 8323 2037 -8379 -7584 -1722 -5528 -3780 -5468 4274 -9409 8855 924 -8690 -5585 -8734 -9103 -8816 5701 5155 -8328 6335 4640 -1446 6643 9075 6761 -9895 -4214 -1124 1827 4400 -339 -2676 708 4549 -5063
-4095 1925 5537 -3225 -1065 7815 7788 5206 -774 8486 2541 -9804 -2231 -5388 -6163 -7995 1364 5178 -397 5222 -8888 -4068 3478 -5468 -1688 -7383 4384 -2188
3240 4524 8315 664 -7476 1112 -528 6595 -4265 -5878 -7535 4479 -6833 7165 -7608 -4403 4806 -5804 117 -5994 -5676 -1408 3381 -5830 3765 6731 2556 -7647 -6023 4589 7876 -5260 2847 -7170 5015 -7271 -3321 8052 4888 3668 -4614 -5073 275 -8127 -1521 -900 7456 7844 -8583 -8004 -3871 -9454 550 -4532 -6198 -6422 2383 5067 -9942 4783 2056 5747 -116 465 -266 8343 -9731 6190 -6059 3764 -3505 -6652 -115 -8398 -2978 1428 3765 1125 7607 -607 -5784 8132 206 -1459 4491 3312 7776 -91 -835 6778 -6387 -2899 5443 -510 -4351 4346 7645 -5544 1739 8381 1710 3099 7224 -7779 -1558 5187 6446 -8840 -8944 -8631 6218 6243 -4136 -7390 5199 -4401 -177 -4155 -7836 -71 756 -923 2037 -8345 -4493 -9612 -8931 5336 3060 -7953 4768 -4478 5757 -7794 4445 40 7885 -6352 3059 -7995 4694 -20 -1331
-6855 1550 2428 9082 -6956 -2909 -9512 2778 3488 -135 6303 3316 -5688 -7357 3040 -1980 809 3792 -1715 2707 -4526 -967 1406 -5177 3977 -3244 -9668 1183 -5831 -7964 -945 -4003 457 -867 -5127 6581 8468 6104 -4817 -6892 9904 3278 -266 6695 -3076 9414 8982 -47 -1850 -7074 -2275 5906 -3695 5175 -201 9682 8323 -8654 8082 3588 -3610 537 6507 2426 -3022 -544 5412 -3899 3286 9962 -9677 -1327 -4906 -8582 383 4301 -3577 7804 -127 -8062 -5820 -9234 2172 6837 2168 -9576 5598 2057 -114 -1184 -5741 8274 -7939 2300 -2968 2615 2737 3164 6153 -800 6265 2365 2029 -9880 -5712 2713 -2757 -593 24 1876 -1390 8599 6521 -9301 1541 -766 1120 -5793 -753 5451 -4097 -6538 2957 3611 -6844 -5397 -3250 -6345 2826 409 -3387 4909
7258 -9061 5673 -7477 329 5616 -7395 -1497 -4272 3713 -6151 3292 -3786 8735 592 1768 -6354 623 -172 -1706 6207 2757 2031 -5247 -5316 8676 4090 -1245 5035 -6608 1080 6275 4595 6121 5405 -1 3929 4996 1550 -3860 2365 -378 6541 7540 9849 2256 1468 7295 -2611 -7252 -7554 9737 4952 -7153
2051 2707 3206 5517 2368 3738 3122 -2154 1440 7504 8252 6655 -2586 -3933 3707 6014 499 1697 -4257 445 -9779 -7524 5407 -7883 -6102 7175 1017 4234 -8605 -4396 883 7541 -6741 5062 -4279 -949 -5683 672 -6733 3831 -8167 893 6593 3523 -4872 5248 -146 -6493 -1779 7633 592 -2701 -2279 -6060 -5069 7975 -8158 2520 9231 1310 6432 -6016 8905 3126 5499 7915 -4908 195 -5757 -6006 -8467 2567 -1248 -1562 7904 -7132 -7817 582 -9978 4880 5076 2614 -5929
8830 -1623 -3464 -9771 9071 -888 4277 -6676 -5958 -8947 -5549 -1204 -1723 8771 -2877 4565 664 7665 -258 -3471 -5357 5361 1831 8203 -3667 -5068 -963 -1005 2802 9066 4271 -3269 6335 8904 -9329 -4000 5639 -6581 -285 -409 -2770 383 -4129 2011 -2154 -4807 -7350 6952 -1894 4585 2758 -3449 -4795 6623 -8631 9498 8851 -368 -4872 -8584 -7123 204 2826 -4286 3460 2563 4053 -5400 8788 -3995 -750 4211 5729 -4910 -973 4042 1798 6145 -2488 5172 -567 -763 -3519 8402 675 7872 7046 -6204 343 -469 -4969 -9452 -7149 7441 7457 -8370 4886 3516 2834 3232 243 6226 2679 -408 -9419 4777 116 6258 3045 4882 -7415 613 -1954 321 4403 -8207 -7498 2725 5687 -9305 -6209 7489
-8972 7114 -3000 1174 4064 -8415 -6563 3921 -3281 5350 2589 -3870 -9122 7046 6605 -5378 162 -7412 -5797 6871 4157 -9038 7630 7567 -1402 6262 1348 4299 4726 -1039 9712 -9808 6840 6198 2632 9900 -9798 4210 3824 -5431 -6901
8427 -3105 -3119 -6461 -469 -6742 -6593 -7435 -6663 4169 9941 -7853 -6181 6533 2484 401 4566 -4213 4934 6490 1091 -9349 -6615 5995 -3809 1651 -3294 1821 -1492 2471 -9503 -5432 -8652 -1486 -9587 -9334 -5569 6435 281 7199
4861 -5056 -2788 -115 -1567 -5609 4920 5903 7917
5683 8189 -4947 2035 2442 4130 2765 -9003 2850 -4529 9637 3997 -9535 -3215 -2562 -5450 662 -4665 2794 -6817 7024 -9812 4402 -7405 -2058 9797 2642 -2334 3456 -9056 8310 -374 4819 8120 37 -8715 -4465 -1875 6903 -5805 -3754 6789 -1427 -2566 -6459 9107 6643 -8853 9854 -9826 3340 2492 -8359 -1385 2897 8908 2112 -1843 7735 8572 5705 5556 3617 -9600 6327 5644 7684 -6597 -1338 7815 -5481 -6208 3277 1593 3445 -8628 6391 -1323 5554 -7227 3178 2330 -8166 4279 -7712 -9182 -5963 -662 8469 4297 -8424 -9393 7239 2731 3163 -7527 -4830 7029 6028 9140 6854 124 -5110 -1732 -9760 7264 -3280 4963 4170 3416 9941 -8422 -5802 -2043 5681 2231 -5060 7632 -3049 -9627 5133 5206 1261 9804 3938 -4496 -7797 -6415
-371 -5734 -8247 5180 5553 1209 3432 -309 2956 -54 3993 -534 -4908 -1690 3462 -7956 -3904 6822 -19 3022 5001 -5862 9819 -91 5919 7931 8743 6774 -4009 4151 -8896 -2840 -6145 2864 7457 -9648 -862 -6729 -7286 -4361 -6518 8979 -6492 5484 9183 1529 -6531 -3840 -2275 8221 -6562 3503 -8168 -391 -6935 4551 8894 9586 4307 -9740 7391 -5931 -4606 6995 -4964 -7888 354 6783 5477 -8853 830 9662 6482
-4733 -4584 -282 -2779 -6155 -6137 8519 -7623 -5098 -2229 -9890 2 -1128 7913 -8641 5275 -9592 4287 1331 -2536 7929 -7512 -2111 1247 6158 2555 -3305 8252 8120 5983 -8584 -2484 4601 -6868 9182 6798 -5247 -5980 -6944 4197 -9661 -7568 -7294 -9118 -5632 -2437 382 -5773 -7750 986 -8008 6487 -4776 -5883 3274 8358 -7673 -2690 8042 -5070 -1854 -5717 -6498 2718 1174 -1628 -3221 -7933 -1560 -5511 -1399 -7340 -9618 -6128 -2053 1554 4342 -7690 5233 6668 2002 8257 -7461 -5215 -4080 -5275 385 3622 -8015 5790 736 -6727 -9700 7027 -7607 -1334 -1647 -4621 -8132 9609 4533 4635 -1444 -7537 924 6064 -1489 -5779 -8513 -6515 -5752 1016 9060 2875 3963 -9276 5398 -2221 -9645 2961 4759 -2947 1088 -3973 1180 8006 842 3747 -3980 2305 3186 7467 -5091 -3487 104 -1914 -6087 2532 -1017 -4967 -6889 4728 -4209 -9012 9273 7485 5290 -2756 -805 -9089 -9350 -8658 -5431 -8806 1203 1942 -7828 -6070 -7514 -5266 -9736 -955 9553 1504 4491 -232 -3921 1794 -6908 3535 -6532 9911 3753
3797 7789 1544 -1588 9461 -3488 -3481 -8026 -9385 -9606 7354 7829 1171 -9639 4978 -767 6202 2430 -7671 -4065
2386 4468 -1490 585 568 -4760 2924 2611 6479 7450 -1112 -7425 1950 9847 -191 -7325 5432 1687 5599 6823 -6762 -509 -2327 -2107 -4415 2397 5889 -3057 -1968 5617 -4853 -4078 4157 -6004 6486 940 -7198 1338 -2925 -6771 8438 -5091 -5779 3473 2952 -9547 9350 -1315 -4021 8656 -3935 117 -73 9641 -2031 -6990 6795 19 -9400 -2303 -5706 -8418 7544 -1676 -59 7632 -2197 -7969 -7829 -57 -8853 -6222 8099 -1876 8673 -3721 -3141 1466 -5349 -5494 3784 -2772 3608 4225 303 -6840 -4477 -8154 6699 8609 1029 8994 -4927 8747 -184 5660 -1946 1396 -9408 1009 1604 4911 5094 -4111 3134 -9731 -6784 3060 -4333 5231 -5336 -8812 208 -961 -6885 -8330 1810 6613 -7151 198 6402 -858 3428 -950 3426 6800 4638 -6873 9362 -2989 3637 3332 -7171 -5985 -341 9330 -79 -8607 -5808 -2301 -778 -4157 -8998 5906 -5937 -173 8218 -1165 -2092 1118 7802 4199 9887 7044 2039 -6564 2692 -9470 -5956 7843 -8675 -4278 -1528 5746 3675 -1809 9441
-1514 -192 9080 9329 3510 -9544 3486 -1969 -6201 486 5857 -6934 -3106 8776 -2504 -8077 -5946 3828 -8468 6814 7918 -4152 4460 -846 5726 -7870 -3071 -9592 -7228 5016 9974 -79 2854 3978 3609 -5204 4523 9840 6629 -4522 8555 4943 1392 -683 8182 4110 -2793 -8814 3020 2205 2559 3236 -2992 -1792 -6092 780 7816 -3995 245 3816 -8125 4187 8511 6228
8763 3261 -4115 -7920 4847 -7981 1197 -270 -6031 -903 6693 6587 1569 -9030 -4180 -8566 -6245 2814 2995 -814 7968 4848 9498 -1309 -3035 8087 -4549 -8904 5535 -7906 -9433 -2405 4914 6693 8064 -66 54 -6636 8468 -996 -3973 -3807 8845 3149 556 6858 -10000 5252 -4466 -5856 -7003 4291 7360 8166 4139 6647 -1191 3152 388 4267 2711 54 -2275 -5376 -3883 8800 3887 -4076 -1743 -8006 -9871 -9408 -2858 -4664 -5002 -229 -2539 -1709 -5748 -4520 4616 8308 -8827 3053 -7167 42 -7640 7398 6410 -6651 364 1382 6163 -3002 -338 6921 6286 4071 -5189 -3647 8479 5978 5409 608 8092 4284 -4899 8669 6992 5824 3324 -252 -7188 -9007 3767 9553 -5792 7994 6924 4609 -4074 -5815 -7318 3922 -1279 -9760 -7295 -1698 -4065 6912 6133 -8961
7820
-4425 -5200 -1217 7641 -7265 921 9742 -8617 -1538 9194 5903 -235 6179 9365 -4190 483 7216 1883 -1862 -993 -4028 6595 9175 5248 6423 5913
7327 -6633 8173 -7787 -8026 -4917 -567 -4073 -3875 9608 8410 5759 -274 2780 9221 -9782
5469 6224 -2678 -3486 5281 -7697 2565 6470 -7756 -6836 3319 2719 -347 8407 -9102 -5329 5502 5317 3405 -5628 -4178 -2090 -4637 -5903 -6990 -377 -1769 1309 9514 -6839 -6467 -7118 -8994 -6948 -1133 5276 426 -4894 2022 2652 3080 5090 3414 -1863 3571 -4654 3066 -1202 1075 -8542 6185 -9096 -6254 -9424 2831 -9749 2076 2474 -5287 -5280 -9201 -6636
5306 660 2078 6541 -9646 889 7251 -6868 7066 4494 -6719 -22 -5612 -408 -9685 2009 -427 6717 1020 -7366 -94 -1131 -8683 2520 2975 -790 8855 2066 -2429 -8352 -9113 9410 -7071 3169 3415 5429 -9481 5007 -6522 1680 -6047 -8112 -1677 -6927 8793 2045 -8781 5879 7356 4039 8465 -8765 3834 8642 -1176 -6884 5519 -1360 -3640 -966 -9666 245 -2665 -5076 -9922 1196 6917 1736 1836 -816 -4460 9860 9751 2115 -6333 -7092 2316 4144 2749 4434 -1384 7760 -1907 6576 -2225 9934 9841 4166 -477 7080 3114 -6387 5468 -2459 -2921 -8932 100 -1731 -5382 2167 -5461 6827 -5592 517 5386 5354 -7387 -7821 1101 -9363 -5330 -5946 -2151 1500 5058 8955 7485 1061 2313 8858 -6493 8602 9308 -2738 -9045 -2236 -2773 -3222 4928 -4509 -2599 -5013 -5783 -2443 -1072 5830 3114 -971 5506 5165 -6998 150 8981 -5239 -4197 -5666 3678 2194 3839 -8677 3400 1475 4686 5180 4176 -8097 -7352 3568 4256 358 -1313 -1699
4633 -9543 -1521 -4398 -6598 -3304 8149 161 -6200 -3570 -4566 9085 3383 7964 9059 -6698 -2852 4503 4894 -8463 5107 6018 1733 8817 3580 -7216 8543 3998 5429 1033 4978 -2166 4143 7372 1149 4615 5401 6050 -7710 406 7620 -6502 -4843 2699 4178 -340 7472 3809 1760 -1096 1016 7880 9028 -6161 -5109 9116 4027 -3027 2046 2912 4471 2878 6524 5544 -3548 6759 9653 -9655 -8045 -6960 2274 -7853 -9035 -2418 9046 -4957 -1662 -2585 -7416 -9254 -6599 -5650 444 7629 8246 -3241 -3971 9094 5448 -2038 3190 -1491 1685 -9871 1824 9586 3135 6021 8510 -8292 4053 -7666 549 -9314 3735 8072 -6932 -1687 -2140 -2512 6063 -7986 -1043 -3577 848 4801 3264 398 8749 -2700 3121 1128 9250 4093 -1317 8027 -3424 -3498 1589 -7338 -5476 -7934 8534 -7470 -4050 8386 -6576 -7184 8386 2504 -3952 3797 753 -1402 42 5965 -4451 -1587 -3875 1840 9077 -3197 5531 9813
-6325 -1415 1340 -6414 -1445 -3739 -1202 -7037 6517 -5724 439 1887 969 -8847 -8228 3724 -9439 7643 -9114 -7931 -8036 3743 -1422 -7627 -3175 2040 9742 -7122 620 -7972 5882 -6447 4149 4610 756 -1056 -3748 -9191 1302 6868 1503 -5750 -986 -6831 -3199 5011 5936 487 -6142 -6336 -7642 -8783 -9849 2729 32 -1142 2854 5069 -2353 -3624 -2641 -5286 1906 -880 7301 2965 -5926 -1679
-4572 5510 6519 4692 3811 3106 6894 -3125 7826 -496 -3880 -5853 949 9897 3471 -3129 3834 -952 -7472 -7300 -9744 5074 7651 9521 -6357 7106 9765 1306 -6897 2977 2298 4501 5161 -7572 -6863 9285 -8400 -5360 -9893 6134 -3038 5347 6636 6642 -233 838 -8900 9364 4248 -7464 1625 5250 9196 428 -7087 9669 -5658 3037 -3320 2623 -4960 -1420 -1595 6099 2763 -8981 -181 -8628 9210 -4185 -4718 -8449 -4391 1865 4779 -1869 -4909 -4996 -3230 4702 1425 -5674 -731 1221 2062 -2355 7473 -6016 -7488 -4872 -3893 9128 -5715 -1330 -3576 2633 1380
-8082 8672 -8012 -6354 6791 4110 5496 -5970 662 -5319 4839 -1480 -9034 8778 -6616 -8789 -8309 5848 4879 4219 -8586 -2773 -3367 1177 -9519 947 -9340 -2131 9238 -2049 -3949 -4989 4831 -6509 8622 4051 9530 -6370 -3771 -8674 1596 1093 5520 79 5203 281 8966 6592 5664 5348 5401 -9106 -5545 8781 7917 7593 -2721 3521 5216 -696 -2495 5504
-8062 -3116 90 -1534 -3111 -9406 7767 8752 -8841 -2766 -7172 -813 -3381 -1309 -379 1017 -6741 -2664 -5125 8831 7572 -7922 5000 -9781 -3998 -2737 312 -6943 975 -1048 7630 2287 2447 7166 -6285 5762 -258 -138 -6514 8066 290 4407 -4956 7032 -8927 8800 -8291 8329 8093 -7350 3247 -2188 3419 -2229 4551 2826 8291 -948 -8084 2969 1864 -7659 -4148 2675 5027 -4678 7986 -1780 7493 -2138 8885 -4387 -9155 5059 4830 -489 -515 -1022 5610 -3051 9733 5245 -4783 5145 -8933 7215 -2449 -3775 7324 2257 -7212 -2520 768 9819 -3958 5442 1933 -6742 -6623 -2840 9533 6465 -3175 7262 -2124 9982 1713 -5594 -3103 3681 -2370 -10000 -9426 3854 2691 5758 -951 -7707 -24 4624 6762 1533 4311 -9128 -8613 -5285 2480 -6419 7265 -3289 9084 8636 -6386 5315 -849 7081 9605 -1893 -6385 -9219 1182 2429 7955 -9183 -9921 -8965 4168 -7871 -6760 3531 -9072 -2842 -9646 9536 3565 7098 -9573 3481 2112 5296 6671 -8548 -1840 1644 -5921 1471 -7700 -1760 -7827 5307 2408 -3464 7665 -5888 -4915 -4801 3431 148
-7384 3691 -278 -2334 9595 -7003 -5233 1586 9832 -5076 2255 9134 9831 -2005 -2166
4882 9349 2324 -5399 -5425 -5819 -9316 -4883 6559 -8968
-5047 -8857 2326 1918 -4455 -1433 -770 1161 8728 3707 4865 -1943 -42 9349 -1325 418 9261 3539 9975 -7750 6156 1956 -2806 1653 -6486 -5707 -6474 -3859 -3241 -5085 -221 -1076 1433 66 -6424 -8414 -5580 -531 3135 -7643 9197 5638 -9174 -5815 -4427 -326 3665 -5449 3333 -1514 1405 7277 7816 -5239 -8618 -6295 -477 -8179 -1397 -7350 3449 -1538 -7447 -1324 4864 -8720 6356 5233 -7654 -9966 6289 -1338 -3764 9342 -3389 9746 1832 7714 533 -5216 1866 -4844 -593 -6051 -4604 -9554 -6791 3485 6921 -4355 -1115 -7370 2929 -6834 3252 -7694 -7290 9662 8046 -2345 -1745 6143 768 6949 -8576 -4985 1111 9680 -7405 7137 3215 5172 -7074 3725 5508 8776 7658 7251 960 3590 1478 5489 -3717 6037 -4397 -5075 -4742 9388 2214 -953 1461 5562 3997 -1294 -9023 -5849 4449 7893 -5815 -6254 9107 -5992 -5145 -305 -3179 3576 2938 4198 -6065 9952 1634 -4429
-6045 5817 2957 2298 3499 -4832 -2221 9447 6334 -8595 -5652

8254 3879 -5458 -9484 6515 -5233 8822 -6181 -5792 1309 3430 -9639 -1691 3412 -7009 6765 -2783 -2713 1124 -5679 6773 -7708 6844 5065 -3785 -2028 5301 7255 5546 -6941 -5212 6575 -7719 -9842 7999 -4652 -2896 1501 -1806 -9682 4218 -1325 9376 -4199 -4799 9306 -4756 1195 -1662 -4970 7398 -9141 2714 5654 -9243 2481 -7544 -9915 1724 2622 -6885 -7638 -9058 -6675 -535 5403 -3367 -3707 -4301 -4238 2451 5151 8664 4201 -3579 2742 -846 -6052 7065 7322 4560 8959 -7389 -4455 5712 -8123 -7633 -2985 3032 -4842 4496 -6356 -9436 1649 -2272 6685 7456 2979 -3493 -7262
-9509 -6810 -8357 8477 -8441 -7156 5772 60 7276 1324 -6823 771 -7759 -8156 1447 -5337 1971 -6968 8851 -5650 4644 -8779 -3668 8023 -4733 -8859 1552 1181 1427 8032 1676 -2249 -2936 2861 -3296 -7049 635 -3046 4783 -2016 -3429 8359 -5378 -722 -5439 -9494 -3905 -3904 -4266 1893 -2798 -6888 -4347 8380 -1811 -5333 5173 -8136 6504 1590 5055 -4940 -9551 -9911 -6482 -4180 -7927 8407 -1500 7826 -3007 -7598 -796 8555 -3783 -9262 5489 5984 3486 26 -3037 -3761 5361 -1643 -1111 -2980 -5368 2342 -439 -3958 9960 -4933 -7063 -7187 8741 -7294 4522 2525 -4509 -3247 -6480 3116 2665 -726 -384 9776 -6321 -7900 6563 6912 425 -2153 -3280 6064 5555 3034 2634 9890 8045
2855 3810 8927 -2975 2598 -9054 -4624 -8664 -4981 -6287 -3592 -8232 3924 -4750 8533 3085 4001 7911 9039 8389 343 7951 8639 8055 4775 -2613 2215 -5941 -1796 2889 -7700 5707 -8259 -1739 8081 8697 4724 7343 -4146 -1833 6902 5210 -235 333 -420 9656 -247 -7143 -66 1457 5926 5032 1539 7300 8421 3846 -5402 3592 -2066 7061 -7935 -9920 -1632 -3430 -9064 -4104 -7103 6028 649 9627 -7653 3666 -5773 -6496 9241 7406 9017 -7610 -3644 9588 -6432 -1847 6982 -7456 -7346 -7116 1214 -3309 -2812 7776 -5080 -6275 4852 -3960 8685 -6729 3082 4166 3724 9776 4079 1657 -8461 8946 -9165 -1148 9303 1013 -1172 -2301 5096 -7901 9569 236 -2390 1079 980 -8767 -603 9822 2018 -2338 2915 1631 2551 7564 -5085 -8505 7910 8781 3160 967
4022 -2819 -6292 -4637 -8931 9184 -7940 -8056 9290 202 -5996 -4940 7283 -2199 5233 4233 -2203 -2426 3924 -6283 15 9982 438 9300 -5244 -2941 8834 -3053 -5266 4351 9009 -3483 6036 890 7147 -6546 -3933 5851 -8731 -9841 2052 8815 4413 -5157 -2695 -1945 9624 -2944 9567 -442 708 6744 -277 4285 5209 9265 5409 -8347 -7270 2503 8291 -9663 -413 4507 -2965 -131 7317 2896 -7585 8491 6320 -2553 -8593 -9191 1617 8562 -950 -1675 3202 -4093 -6775 -7531 -67 -5756 2750 5396 3244 1540 -6476 9387 8730 5062 3982 -8258 7099 -4300 -8973 7636 231 -3694 -9605 -7719 -1726 -9000
-5987 -1071 -9109 -1245 611 2325 2115 -2969 -3001 2569 4081 3721 -7970 4714 -2817 -4007 -2781 6707 -239 -5164 3031 -6236 -3716 2954 4504 -2176 -1508 -1536 -9285 4628 -5387 -8887 -215 -5930 6034 7816 3295 -3544 2830 -539 -4399 4341 5217 8586
-7045 2160 3290 2365 4699 2073 9994 -287 -1000 521 -5413 4136 -165 -8524 -1747 -4425 2218 2360 5571 -6739 -915 9113 1923 7956 6115 8101 3352 -1822 4646 7779 9862 3789 7954 2300 -3856 -9470 -5630 2615 707 167 7434 7618 -2919 229 -5138 6609 -7248 3477 9238 1692 7899 -1489 -2230 7123 894 9335 2467 -3815 6934 1038 6030 2938 1963 5509 9811 -1244 -1764 2235 2494 -7321 7358 -1294 1497 9156 -1294 9464 -2987 3422 -9296 1344 -5829 9018 8645 8899 -1138 8150 8690 2295 -2808 -9999 -9909 -5632 6782 -7012 7849 4775 -6213 7660 -3623 -2407 8829 3573 -8874 6871 1760 781 -4843 8489 6223 2245 935 -4484 -6616 2782 -6156 6445 6691 -9937 -349 8614
-5372 6164 -465 -3176 6137 -147 -8598 -6576 533 -5993 -2599 6578 6799 3482 2200 1000 9131 9405 -2761 -1330 -2066 -586 -7210 5135 4036 2922 -8485 5572 -2999 125 9303 9939 -6177 -8798 -1198 -6188 -4208 -2912 7265 -8559 2583 -914 -4798 880 -6606 9192 4078 -7212 327 -4297 5062 -4548 -8182 -8383 -1704 -4788 6087 7835 3551 -594 -9531 -5578 7712 -8000 -9881 -9645 8513 5828 -4726 -5823 2988 -4638 -3351 4232 -5383 881 7825 7584 -9068 -8104 8228 4384 4746 -5706 1752 8354 7217 4034 6802 -8197 -9031 -1196 -9357 -3739 1225 -8923 1261 -6010 -8883 4004 255 7018 -888 2380 -1565 -7383 6356 -3160 4971 8462 -2614 1096 9872 798 -8827 -8850 -5564 -3959 -1827 -2747 -3881 -9540
-166 3765 8122 -2105 -5647 -3374 9294 914 -4483 -2501 -9319 345 4989 -5920 -9477 -3710 -7749 -3421 -4187 -2086 -5176 1154 7722 4828 2201 -8601 -4010 -5694 3048 6669 -5310 3366 1455 543 -1892 -9436 -7861 9607 -1494 -7364 2145 -3346 -2592 332 8814 -1500 2461 865 6986 -2426 -6512 4859 210 5097 -6784 121 8094 -7545 -4958 2021 -1358 -7073 -2549 6495 -5715 -9267 -5977 2763 4737 5979 4104 9119 -4105 -7198 -9741
9705 340 5127 3617 -9074 2067 2606 -1156 8422 -9659 6041 743 5107 7433 260 -3236 -8116 4645 -8298 7575 4217 -2986 -8095 -6294 -2109 -5447 -6969 -9241 3355 -9969 9097 4015 2856 9296 8533 5416 8974 -5501 -7283 4829 -6992 -531 9174 6385 3231 3928 -8626 6905 811 5699 1546 3641 -9551 -6275 -3583 3640 7537 9564 -1523
9970 3931 -6149 1884 8362 -6803 -8829 -6204 7770 3732 -8656 -5679 -8889 -8590 -1307 9906 -6562 531 -3591 5727 -5020 1501 -1362 7275 -982 -5843 7199 -6479 1483 9162 -1403 -1119 -7372 -2118 -4940 7446 9916 -4812 -8617 370 9611 1419 -908 -4052 -7784 3656 6744 9442 1313 2596 -9812 -1188 -3631 -4809 -2812 -9544 6018 -1021 1652 -9991 4051 -8682 5771 -888 -2716 -3754 831 5173 -1491 3325 -809 -8783 -5278 -3250 264 -1169 -4581 1675 9172 -108 -9124 7422 8290 4551 -8049 -5020 -6452 638 4016 3710 6922 -4856 9564 5582 -1728 613 5771 9084 -1688 106 5051 -5219 5929 -7062 -4311 -310 -6903 -2711 -1148 3776 651 9753 632 -7382 9004 2375 9126 -7882 -3241 7006 5148 3635 -6659 -129 -1273 70 7187 -8278 -5988 -6222 -5926 7945 2679 -5697 38 -3880 4610 9995 -9527 450 4148 -4316 5590 9664 3262 -4271 -3059 6605 7688 5147 6833 8762 8540 4217 8223 -4967 7043 -6612 2627 -7224 7280 -2563 2805 478 -3033 -8569 29 -7836 1795 -9268
-6670 8704 -4396 -9130 4528 9771 5877 9368 5737 -945 5171 5103 442 -8820 4616 1773 5370 -4435 3859 -428 -3491 7045 -1744 3792 -2599 -8102 4945 4669 -9509 9686 -242 -9618 5571 -218 -7973 9381 -1010 -4975 9799 -7414 142 -5189 -9115 -2007 -6266 7547 -1463 -5812 -9052 -3907 9430 1508 -2486 -2669 3935 5172 -6199 152 147 -1487 -8445 9774 -4001 -6247 8274 5135 6951 -4211 8541 4535 -8041 -2678 9656 -2445 -419 -2479 -677 5153 -9854 -9402 -8708 -6553 -4468 -937 -9622 6894 -4944 3207 -5040 9020 9863 5812 7304 -6287 4609 -8367 6359 -6132 -1768 -5879 7426 -4404 81 -4355 215 -2161 5685 9235 -3123 -5507 7928 -5760 -9966 7949 -3288 -7801 -8352 9004 1690 1343 -6720 5530 -9502 -106 -3779
-4790 4028 2733 -6610 4284 2009 8061 -9628 -8453 -6770 -4236 -8632 7419 -6884 -2143 5195 -2091 3039 9600 3557 5722 2720 -1595 7393 6174 -4561 3582 5613 -5143 -8123 5559 -6867 -8308 675 1095 6897 2916 4210 -4708 7247 -511 -3766 6765 -2132 -5284 -329 -1650 9709 -5080 1028 4036 3337 -272 4724 9372 8269 -1696 4313 9764
8566 -4420 -8274 -9638 -5717 -9774 4642 -6680 -830 10000 -4415 -1559 -2033 -1546 9634 -8343 5292 6617 -8353 440 -3826 6098 8247 -4912 5227 9795 -5891 -8421 -2127 9067 9740 899 -7164 -7555 -7584 4309 -7120 9757 -6337 4905 1983 -1106 9119 -3457 -1312 -3945 -2693 3443 -3088 -7926 -2081 9539 -1854 4065 -8717 6051 5330 -5232 2180 -4201 -977 6264 -8041 -7945 4095 -603 7338 4061 -4825 -4177 -7398 -5808 4034 3365 -7387 1145 1055 7708 -2090 9041 6135 253 1004 6980 8059 -2155 8312 1119 1019 1295 983 -57 506 -4612 -6525 3247 -3847 -174 -490 9690 9202 1173 -5611 -7828 7966 1781 2170 -1180 6882 4595 -3189 -5965 -7201 4623 -2589 6846 -8348 -4476 -7227 9785 4011
-3691 -8880 -9952 -7577 9954 9261 4570 2598 5737 6811 3390 -3538 -3135 4340 -3925 -6641 9248 9312 -4117 -8832 -9844 8958 -1486 -4845 2643 -1143 5029 8721 2114 -1062 3393 -8146 -9593 8803 -2641 -2381 9570 -577 -5140 -7059 -5429 6230 -3368 2218 -7498 -210 -8831 896 -3294 -3008 9264 2633 2105 2173 8070 5633 9079 3441 -1152 -9048 6756 -6362 -1257 769 9769 7412 4062 3164 9082 -5104 2530 -8659 -8781 4666 -5626 -5648 2594 -8263 7783 7171 3930 5723 4642 4952 1582 -3292 8924 -918 1989 2592 -3978 -5894 4100 3691 -6954 -4322 -1527 6417 8490 981 2524 -1264 5164 -2951 8105 -1833 -1842 9687 9442 -5676 8347 1921 8504 4923 2771 1622 -7872 -117 2718 -7020 7361 -2084 -3391 -9485 -1591 -3515 -446 3913 4682 -7809 2481 -4048 1693 8259 1673 -1303 3830 5302 5257 7881 -1308 3465 4070 2460 -8272 -2785 -2491
-7857 -4356 95 -6469 8664 2825 -3846 -8158 978 -4953 -5308 -9383 7292 3307 3101 -2766 -4403 -4601 -8818 4587 -8709 499 5572 2433 -762 1993 4427 9131 -6128 -1860 8852 1369
-9837 6826 -4594 -1165 1822 7116 -6292 2351 6396 -8007 9085 7163 -1303 5200 -3039 3196 1478 5379 -5581 -8540 -8630 -1599 5047 4301 5567 -499 1457 -1597 688 -2199 762 2857 6691 -7427 4779 -3818 -884 2456
3861 -8811 -6766 8033 6706 -7615 7537 8832 4472 2391 9608 -468 -3277 9321 -5383 711 -8015 2334 6559 2018 7650 -6142 3698 -3273 -5402 -8294 -3416 -1279 -6875 6878 6638 -1542 -776 -7094 -7589 -7364 -7536 -5478 1509 -4541 -1046 402 8207 2552 6131 888 3740 -8042 -6349 -6470 2096 -7074 -5118 -3257 8543 -5750 -6618 463 -1399 3064 -8804 -3812 5283 -8465 -3981 -4451 -7181 9222 5888 5434 670 -4783 8478 -8728 9308 -738 -9953 -4624 -9194 8815 8699 6429 3207 8680 3086 -2473 3429 -5341 -4830 -6331 8470 -5899 8410 4110 157 3850 8385 7285 1533 182 -4228 8075 1146 -1648 1660 -2163 8457 9218 6412 -73 7115 5959 2147 -1433 6059 5767 2038 -981 3618
853 -443 84 3559 8117 -8284 -2511 -8827 7512 4031 -6332 1741 -1778 7269 -755 2468 805 9114 7016 -1981 -9742 4492 -4782 -9007 8391 -9927 2105 -1104 6044 -491 -9902 -8899 -2093 -2005 -9475 -917 9043 5108 -9155 4073 -3719 -242 7415 6891 5455 -6382 -7671 4966 6388 -6061 453 -2727 -9982 6544 8036 838 1081 -9094 4782 -7002 7455 -6001 -2851 -4345 2621 -2116 3257 -5307 4120 3770 7192 4837 1758 -2570 -299 -3596 -5538 9923
-6114 -6664 1523 8726 -1494 4200 4885 3061 -6428 -7865 6528 5069 -3462
-7142 -7166 -5826 9878 -7645 5743 9657 -918 3861 -9306 5500 193 785 9326 -6517 5571 -9634 -1085 2469 -4892 -2386 8933 -2430 -6901 7347 8295 8802 -7116 1472 -337 -8753 3367 -4077 5900 -2112 -9484 2725 -4512 7054 -8888 171 -3568 -7034 3147 -7754 -5383 8896 -5838 -7931 -7674 7202 5039 -9110 6640 -435 -9829
-7009 5109 6876 7152 -8293 -7699 -7677 5801 -9736 -5332 8313 6818 -5272 5453 7335 2178 8325 -7347 -8919 6599 -4551 2688 -5079 -9753 -762 555
-1131 -8579 4688 -1967 -2227 5192 2469 -3292 -880 3764 7534 -7117 -2536 -8276 1269 -8845 6073 -6831 -1579 -6707 -5374 4372 861 -4222 -7013 -9012 4992 -911 -4517 -8040 -7694 1825 3311 9163 -6297 -6286 1209 -6327 -830 6915 -3622 5907 3654 -8181 490 2645 -4635 -4889 2611 4252 -3137 -3533 -6302 1734 -2652 -8117 -7870 8995 4704 8421 -3941 -6600 6033 8568 2466 8260 6585 -5678 535 5865 -8718 -7176 -5121 4762 -89 7404 1409 1613 640 -7813 9747 5950 -1119 -1298 -1578 -7537 1865 -8834 3290 -4845 -1586 -7947 -8571 2608 1611 6652 4108 1166 8260 -8859 -7441 7658 5090 -4143 -7088 -5310 8623 3796 6768 1210 6131 -3156 1968 -3974 1676 4638 -650 -8311 -6180 2197 -8875 -2343 7408 8313 -1132 -6388 7964 6667 4130 -8518 3550 -2412 -5941 -1749 -640 9336 1352 3589 9515 -74
-5487 5924 -7013 789 -5551 6934 5304 -514 -2810 -4824 -4076 8189 2973 -2354 8337 -4485 -7272 -427 -7344 6069 4645 -7328 396 4607 4966 -7784 4734 -4265 -5286 -8161 1549 6441 -5768 -4001 9573 3786 3088 -2883 -6515 -1688 -1242 5634 6 -9248 6585 -286 389 7330 -6193 79 -4195 1642 -3061 -6998 -7248 -3443 -1265 -5673 9474 1157 -2149 5481 3190 -6376 1738 6563 3606 -9873 1639 -3194 636 -4673 -9588 -9256 -816 9972 6225 7286 -6948 9762 -9175 -867 3834 -8806 1391 8270 8183 6152 -65 7779 -4357 1531 -6427 1270 4429 5748 726 606 -7487 -2275 -9212 7 -6109 -9749 -8572 5101 1138 -7832 6382 3475 3816 3765 9322 5664 -2925 -3488 -7073 9946 5756 6320 -7406 8256 9950 -8883 -8139 -883 -657 -3770 9814 -8278 4619 232 57 8344 -2477 7763 8580 -1738 2315 -309 7941 -6093 -7775 -3025 7189 -6251 1628 8635 2018 8168 853 6416 -4306 -6196 3806 -386 6970 2861 8940 5363
-1505 -4494 -1126 -4585 7848 9208 -9552 5489 1559 3882 2429 -3602 -8169 7131 407 7436 -5587 1500 1079 3478 8365 4160 -9780 7691 849 924 -3381 -429 -4936 -3692 1116 1985 753 -3939 1522 5228 -8080
-9009 -8397 -5026 -3710 -565 -1586 -2592 -9110 -17 5988 -3019 -8960 -6691 423 -1943 6670 7282 591 6642 4943 -2608 -4279 -5278 -1136 -1046 6114 -8445 -6528 -2440 -7715 5535 2497 9836 -1916 -3457 5485 -1546 -3064 387 -6526 3622 5771 -8608 8365 9335 9595 -6807 -3337 3534 -8284 -5085 -8776 5751 9723 -9033 9693 5847 -9087 2451 2880 -4636 -3682 6276 8696 9212 1734 -9182 2496 -5343 7525 -7645 -4473 -3074 7703 -2187 -7538 -5138 7556 612 -6536 -7 3269 6284 2079 -55 -5256 -6918 -2982 -7787 -7727 5189 8176 -5224 8865 -2403 -2700 3712 -7092 9688 5175 3527 -9529 7632 4457 8912 -6210 -9269 6139 7730 6924 -6562 -9000 8758 -6449 -768 -4330 4985 5636 4261 4868 -4980 7129 -5560 -2372 -4958 311 -1715 -500 4493 4268 6700 -37 1486 8504 -8277
-2666 -8399 8396 7762 1809 -8715 5115 -7373 983 6362 463 7725 8156 8549 1810 -8445 1590 6243 2145 2493 -5900 -8873 -9391 4906 9948 -7888 -3817 -9042 3091 -2450 -3792
-9848 -3482 7740 1432 -4584 2852 123 7384 -2399 636 -3025 -6632 -6184 8910 4747 -1161 3892 9496 -2032 -5933 -3443 -3576 -7707 -2022 8319 665 -5807 -7633 -647 7007 -9228 -612 -2306 -1017 1032 3470 9011 -3300 2629 -3004 4512 -8860 -3191 9072 6388 2222 6937 3999 2369 724 6885 6199 -2661 5638 6794 2292 1016 9101 8772 8664 -8697 -412 -9625 7639 -1597 -2855 -6622 8858 -186 -8788 2170 4354 7077 -5783 9923 1280 -5827 8465 -9464 4738 8814 -4186 504 -7545 -2494 7224 3216 8735 4881 -3537 7726 -7867 -4760 -5066 4108 1302 9512 -870 -9226 -3200 -2459 -9854 394 1534 1116 845 -5736 4450 9686 -5552 6439 8603 -9194 1887 3056 6167 3460 1493 -7280 -7588 -595 -2955 5089 -423 9743 -2178 9073 -1561 9493 8215 3381 -6753 -9886 286 -5152 -4196 -2874 -329 -7665 6941 -464 8930 4577 -655 2769 -3286 1656 -7416 1209 5061 5696 1454 5349 -5729 874 -1522 -3652 7278 -3008 158 -2331 4285
2960 -1608 -8128 6829 7 -2899 -5870 2281 3453 -8025 -3419 7498 7827 794 -2808 -3151 7859 2080
1927 -3548 8332 -501 -6585 8894 7408 -1541 -6861 -6046 7277 -6587 4455 -2185 1209 6389 4399 -6193 -3607 5963 7874 9720 -7634 -9900 1700 -3280 7984 -7893 203 4920 5943 -728 -7846 7238 -2225 -1629 9412 -981 -9288 873 -3530 -38 1309 -8275 9320 -9307 -9505 -1810 4608 1164
7762 -1779 -7017 -3058 3590 -8184 -5352 -8424 4604 2620 -6859 5023 -9533 3822 -8759 7621 6042 -735 3691 -3081 -8636 -4208 -569 9681 5212 -7586 -2066 7557 3783 -475 -5755 -4951 -8499 9757 1157 -1147 9186 -9265 -3380 -4321 -8530 -6991 7393 -9967 6295 -310 5769 -2874 -2371 -6372 8224 9784 -4738 1005 9528 -6102 -2116 3967 3496 1748 9006 -8961 -483 -6521 -8075 625 1395 3589 -7790 -2905 2791 -7900 9759 9969 -2558 -2946 6388 -847 1265 7573 9497 -1477 -3622 -8063
1230 8742 8751 -2534 -9473 -45 -397 -8463 -4573 -2561 -5883 9798 5620 -764 -8020 -7931 -8983 5039 119 6002 1635 5301 9875 -1847 3565 1820 -1390 -571 -8602 -2514 7157 -1916 -8698 -1325 3054 -4225 -5006 5135 8356 -7658 -4109 -402 -9980 9202 -5439 -379 2259 -1752 5800 885 8381 -7287 9141 -9778 3527 -7220 -7930 5938 -1080 5839 5699 -9511 -9959 5418 -2756 9791 -8211 -6044 1612 6486
-6842 2551 -2487 9980 -5607 9941 -9431 -818 2415 7543 -3003 5627 2985 246
-3840 -5702 -8653 1400 -9136 2709 -5857 3470 -5533 -4441 9526 -5621 -1769 6543 6835 -8076 9956 -9239 4427 8368 -1965 -6691 5678 -2358 -5161 -1973 -5805 -3450 3818 -3831 -3073 3213 7680 4591 1031 -1282 -8188 -6507 1145 -3020 -4754 -5357 -3865 8454 9192 1987 -6320 9102 8216 -3806 -1456 -7365 5786 9195 -5234 8207 5803 7416 1749 -4794 -8026 -5619 2801 -701 -523 9751 -6525 6201 2114 -2151
9870 -4926 4427 63 -4711 6833 9015 -4844 -6173 1426 2123 7498 -8203 -7627 -8191 -7173 3439 1209 8195 2439 -2439 6899 -4786 -8081 2299 -5289 6088 -3406 9146 2533 -5089 9260 2001 -941 5879 -9194 9064 -4552 -3417 -968 -7483 -6565 -155 4121 -5841 -5630 -8888 2197 1957 7168 7298 -5096 9887 -6958 -8024 -9791 5147 7986 -6549 -807 -4052 -2623 104 -9442 8619 -2265 8770 8190 2468 1443 7046 4255 -660 -4402 4813 60 -2691 -4846 7379 290 -3847 -1 -1398 -4533 -5873
8854 8588 7488 -3658 8706 8044 -2418 5374 -2663 2874 -5251 1242 -5474 -2065 557 8721 7261 401 1938 -8388 -4599 -1562 6953 -3396 -5015 -6730 3943 -2995 -7230 -3978 -4081 5366 -3555 -5563 2928 9683 -3756 -416 8709 3748 3735 -4733 9461 3748 -4307 -9622 7260 409 -584 -1939 -3415 7968 -3022 9773 -7102 1380 -256 2658 5023 -1048 -1041 -5069 7242 -6164 -7694 -4523 97 9373 -7335 7358 -267 3967 4027 6582 -621 -7148 4405 -2289 5150 -4632 9174 -3748 260 9255 3019 -2967 -7944 9458 8216 2058 551 4663 3136 7895 8144 751 9182 -7386 2773 8560 -9270 914 -9974 4021 5130 5811 -4566 4227 8817 6236 -2148 -7050 4197 -5118 -1255 5664 -1018 -9031 334 -2494 1578 -7436 -5710 902 -7833 -286 -3499 457 -3419 4974 1844 -7344
-1035 -2201 -6682 -9729 -8735 -2903 -6832 9367 9210 2412 7405 -147 4250 -4879 527 5660 -9160 -1873 8925 -5719 2319 2559 -6834 7603 -1429 9393 -5731 9375 9799 -6289 -7097 3479 -9882 4086 2225 7426 3322 -7871 9778 38 -9737 2341 -6746 -9985 6040 -9878 -6990 1463 43 9925 -902 1093 -4709 7106 4450 -1562 1320 9990 7165 2604 2872 1416 6628 -4076 9096 8026 -6367 -5965 -1912 6462 -3223 -5569 8899 -9133
-7112 -9271 114 -889 -2140 8031 -3436 -1941 -5198 3208 -4590 -8460 5246 5680 -5741 -5038 -1083 -1679 -7635 -1986 -3936 6897 4051 101 899 1604 7572 -8436 2256 2347 2716 -3793 -852 9251 -8109 -9137 6306 -4143 1406 1953 5356 7892 9007 -9646 -6135 8031 4677 -7520 -8066 4900 -5219 -2145 8291 1054 -7166 2028 8427 7311 -3047 6162 9907 -8733 -5496 -3864 2776 5628 4414 -2505 -6199 3258
-6396 9783 3399 2300 8057 -2999 3916 3391 8579 3007 2356 -9105 -9525 -2410 -7573 9415 3685 -1317 -8985 -2880 -2364 -4739 7220 -9134 -2956 -7368 -8538 -1611 -8077 2586 -7872 3622 -9165 1323 2529 6755 4346 6182 -2854 -1879 1932 505 7261 -2711 2049 3778
8797 3627 1025 -1516 4130 5117 7772 6086 2704 -7819 3571 -7440 -7526 -1394 -969 1291 -5190 -3779 -8520 -3187 922 801 6567 -4043 -5565 -5314 3039 8992 8701 8453 6863 -4646 8720 3071 7064 5924 -9729 2635 -5216 1789 4273 -4087 -6792 -9777 -9567 -7807 -892 -3612 4065 -9005 -3321 7988 -4307 7178 -2394 4208 9004 -4631 -4944 2854 -8788 1788 -5289 -9888 1165 -6879 3727 7445 5951 -906 -7701 7568 -243 406 1479 5829 -9211 -5574 8208 9187 1460 -8452 -6308 -673 5252 -1943 6211 4606 2055 9207 3448 -2045 9619 -7523 269 4655 6782 -7945 176 1748 3478 4638 -1652 -3756 7195 -4709 7286 919 -2886 9993 4053 2911 -118 3839 6594 -472 3220 8104 7304 -1843 -5135 3773 6340 1623 -7304 -7960 7384 3974 -3111 3574 2982 540 1905 3505 7122 -523 -2093 1363 3932 -891 -4537 -4099 -6411 5611 8601 1211 -7256 -908 -9059 -9402 -3235 -7769 -4321 -4554 -6679 6984 9400 9350 -1889 1580 931 6673 6496 -3214 -5484 1658 -1220 6604 -2382 797 7729 1858 274 -9929 -5523 1213 3322
6665 -6335 901 4599 -3025 -3524 -4475 -7727 9796 4114 6305 -3689 -8149 -1973 1759 -5194 9298 9867 6045 5862 8054 -7839 6129 -6969 2469 9199 3522 7081 -4988 6666 8287 7501 8576 6687 202 8102 1000 5733 8608 6151 -3714 -8813 8221 1622 -5015 3840 -2215 7754 7365 -541 -5918 2865 -6909 4884 -1641 6570 -8454 7257 -6605 -6459 -7198 9258 -4272 2399 -1639 -9722 -3925 2518 -8231 -8722 4528 4203 2062 7162 -5224 6339 -9807 -9191 9896 -4003 -7986 -4416 260 -6744 -3263 6274 7881 -9053 -307 -3922 1121 -6582 495 3775 -9202 -4417 1264 -7503 -9754 1657 9275 -3334 1257 9451 407 -2656 -3707 8614 -6134 -5387 8988 508 -4017 -152 8625 -595 -2026 -3253 8159 412 -5724 5372 50 227 2875 -1158 5221 2641 -9069 -636 -2210 3535 6504 6411 -185 7855 3 5346 -2332 7190 8677 -45 -7057 3510 8810 -1994 -2750 7206 -9925 3214 7566 2986 -3452 -7128 8739 -7676 4983
-8042 -7664 6506 7789 -3452 7318 -8637 4806 -7665 -5751 3833 9023 5203 3939 6430 4160 -7126 2664 3488 -1785 4906 2341 -5744 5808 5105 -8932 9828 -250 -6221 2448 -5260 6757 915 4397 967 2873 -3023 887 1034 -405 1898 2397 -2825 -1733 -8437 -6575 -6443 -8416 -1415 5132 -3259 -3533 8666 9241 6238 7536 6601 4000 -7416 -7040 -9273 6492 -2193 -2341 8284 5408 -4234 -9944 6920 9342 -3602 -5750 -7546 -1519 -9365 8591 9474 5417 4423 9461 -4998 3674 -3732 4476 -6215 9653 8394 -7601 4408 1433 -1350 402 -3519 -614 -9286 5008 3958 -9038 -3510 -9428 2546 -8040 -5728 -7810 4481 -76 1115 1917 -7808 -2528 -173 -3456 -3680 1539 -7315 203 -7642
7482 -31 9505 8260 8544 9418 7355 7209 9003 -6809 8216 -4945 -2633 5867 7740 6051 3672 6485 -4134 8316 -2715 4260 9739 7506 441 -2895 2032 -5227 -9032 7566 1278 -4294 -978 -6932 -9457 -5724 -2043 7116 7397 1432 -9642 -4958 -2417 8132 -3958 -692 -1638 -8379 -9755 -7748 5907 -1080 4798 -398 5104 -5133 -4432 -5881 1984 1658 -1084 4117 4362 -8477 3974 9567 -4920 8463 1027 -1366 6802 -9860 -2714 2038 112 2696 329 -9982 9045 -7564 -3991 529 2646 -216 5973 4798 -2954 -5627 -8450 -1887 3660 3174 5 3572 -292 2124 -2352 -4061 6507 -4317 1185 -9162 -8668 206 -3831 5508 -2600 6589 1652 -9276 -2220 -2933 -376 9236 5754 -7786 5762 -1237 -3385 -5011 4145 -6134 -1739 -1418 -7869 5789 -5127 -2710 -3318 -8797 -6019 1489 1985 8054 -4153 -8988 2133 -7177 -9691 5548 8628 -9779 9682 2351 8723 6976 2521 -6683 7046 5511 1733 -5706 9599 9748 -4230 -8117 -9220 -5343 -8697 -7623 3034 7766 -2272 8673 -2269 -1406 5285
2591 5957 6312 -5702 -3476 798 -900 -2200 1546 302 -7306 7674 -6144 4856 -972 3820 3925 7380 1640 -5226 2093 -9892 -8105 -169 -1587 -704 -515 6395 -7602 -9258 9863 -9656 9305 -5111 -6793 -7865 7637 6771 8949 -8481 8121 1796 503 1206 6195 -4060 1025 2116 -4014 -7446 -200 -6373 -9878 7828 -2177 -9491 1886 -3506 -7596 5016 -6866 -5 9843 -7152 7838 -6497 -6690 7389 -9856 7263 1679 5006 3524 6518 -3725 -1911 7259 4626 5953 9352 7669 3950 -9749 9633 6131
7020 7502 -1994 8609 89 1995 -4625 -4361 3209 -3354 -3992 -2721 9666 -777 8456 3555 4781 -5817 -8841 5371 -5223 -3628 922 3495 2553 -4717 -3477 5695 1160 1277 -2847 -3643 3248 4605 3145 3351 7290 2773 -2250 -8631 -3042 -7079 -6083 7745 3786 -4346 -8537 -5505 -8345 4947 5521 -5874 -1852 -8969 7888 4487 575 9544 -4037 -3658 -7282 -5447 -718 7428 2277 -9399 7722 -4052 1828 -9390 379 -4636 2520 -4396 -8574 8492 5553 -8893 10 4201 -3392 -4130 5269 -5948 -7605 7838 7865 -1972 -3821 -9339 -6382 5967 7169 -8259 -5720 6274 3790 3805 4848 4173 -334 -5201 8452 -911 1090 -9459 7078 8668 -2801 4618 5165 -9776 9222 7976 6241 -6015 -3752 -2734 -6007 -2887 7115 -7187 -2716 7595 7950 2686 9698 8994 -2784 1374 7852 -6716 -7164 -2361 3053 9011 3746 -2803 -9990
-5862 -5015 -1044 -1032 -8384 795 -2178 -4865 4718 -6192 -1121 -7493 -9105 2723 -6598 -2431 -8047 912 -1990 9289 -7591 -1533 -3475 6875 1725 8443 691 8983 -3289 -4403 -9944 -3190 1188 4886 -9945 6850 3563 -3373 434 6741 817 -9230 5452 -6041 5794 3205 -9591 -1997 -5544 4152 7104 3368 2668 8042 -1115 5407 2610 -6388 -2598 4140 -6289 -6795 2195 -2950 1991 -9764 719 3015 -5455 5629 -7328 943 -33 -3839 -8056 -681 -3396 -4806 -859 4333 -9392 3413 -9740 -6669 -6463 7611 1101 -2682 -2009 6435 2808 4743 1783 -4074 -6898 -1140 3134 1669 286 2567 -313 -5871 -5672 8946 4358 -9442 -3275 -3779 2800 797 -4626 3909 -3681 8361 5728 -4187 5498 7831 -549 -1286 1664 -8078 -9335 -9216 2713 -1249 -1720 8610 8857 -2728 -8581 4601 -8378 -5664 -5895 1475 6509 -7801 -2853 2191 8212 -769 -9507 1149 8223 -9250
-5445 -4141 6063 -7854 4935 5939 9699 -1971 -8154 71 -3208 1019 -7749 -6769 -5495 -668 -3373 -6285 2795 -5952 1153 8717 -1847 -1053 2521 775 1384 -1459 5989 -3479 7550 5757 7745 -877 9809 6827 839 -5497 4500 5121 -4272 601 -539 821 -8558 5380 -8648 -9796 5678 7276 6922 -7227 -2309 2953 1580 5059 5179 -4412 -3905 -6434 1901 4729 -9273 4700 -1426 4181 2723 3225 -3911 3291 -2646 4548 7471 -5629 778 5433 8980 9611 -9429 -100 3960 9626 -1224 -9076 -2955 7669 -2942 -9553 8531 -848 6450 -8379 -3900 8522 -161 4050 -8531
8170 -7011 4153 -7456 -183 6676 -9289 2607 -982 -3665 -7690 3978 -2606 -5981 8222 3279 -6473 -7150 9698 -9889 2186

3312 1914 4520 -2964 -4194 6382 8172 2179 2558 -6305 7050 -8516 1744 -7417 -8131 -3604
-5175 9670 -2491 -9682 -3355 -6495 6724 8054 8546 -464 -350 5780 3741 9155 -6018 -9251 9969 -2008 933 933 -218 -382 5510 6693 7074 -2537 4917 -6078 -4227 153 7789 -4207 -8254 -7876 4030 -5131 7570 4769 -8874 2298 7778 6157 5652 -3790 2013 -2415 5057 -2992 2536 7356 -446 -4132 4303 -6551 -1104 6009 -7728 -7458 5957 -5814 -6499 -5129 -3031 3579 -489 7433 -8800 9761 7254 6086 2056 19 7772 -9294 5567 -5875 -7016 -4156 -1310 6226 -3863 2777 -5253 7098 8656 -390 -8786 -8995 3800 -8281 -1069 7889 4950 -5851 -5828 -4724 -9847 -2046 -6486 -8514 842 -8186 -1773 4693 9370 -5101 -8660 2016 -5779 -2210 -7995 1730 -5273 -7045 -6839 6908 3242 3299 -5679 5513 -7976 1004 -8456 -3338 3814 -4949 2095 5381 -1827 -873 -3469 -4463 1728 -5573 -2767 -2334 -3785 3634 7134 -1165 558 -9839 -4116 -1967 4029 4100 -4372 -7452 -8108 9722 -3159 9466 8101 4581 -4219 5741 4908 3967 -6789 -9726 119 2848 -3635 -9860 -3018 -2288 28 -4152
-2736 -768 -6624 -8599 4057 -7311 -9473 9741 9153 3680 -4950 2605 8667
-4107 -4710 4427 -9233 -8483 334 -319 7112 7780 -1201 -8773 -3761 3109 -9529 4449 -4141 -1839 -2112 1111 -5666 7804 -3560 -5277 4812 -1274 -7253 8225 -9397 7442 9228 -2780 -3659 5305 6891 -5172 6742 -6058 7669 -5371 -652 -9650 -8480 640 3624 -6461 8872 2545 8557 7158 -2126 4068 5463 -9958 6304 -4358 8729 -6632 1065 1983 2173 2850 4555 -9136 5939 7873 -9181 3446 -409 -1794 -1533 -8508 -4043 7180 7393 -1571 2497 185 3960 -3959 -6065 1997 4687 -8377 -8345 2749 1334 -7474 -8182 -7654 -6632 -6584 7830 -326 -2084 -7066 7146 -5931 1700 -8373 9258 2499 -181 3676 1561 -3404 6860 -7532 6770 -8972 7318 -6984 -2273 -7804 4713 2423 -3928 -3874 -6401 -8965 -3353 -1912 -7472 -8326 8741 6579 1469 6079 6978
-3670 5316 7179 7617 -1566 -6606 5483 5803 -5228 2307 -4130 -4151 6597 6767 -5584 6783 -3047 -7957 -7075 -4048 -8201 5354 -3802 -3180 -5411 -5125 -6081 -3148 1493 -8285 9367 2575 -9254 -5928 9893 9024 1779 -4373 4909 -6106 -2262 -2844 -5058 -2381 -476 8996 5430 6505 6100 -1458 3679 -4809 8030 -2491 8530 5997 -4435 -6494 115 -2737 -4819 -4467 789 2356 -3412 5896 9514 -4713 5290 -3198 -3296 -4599 -579 5150 -2100 -5105 -1531 656 -968 4028 -9031 -2593 -4489 84 9445 791 -1537 6957 4038 -2611 1214 -3723 -3980 -4052 -8973 1537 2936 -5720 -9029 -7727 9485 -7474 7753 -3366 -3877 9658 -1936 -9713 7431 9190 9868 -6838 -6630 -8996 -9758 -5203 8920 8316 3934 1923 -5782 -9097
-9215 -9432 -3166 234 8896 2757 9400 96 -7468 -5366 -8467 -3602 -553 3379 1834 -8446 1425 -8450 7123 -9495 3843 -7624 -7329 8532 7649 -9203 -8778 4471 -1650 -4039 -7753 6608 -6245 -5835 -8580 6631 -559 -4913 -8016 2277 -1182 -1476 5164 4768 9508 9617 -3327 -9936 7806 -1489 1903 -4381 -1175 -2822 8854 -3131 -9723 -957 6027 -9253 6142 -6877 2278 -8790 5166 1987 7022 6868 -2468 5319 -5134 14 -231 -4622 -8451 -6685 9321 9112 8229 -636 6843 -1145 7698 -9737 -2396 9754 1539 -6677 310 3982 -4857 4302 3212 8166 -9153 -4398 8936 -2058 8552 -2835 -6597 -5689 9945 -5905 -1796 681 2109 2137 -9444 -4546 1068 -1061 -829 -9043 -2737 -1238 -862 5335 8091 -8178 -674 5343 4593 9143 -5938 -6819 -9313 -3218 -4003 677 -9412 -158 -3112 1932 -4025 4212 -5899 5640 -445 -932 4969 3045
3839 -4939 -7517 -6902 -9172 -3931 -4335 -6128 6910 3456 2409 -6253 3781 245 -5624 951 2404 561 -643 6114 3194 7991 7279 7193 -3056 4133 -2117 -5964 -4669 -5922 7628 -6335 4846 826 -2240 1160 -5401 5372 3304 8422 1484 -9296 9550 1071 -4451 9549 4117 -7272 -4160 6319 -9433 7507 4288 5177 -9301 6239 -1330 688 9599 46 -1709 -9336 3370 -9994 -9113 -9493 7927 -1463 9660 1704 2874 2520 7663 2717 -5421 1335 -7053 988 5198 1091 5979 3808 162 -1874 7280 -8685 8817 2472 0 5690 6755 1527 -6495 4493 2490 3276 6919 -2205 4493 6996 -22 -1067 -6157 -5730 8999 5399 -7708 8951 6979 -5844 7672 8022 -1804 -2370 4907 9533 4822 9708 -3617 -1427 8225 -4954 5080 -7976 -3220 671 -7343 -6774 -9632 7820 9179 -3982 985 -1209 -6330 -5710 -5565 5257 -2786 -7226 -7323 -2577 8178 -2033 4762 -1883 -4001 -4529 2026
-4777 1703 -8875 6868 -9752 7823 -485 1169 -8161 1341 -7322 -7647 3768 389 -1684 6018 2877 -831 -2610 6825 3582 8272 9858 1899 5727 7518 8904 9428 -7352 1408 -42 2385 7536 5512 -332 -1330 8654 3072 4869 -4422 7412 -4911 -4506 110 1963 -8092 7898 -9792 -243 7490 -7560 -270 5430 -4254 3893 -4853 -6445 -2537 7523 -4012 4251 -4692 -857 8853 -6025 -2758 5926 -569 -4587 -8626 5286 6093 -2388 9707 -2949 -6549 6633 8490 4160 -2769 -7147 3087 -6184 -5692 -4473 7007 1416 -208 -852 -164 8203 1435 -4820 495 -1347 936 6085 -7994 -5776 5610 -8036 6825 -8248 3231 6849 -9050 1321 4367 -7179 7097 -5806 7620 9530 -2265 7687 946 -756 -290 7159 2181 -7337 -1491 3277 4534 -1173 7897
8649 6360 9833 -8199 8063 -2748 9395 -1985 -3704 8694 5598 2425 -9528 2707 -935 -3080 -1062 5514 -319 -2193 5001 6358 7169 2050 -1546 9398 6491 1740 407 -3075 -8372 411 -6059 -4698 4938 6576 -278 -5954 9122 1107 -8756 7083 -7550 331 -9251 9778 4296 250 -8960 8142 2013 6063 -9291 -2108 7002 -2686 -4015 -7401 1634 -2460 3503 -8479 9547 6905 844 8789 8185 7648 7604 3010 3289 -138 35 5384 5083 3344 -4449 5209 -1025 2523 -4690 9411 -941 -95 5924 9769 1530 5399 9999 -5077 9618 537 -3804 2528 8501 -9257 5266 -4494 3745 3285 -6511 9150 -429 -9387 -2182 2932 -2916 4739 5929 8166 -9236 -2581 -5805 -2463 8402 554 2868 6118 3929 5782 -1329 8257 392 -9324 -8413 -2713 2222 2190 3627 7068 -9702 2481 7400 2705 4815 3926 9817 -6795 -8234 -2369 1534 -276 -4246 -940 5264 -1760 6058 5775 3525 -3102 6453 -4401 7272 9869 -6364 -5734 1690 -1285 -2932 6853
7393 2262 -4339 5396 -7079 -9203 7375 -4899 925 46 2082 -8780 7438 4399 -7125 9616 -1488 32 -1299 -4898 -6505 3478 4538 4724 9629 -3263 3658 1713 -615 -8783 -7713 -3004 -8199 -7495 -1331 -9554 -8259 -1024 8052 9004 4085 -7680 4682 -8126 5363 1070 -5524 -5699 -2449 -1816 4396 2490 -8123 -4669 2867 4787 -5980 -6000 -3984 9336 -7919 8168 559 -5424 1024 3406 9768 410 1339 -3903 7479 -4695 -5108 -8821 1871 -6110 -127 9452 -3367 9176 -7224 4625 544 4441 -8169 -4482 -8027 -7830 -8137 -3047 -457 -147 -1043 8432 376 -3174 6595 3666 -4146 7278 -9746 1093 1113 -8597 6624 -2106 5154 -4419 -1498 615 -1452 4993 -1552 -9252 -3913 -831 7410 -7871 -2651
-2306 -3686 7814 3736 -9227 9865 -4600 9109 8853 -5348 -9856 4615 4173 -6886 -3844 -8417 1616 7650 -4450 -802 -4138 -1856 6857 1375 -3731 -13 9359 8933 9264 -1420 -9887 -9874 -1614 -3168 -3888 -1456 -9685 -2703 4312 -651 -4525 7335 -1432 447 -2449 -7062 -1302 -1467 -4818 6708 -5220 8580 -4182 -5930 -7572 6445 -2756 1713 -2619 -5546 -3655 4855 413 9623 -3646 6188 -3398 -8095 1581 -2129 -581 6068 -4888 7455 -9467 3601 8253 -3187 3362 -4982 -7675 9908 2150 896 -6620 -4661 3866 1330 1114 -8558 2839 -3258 -2213 -9456 -2728 6893 2024 8759 8092 -4536 9261 5105 -470 8367 6509 -7772 8690 8323 -5852 -7373 7633 -9091 9476 -980 -742 -3257 -8075 -8200 5480 -1201
4370 -8476 -3912 1523 692 4465 -7532 2069 -8062 6484 -8432 9465 4575 9468 1278 2506 -6626 -3986 -5959 -4953 7470 3383 3990 5132 7579 -1666 -1774 -4740 -8651 -7205 9542 -9730 -3460 3127 2719 7484 4097
6972 -8402 -1787 7485 3386 3151 -1818 7383 -4961 474 -5359 7490 -4532 -8754 2507 3924 -7880 3860 8109 95 -553 2990 6663 3838 -510 -9525 7512 -3810 -1368 5674 -8863 1455 8200 -2442 -9514 -3475 -755 -8711 -2271 -4135 -6494 -949 -6693 -2716 8627 -7117 -7501 -9928 -5422 -1240 5518 5718 3744 3393 6685 1564 5146 -2188 204 -9800 221 2428 9522 1646 1143 6330 3568 -5793 -3759 3939 436 -8228 -680 -897 6271 4288 -9099 -5662 2947 3165 273 -5800 -1364
2646 -5155 -9096 2275 6443 474 7954 1242 1877 -4851 6094 -4753 -9946 7539 8694 6876 -658 9925 9154 -7010 -3030 45 5200 8700 2755 2062 -4272 -1482 -9786 -236 -292 -4049 -5578 -8788 215 2244 3123 -7309 -3547 5524 -3345
-8361 -4868 -5638 6120 6533 6190 -5986 -577 -2638 5676 7847 6813 4201 -4933 6702 -1253 518 3952 7934 -1963 -2283 -7719 -1744 -7180
8233 -8166 7816 -6753 9185 3916 2927 4468 3470 -3126 -8452 4272 4555 3263 -7420 1334 9706 -4611 -1471 8845 -4172 -7212 -749 -8723 4477 -48 2210 -4091 -3047 -4744 -5643 1851 -3630 -6981 645 2205 -727 -7958 2018 3367 1121 -6330 4712 -5668 -3183 9420 8826 5313 -7825 -9947 -6849 -9304 -8200 8136 -5742 3750 7863 -5981 -9496 -2552 4681 9894 7100
6113 -2124 -7409 7808 -8407 -8403 -2004 7811 -4705 -3444 8615 -8588 6150 9240 -9752 6670 -8413 23 -9136 6199 5516 -7920 -8677 45 7207 4880 3504 3686 -341 -5036 -4046 4202 9172 -1259 4570 -1016 -356 -447 4784 -3909 -2967 8180 6743 -8511 9164 657 8945 -4317 649 1365 1809 -4349 826 -7076 -6999 2544 -3033 -8523 -6445 -2749 -3360 -2976 3427 1273 -7366 5221 9678 6829 4069 -1607 2615 6482 -3882 1816 -7345 -4496 2700 -9505 807 -5153 6685 -1087
-8411 8637 -1932 -4610 -7892 -751 -6449 7620 -4148 -1413 -3772 -1965 5364 726 576 3597 -9668 5274 -7211 967 -9519 5775 5035 8071 -9092 -4932 223 -2128 -3101 5941 8085 -6756 1685 804 -3795 -2384 -3023 2789 -5229 373 4101 -5087
-9612 -3448 -1840 -4276 8914 -8321 -1775 -4460 -4523 -3379 7269 3976 -2485 3007 2658 -5145 4739 6760 -8184 9019 4835 -2139 8866 -2224 -8734 4773 2867 7785 -6888 -7190 1282 -5083 -6224 7044 1190 8290 -6640 -8457 9818 -548 8138 8389 -3775 -2187 -242 687 544 1422 -7625 8083 -5531 -9613 2969 -9144 -3175 7636 -1865 779 9514 -7036 654 1295 -397 6926 -3103 9433 -1706 -6489 -5229 5585 6954
1015 3313 -3661 6216 6007 7801 -4436 3104 3996 5997 -9849 -7173 -4106 -3355 9221 -1965 3209 8113 -293 7987 -8886 -2849 3508 6024 2188 -4498 7849 6017 616 1146 837 -619 -2272 -8775 5575 8820
4537 6269 -3534 -8382 319 5252 -1341 -8480 4374 -579 -3901 -9733 -661 -1321 -4200 -9433 -5536 -3173 -1240 8926 7236 6883 1250 2909 -8383 9071 8898 893 6268 -8675 -6808 4734 2322 2947 -5877 -5538 -7722 -948 8536 8939 156 7700 -5243 7996 -9464 -6274 3857 1918 -1214 1974 6840 -6212 -6237 -1136 -5069 5333 -8161 9086 5957 -4070 -9457 -2051 -8067 -7565 1116 3319 6082 -3024 6612 -4516 8659 7841 5799 -1745 -3715 -5078 -2284 3797 -6575 2998 6135 457 8888 -834 -9290 9117 4728 8344 -6131 -844 3192 -6110 -4329 7554 -5145 3410 1307 4083 6328 -8435
-6323 3434 -2470 7707 4492 8647 8018 -5519 7316 5882 6151 -8538 -7976 1615 6582 625 -4057 -8315 5395 3260 -8731 5124 -7789 2289 6402 -394 -5097 8038 1365 -5842 -4707 4703 6737 -5935 6598 -6589 -327 -7529 -9539 3225 9341 149 2637 5380 -3327 -9765 -8333 -2188 -9561 -7789 -7632 5397 -2643 -4110 9841 -6352 -9030 8547 5509 -1239 -5504 -1774 6720 2020 5399 -8684 -842 -7367 -223 -6699 -5572 2268 -9166 -8219 1759 5131 -4793 -970 -4923 2055 -6451 -2013 -2286 -2708 7491 9547 1326 4427 8963 -2611 1113 6341 -1245 -9492 755 8293 4404 -8490 4624 -9354 -7030 3374 -5947 -1479 -5770 -982 -6605 9870 -3253 -3742 -9260 -4926 4025 5105 4242 1480 1070 -4774 -4819 7164 -5878 -6550 -7865 3476 -1781 8224 -257 -295 6221
2773 7906 -4114 -6951 -5244 -5394 -1509 -6926 319 -8017 -1610 7177 1282 -5225 -2958 -8909 -19 5142 -5513 9178 -7123 6071 -2634 -7876 -4762 1090 -8732 7535 -2588 1863 8452 8946 462 5429 4471 -3981 4968 1931 7305 5357 3462 7896 3501 5905 -943 6607 -4285 -7280 -7294 -2434 -7171 -4414 1307 -8482 8360 -9085 -5083 -687 -5567 -8454 4653 3454 -9735 -3492 -2964 6112 1404 -2955 8687 6474 8968 -2900 -8737 1456 2210 -8658 -7890 -4068 -3530 5795 -1878 9623 -2081 -8691 5547 -7915 -2781 -3462 3416 1383
9023 7922 -797 -2833 -3362 4490 3320 -2113 3260 -1859 9794 -3625 -1637 8444 -1257 -8677 -4318 1803 5228 -7001 -4423 -4939 3523 -2372 2498 4510 9549 2800 -8268 8140 5664 -3518 -2360 6181 2211 2659 3188 -7334 -8950 -7746 -7993 -5360 3547 8927 -4564 -901 6401 3114 227 1452 -4124 -2038 2676 5229 -8872 9701 -1317 -5385 5671 8467 164 -5903 8986 -7597 9498 1536 -5802 -1344 -9484 -5484 -7024 -7753 -1939 9359 3431 -5304 4383 3364 -3223 9034 7141 5193 -8410 -7994 -3407 -9456 -3470 -2844 4254 -6032 1713 6097 -6691 7711 1424 1842 -5822 -1588 7623 6243 1261 6993 3258 -3393 -5770 -4563 -879 3174 -1549 -9485 226 6089 8338 -258 2992 -2396 -3056 -193 -7575 2923 -169 3749 -430 9886 7177
2313 -5800 8370 -3520 5471 -3488 -8187 -873 5864 1213 6393 -7245 2294 7866 -4732 -7623 -2165 -121 -3210 3127 -2466 133 -4293 8170 -6934 -3555 -3220 -6338 -812 -533 -6936 7998 8711 1819 3539 3020 -2344 7308 5917 -2179 4805 -4697 -8975 5239 8344 4345 5857 -8799 -7501 5851 -7391 -5978 -4360 3744 4043 8559 -6829 -766 -2890 8756 5694 -3552 -7128 -3537 7960 5371 1744 3980 -6665 9558 -9102 -3520 3224 -7891 -4437 -1768 5114 -7784 4476 -3120 -2853 -2934 -4292 8211 -9163 -4994 -9007 8020 -2162 -912 -9257 -5649 -9182 9019 263 2697 1680 -8175 140 -1078 -2518 -2758 -9503 3353 -6582 5301 7905 -5891 5920 -7594 2592 -8575 2608 6477 2773 1184 9851 9002 -4994 6748 -825 3253 -7568 3229 -8141 6124 -4873 -6480 -4169 3298 -6074 8370 -1113 -2369 -4043 7770 -5694 2030 -1854 542 4111 -2121 -9145 7456 -2318 -202 7263 5499 -8885 8264 -9170 4651 1069 -9775 6356 -6638 393 2686 -8951 -9321 -6533 6460 9354 -3757
-3192 3617 -7763 1235 5150 -3082 -6148 468 -4498 4944 -4810 7930 -2171 -3321 6292 -5714 1220 -619 -516 -6614 -4045 9523 2322 9544 9942 -1633 -7735 -3478 3997 2297 -4107 -7626 -1457 -8611 5232 -3979 -8426 -8670 6439 7408 -9834 -415 5265 3701 8640 3164 -8453 2883 3835 -3754 -8407 -8852 -7063 -9772 -862 -6007 5892 1176 -6224 4238 4639 -6192 3577 5062 -8721 -1854 3840 3400
7455 7189 -7381 784 -7033 8992 1153 968 -9660 686 9545 3919 992 -4040 8404 -7294 2375 4205 2263 -9642 9689 -7955 3825 8359 -5235 -8921 7672 -2339 -8555 -2291 -4141 -8572 8315 5900 -2511 -2861 380 6694 -5455 7709 -4107 -7728 9846 6788 -2175 -4561 2160 7057 -3066 5470 -5692 -2040 7562 6383 -469 5425 -9207 -5812 -1351 3705 -3865 4020 -8913 8599 -1892 6694 6169 -5284 -2652 -3919 -8072 2548 -8915 5495 4065 -9723 -4121 -9760 -6079 1170 2885 1107 6271 2918 -8836 -9427 4811 -2132 9082 6807 632 1437 7915 6903 -2911 -786 -1525 -355 8757 7327 2240 -6994 5905 6404 6015 871 -4564 -1845 9204 6255 8728 4980 -5716 8567 2167 350 5557 -5161 -5198 -6121 -9200 -6283 -3500 5016 -2137 2275 -4416 7336 5941 9241 5241 -1923 -4395 2492 -4960 7518 7441 5111 8473 3805 -4518 1738 818 -3295 5173 -5602 -3494 -9185 23 -8784 9094 6235 7248 9030 161 7540
4205 -3319 694 6378 -1999 6246 5237 -1936 5373 757 9510 -5225 4793 6873 -8492 6584 -9648 -4427 2210 4239 7754 8856 -8104 5372 1060 8663 1480 -7825 8597 -867 -6543 -733 8446
3701 7381 -4531 -3178 -376 -9481 -4153 -1219 -8654 811 3617 5893 -8665 -19 5533 2934 -510 4589 6901 -1073 -4119 1901 4184 4468 -1186 6946 -6203 1637 -6670 2402 6662 -535 -2924 5848 -5898 -8614 -3895 -3276 -240 2465 8220 -9910 -636 -5976 -8904 -8548 3735 -5080 9229 6461 -504 5554 -1878 -6248 9813 -5395 -6153 4953 -3782 8980 5440 1734 9575 -6532 -5207 -2023 777 8137 -9365 2075 -5780 -2418 8678 -1948 4235 -8760 201 -6360 2622 503 5813 4165 6634 -5588 -9034 5160
7091 -8675 9027 3351 -5694 -9294 3349 -1367 -6711 2004 -9078 -1189 -7327 -2796 -5597 8367 1792 7826 8281 4444 -4386 1637 -4162 7301 -5022 -1737 -4440 -6259 5184 4465 7204 -3416 8825 3857 -2703 -2449 -3285 -3879 -1395 353 -3986 -4747 7856 -6965 -9207 6398 -58 3375 -4970 1774 4939 6820 -7293 1979 5160 3575 -8192 9862 -660 -4792 1268 -4537 -672 -6101 -3895 -2595 -4001 4635 6215 6429 -3437 -8029 -192 7973 -3197 2319 -8458 -3057 -8817 2827 803 -5849 -4893 -5118 -3587 3651 -316 2496 3937 -1716 -2365 -2903 -1711 -514 6247 59 -5756 -9056 -4209 2600 -413 5097 3650 4280 8722 -6637 -2033 -5531 -5059 1992 -5851
3395 6904 -122 7074 9748 -8923 -4113 -4292 -3682 -8560 -5396 4378 -5875 -3680 -21 4132 -8085 6176 6675 -1026 630 9106 -453 5244 -8442 -205 746 8482 6699 1825 -1823 4399 5074 3524 -5979 8457 4243 -9909 4683 8633 8603 8967 1929 3700 -4291 8822 3722 -7757 -7046 2750 -352 -7163 3542 1042 822 8224 -4060 770 1127 -3776 9570 7904 -4208 9776 -5853 8114 -9191 2313 -2759 -6372 3312 -9832 6915 -9804 6436 7232 -5589 7918 -8554 -1211 7211 -612 -390 3880 2826 -8153 3276 -4220 -9969 -7007 -17 2517 -2769 -1395 8323 4290 8043 2190 7881 -1672 9028 -8587 4894 -6838 498 -2126 -7799 5400 -8987 2076 -8733 2539 1739 -1177 -8945 -5259 -5521 -588 9528 -7128 -4948 -3982 -207 2807 8526 -9271 5679
7179 -2416 -6 -2532 68 313 -7699 -667 -9061 -3458 5834 7425 -5940 -321 -2411 9920 -9757 3682 2608 -7557 1353 8822 9201 6776 -6706 1467 -4671 -7243 -2937 -2005 505 9905 6904 -2308 4427
-6301 3181 -3966 -5921 -4890 -9188 -2244 -2912 8646 -5728 5216 7998 -4361 3272 1312 -3423 -678 4088 -8431 -4578 1932 -6683 -6577 -8594 9747 -5488 3666 4682 5302 -8477 2551 1146 -7924 -441 -6437 1159 6169 5315 5757 -1256 2605 6120 9466 -7498 -5515 -6378 -3032 568 -4695 -919 -7880 5991 -9922 -8763 206 -5433 -8743 -1859 1491 -1421 -3419 -9778 -8007 3397 -1266 -3253 -3119
3671 7623 -9274 8366 -7652 1193 9871 -8569 5096 -5883 8978 9533 -4578 364 -2279 3221 -7761 5104 -5014 -1569 7723 -4306 -8741 -261 2531 -7137 -6769 -1357 -1535 -2608 -2319 -8534 -6225 -3556 -3734 5922 -2176 4140 -173 5010 3351 -1437 -5530 1893 -5304 6763 9331 8844 4943 -6409 8306 -4104 -6872 -8083 6325 -7108 -8965 -7598 -1156 8049 4190 9613 3486 4811 -6893 -1347 6079 4540 -3770 -3836 9633 -1228 7842 3842 4384 -8253 -1636 -7412 -38 -5735 -8046 -4638 6624 2789 1035 -2191 1503 5361 3831 -9983 4755 -7112 -318 -9595 3401 -5214 6203 -6826 4193 3368 4477 4501 -580 -8680 7114 2009 534 2944 -3588 4975 -6714 -6494 923 -8996 -7612 6559 -4603 -5104 8494 9854 2477 -1192 8315 -5083 1672 -2862 382 264 4877 -1926 9279 -4212 -5266 2646 -1857 -3909 -7036 3529 2934 4624 6878 -8733 -6206 -4520 9264 2900 8201 4541 2222 4844 -2380 3121 7228 1314
7037 7707 -1411 7946 6309 8279 7193 -47 -943 2577 -563 4493 3323 -8757 1969 611 3044 -6403 5459 4833 1853 -9138 4403 -7100 -4809 4971 -3958 -9895 2044 -1601 3392 722 -4778 2302 -5313 -3063 707 -8535 -1114 -1694 2632 -6728 3744 -7014 6169 -9378 2208 -6120 -6535 7815 8128 5022 -1035 4160 5332 -7830 5957 -4118
-9416 -9148 8276 -6716 -4689 9336 -8592 4578 -7069 7662 -3216 3066 -1796 -4974 4963 8609 -6578 -563 8235 733 6098 -7612 -235 9158 -3714 3585 2683 -3059 -1899 4998 -4809 7386 -7678 4940 -6871 9075 1037 -6324 -7238 -704 -1585 4353 9809 -3391 -6612 9848 1553 -5280 2114 -4726 7075 1712 8338 4462 -873 2147 -2545 6412 -3388 4478 -5391 -8490 -2078 548 4899 3314 2506 -1419 -7228 4759 9848 -7297 -5327 -147 1754 -5642 1959 5173 -3157 3382 9120 7426 -5598 1168 3190 -2149 3360 8927 2650 6402 -8135 6949 3699 9231 7574 2241 -9009 5867 -2877 -6927 -6624 -16 -6926 -2457 -1933 711 9155 7394 2341 486 9910 2198 2459 5210 -2768 284 8017 -5132 -6197 -793 -531 -7224 7072 2531 -1490 708 8439 -9730
-6084 -9207 -2097 -630 1663 3965 1474 -6129 9717 -7830 8528 3606 -2552 2175 1401 -9598 -3843 2744 -404 -8465 3112 -4429 -7258 -7967 -9001 1998 -2281 -6581 820 2329 5380 -7967 6795 -6606 496 -7926 -2563 8292 8502 4237 -5667 -1152 -5378 -8268 6435 1545 -3117 5427 -9467 3466 5499 9353 -6201 1714 386 1375 9497 1912 -122 9242 3716 -1712 8109 7639 1850 9486 -6137 92 -2445 5880 2549 -5406 -6355 9154 1677 2051 9684 -8683 -9679 -3199 4679 -8146 -2859 -7441 7649 -100 8584 -1993 1465 2121 3785 -639 542 4055 7306 -4502 4774 747 -5170 8845 -2076 6693 -3759 6303 -7717 5498 -90 -955 9888 7190 -5076 -3290 884 765 -9846 -8910 253 6068 -9194 5076 -1107 -307 6021 42 -2694 5568 -3602 3133
-3929 -411 8458 -3054 9163 3954 -7684 2116 -6188 -5494 -5907 -5994 -9604 5811 -5805 -6998 -6890 3401 5554 6582 -6499 -105 -6327 119 6892 -2156 4204 6541 -9776 8219 -7074 8703 6026 -3121 7242 -1884 -1592 -6577 -329 -5051 5632 4113 -280 6572 -4456 -3461 -393 3204 7634 -3178 -4569 -7608 -3958 -377 -91 -4029 -7667 1828 -4043 -2439 -5929 -3920 -9457 4939 6551 -4913 7773 4712 -5739 8010 -7936 4044 15 9208 8004 9116 -3705 -2150 6861 3342 9898 -8921 -1676 -3820 -5853 -2307 6391 4890 4943 5258 -840 -9978 7631 -5855 -2570 6044 3362 -7428 3533 -5894 -5266 4530 8802 5341 -9940 -8256 2019 -3969 5536 8680 7940 558 9240 2983 4321 6370 4180 8995 6490 -3513 -7261 5348 -3434 2833 8151 -6888 7145 3203 -1743 -180 -735 6499 1931 -781 4456 -1450 -3712 -5140 -880 1589 2764 7068 -6157 2531 3362 1776 -7382 -5473 -5524 -2986 -5688 6931 1976 4913 -1934 -8955 -4837 -656 -7228 7802 -5586 8213 4538 3826
-7647 -2911 -8516 1584 -2775 -3340 6872 2423 -429 -3644 3169 -6597 1130 -3075 -5755 -5377 1879 9368 4022 -5386 -4713 5595 3554 4435 -908 -7220 -4584 -25 8035 6319 5479 617 -8321 -723 2262 5322 -114 -8274
9762 9701 910 2863 6335 -5849 9872 5839 8548 7745 3334 -1956 955 8601 -6992 -6483 -6478 -2468 -5820 9309 2971 -6294 1813 -5201 -1904 -2319
1463 -2227 -9425 3888 -9667 3818 -1249 -2617 -4116 5197 4455 5353 3158 1675 -8072 2336 6580 -5148 5372 -2892 -6587 -3479 2160
-3998 8159 5621 8329 1080 -6540 4790 -6317 3692 426 -2663 -2392 -4262 3112 9298 -8585 -8952 2899 -917 2149 -2679 -6090 4603 7439
-8778 -7707 -600 8322 -4836 889 4524 -1228 9951 -1181 3707 -5159 -9642 3069 -6582 -4839 1168 -3751 1873 8557 -4452 -2324 9924 4932 -5394 525 326 -8384 -792 -5010 7686 -424 8261 9954 -8209 2785 -2279 548 376 -1179 8806 4670 7527 8854 9063 6832 -8191 9895 -5425 -928 -432 6600 -9337 -8944 5089 -8435 7495 369 7 5047 9209 -9884 -7467 8019 2865 4349 7066 5937 8352 -1445 -9868 -8853 1072 -6532 2186 -4485 -9756 3875 69 1060 -9403 1397 1892 -918 4984 8962 -4330 -9884 1759 8131 -9220 3930 821 -1181 -736 -7018 8651 7043 8010 6318 -7370 -7347 7496 -4509 4264 7050 -1408 7015 6094 652 -2514 7974 5013 -7986 -1049 -1853 -2542 6828 -3683
-3373 2737 1696 -4044 6393 -1719 1827 -7132 -712 7274 3618 -7157 8349 -135 -5861 812 5143 -3671 -1553 -7522 5183 5736 -3158 1368 4796 -7545 8431 -2133 243 5976 8201 5605 9709 7001 4127 5544 -5974 -1248 5384 5938 5336 2141 2011 -6156 9568 9467 -3950 -3103 6523 2578 -4975 4094 4485 -9870 9046
-9906 2583 5722 3905 4891 -4007 -3465 -592 7490 5767 7183 -2812 9580 352 -9577 9271 657 -4253 3976 9715 9199 -6001 -8254 8761 7626 -9332 1013 9587 4822 9477 504 -4663 347 -8528 -9238 -1421 -4320 3693 -7829 -6569 -8153 8578 1352 -5361 924 5297 -9949 4878 -9324 4148 806 -1263 -4085 5396 9763 -1973 -1449 5571 2553 -5047 8873 3441 -6247 -9276 8300 1685 -660 -6929 -7637 6414 -972 1590 6392 -94 8249 3148 -4347 4544
9632 6669 -5245 -4293 5979 7739 -8088 -7372 -4855 7584 9151 -9030 -602 -6431 -7488 -9404 -6202 -3557 -8860
-17 720 -6162 -7709 -865 -6970 -3275 1543 -9546 7145 1049 -1726 933 -9918 -6940 -7425 -6951 6490 1314 -5446 3688 8223 6818 4691 8768 9827 -8284 8337 375 3786 6345 1373 -4106 -2163 -4903 -5559 -8795 -1124 -7542 -2918 6657 -6477 2148 8643 -6610 9798 2705 4703 9843 -7213 -9993 8404 -9836 3237 -9860 -1608 -6552 -5802 3340 2844 6837 2510 -2359 3466 3246 4304 38 -7707 -6377 5774 -8040 5705 -4069 8140 -146 7722 5152 -2203 -5750 -5523 8813 5717 -9646 -3772 -7208 -7217 4761 2714 3274 2262 -6462 85 7614 692 5904 -3739 6097 7917 -5000 -1930 9813 -7483 -8728 -3764 -637 8155 7020 9388 9200 -1211 5840 7573 5560 -672 6007 626 3854 4095 -5141 -8648 6272 -8861 931 -3391 7251 1232 -1135 7737 520 8603 -7646 -8155 -9291 -6680 3606 -4857 2590 -834 3391 -7301
-64 -5016 6247 -7625 -8773 -8972 -4611 8655 8657 -7180 5259 -5229 -1973 7352 -1822 -1237 -4108 -6997 -9035 7901 1807 6862 2682 -6536 6176 -8678 448 6358 8439 6183 3824 -5474 -9170 5935 -4398 1913 -3066 -4653 3820 -5500 2226 -6292 -9032 8750 -4037 3493 -8901 -8878 -6605 4061 3967 -7030 5297 -2649 901 -4625 1032 6069 -1806 -1068 9964 9531 -4277 -5826 -4694 -3777 3260 6988 6161 729 -6289 9403 -5077 5516 -6583 9847 7110 1725 -3400 -6723 3455 -6774 -6160 7300 5963 6182 -9773 4930 8518 -8233 1904 -8716 634 -8195 9245 -8067 791 8928 -1988 5392 -5473 7753 3553
-3753 3153 4853 -6268 -5250 9500 -7064 9422 4060 -1978 6582 -2985 9385 8872 7117 -4234 2813 2762 6783 -6366 -6416 -6324 -1731 5933 -3926 -198 2474 268 -5032 -1064 5434 -3102 5693 1145 -9661 -5541 5380 259 9297 -9382 9701 4126 -8515 6064 -5233 -2531 -1224 -4401 -7403 5239 3089 5630 -2253 9558 5795 606 -115 271 9228 3908 2400 2912 5496 8005 -2379 -9899 3106 -7268 -3257 7644 1910 8382 3383 2811 1682 1556 -2255 5024 -1097 -6100 9214 -3763 8878 1664 -6190
-5468 -762 3690 -3133 -1463 -7494 -8724 -8944 1137 -65 8893 6698 5211 2618 -2644 5054 9296 -5138 9608 -9636 -1450 274 1953 -7615 1360 7311 -5317 2559 5444 3963 -9866 -813 751 8073 2491 -6098 -1482 -9390 -3260 -863 5824 2977 1705 -1390 -5266 3555 -6412 -3558 6384 -1718 9445 5204 8087 -4923 2937 4579 7937
7878 -963 118 1085 281 -2745 -6142 -4695 5902 6821 -8566 -2034 -9751 -2073 7667 3275 8192 2086 -219 -5909 8078 4729 3373 3065 3286 908 3018 3927 -7505 -5814 9271 9072 5722 7215 5836 -6864 9153 -6643 -3787 -2456 5585 -5371 5544 2275 -7372 -244 522 4732 9909 -9521 6048 -1938 9890 5966 2293 -7547 -6123 9500 -6640 3728 4408 -1571 3825 5455 6473 2196 -8867 1057 5793 -5660 -705 5107 4408 3993 -2863 2299 846 -1600 -9712 -6451 -9637 -43 -5102 4973 4525 -4524 -6775 6907 6866 3312 7045 -9789 -835 -1481 2944 -4731 7271 -4677 -3844 507 -4834 -315 -5799 1016 9601 4974 7112 -7808 3078 -6431 -4246 -3979 -1547 4481 -2732 4328 4230 -5036 96 -4894 5770 5585 5137 -7670 -4735 2284 8075 -7436 5155 2785 -6123
3503 -4257 -4066 -4148 -7151 5596 492 922 -5873 -4809 -6617 -4373 7104 -2537 5645 5517 9042 8108 -6308 9563 -4260 -6563 324
402 -146 3165 -4911 -8119 8623 -9122 8734 9988 -8559 -8243 7774 -3195 3602 -9139 -871 -9678 8278 7601 -3990 1542 7601 -7163 -1739 -2305 618 -192 -4152 -8878 8606 -3929 -8309 3329 -4546 -6249 -9217 9843 -9540 6011 816 5920 1404 -8263 -4825 -1936 -632 4768 -2789 4612 -7495 2427 8102 4500 9307 7777 911 7009 -840 -721 -7582 6943 -4153 -5987 -5871 -8789 -5524 -3339 6126 7044 -8450 -5533 -1953 -9864 6574 9063 6185 8076 7119 7818 -684 5871 1804 1676 -9125 -9174 -8502 3973 5671 -265 358 -178 60 -4540 9789 623 -7223 743 6362 5376 8383 -9336 -2549 4257 -8171 7235 -7391 4892 -311 3613 -3122 -3017 -7144 2597 -986 -3978 -6260 1551 4690 3505 -1916 2977 -9790 -7697 -6811
-1051 2352 8656 7975 -1909 7501 -5650 2644 -603 -9040 -8519 -661 -1707 8072 -3714 4809 -7804 -7421 9773 9385 -3348 -8194 4780 -9721 -9835 -7056 -6849 8884 -4595 450 3364 -8733 5056 688 4097 -8023 -7478 1914 9789 -4832 5361 -410 -9241 -7284 9432 7344 -991 6498 9321 -4548 -5661 -1955 -8790 6523 4072 -9166 1424 -4559 931 -204 5403 512 -2537 5235 -945 -9604 -1892 9649 9649 862 8005 -8944 -4239 9111
-1527 1963 1184 -5039 -2907 -8247 -9863 3122 3843 -281 -944 -9413 -4325 327 6418 -3658 5200 959 -6309 2226 3408 234 8485 9297 -2688 -2482 -5477 1652 -2429 8939 -2987 7301 7167 -4705 6633 -4196 6573 1995 2199 -6794 -8587 9680 -9096 3991 9155 -9514 1202 5379 -1407 4579 -30 8532 -948 8351 -4051 7368 3997 6881 -4237 8603 -5114 -4183 6550 5604 6579 -6609 -6986 -2312 4069 -2469 1117 8145 3024 -3097 -9185 4533 -6307 3562 -9625 -8698 3554 9952 5415 -9121 766 669 488 -1371 -3842 -8235 -6548 7352 -2780 4553 4862 -7746 6290 5022 -5246 -6206 -9796 -3376 1461 6235 -1597 -5390
2369 -9784 4662 -9590 -9495 150 -6571 1000 1876 2809 -719 2550 -6731 5127 5771 -955 -4734 9164 6352 -8753 -2435 -7036 -2738 -7747 3524 1169 1459 5 2928 -4744 -1893 -5603 4421 -1277 7903 -3057 4372 3572 -9467 4803 3806 -7329 1838 8049 9906 -4049 -8737 -2253 -2054 -8883 -900 3320 -3316 1927 4735 5103 6041 8959 5485 -8048 6292 8196 1467 9939 -4341 -8397 -8134 5894 4065 -7342 -4502 8858 4120 -4916 8452 8328 -698 4441 6354 9870 -7205 6021 8970 -2529 1893 3229 -4372 67 6124 -7813 -6403 -1971 8402 6608 -2936 3877 -399 9653 3442 -6809 9388 7030 -2553 4896 8576 1921 -4067 -5161 9245 7713
7577 8330 -4130 -4314 -7397 -2468 -7458 3358 9333 299 4246 -3358 2114 -6071 -1550 -5401 -4013 8669 7755 -4216 -3455 688 -180 -780 4600 -1570 -1528 -3023 8738 -1502 -4976 -2888 -8990 -9294 -7909 -5588 -9044 -5007 8936 2747 7384 8310 3023 9243 -8503 5521 3434 -8119 6854 2428 -1020 -7487 5994 2629 7366 9620 -2773 -2734 -783 -1569 1376 9599 -4590 -8828 -5095 -2905 -7661 -2512 -6247 7196 -2299 -557 1120 -2836 3240 7149 -2451 -9113 -3667 -6629 -4004 -6118 -2765 -7649 6966 -3477
-2438 4573 603 -2849 3715 7370 -1443 -7323 -7127 -56 -5862 -4695 -6027 -7066 -1704 9922 -7333 -3462 7529 -4088 -2522 4495 -5518 -4557 7459 -2577 7704 8371 -3232 6447 -8015 8763 -8584 8461 -2017 -4725 7380 -3766 -4888 -97 6054 -1466 3889 -58 4153 9302 -1174 -3289 -1359 4584 -3307 -7595 1272 -9679 6435 9391 4417 4897 3119 -789 5270 -9245 -6118 -6769 2551 4463 -6219 873 -2378 3252 -8454 9721 -1906 -1384 5222 -5657 -2379 3833 6290 -8455 374 2207 -2231 2828 -2043 -4033 5771 -1599 -6062 9293 3445 -9053 -1749 7911 8134 -7034 -2434 431 -2227 5107 509 -9472 2184 9627 -8740 -1401 -7482 3293 -9873 5718 7392 2386 4365 1564 5326 6194 -5970 -7450 5628 -5290 -6816 -7019 2887 2977 -869 -6423 4186 -9048 -9223 -4576 -7577 -8748 -9041 3378 7978 5399 8205 4737 -4890
-6044 951 -3189 5701 -152 5724 -9170 8347 5990 -257 -7263 4930 -9206 3803 3752 -8956 -9709 -1550 2434 -5058 -4047 -8762 -7320 -3558 -6414 -2749 1078 865 -5712 4012 -5998 5301 -3723 -7767 -4073 1055 3060 -256 -7212 -7502 6219 4138 9540 -8794 -2629 -8695 2040 5772 6003 -5317 -2949 -3718 4809 5674 8570 7833 8342 6019 -8143 4408 248 6151 -5574 -4814 6368 7546 7022 -8972 1990 2942 -7813 8995 -9661 4370 -4469 3393 8181 9568 6731 -7624 4318 8679 -8245 6809 3402 3114 -6760 -7158 -5822 3903 -6726 -4989 -217 -2879 4625 2641 9376 7526 7182 -4753 2953 -9714 -7598 2888 -2553 -2647 6189 -1530 -9146 7102 -1941 -5876 -8089 9547 -4563 5142 -5209 -1617 -7509 -404 5805 3037 6157 2061 -3001 8575 9066 -9887 -4698 -4873 7869 -6439 2183 -2161 9307 -5714 2544 2502 -4730 -5080 983 -8800 -9734 467 -1109 -1783 5177 4071 -5546 -3506 -7544 6305 -9840 -6673 5107 777 -1790 -2972 -9517 9285 9633 -5369 -3911 -5154 -3737 1199 -5564 6653 5710 5335 4619 -7231 -896 3029 8314 8191 5338 76 8754
7728 -6944 -8733 480 1373 5912 -7870 3197 -3065 -8149 -8141 -2531 -2468 4350 -4688 -3860 -3514 2374 -302 -2353 6454 1183 -7186 -7078 9923 1794 -5803 -1376 -1883 -3525 682 5336 -3962 -2015 -8104 -4539 8546 550 -8982 1024 -207 -7640 664 3944 3549 -1795 2889 8153 5881 -865 -4574 -5422 2666 -9147 -5916 -2665 -9353 -6544 -5555 1740 9991 3513 -8886 2135 5221 -3129 4474 -6052 9752
8682 1102 -7268 7021 -2472 -3443 -6915 -649 -633 -4549 -3126 -7738 -6708 -7421 9267 6460 -5660 100 -9730 -9354 -1030 3334 5153 -3177 8953 -8209 4064 -6306 639 4168 3642 -3972 -6886 701 -1437 9324 1835 -5987 -866 -4929 -5409 4697 -5289 -9418 -61 3817 -8557 9618 -7380 -2307 -3044 -7370 5034 4723 -3158 4642 2984 6148 -8484 -2576 -2857 4246 1248 4659 -9029 5629 -864 -8825 -868 -4978 6747 -8060 -6308 -2676 4896 5409 8115 -4533 -50 2529 2988 5178 -5944 -318 7458 -9371 5293 2546 2665 7922 -2147 -1101 1904 -3891 4502 -7178 9108 -5065
8255 791 8558 7489 1690 -8119 534 -8683 -6426 6218 -7687 -8498 4887 1021 -2580 2305 2361 -4872 -5508 -5324 5590 2298 -4254 6410 -7281 -645 572 2272 7568 -4188 9767 2180 4418 6655 -6326 -1992 962 -4812 2930 7140 2651 2013 -4384 6732 -1650 -2727 -8074 -8741 7442 2402 8368 -6534 5987 7173 -4397 8133 -3563 -9482 2560 -7573 8713 7498 9109 9219 -513 -5137 -764 7431 -2291 -8305 -8155 -2671 6772 4028 8267 -5902 2423 -5662 1950 270 6266 -7340 1432 146 -1201 3354 -9359 2822 3949 -7851 2555 6081 -3209 -204 -8242 -7320 -1490 -6752 5846 -8589 -7807 -3001
-8993 -2487 7043 8079 -7524 -2464 9397 -8447 254 8575 -7180 5533 5536 -2154 -9326 1840 948 2521 -5355 -2512 2751 5646 -4860 9277 -8125 5340 1317 -9053 -8620 9386 223 -8127 -9781 -1050 4229 6448 4457 -3712 7581 -1254 2993 7562 8669 2006 5355 1988 -3744 9348 8903 -4341
6170 -2226 8743 2738 -875 7926 -6674 -3593 -6116 59 -7676 7743 -1823 -3155 -4279 6777 2829 4428 -4185 -3044 4412 1027 9100 9426 -5543 -9990 -30 404 -6547 8189 543 2145 -679 -3758 6438 -6893 2555 6281
-5879 -4031 -3471 8019 6856 4203 -9989 5073 -8638 9204 -4362 7736 9380 5473 2574 9117 9911 -7233 -5492 9616 -6973 4360 5305 -6686 518 1419 2960 2704 -1836 5057 -878 -2001 4910 8893 4855 -3546 5023 -667 8054 -3806 -3671 -346 6756 -8465 -468 -9801 8595 -3240 2801 -5624 -914 9580 9679 -8798 3240 4651 -1406 6169 19 6957 3718 -8136 2346 5068 -4864
2699 -6397 -1792 6002 -8006 6820 8595 8361 -2459 9718 -8918 -8508 -9890 2050 6354 8826 -708 1456 7089 -7207 5143 -2168 -4323 -5869 -8387 6298 4183 -3701 -6157 3331 3745 -9745 4664 -2771 -2661 6031 3229 -9554 4400 7611 2060 -8776 -6934 -559 3013 -999 5560 1372 7546 991 -6826 1882 4520 -5798 874 303 -1438 -7783 9530 -2514 -5542 -5844 -8588 -8623 -240 -3923 4009 9143 -2265 -468 -8511 -3614 9962 5645 338 -9725 -6260 -9248 -8185 7504 4261 -5827 -9501 7890 3680 -8699 -3954 9330 -5342 -9658 4728 -8160 4671 2954 1916
5436 1171 6686 3506 -8498
-626 226 -9183 9497 3753 -8547 178 -2108 -2923 2037 7151 350 8672 -4916 -4044 7418 -6945 -9320 4550 -147 -2006 6462 784 -5984 -3244 -9067 5409 5932 -2281 2692 -1316 8891 5471 2966 -4989 9886 -6488 -1200 5720 -8615 8752 -8799 -7325 -4386 -3360 -6227 827 3832 -5105 6822 6811 2197 865 9003 8658 -2132 9669 3180 -2474 -6214 -5178 214 2854 -162 7395 5042 -7473 -9869 7473 673 9366 -2151 8440 6520 7228 -184 5876 9544 -795 5266 2109 7413 -6725 758
2182 -3040 5944 -3575 347 9968 8708 -435 2023 -6446 6238 -2782 -7448 1793 9468 7907 -8096 200 -5750 -6537 1168 -9003 -3155 8641 -2891 -5684 7954 5363 -9146 8387 4383 -5716 -445 -1027 7635 6872 5236 -4959 5405 4724 -2425 -3922 -5469 -850 1559 5546 7270 7648 2703 -2319 5442 7723 4998 119 2512 2045 8535 -6312 6969 8104 -3251 9657 -2809 4860 2710 4796 -4243 -2785 2563 5617 -545 4380 -165 -3326 -6303 -832 3508 -5640 -2419 9024 6737 85 7910 -9324 8420 7923 -3422 3685 1457 4085 7120 7718 -9558 5956 8578 6245 6715 -8050 -7799 -2741 3786 2294 -2234 9518 2061 9082 -6110 -8116 4544 -7032 -8746 -2377 4203 6232 -836 -3781 -5044 1083 -4896 9919 -5634 7965 -6220 3080 5699 -8762 -9712 -8571 -3837 -5113 4485 -2291 7310 277 -770 225 5976 -3434 -2481 -9223 8197 2528 8537 2972 -3410 -1915 5137 3011 3445 9287 7260 1482 -5510 8600 -9207 9628 -1113 -127 -5006 -3946 -3723 2433 6492 -5045 4999 422 -3050 -62 -1554
1014 -7647 -5098 9471 -3903 1025 9847 -1720 -3393 2560 134 7374 3247 -1194 5648 -6367 4248 -2864 -3284 -4991 -6152 -7232 4385 -6713 1370 -2380 -8677 -6611 5939 -3843 -3946 535 3034 -8095 3320 3970 -890 1778 2875 781 -872 7810 8517 -3247 1864 -6668 4532 -9121 -6519 6381 6135 -6238 -4311 -3195 140 722 129 1001 5142 7376 8872 5698 2859 -2757 -9994 -5771 6974 -4934 -2429 3543 -206 -4082 3651 -7121 -1323 -1993 -6026 -5810 -8344 -3628 307 -6318 -995 3514 -8264 2645 6334 -8501 -3950 3612 622 -1988 -9955 8333 9882 -759 2039 -4207 5868 -7385 -3739 -3546 9581 -9592 1872 -6330 4040 353 -5991 4066 -3977 5450 -1530 -1496 6614 9593 2611 8593 2938 7297 2465 -7225 -3774 -1659 9137 3756 1554 2846 -4976 4513 -308 -6520 -2259 -8280 -3728 7818 9977 9808 311 -2448 -4240 3078 -6803 526 -7786 -7798 -735 -2285 -1921 5281 -3251 5785 -3128
1578 6562 1077 -2557 6196 8233 3946 -6840 -9392 71 -7768 7320 -8624 2814 4007 2599 3183 -5713 -4426 -7744 -2868 -5158 -5953 4904 9756 -6664 -7523 9515 -305 744 2710 6035 3377 3839 -1548 -2498 -8539 -2604 5340 -1828 -6508 4054 554 -7159 6455 1596 -9937 2128 8322 5758 3728 -8857 2820 1317 3056 -2426 -1376 -7511 8627 -7667 -4364 6875 -5839 7766 871 5962 -1771 7689 6355 9547 -9740 -6031 -240 8061 -9740 -9870 3504 5718 3698 2288 8759 7797 1500 5914 -6367 -5640 6568 3759 1761 3000 -6931 3475 4623 -3175 -5801 5624
6519 -8314 8874 -6456 -1367 -3583 1874 9646 9190 1261 -7330 9097 -3104 6589 1780 -1884 -8168 -30 4106 1021 -2614 9609 5527 -1518 6602 -3207 6660 1922 -6882 9330 1294 6432 -3762 -5759 -8183 -1515 -799 5693 -6063 -1514 8296 4537 -1641 5035 6630 -9549 -2449 -7766 -6764 -2545 7163 262 -7936 -4901 6331 8848 812 -665 5172 5464 61 -3774 -8386 -7315 3350 7036 -5029 -9438 -7359 -1304 -8501 5019 -614 -2251 -3660 4909 -1968 -3571 3728 9520 -1168 -7193 7078 9989 -5169 5061 -4186 -8074 -3378 -6096 -2874 4445 3857 -3349 2783 5380 -3467 5753 -1463 8761 9190 6815 -5998 7738 2490 -9233 1244 -6611 9333 -2630 142 -575 -6450 -643 4160 -7025 -596 5694 -6065 -260 4440 -3677 -6991 -2347 -6565 -2057 -7176 104 5881 -2385 -2918 70 -8493 -2911 2822 -5248 4885 -9662 -5168 -6986 -1071 411 -3630 9939 2665 1309 6561 6668 7069 154 3701 1243 6431 -9647 4496 3961 -2462 -399 -6311 1628 7411
-423 3111 -255 3764 -3829 3781 -559 793 -6147 -5316 -5693 7675 -5688 5703 9951 4413 -3718 4497 8447 1091 369 5897 -6259 -9582
-801 3837 9992 -4661 2213 7743 4934 9287 -3954 -325 9909 6297 -9929 1682 -9366 -9929 4210 5567 -5785 -1302 -5817 9875 1139
9808 4847 -341 -8261 6614 8053 3990 5388 -8556 1764 6232 7970 -2052 2248 -9479 4064 9873 -8664 2535 450 -9001 -8639 -6307 5146 381 -3723 -1092 -3813 -5312 2749 -7083 -5462 1653 -7558 8669 6721 -8673 -4125 -1337 8886 -7253 -8922 624 -1560 5132 4937 -5108 8857 5252 -8758 564 7499 4942 -2108 5521 -3571 2532 9896 3764 -8954 5307 -7320 5119 1730 6311 7270 -549 8500 8601 -7819 1138 -8891 1989 5696 -9422 9444 -1759 8728 -1133 -3401 6762 -5159 8307 113 1571 -2497 -5733 1980 8516 -8457 9138 527 -8809 6070 -1548 -8408 3463 -134 -1045 704 3898 6299 -9262 8685 -5785 -4850 -7076 8486 2144 1309 -2947 2731 6353 -3787 8283 2412 -6030 -1632 -1134 -5057 6604 -3844 -7702 -3944 -5959 -3316 3123 -692 -4486 -5894 8865 -8047 5223 -6921 3114 5544 3876 -2518 -7735 -8989 -9585 -6777 -9713 20 -929 -4527 3743 6885 -7622 4685 -4787 -5522 9700 -3055 8214 803 -1785 9028 -2779 4242 8971 2345 5478 330 4644 9982 -3785 -1122 5101 -2076 1324 7702 3463 -87 8175 -5580 -7896 8074 -9390 -2699 -6233 8948 -8761 4107 1755 7002 -7274 -1313 5252
2268 1894 -6191 4237 434 3328 -6281 -7969 5128 1855 -9560 2732 2056 -9197 7840 -2985 3020 8948 -7575 -2350 2701 -8683 6455 -3573 1264 -2619 -9908 -4378 6498 -6334 -6009 1913 -6696 -7102 3700 -3249 2770 6732 8048 2133 7055 1925 -1690 103 308 -6019 -5096 -5200 552 3568 5221 5783 716 -3800 6528 -6126 -8410 -2713 1739 -9339 -4415 -4716 6744 -1822 -3973 -2806 -3 5874 8641 4645 -3299 1321 -4379 4057 -7436 -111 6843 2399 4965 -4448 2838 6393 4810 8926 8986 -7647 -4481 2628 -5233 1661 -5082 3820 8092 -9669 671 1865 1114 -5122 -8033 -4660 2898 -9223 4921 5560 1206 -1456 -3651 2196 -6175 285 -6061 9665 4477 1870 -8023 6582 3634 -7794 5469 -3232 -5348 -3342 -9428 -9372 1292 5969 9992 6980 -1557 3313 -9229 -257 -3894 -2807 -9763 -9141 7935 2231 -2054 -9544 -7303 -6996 -3916 -9503 -4928 9567 -3353 -8542 9877 -6763 1003 -6052 -1687 -4671 8923 6677 54 -2644 2445 8739 -6514 -7052 8224 7952 5214
-1796 -7678 2229 -8145 3741 -9397 -800 -878 -4375 -2818 4506 -1306 -9616 -1733 4073 9372 392 -7784 -7371 -2681 -8976 4288 9879 3268 1148 6231 9551 -1906 5272 106 465 -2117 6731 -4650 6395 -4073 4532 513 3253 -7495 -808 -2136 3251 4355 7746 -7680 -7006 -4922 -2175 -5218 -2642 8953 -2366 1198 1041 4063 4994 -4446 -5161 -4807 -9135 -4831 -1556 9944 5138 -9667 -3770 1701 8274 -1711 -4595 6667 6395 8472 -9567 547 -4011 -2316 -5662 5665 8888 -5385 4251 524 3318 5151 -5459 -74 -6939
-1097 -6274 -9835 3485 -1820 -6572 4769 2100 9615 -1946 6234 -9087 -3985 536 -2980 -6079 -7003 6534 7343 3577 2674 8517 136 -1279 5456 7011 3321 5960 -3229 1814 190 -2829 -4897 -590 -2507 6338 6968 6304 -3626 7696 -5510 -1942 3090 -9211 -8043 -9840 -2743 3348 -1840 -3271 -4872 7671 949 -1935 -5278 1151 7814 -8178 -7514 2925 -5451 -768 -3287 232 6268 6094 -3475 -6745 661 -129 -4374 2443 -1574 3167 -9699 2593 5193 -6942 7886 5149 8046 -7349 80 1213 -4875 -4808 8993 9800 -212 -4562
3364 8015 4188 -1159 7101 6140 -3640 -1583 2333 2307 -9858 -572 9352 9473 4467 3677 -1669 8444 820 -5750 8766 2631 2149 -1885 8136 215 -1676 5685 -7116 -5785 -3710 -6646 -241 -8289 -7407 -1182 7221 -7456 -4993 -3369 -4439 -328 -9549 -1035 -2517 -4933 -4151 -1581 6416 -1177 -6714 -3720 9002 5079 735 4967 -1637 6022 5091 8153 7826 -4872 -3850 7809 -7522 3041 -7837 -8055 6037 7063 -958 3837 1993 -9412 -5888 -3993 1311 1241 9895 3220 3553 5720 -3771 2452 428 -5135 1348 -7689 1117 7784 9719 -2565 3254 -6570 -4471 1158 8998 -305 1919 -5964 -3098 4204 -6665 5663 -9081 -8574 -8694 -3641 -8804 4008 -3576 -8615 -7274 2740 -501 -9856 -1369 4198 5988 -1384
2265 9330 -3003 1470 -1468 -7831 2602 9872 1244 -8587 8549 503 -1509 -2102 -6041 -4327 9863 1829 828 6166 -758 6760 6398 -2942 -52 -145 -3185 4066 -7836 6154 9545 6213 3147 -3964 -1024 -3408 -8780 9312 3064 9359 -5823 -838 -142 -9928 -7778 -6689 -7015 -7114 8172 -5855 -5929 -2760 1488 3956 2538 -7716 4779 5890 -1433 -509 -5521 9516 2357
-2689 -9602 5448 -2412 -3305 -1522 2291 -236 -3410 5545 4206 -7664 -4097 2991 -5308 7439 6867 6092 -3596 -4917 -6205 -4470 3887 -8118 5507 -9143 3409 5978 -1652 5757 -6586 -3720 -5676 -7974 -57 897 446 296 -4991 3292 6065 -7463 -4241 -3848 5371 -8496 8241 1966 44 -9043 322 8915 6780 3134 -2431 3456 5176 -4626 7488 -7825 -3453 916 -3320 -5805 684 7310 4051 5774 6373 9788 2713 589 3055 8386 1885 7723 5007 7603 3675
6019 9193 -8876 5435 -6013 9242 -6730 6690 163 4797 6736 -2634 -4129 9853 3784 2500 3750 -2948 -6935 9115 -5332 1606 7655 -9580 4770 691 7288 -5525 7601 -5423 -4595 -8321 3587 -8047 -1272 -1205 6608 -9630 -7174 3511 3393 6231 -247 -4412 -8414 -7037 9554 8077 -8967 -1920 6322 1873 8490 -8399 4584 -7360 -8099 5898 -8469 2115 189 562 -4602 2915 -3186 4093 -3228 -4766 -2370 7847 -450 -2997 3769 7197 8458 -6889 -7623 -1090 1105 3256 -6477 8221 6441 -5519 -3686 -4404 517 -3692 -6101
-1713 -5149 9469 -2170 9759 -188 6169 -1029 3873 -9868 7893 -9580 3424 5900 5842 2735 -2271 -5910 -6314 -111 8818 9824 4670 3431 9609 -8946 -6028 -658 -7220 9683 9821 -3898 -9959 253 6025 9992 -2356 5443 8706 8230 6217 7027 6834 -7701 -7339 5293 5876 974 -1695 6560 -3509 8941 1633 -9491 2976 -1757 3704 9985 4048 -4667 126 9169 -7374 7006 -9776 -2762 -6062 -4690 -9951 -2210 -5420 -8182 -8897 -8237 -8347 -7866 5381 -2904 3848 -7772 -6570 -6706 3333 2493 -417 -2304 -5417 -9205 -5592 -4414 -8428 8770 -3621 7240 673 -3489 8680 2505 2315 1494 6843 8233 -8861 8207 -3004 -163 1172 -350 9274 -5559 8821 8519 -2138 6697 6435 -5836 -9976 9485 -8906 -7573 964 -1935 -6566 4463 -3036 7850 8238 3039 -3598 -4891 -9086 8573 -4638 -323 -5227 -944 -2927 537 9753 -6293 5055 -2867 -557 -6623 -6920
7999 5598 -3789 3313 7737 -4472 9220 -505 -1684 -8631 -2490 -2055 -2559 3030 3701 705 2781 -6274 -2523 4808 5657 9619 -8300 6728 2788 4779 616 -2359 -5987 4762 8154 386 5163 6409 1784
-3270
2443 -9567 -2202 -4218
3285 -5397 -217 -8314 3328 7450 3000 -338 -3774 -438 -4936 -5445 -8660 -5562 1199 8197 -7536 -3561 -226 -2173 -9925 7229 -1661 -2929 4439 -4516 -1114 9266 -1701 9547 -1159 7749 745 -1201 3518 3249 2962 -8068 2754 9001 5895 -3237 2013 -4812 9299 9832 8609 1311 7503 4056 1531 -3737 3564 7556 -9330 8532 -6070 -596 5668 -7350 102 5319 -6032 -1703
3841 646 8658 -9630 5425 -4337 255 -2934 -9919 8178 4575 2707 -5170 1116 6930 9188 7231 -21 9632 8206 5393 -4744 -1683 -9806 -8504 -8256 3173 -6503 -3325 7110 -7675 8179 -8139 -2429 -2292 5550 1505 8894 7878 -5193 2473 9686 -6784 7524 -8907 3421 8434 -5710 7742 -4739 -2393 8338 5906 9163 -4148 -7200 6817 1543 -8459 7059 -5496 3013 -2035 -7649 -3185 -8485 -1263 -9666 7257 3416 -1820 1950 -6308 -4480 -654 -7606 1077 -9746 7407 -2894 -677 1116 4395 1304 -8075 4539 8496 5093 -9439 -5915 -5478 68 8437 -8442 2154 4703 4609 7235 -3030 8276 -3366 6258 -2044 -4057 9189 -8057 -8125 8644 3015 -4117 8562 -7292 -7074 2882 -4831 1298 1022 -2901 9475 -5212 -923 9872 8052 8141 -4737 -3544 153 3011 2160 -2525 -4520 -3882 -1082 982 -7923 -2448 4760 -4316 2378 3854
5881 -120 -6848 9195 -5906 9277 2894 -6678 -9644 1242 -7596 -4668 -4443 -4159 -2437 8140 -4212 -3291 6812 1647 -1916 4839 1878 -1551 -1575 -9620 -822 5340 3934 -9322 4467 8049 7589 -8460 814 8120 8066 5458 7192 2232 5368 7307 -6583 -6526 -6440 -8163 65 8181 -7664 9408 -7911 474 2765 -7393 9062 6016 8387 5044 -9813 -9245 2845 -6476 -2471 8513 5037 -6492 2889 -2260 3346 6680 2443 803 -7753 1812 3805 -4011 3832 5275 3034 4316 -7026 8526 -585 5794 -9319 1174 -8108 -2357 -6110 -3331 8063 -3588 -1072 -8488 5557 7578 189 -7748 9793 -3128 -6749 -9937 -1815 -2258 7839 2706 6133 1618 8848 8547 8545 -7040 8847 -1746 7170 -2818 -8940 6203 2 -641 1353 7990 2681 7934 2589 -6216 7189 683 -4277 5055 -5140 -3943 -7681 3045 -2930 -6152 461 2612 -2741 -4632 2804 390 -4861 4109 -6835 2080 -6931 7285 -7404 9675 -3357 -4415 6454 -2337 -6060 741 -8249 1282 -7340 3588 7879 4064 589 3983
-9318 -244 -4038 1305 -291 -1755 -1842 -9174 -1595 -7735 -5650 -737 -5782 -9733 6599 -2962 -607 -7674 -1418 8852 727 4774 -7203 2200 -1045 -2296 -3993 -6104 2177 5823 628 7137 -3833 -4614 -212 6231 8832 -4056 8860 -9609 -2743 8105 -1964 3008 8952 -1439 -9292 6358 -8598 882 -1782 -3601 -5347 -1090 8472 -2705 742 2121 7849 4365 8884 -9684 736 4168 -117 -6365 558 -5992 -8083 9306 7598 -4572 -9025 3394 -1171 731 -4117 8639 7518 2840 5987 1987 7669 -5548 5850 -2840 -2172 5335 -9803 792 4705 156 1947 -173 5739 7368 8096 -5884 -3323 -7396 -675 -5152 -3931 -3426 -3345 -1802 3655 1102 7422 -4326 -3781 5831 -2202 -2276 -8039 3477 -3521 -8080 6552 3411 -5158 4632 -1475 3378 4788 5521 9141 3588 8964 -6189 -7391 -1295 -9455 8221 -3583
9164 -7025 6647 -2833 -7962 -6680 6879 -9092 -4358 -5689 1144 -4797 -5046 5199 3132 4671 2967 1630 5844 8799 6854 2989 3253 -7323 -540 5807 1714 -8340 -3257 -1311 6993 -5346 -5733 5535 -6485 9211 10 -6085 -7672 3515 -8554 -3826 -5109 -5399 2692 -6621 -2785 -9445 -8388 -9259 4313 4315
-4446 8771 -1111 73 -7997 1082 -2221 -2324 2619 -4446 5806 5424 -5647 1024 -7880 -9435 2687 -4583 -6420 2653 2175 -1523 6537 6075 3187 -6496 9688 7807 7221 429 6455 656 2933 8674 -129 -1269 7222 -6943 -2647 9243 -8222 9100 -5684 8731 9391 5693 7816 -3622 9985 -59 6926 -7274 -9773 6992 2207 -915 3024 -4050 972 -5415 -7100 1617 3237 -7292 -6310 8298 8461 -8348 3393 6143 -1736 7222 -1853 5906 -9457 7865 -6084 1142 -9985 -4206 -6314 1492 701 1398 2972 -6069 -3305 -9843 -2247 2304 8260 4260 9575 8106 -2721 3226 92 -5402 -7091 830 -6940 -3580 1990 4161 -5876 8283 -4084 8795 2405 -3457 -546 -3251 2610 6244 4205 -9851 1842 6547 4282 5074 -2844 -4055 -3462 -1369 9052 -9392 -6066 -1647 -1685 -9213 -2840 -9083 -1353 -6069 4665 7718 4387 9140 -9869 -4889 8526 9264 -5984 -6100 2843 -9746 5503 9157 -9539 -5812 3815 2248 6331 -4742 4572 -658 -4605 4174 218 -926 -7946 -2419 1976 6646 -9163 8665 -5572 -9860 -4678 -3211 6184 -5510 756 2272 4768
-2465 6488 -3985 -2761 -490 3560 8565 5136 -5890 9809 -6593 7366 7274 -1569 -4721 804 -113 -1013 -3156 1683 4329 2054 3882 -6348 5835 747 8543 -5540 -7934 50 -961 2354 4175 7096 -4059 -8511 910 2424 -7568 8959 7078 -8448 -2963 -6712 -9069 -4304 2279 8844 -9910 6311 2690 3975 1429 7851 -2660 -4249 -8107 6200 5575 9190 9954 -93 8436 172 5276 -7655 1274 6879 -4084 -1874 9481 8955 -5492 316 -9050 3859 2850 6747 7117 -2754 2117 2674 -5605 -2141 -5221 -4491 1883 6406 2054 7612 -3723 -7530 5844 -9940 6464 -2338 7881 8303 6522 -732 2722 8473 -1082 5629 9454 2291 9276 4887 -1176 9595 -144 1302 2541 -4428 -2244 1718 7898 2236 -9045 9742 -4140 -2342 -5905 8058 -4299 -5346 -670 -1484 -3173 -6384 -1299 2892 662 -1965 3970 181 -7061 8512 1791 -3962 5284 -4006 8117 1333 -1872 8563 -9162 4752 -8837 -5107 9673 -5483 -4853 -4839 6593 -7726 5219 9344 1238 7596 -9942 6500 -2706 8768 -3829 -7230 1971 -3289 -1967 4318 -6396 7083 6038 -6615 5744 -6144 -3571 3072 6528
-7810 -2859 -6817 5322 876 -2081 -7685 -200 -3953 5186 4651 3930 -5078 8648 -4775 -2164 -2671 -6154 -596 3194 7842 667 2593 7461 -7974 314 -9855 806 2922 7779 -6493 -6982 -7357 -4159 5828 7015 -1268 -4702 -7898 -398 2125 9131 -13 -3819 -8008 -1076
-6437 -6110 1711 -2880 -2739 9235 2638 3006 -314 2090 708 2928 -8391 -8015 -9475 2038 139 -8442 -2850 -6959 9914 7071 1765 -8247 8175 -4607 -325 -8302 -7232 -72 349 446 1779 -9408 -1442 1566 9576 -1964 -2562 6926 -4310 -7013 -7738 6083 8013 -136 5350 -5996 -8131 -1520 3842 -7338 -9950 6472 4322 -8679 5363 381
-2486 8098 1678 -9177 -482 -4778 5822 -7942 8161 -7822 5324 7588 -6043 -2845 -3555 1352 5156 6907 5136 -4374 -4713 304 -28 -8585 -3364 6701 -171 -9615 764 -9694 -4052 1078 8871 -4845 -5424 5184 -4750 484 4261 -8823 -8241 -2194 9807 2031 -9657 185 3235 -549 3048 7053 817 1312 846 5714 8044 4190 532 2749 4097 -7627 -7031 -6640 -4903 -6605 -1159 -816 -9748 2006
-8807 -7760 1019 -2865 -4851 9044 -7425 1259 8880 7632 369 2441 -8475 -3417 -8648 -2228 -7442 2829 -3982 -828 1798 -9764 -6898 -5657 4269 3398
-2982 5838 4206 -8333 -8828 -5008 -6930 -2664 -9476 8589 6222 1281 4576 -4372 7129 4355 7238 3275 -2389 -2074 9542 -5421 -2387 3348 7640 -5024 -5000 -4225 -3821 -1927 5662 -6530 9459 -6984 8270 -8970 -9764 -1859 -8341 7426 3327 3948 115 3428 4819 2038 8777 6249 -4518 2317 5418 3312 1923 7895 -6140 7303 -8161 6166 3493 3668 -4822 1832 471 3009 2966 2225 -6382 -9696 -5062 4686 -8064 4430 1369 -2228 6532 278 -3816 -7456 7118 2824 4406 2545 2224 -5912 9310 4962 -650 -9069 -2572 -7760 -4625 1037 -4254 -431 -3408 -2254 -3915 7833 7795 277 1738 -6389 -4466 -93 2691 7517 -3647 2162 -2494 2781 4211 1983 5786 4098 7814 -6042 2460 9931 -7208 3391 -9782 6299 -1065 2002 -4783 1843 5820 -4357 6625 8605 1203 415 -272 -349 -1380 1015 6089
-2476 -3310 -8439 6762 4384 906 -8708 617 -6420 1272 7549 -9715 649 -6078 5925 2165 -1258 8229 -9351 -8416 7127 2455 -5342 9697 -6134 -5308 -9351 -6638 6674 2436 1040 -873 -4725 6896 2929 -7368 -550 -7492 -5836 9603 -7472 -1798 -4928 -7969 -5165 9161 -1855 -9460 -9287 4082 -9780 -7744 7273 -3997 340 9652 -9849 -6981 -6727 6960 2641 9054 -6226 2812
5860 9980 992 -1967 4678 3625 4117 -7086 4850 -6692 -8803 -1121 -1724 4816 5899 -9946 988 3570 -3081 6153 -9417 -9188 -1661 -6308 -7601 -7031 -2914 9577 -9389 -2986 -9472 -1671 -2178 -3612 3826 -7021 -7715 -5918 5436 -9325 5936 5013 9445 704 7315 -7492 -2217 4411 4684 4692 9100 -9975 -4632 -1040 -4354 -6157 6030 -8397 -271 2251 -1029 -2591 6 -6835 -8002 -4173 -6236 6722 9269 -3684 -9291 7819 -3387 1301 -4671 1274 -4918 -673 2950 -3608 -4495 8207 -3999 -8528 7564 2560 742 7445 -708 -3374 2021 -8788
7535 4822 691 4073 -1103 6658 653 -3929 8559 -9818 3133 -6504 9052 5583 -7118 4029 7353 5760 -9746 7335 945 -6821 3136 6512 359 -7935 8938 -8889 6688
4626 9886 -1397 5254 7043 7673 -9456 -9428 3431 -3928 -1532 6823 5958 -7758 -2528 -5512 7156 5610 7331 -7526 -2764 -3744 -5791 -435 -1275 -8184 1471 9878
3431 2407 937 2255 1175 -9522 -7168 8926 -9585 1139 -100 -4070 9367 -4728 -6376 -5352 -5747 5605 6356 -1046 -6167 -2573 8811 -6585 122 -127 776 -8393 -793 6149 3784 -2398 5714 -3082 -6507 -3455 2186 -5490 -3674 -1775 3879 -2018 -2973 -2829 1028 -1685 -6018 -1448 -5595 -2802 -6191 -9814 9309 4769 -2800 3114 3789 -9357 -3864 9054 -3981 877 247 6578 -2317 -2607 -9210 6634 5568 -5147 5114 -288 -990 5965 -9075 9643 5461 1046 2613 -5738 -7785 -9990 6528 5748 6871 1874 1441 737 4050 2816 3176 -3423 1446 -5710 471 4709 -8918
9224 -6389 -4930 3339 -4931 -5723 1321 -6445 8089 -3687 -433 -7996 2704 4865 7879 -3893 723 -8438 5317 18 -2698 -5553 2497 7196 9641 -6886 6245 -1450 -7221 6206 -3631 -5691 1609 1887 8726 -6779 3465 8366 2873 -7415 9682 -2934 3150 -4632 8199 2572 -5383 5474 1692
8439 1915 8746 -1305 -8589 -3180 -7008 -3030 -6706 8087 -8750 -6974 2767 491 -7335 3157 -3489 -3701 8926 -1625 -1462 4442 -1290 7869 8579 -71 -5372 4278 -5979 -2568 6490 1935 826 2414 -9842 5669 -7558 4783 -1730 3319 -6259 957 8668 755 9413 2022
-7000 8459 -6813 -5966 4314 9512 -7508 8769 9474 7172 352 8006 -6355 4739 -1025 -3451 5015 -7412 -8944 1322 -4317 9015 -4999 -2105 1096 -3285 -3937 2283 -9123 -531 -3054 7470 7337 9607 387 1795 9411 4150 1656 4942 -3214 -4886 -997 7301 7269 -5834 3711 -4274 -1941 -1281 2839 5153 -7534 -5417 -9231 1656 -3102 -289 -4327 -6695 8153 5479 2883 4245 -4004 6576 -7295 5652 -1092 -1778 -7031 3874 2655 -901 -7700 2251 4670 8813 -2822 6939 -4243 -1333 6492 6134 -1864 -568 8840 -4786 -7379 -3071 8521 -1564 4427 -2927 3450 8948 -4472 -4664 823 9028 8536 579 6168 9832 8991 7417 4396 -586 -6673 -2801 -3377 4482 -9392 9336 8288 128 8481 -8545 -6224 1563 2398 -4868 8783 7219 7754 -9000 -3886 -6332 908 2273 -7270 8125 -2753 5388 -3020 5686 -2312
-3081 -7256 -1473 -575 -5092 -8615 -9811 -7806 6747 2554 -124 -2318 2514 11 -3732 3105 -3146 -1011 3605 1141 -1575 9260 817 8915 609 3224 1371 5068 -4751 -7369 9703 -8128 7646 3677 -2517 9452 4457 7627 4145 -8218 6484 -2320 -4238 -9155 -2085
-6980 1411 6147 510 -8912 -8498 9369 -3426 -2944 -2706 7492 4802 3901 -3653 -2776 5228 -6950 3153 5342 -5077 -2002 -217 2995 -5455 -6977 -5088 2254 -792 4694 -5862 2407 -957 600 3097 -424 -5789 -9658 -7341 2129 -3105 -7436 -327 858 -9746 -6279 9637 -5993 1884 6501 4290 -2238 26 6213 6487 4599 -3974 -2583 5940 -1225 -4259 -5574 -6417 -8210 -1666 4536 -4703 -4167 8309 -226 -2680 -7633 -4172 -791 3928 1032 4357 -1277 6350 3632 -851 -1469 1563 -6691 -982 -1258 3650 4803 1557 -8647 8111 -8665 2098 -6910 1480 3593 6657 8988 8385 -6903 6021 2280 -3273 4750 1479 -1522 333 6209 9741 -3719 8528 -6222 -3437 -9507 -4177 -360 5082 6535 787 4523 9979 476 807 -9266 159 6196 9678 -325 3929 7064 6084 -4110 3682 9553 -6899 7046 2378 -3819 -2835 -9970 -5051 6683 -3199 -2784 -3518 1023 -8939 8869 -8089 6034 1882 1807 2440 -7893 -7861 -4938
-6836 -3978 4982 7354 -2900 2035 -8440 -8427 -633 -9050 8605 -6158 7050 -9331 -6096 -2517 -5521 -8214 -3706 6657 4025 9029 -5980 4948 9349 4925 -5764 -333 -5472 2866 5852 -3391 9912 6664 -2130 -8120 -7707 3065 1187 3440 -625 -109 -8985 -9031 -7312 2145 -4855 441 5928 6665 8520 601 -4015 -691 -5563 2414 5979 1333 6830 4940 6547 -3758 38 3470 6608 8342 8609 -2242 -4701 -6220 9428 -4572 -349 -6283 9902 9826 -1997 -6409 2593 -3168 3467 -459 1866 -9036 -2449 1638 -3421 -4480 8208 3933 3579 4909 9153 -687 9564 2240 3119 6219 -2503 8691 6839 7640 4630 810 -5170
-9399
9062 1642 -6878 8697 2142 9719 11 1295 7697 -8133 7463 1186 5611 4749 9153 -4830 554 -3622 -7682 -3552 -482 -169 1817 9842 5503 9106 -7315 -8449 -4062 -6835 2540 4002 -6836 16 1328 -2261 -3112 952 2926 -8467 7890 7228 -1448 807 4366 -2627 -652 -429 -9561
-219 6901 -6937 5430 -7594 -2527 -4667 383 -3378 -1395 -7741 9482 3628 -2669 -167 -5167 1216 -7672 -8007 -8268 2550 2721 -9622 7267 3593 4236 909 -7232 -4708 2543 -1951 -9179 -5838 7936 -7224 -7379 -1700 -9894 -1188 1917 8518 3464 4225 7778 -5308 -9634 2762 -4048 -4263 -5498 -162 -2521 -7 634 9819 -4422 8329 2720 -494 5743 -1567 -873 -1064 -994 5821 -9072 5379 2258 5749 -9795 6288 -6504 -3992 -8022 -8529 -8759 5676 -1631 -4722 1687 2764 -8188 -8858 3612 -9285 3912 997 4096 -9367 -6017 -8412 9922 -4489 9998 -7812 7701 -7875 -8528 1463 -333 -5716 -1921 -4937 -9966 3830 -6574 2174 -2846 3254 8468 550 9403
4973 -3607 -1831 4783 7330 -5224 3018 4606 -7938 2208 -3071 -8732 4974 -1330 -1146 3863 -7418 -4619 907 9946 -5344 3083 -1448 -6180 -9996 -2514 -4057 1964 -1483 -3157 8960 -9563 1792 -6850 -5797 -8401 7291 392 -2018 5397 -9938 -3146 6592
-2970 9634 -3175 5027 6661 -3612 -1143 1611 -2217 -1896 1628 -2378 7578 9867 -5835 1325 2631 3926 4057 6672 -2491 3881 -8650 -1402 -2534 -8401 -5213 7985 7464 9959 3349 3614 -2234 6860 6024 -2067 -9396 2471 -8475 -486 6478 -6728 -9086 6825 1151 4047 -9525 -4630 3810 -6337 -5017 -9929 874 -1614 -3119 -9716 -697 277 -3614 -4965 8015 -8669 7896 1270 6156 -2418 -2142 4930 4204 6833 1388 7125 1344 -9296 8636 -1987 6468 -5066 9023 -2268 -4859 -4978 -841 7839 414 7579 -1662 -3072 -2830 6284 -5305 5507 6407 -4323 4479 7598 7952
-8893 8933 7293 -8248 9113 -1223 3445 -8831 -2009 -371 4107 -8105 5765 6724 -928 -5365 7320 -8729 -7066 -4026 8684 -2334 -1577 8177 -1287 7657 -8776 1298 7155 2510 6072 3770 -4543 -8652 -7097 -587 -3700 -4636 -1154 8691 -2862 3715 -5303 8346 1408 -9191 -6960 -635 5385 2867 8052 795 -3070 9013 -8691 -1068 6945 6215 1298 -1129 -2955 563 7027 5595 -4068 -9026 -6344 8252 3533 8896 -5086 -3358 5210 -8241 9106 4005 -7512 -3852 8623 -2794 -1905 -4036 3402 -9939 -2817 9106 -7974 5720 -2898 -978 -5294 -2909 -2372 -7428 284 -2105 -1961 8801 3727 -4281 3844 -3440 5814 -2264 -3280 5413 -6163 -16 -7326 -9434 -740 -6119 3926 2553 -3709 -9699 8816 9441 -3074 -4483 1979 -1493 -889
5194 3424 -3667 6251 -5625 7816 4674 -3653 -6760 -9073 1685 4643 9331 7499 -9595 -5895 2234 -9363 -2798 -3437 9799 -2933 -5203 -7454 -5804 3118 3443 -8622 4111 9214 -9990 1322 -2707 -738 -7955 5604 -2111 1092 -7853 -3612 7911 -2745 7654 8068 -3971 6598 -6974 4043 -9146 1186 7496 2422 7998 2140 259 -4302 9009 -9407 -1414 -7639 -9199 -8874 -3149 -9973 -5871 -6434 -801 -2183 624 7713 -2696 8155 1465 1897 8809 -6471 -5341 -5834 -3473 -5723 -9381 2911 2995 9957 -6060 1363 -7067 -8622 -4731 3271 -3785 -4504 9454 -4540 3222 -1775 -357 -366 8337 7159 6873 9230 -3906 4112 6761 8954 2495 -691 5756 8923 -113 -3597 9006 9138 -8753 1224 -7265 -1283 -8936 -6207 9825 -4427 -211 -8741 -4065 -9406 -2165 5879 9242 -3005 -2101 -8421 6757 4397 4122 7660 -974 -3117 8942 7603 -9729 492 -6181 893 -8372 -1989 -1522 6235 5778 5777 2664 -2211 -6422 -826 -4826 6913 7656 -1127 8756 -7814 2941 1465 7656 6510 -7696 -5038 -9604 -6099 2453 -4054 -6702 -218 -309
-3783 -9305 -6051 8358 6782 1927 -3907 559 4739 -1847 5414 2106 -3205 5622 5462 4112 1247 -8408 -7656 1069 9482 6106 -5755 -6111 -8919 -2134 4262 -9184 -2239 -9567 -5834 -5133 2621 6909 8673 -5794 -2967 -3737 4809 8707 3088 2759 -3778 1253 -7515 5814 -5124 6794 -7153 4846 -7306 7995 -1072 -2910 -3186 -6378 -9073 7417 -7804
7444 948 9101 5626 6496 6240 -6635 -4023 -6261 4833 8215 4356 -2778 -7869 9380 -7535 -6617 -9389 -6227 -9053 -8838 -2505 5778 525 7119 -6529 7231 8390 8356 -3111 -8143 -2673 8191 -4492 -5912 -2411 9649 -5445 3903 3551 6733 -3588 5495 4483 -725 -7065 -4956 -9595 -3957 9799 -376 -216 6982 41 -5786 -9758 -7243 -9020 -8628 -4209 4165 192 -8072 -7998 5331 6251 -4828 -1324 -8829 -6613 8803 3157 2606 -2036 -7040 -5366 -5735 -48 1414 -5645 -1588 4476 84 7364 -5608 -8899 8120 4070 -4505 -4324 3549 9396 7866 -6460 8791 -4057 -6115 -4638 6225 1173 -573 -3732
2865 9602 -5601 3227 9991 -4599 -3574 5539 -6344 9922 7042 7162 -1147 4347 -6451 -2496 -616 9373 -8852 3261 -6373 7979 1979 -939 -3924 -738 493 7360 418 -1914 10 3162 -4594 2824 -7158 3088 -855 8786 -9580 3873 -5487 -3765 6268 4916 -6565 -5876 636 3547 -4485 4306 -7922 -8337 9858 -3759 -4044 -8907 -7983 1789 -9059 1261 -7935 9992 3179 -3308 9461 4464
2296 -1472 9390 -1455 378 -9470 2337 7929 -4233 -4603 -6415 -7063 -4096 7701 4102 4678 -2134 -720 -4257 -1799 -7933 -3698 -5972 -9630 -8474 7405 -3554 4565 8993 6648 -8647 5382
-7541 7648 2716 -5084 1307 -995 -1014 6448 -903 -7103 -4622 -4994 -2881 6571 8937 3403 5103 -6502 -6704 8322 3415 5861 8188 -1893 -411 3401 7791 7102 5990 724 323 6818 9925 3207 -3839 770 9528 867 -1274 -7499 8213 6280 -5158
476 4860 9359 -2057 3625 7924 1103 3070 -3102 8464 3145 -7506 1227 9998 4249 -3639 8015 2602 -3320 9043 8352 -7660 -1173 9124 2659 8146 -867 -4709 8718 9461 4076 7814 -2444 9143 -5520 4939 -2716 -6983 9149 -1557 7042 4700 4327 9157 9666 2927 -2383 -3472 7327 4560 -7427 -3464 -412 5423 -9224 -3164 -4188 9539 1603 2562 -5684 4792 -9815 -4516 -3235 -2354 -7571 -7714 -1094 7372 3546 2979 -9779 925 -4759 4064 4158 -8527 7664 531 -2413 -9192 6651 3913 5507 6377 -8637 7777 -2344 4382 -583 1669 1172 -3757 8711 7712 -6238 -1525 -4220 9152 -4342 -5893 -641 6375 7284 9064 -6911 -3274 -1290 -3785 -159 -2931 -7636 1695 5027 -5208 2447 -5919 -9252 6733 -9830 -5834 2035 7036 -8608 -7486 -5827 -6231 9718 -2692 -6620
3163 -1135 -185 2230 3159 6260 2565 -4925 -9863 -8002 6756 -8132 5660 9504 -3044 -9517 -9452 -9158 8160 5739 6755 4248 5941 6449 -2460 -3752 -5798 3666 -2586 8432 -4703 1925 -7658 -9751 9188 -7518 5857 3685 -2479 -869 9493 -7145 1802 3121 -7249 1888 -469 2299 -5615 -912 -6162 -9043 -2170 6188 -1589 -2375 310 3695 5185 8389 4258 -6572 3700 -8103 -6663 8677 -3913 -3704 1424 2019 -7733 916
-6841 8583 6673 -6875 7494 -2070 3439 4717 -377 9516 -6931 -8000 2063 -7024 1165 -291 -8675 -2923 -5376 3197 -5271 -1023 3343 6436 -6470 -4130 -9664 -3239 -5842 -8591 6211 5617 3580 1104 6336 -5873 -6015 -5568 9571 -4221 -6398 -6444 4805 -8527 -8172 6345 -4132 2404 3999 4890 5284 9516 4920 3523 2708 -6594 -1446 7901 6534 -5553 279 1782 3956 -1558 -7895 6514 4921 2960 5425 1872 -597 8404 -7025 8127
-7204 -9605 9047 -7095 -4444 -8282 -1261 4231 -6637 3772 -9444 1546 7871 1280 -9266 8585 5320 -6550 7220 9010 -1931 6537 -7190 -2810 -4819 2299 -9555 -1688 -3711 -8317 -9091 -9031 8321 -7545 9867 2061 -7135 -7148 3073 2396 4364 7910 -6592 1393 1150 -8954 7086 -5485 -6022 -3667 4281 -5485 9889 -6110 6193 667 4301 6182 -1329 -2455 -2812 7455 8828 2877 -6262 -8373 -9834 2199 6319 -6908 -2358 646 3003 -3664 -7322 4481 -2500 9370 -1323 -7018 -4021 8101 3576 -8422 8208 4255 2088 5922 1235 3320 -2024 -61 5002 -1182 -6226 -6464 7042 1045 -2187 -2836 8219 8951 843 -1380 -475 -6210 -9644 4015 -88 5686 8451 9316 -5538 2742 8611 -3906 487 -4630 -7627 7945 -7327 3300 1113
-9266 -2953 4064 8072 2814 3246 5788 2034
-656 7339 -2395 2646 -3494 4532 -5717 -1564 -9290 8059 9096 -1684 -24 1114 -3910 -3826 -9178 206 1052 -1884 -9867 1860 -3144 -659 1882 6602 3703 9564 6827 -4174 -5571 -2742 -8253 -1950 -2588 -57 3984 -623 4669 -8233 -2493 -9206 -3592 -5288 -2982 8672 -7534 1991 7859 7831 1651 6364 3659 1719 -2151 9838 5977 -2056 -7291 4825 -9286 985 583 -9601 -2062 -2490 1289 -6879 -9377 -9732 -4226 3304 -274 5671 7868 -6974 -6268 6857 3994 -4901 7497 -2021
-9576 -1953 9789 -8876 1496 -4829 4817 4093 -8884
-7582 1380 7493 -8506 -6032 383 2251 -4219 523 -142 -1800 -1291 -9505 -239 -6584 -2730 -7681 -5652 4394 -7600 -9268 -4744 -4979 -5999 -350 8175 2504 -4583 -7996 -3840 -1688 4265 -1776 -7552 4124 2486 -5911 3258 5871 -8447 8613 7014 2420 -4149 -849 9105 4144 -9403 468 4086 6535 -4888 6294 1100 -9670 -9555 81 -2884 -8377 -6169 8709 -9564 9454 -7145 2880 -6833 -1653 6344 -2191 6725 -7747 -6016 9318
-69 8214 6309 -6876 -7330 3100 1870 -9952 344 -6239 -4369 474 1274 1743 -2607 8197 595 -4066 8999 1810 -252 -4873 1520 7082 -7775 -5539 9590 2970 -9437 1766 -2957 -4281 6624 -1200 5627 -9561 8019 4981 871 -3175 5807 -6712 5238 4673 -8413 -9404 3624 -660 4986 -3361 230 -1875 -6942 -9019 -1773 8573 1919 -6051 -9756 -6025 -7318 6851 -8109 7427 2518 2540 -100 3492 -6414 -1509 5719 -7235 -9736 7949 -2088 1350 2527 5626 9570 6298 -9717 -5537 630 -1531 -1341 4282 -572 -1810 1678 -4320 2872 -6532 -5407 6308 -7749 -270 3239 -3725 -2993 -279 -7831 983 -2939 -6330 -7356 -3666 -9384 -7500 7613 -8002 9984 -238 -6577 6246 -6861 -5494 -8044 -7347 -5949 1953 -3349 -897 239 -5152 -8642 -6168 -9085 1750 9377 -6859 -7500 -901 2351 9741 -1506 -3283 -3960
3149 2293 -2340 -1732 3484 5781 6372 -9207 -2360 -5048 9038 170 -806 -1673 3075 -3700 7855 4802 -7271 5551 7386 -1360 -8835 -5430 -4714 -4174 3026 7329 6991 -8109 5994 -8395 1586 3590 -7170 3298 -319 -5723 9981 3506 -8870 -4447 4368 2598 -5832 8908 -9590 1706 -7673 -2644 5159 3806 -8770 9899 2399 7184 -5917
-6507 3834 -9397 7586 -6603 -2825 9504 -1960 -9038 -7941 -1139 3524 -5097 8879 2480 5953 -3350 -3049 -3014 4269
-7559 -2550 -8788 5327 -3054 5918 937 4887 7216 -9479 -8429 -2977 2826 -951 8298 -8770 6834 -9834 -2856 -6226 -9895 -1767 6006 2015 -7131 -4334 9916 -5045 -2412 1028 8451 -6637 3005 -365 6010 9507 6702 9790 5055 -4024 9495 -5101 5580 -8491 -655 3387 -85 -1640 4894 -8855 6209 2559 -5347 1186 -6997 -425 -7442 -7322 -63 4071 -2679 3520 -113 1737 1856 -3876 2012 9447 -6036 8894 -3443 -3944 -2897 8644 932 8575 -5549 9038 -4824 7058 4989 7770 7986 -349 5327 -870 -185 6340 -1483 -1592 1826 8602 -9653 5452 -5965 -9065 -414 8065 -2457 353 -3886 676 8409 1523 3756 -4885 8708 7056 -4511 -1945 -8353 5273 -1276 -2161 1276 683 2989 5307 -3872 -1833 -3384 -7415 7171 -7582 5887 -1244 5915 5409 -124 -2070 6782 2214 -7507 2107
-9228 -9988 -6719 3091 -7859 -2473 -5031 -9657 6980 4869 4074 377 -5068 -2365 -6446 2682
6356 2170 2825 6870 -5784 -9613 9801 -1576 -7484 -3963 6525 -7201 -3715 -7594 -6796 6610 6111 811 -115 -2688 7813 -3023 -3822 -3465 4314 -969 1780 -8413 -3663 -9647 -3698 -2433 -5731 1005 -9776 -7941 2426 -8455 7710 -6127 5558
-2310 -4671 5051 2698 3558 8652 3748 7523 -5065 -9296 -8973 9065 -3365 3133 9489 -3471 5480 -6835 -8581 4433 2594 -4634 -986 1405 -1490 -8607 -9030 3287 7129 -7257 9177 9398 3463 9047 -8922 6295 5442 5127 -1024 -7558 9349 -4930 -5581 6103 8866 -862 -9429 -7488 4091 -4059 -7455 -1354 2534 792 638 -5784 -1060 5378 1887 434 9136 1776 -8914 6150 -3884 -4092 -2290 8055 -3825 2471 -3354 -2307 2612 2885 3383 -4837 2444 6177 7625 -8172 -421 -6989 425 -6153 3001 -2406 -764 -6074 -5294 9717 -8691 9198 -2646 5265 -9084 8842 3402 -2991 -5227 1362 1458 4116
7172 4249 489 1756 3974 3094 -7546 -7941 -3244 -488 -1274 -3575 3015 3635 8370 -3903 -1331 -6116 -8124 -9667 8822 2404 -2031 9269 -2707 5344 -9426 8205 8122 -1083 -1284 -1750 -9767 -9655 7281 -6831 -1130 5769 1631 -7153 3239 7619
-7749 -8283 6751 -8522 4544 3901 6183 -3449 -4091 4581 -8978 -3729 8365 -4559 -7614 -5423 2062 3233 3486 8659 7308 503 9683 -9592 6866 9615 7761 2570 -624 2289 9822 6870 2197
-4490 -1635 -769 -7582 -7708 1946 3972 3420 1527 8319 6739 -602 -1041 -3608 -4513 2779 3365 3978 -4629 -5641 -9499 5346 -6883 -7646 9414 -6116 5077 9636 6897 -2962 -9210 -3123 8936 -504 -7242 8541 9321 3986 -4750 1424 -8463 4403 9178 -5678 7501 1538 9231 4816 6815 2710 1137 7081 9029 3133 -785 -6408 9518 5658 9329 2513 210 4238 -6433 1642 1949 -8198 -9632 3997 3878 7188 -201 -5480 -7615 9782 7843 -4808 2601 2441 -8367 -1262 2545 7929 -9961 -6980 -1858 -9538 1689 5686 436 -7162 -7538 -7322 -2521 4471 1393 5869 -8912 -9139 -1180 -5797 3178 -5494 572 -6915 561 9042 -7118 -3319 -8089 1666 4029 -4692 2083 713 -7188 1825 -3055 -5301 7983 -2183 3759 2682 9281 6983 -3905 1797 4526 -8221 -7443 -61 -1513 3231 1559 9928 7711 -9718 8604 -7032 4665 1440 2156 863 -4988 160 2784 -2736 7890 -207 -3547 2595 -3017 -5360 -5181 -5073 -5042 -5835 -9730 1095 5981
4543 -7525 -6157 403 8616 2240 -118 5916 -37 -4771 5874 -2367 -5742 -3889 9522 1643 -1510 -4285 -9624 1737 -4478 -8244 5071 -6668 -6561 5152 8949 6497 6471 -3024 -3600 8341 -8760 7 -5988 8988 5206 -9079 8012 -821 5200 4366 8937 6188 3609 -1554 2166 -6186 7014 -1812 1602 -304 2378 561 8185
-1822 2346 -4787 4729 1463 4856 4623 -440 66 -8184 -8176 -3492 2010 -2199 4556 3392 7483 5031
-1869 -8377 -9331 4566 6130 -7427 -8656 -8974 1881 -4065 -7195 2838 5214 4675 -587 -6854 -7424 5788 -9608 -7873 2165 -4410 9273 -9166 -5225 8652 -6739 7731 -3584 5859 9674 -1432 7046 -732 -7543 1548 -3355 9317 -4608 -6136 7074 -5159 -8373 5604 8774 -3918 -8685 4792 -7007 7491 -2073 -4791 4980 2482 -7803 -4145 338 -3622 4019 -8853 1563 -362 760 -98 2447 3411 5780 8580 8529 -8773 1461 -2132 -5544 397 1793 -1248 2321 3946
4254 5120 8834 3632 1606 -3843 -2200 -3883 3185 -1844 -3549 -867 8831 3868 -1423 -623 -3883 235 4921 9992 -4361 -8166 7144 2334 1727 -7100 4245 -3317 225 7809 -8127 7225 -7065 -2428 -6273 -311 460 -2179 2086 -7491 9324 3647 8331 -4976 4525 2071 291 -2570 8724 -7866 8822 9816 3726 1508 -490 9018 -8146 -7421 -2018 -5783 8129 3673 7209 -3392 -4204 -9188 3536 1642 -1074 -944 7034 5194 -3365 -6691 7102 -8212 -4499 8311 -5351 -2351 -264 654 -7560 -2693 -9813 9881 -8674 338 -8786 5287 9288 4905 3622 -9152 8294 820 -5003 -3114 7120 -2067 -5669 9901 -503 -4913 677 -791 -4112 9027 -125 7503 -7515 9313 6064
-6686 -8101 4647 -7286 -6655 -4118 2491 6431 3641
-4153 8811 4574 9451 -6183 7661 1204 7739 1764 -5733 1523 4899 1494 1579 -675 9100 2241 8040 6816 -4951 -8632 -2581 1963 -114 -7349 5405 1037 -5744 1310 -4829 -6280 -6243 -3531 3105 -1728 -3046 -4511 -2122 -6188 -3925 2983 9689 3238 -6013 -3348 9348 -3239 -3636 3485 -6050 1438 -2254 -4729 6952 908 -3699 -385 3323 -7380 4506 1450 -6788 -3154 5248 -3771 -7419 4667 6352 -7854 -214 -5503 8990 -3283 -339 -343 -5918 -6397 -4698 -5009 6569 7479 -9176 -696 -9875 -1710 -7987 2412 4266 3733 -5270 -6386 -8025 -4178 4810 -7916 1752 -4570 6767 -4416 5496 -3893 -1600 9460 3673 5359 -2953 -5511 285 -8332 8281 -2952 1720 4547 -3777 -4552 5781 -2660 -4059 5926 -4905 5076 -4781 8780
4694 -3544 -2445 -8552 2875 669 878 4480 -3105 -6316 -6122 5314 -4894 7103 -3677 -7283 4607 2399 8595 -9055 7419 4244 8326 9200 -7470 -2924 9963 8697 -9743 4080 -6977 7781 -2478 3701 -5293 -5847 253 -6502 -3119 9842 -3051 3970 -8682 -1139 -7980 3764 9288 -9933 2069 -5159 -4177 1091 6273 -750 -5475 -2138 8582 8414 -3832 9188 -2399 691 9834 6614 -3668 1455 -7417 2110 5112 3518 1242 3999 -1821 -832 5247 9775 -7334 3119 3890 -1596 -8765 1673 6628 -3137 -4268 4008 2331 -4442 -1789 6154 -4392 6543 -2341 -3866 -2630 3621 -9751 -2174 4194 -9245 -3714 -8732 -1541 9780 3703 4138 -4543 9098 4895 8447 -4638 -3485 -574 5854 2944 -977 9672 -466 -6359 9186 5908 4023 6589 9063 -8127 -2339 -707 -3701 -445 -1847 5198 -2076 1772 6101 -4447 -9517 -8371 7666 567 -5640 3043 320 4097 9175 -4200 5997 8707 -8492 6940 -1656 -3883 237 694 8861 8599 -4679 4209 -2894 -6375 174
3907 9198 -5236 -828 -5509 5096 -5782 2714 7026 1578 -4189 9731 -6091
2450 -5218 3022 -3873 -6884 2936 4372 3222 -9762 4862 4158 -1015 6621 6848 -8859 8915 -324 -1073 -5346 3496 -2506 -3180 -3171 2896 -4918 -2911 -9156 3377 -3455 5477 -3563 8696 -9391 -1258 8906 -6508 9545 -3820 -6705 3256 1147 1428 -872 -4070 -9517 3150 8524 -4321 2895 -4923 -4524 -3383 -3563 9346 7494 -5905 6442 -8117 4782 -515 -304 -2908 8806 8251 -8680 -9319 9606 8946 8896 -1712 3782 8246 7393 -5545 -1615 6376 -8530 6263 -478 -7569 -385 2602 5356 -2596 4000 6466 2071 -3811 7669 8130 9665 -9653 -5452 4693 -925 -7320 -4875 -8309 846 3952 -2178 -5684 1739 2113 -7799 1621 -6255 7088 9476 -2581 2821 -3098 -1952 1910 -3763 -9753 7106 -6601 1469 9952 870 3542 -9096 833 7868 1908 -5887 -7912 3501 253 3126 3522 -8556 9740 5838 -8292 8569 -2818 8234 3228 -8487 -1463 1203 -9017 -1177 8196 2969 -6443 -5450 4818 707 -8736 -1982 -7934 -4481 5604
2541 5525 -3769 560 6100 -6997 1703 8120 -9765
-8650 -40 4021 -3340 -6548 -5183 -7876 -4370 -7595 -9632 -7707 -369 -1618 8439 -3855 -4369 -321 1237 154 -5867 5721 3467 -2917 9924 5310 2114 4507 3984 -6804 2085 -4012 -6322 -6329 598 6637 -3321 9492 4579 -3305 3571 5763 9341 8031 -6123 3062 -5620 1599 -1622 4108 -4269 -1538 -6221 2146 -1260 -9653 6445 6184 6790 -975 1775 -6284 -7104 2237 -5358 -8119 7502 -5936 4736 -1488 3836 -3508 5699 7197 8346 -6085 -5519 2612 -8782
5629 -4034 -9937 2655
-9884 8754 6427 3909 2721 7642 1893 -6170 6371 -8377 -5801 -8727 -5108 1445 921 -6201 3746 9610 -79 8876 4061 -9660 -7170 -7249 7233 7968 9984 -9669 -8837 5918 5925 -9120 -2570 5775 -1081 3274 8163 -7329 9939 8745 8853 -8523 82 -9468 -7690 -433 1960 8343 -235 -974 3274 7172 4992 9736 -4944 3790 4968 -8858 2809 -286 -1308 -5201 -6957 -5704 -2384 9450 -4862 6034 348 6966 5454 -3799 3736 892 5085 -8243 8787 1207 -5026 -7416 7285 -8823 -5540 874 -836 -3276 3131 7695 -3004 -8691 5261 -4911 9086 -2227 2045 3323 -2809 1535 17 8300 3447 -7205 -5066 7864 -4441 3288 7081 5614 8694 4256 4059 1842 -3754 -1566 9927 -1376 -713 -905 2698 1107 4675 -2607 7597 -3699 -8490 9234 6403 9130 8502 -8601 -6858 -8676 -8291 0 1874 676 -9156 4896 -1204 -2495 1847 6898 7897 -4947 -613 2472 9719 450 1508 1539 -6476 9269 4111 8531 1014 -1910 -8709 1125 -2566 3548 1714 6757 4636 -752 -8332 -3405 -9086 6803 1273 1617 -1603 -2970 -6879 -3528
816 2764 -1303 -7159 -3760 5873 -5661 -5908 9804 -7924 -6708 2659 -8522 9285 -7896 -6364 8986 8782 -4583 -5926 3687 -6020 -4534 -2868 168 525 2704 1650 -7900 -6819 9435 5483 9494 1514 -6660 -68 -5076 -8137 -7696 6062 -1317 635 4488 -8020 -5088 3664 770 1439 -6299 8024 8625 1635 5844 7069 8656 -193 3916 -6498 -3737 9021 -3266 8865 7644 8430 8161 -4539 3321 8545 8532 1975 9445 8016 570 -9911 -5156 4276 1918 -6494 -4742 -1955 6391 -3310 6640 1645 -8902 3264 -3269 9277 -3120 -3616 -8491 4508 4586 -9335 -2696 7235 -4488 -9410 650
8676 1671 -1183 -165 -1027 -2223 -3052 -6311 -3614 1423 -1718 6285 -1534 9725 6970 -2549 3435 5353 969 -8691 -8913 2977 -430 8552 -9116 -4443 9590 7161 8166 8498 9928 9764 -7595 -869 9721 7643 -6972 2613 -3726 -1873 -3304 -7116 -3884 3909 -5958 -7942 -3954 4039 -5521 -4818 7776 -2090 3574 6280 6578 5343 -1251 -3699 7841 8934 -6469 -6064 -3327 3703 7748 -1058
-6722 3603 5568 6769 6398 -1078 -1139 8909 -5501 4292 2970 -14 688 -4307 -4874 2340 -3982 9899 6483 -7651 -3595 -9059 4512 7634 -5052 -126 8317 -5514 5301 -944 4282 -164 -7080 9223 -5408 1499 8706 -4936 7345 -4925 2245 -7893 -4386 9880 6354 6229 -7219 3314 -5896 4330 -8800 -1190 -6534 -6813 -6562 -6113 1548 64 -2423 6584 7449 678 4599 -5729 5996 2232 -8197 -1104 -6006 9195 3925 -5822 3132 -6099 -9141 1478 -6351 -4123 5984 4428 9387 -5210 2962 -8906 -6636 9149 2838 6325 -7238 -9738 2139 3880 9793 -8675 6717 -4067 -8372 -2555 7508 811 -3198 6949 1559 2638 -9859 291 3805 5896 -851 -9776 2297 1296 2878 -239 3274 8223 6069 -5563 -2795 -1502 -4967 -9530 -3478 -804 792 5083 3334 -2394 -4230 -1964 2818 -5700 6697 -4412 3148 9168 -3886 -863 7092 6040 3881 4158 -8783 -1068 5575 -6417 7122 -35 9969 9226 -6782 -6143 8080 -2066 -9537 4625 286 4755 6234 511
-1918 -7248 -1475 -9677 995 -6321 -9170 -5758 -4817 -7209 -4090 -211 6397 -2428 -1256 -9147 -8968 -8493 9257 -4163 -5608 778 805 9333 -9053 822 -6742 7455 -5604 2645 -1158 1212 -4276 -5516 -4120 -315 -2505 -6201 -5416 -3234 7637 -3369 7285 7572 -7408 4889 -3694 1038 -6883 2413 377 -9540 4882 9399 -8641 -6852 -6358 -5419 -177 -592 1959 6949 4441 9354 9508 4886 1590 425 -9315 2101 -278 -2895 2374 2397 -997 9838 -6627 7773 -6822 -6737 7813 -6230 -9610 -1958 -9292 -6779 -8078 -6845 -2792 5424 1169 7036 153 -5715 7256 -1681 8031 -9551 3960 9612 -6989 3130 -6168 8941 -919 -7292 1688 3950 -1007 3791 4865 -5421 9607 6154 -7420 -5476 9383 -334 1739 6586 -3533 -716 582 4886 6456 1496 -6351 -1829 6789 8727 -7615 7166 -1514 717 -8184 -1963 -5058 -7326 1395 8079 -9031 911
1366 -3892 9943 988 7915 -974 -486 -870 7640 -4326
4311 3016 -1708 -4442 48 -7412 -5502 -6241 -8530 -7374 -6746 7520 -3596 -5291 9019 8400 -4934 4858 9801 -8948 3352 -3953 -1342 -4408 -537 -1319 6478 -9210 -4638 1661 -2956 -6692 -1406 -6961 1869 -5818 5735 -7244 6368 7926 9301 -1947 -5973 620 -7687 -2664 -49 -1
-2663 5883 6093 -875 426 7367 -3864 -3018 -3334 7639 -3431 -3602 -7596 2969 -7040 3404 -4759 -9791 9680 7686 -1948
-4807 6458 -443 -2549 2118 3740 -8157 -4520 -9806 -5508 8781 -8896 8510 8070 4230 1452 5842 765 790 3750 -6910 1535 -6675 369 -3284 -5867 -2724 2041 3885 6483 -4613 9322 -2245 -3808 -1140 -6939 -1056 7405 7452 6709 801 -3091 9803 -5217 -2454 -5264 2513 3384 9019 -3881 -8307 -1922 -210 9527 5856 -3758 8335 -8495 5998 -3648 -3622 2912 6941 9512 5857 4332 -6878 6723 -7762 8208 6306 -8613 -5307 -9307 -8354 8631 -4127 818 -7531 4194 4560 -6245 7936 5764 -1234 9285 9597 -2127 -8437 -4310 8863 5949 7756 -3745 4353 5091 1675 -3080 63 -5700 4223 9722 9751 -2096 -5333 3890 9722 -8580 -9983 -2745 -3144 6548 -7076 6912 8873 4859 1291 -2240 1166 -8478 -9587 -9180 -1450 5920 8737 7598 -3603
9041 2242 4509 -9209 2431 -8188 3491 -8597 7638 -6770 3580 976 -8754 -9202 7231 4250 -2987 3006 -5637 6985 8130 -5203 3682 3820 -6537 8224 -4872 5350 -9285 -7778 -2062 -4965 6584 1223 9434 181 -8560 9366 2304 4822 -2724 -2541 -7983 5624 1028 8434 7769 1405 9750 -9443 4959 6629 8309 -4886 -6178 -1570 -2609 4115 -5165 3097 4442 -2875 -5946 2298 -3382 1828 -4108 609 -22 8339 -236 -4767 -8068 -3347 -869
8072 -4920 -4144 2467 732 3604 424 8505 -8692 -4990 4826 6274 -8397 627 3773 1128 -4882 3171 -807 4533 6336 4410 7322 -9286 1783 2062 -3880 -2496 9618 4753 402 6115 -7514 5367 8032 -5164 3059 7044 -6910 -9946 -2377 -8402 1806 -3935 7595 8514 -6170 -389 -4292 -3589 -4503 -9141 5758 2082 -4824 -6997 -7288 -8827 5778 9078 2097 6354 -1548 2726 7264 -6789 2059 -7795 1370 8838 3611 -4537 -9066 7586 3496 -3439 1125 3152 -6410 -6164 3584 -7879 -5118 -4946 -3869 -9043 9102 -162 1227 -312 -2149 -496 6868 -1022 4669 5317 3953 -23 2746 -7401 6057 -3580 -6225 -329 6659 5129 1542 -1195 5555 -8967 -4976 -8436 3566 -5309 5612 339
8922 7041 2566 -1146 2319 -796 1727 -5577 2540 -1042 1588 -1455 -5894 105 -492 9824 3826 2183 -760 5058 -5559 -4979 -7476 -2991 -8225 -7918 -6339 5906 6052 490 -2494 -8635 3853 -3659 8062 9564 4319 6602 42 7928 -3156 6680 -8883 -5936 1468 -4138 3315 -7327 -1469 -5016 -7517 9482 -3837 7112 -3493 -722 -2498 5666 -5467 539 1438 -1335 -6684 -9554 4278 4049 -6848 -8266 -4565 -6912 -5488 -4701 9638 -7160 -5453 4982 -6034 4200 8717 -6560 -4968 4500 -3596 9553 9693 -4700 72 -4349 -3581 -2188 2128 8232 1685 2619 4334 -9500 4942 5893 -2521 -236 -1204 8972 8860 3493 -5782 -2148 -5425 5654 4050 9576 6591 7053 4400 2962 -5575 -8448 8978 769 -2156 5647 -1607 563 5050 -8335 9256 -4905 -9206 7052 -7270
-2264 -6526 -6729 -958 -4223 -5824 -7852 6901 8139 4313 7068 -178 -5362 -9249 -2126 -5152 3931 6951 -9951 6825 1906 -8938 -7139 1355 -3477 -9109 2435 -4725 331 4778 2740 -5628 -5673 -8801
8720 519 432 -735 -2083 6892 4104 -2394 9735 -8966 -4070 6324 6546 -9324 7771 -9447 2248 -6468 6127 -1725 -295 7934 -3536 2495 5280 -13 -4275 -8442 2555 3031 -9601 -9100 4321 5789 6628 9551 5972 7422 3336 -8048 3861 2572 4257 -1129 4360 1667 -3613 -6507 5707 9617 2741 -7800 8079 -1445 -6679 8870 8403 -1158 7998 -3137 -4156 -2539 4958 1019 1942 9550 -9184 664 3247 -9068 4966 8187 6549 4955 9943 1172 -7981 -9436 390 7907 6535 -5464 -1507 -6394 510 -9913 -8161 7265 -167 -4550 -4612 -3973 2061 -9991 -4051 4110 525 4113 -2634 -8272 -3379 -5796 -775 1883 -2051 6274 -8181 -3632 -1932 7133 -6128 -7583
9547 -9669 -5377 -3098
-8515 3988 6238 -4773 -8041 8988 -7066 -2216 1920 -977 -9975 8254 8224 -9254 7468 -329 6315 7626 1264 -6365 1756 1100 -7686 744 3531 -5883 8680 3429 -2387 -8230 7529 -8811 811 -6070 9777 -6212 1295 4457 3127 -5833 -8481 9157 5676 738 -695 -1359 -6825 8762 9163 -9584 3403 1628 4475 3938 -9925 -4241 3567 5190 4564 -9002 5729 -3110 5340 -1993 -322 -1307 9048 3962 -1383 -9344 -6282 4662 5547 -4479 6725 3764 -1987 889 -4484 -9059 -1376 7291 511 2102 -7667 8998 -4545 -2564 -6219 -300 5583 7304 6526 9368 -5791 -2931 -4317 -4178 2623 -6425 3067 -4093 -9362 5325 365 -4850 7671 8346 6815 3359 6348 6071 1789 -992 8823 -4299 -8331 -9739 2132 -8843 -3373 -2094 -5222 2559 4003 7069 7229 2868 -2208 633 -7920 -1490 9349 -2513 367 -9869 -7746 1041 -6295 986 -8665 -3195
5214 276 3148 3695 264 -4933 -2003 1528 280 5824 -2859 222 8548 -2270 -4507 6858 -9386 -7500 7303 2780 8959 -4992 9565 -426 -7851 -4050 7532 2201
-8527 34 -7768 8725 -5596 7339 8486 2454 -2791 710 8880 -8133 -9726 -6149 -4329 4646 -7752 -5907 -6407 7569 -168 8180 2893 -969 8388 -2880 7004 3710 -3498 -2371 -1192 -6700 -6968 -1149 6595 -9781 7401 -9388 8142 3326 -4813 -9408 -8110 7791 -7373 2630 -7408 -4256 -9577 8702 -7654 -5870 -3400 2139 -843 825 -2975 -4735 -4989 -126 -7571 -6878 554 -5267 -9587 9762 8764 5445 9653 -7345 7030 9761 5021 331 4430 -9868 2827 -8159 -8439 -2526 1364 -121 -6286 -2470 2561 4631 6566 -3239 -9057 16 -2895 -8654 -7761 -5222 -9386 2835 -180 -8257 -866 4192 9457 -4958 2175 7861 -1040 3535 7404 -5024 -4176 -7473 1607 5395 9044 7689 9293 6746 3781 9738 8819 8158 5634 4946 8726 -9708 8498 -4286 9286 3563 7864 4928 377 -9013 -5986 -3138 -1115 -2010 -6386 -3159 -9709 4204
-8091 2559 6898 6292 -2692 -898 6352 -4887 -6047 -6170 9816 -1692 9555 -3490 -3083 -8963 6108 -6323 -6892 -943 2395 -7839 8839 3689 -575 -3491 -9622 9108 1006 8733 -8561 8441 -7656 -8452 -4783 4806 5427 2871 9762 3833 7051 -4681 6128 -2131 5668 -7761 -2361 -3358 -3341 -5644 -5994 4923 27 3140 -8476 2793 7124 -6651 -3832 -3895 6513 3482 9191 -1824 4572 4342 4858 4805 -7674 -3732 -4519 -578 -7455 -9214 -737 -8092 9688 3749 6485 8504 -2573 1186 -3218 -1379 -7596 7887 9965 -73 9133 3332 -2426 4338 2091 7048 -1783 -7985 -6070 -1405 -2313 7793 30 8282 9602 -4845 5422 -9091 1719 6392 8728 -1019 8478 396 7057 8756 -6543 6449 -2986 1138 -1461 6235 6198 -1347 -1096 -1792 -7730 -3547 9014 -3543 8811 -9991 8085 5510 1480 -4511 3929 1638 7434 -1224 -7244 -988 3344 -5395 9260
-2815 -2597 -7732 3068 -8461 457 8050 -4722 6741 2203 -414 6619 3104 -4563 3910 8717 4581 6258 2523 -7603 -3814 -197 5431 1030 3507 7575 1227 2872 -425 -1452 -4170 -3773 -5484 -2119 3515 308 -362 -9123 -5947 -3573 2393 -7731 8928 -5036 -357 8940 -1869 132 -2669 -661 -131 -1216 -1023 3894 8445 8389 -6486 9907 9124 8628 -2327 6881 -8169 -4540 3031 3561 4870 -9105 1749 9058 -4977 4260 1718 3823 -4784 -2193 -4500 437 7773 5401 3137 -4681 -6250 8389 5460 -5771 -891 3434 -2604 4560 -7735 -1667 8462 -4977 2445 7832 5893 1102 -690 -8336 -226 1832 -632 -3956 5941 -6393 -214 -5003 -387 -766 -1517 9505 -8679 -1394 5831 5442 -8207 7358 9176 2374 5170 3015 -5046 -3875 -299 -6451 5195 4440 -4743 9469 -9016 -6817 1842 1140 -5918 4633 90 -8638 -7156 -1760 -777 576
3026 -3286 -835 -7761 4578 -4334 5441 7528 3592 5100 5097 -3133 -4045 -2246 -6469 108 -7910 8698 6146 8790 6758 -436 7385 3705 1111 3150 -3793 -4423 5846 -7945 7278 -7124 -6164 777 3016 -6806 6275 -7808 8086 -2090 -5458 -4742 7920 5545 5043 5522 -6102 9658 1765 146 4544 8107 3860 1593 -2199 3357 -2737 -3515 -5234 1772 2454 -2181 -4426
7785 6378 6600 -9171 -5701 6572 8319 4514 -6050 5019 -8688 1440 2494 -657 3479 4290 2571 8418 8890 6389 -8022 8468 5026 -491 5195 8103 8967 -4615 5963 1391 6521 -2730 -3979 -6847 8527 6003 3642 -63 1764 -974 7045 -1386 -860 4912 -6905 -5549 2586 -8176 5178 9794 7132 4388 7358 -7036 2283 -1488 -1162 7422 2487 6986 -3257 -3543 -2618 9296 8413 -1898 8892 -6165 820 -7010 878 -7629
5139 5229 551 -7328 6010 -6297 -9618 -6402 -3634 -6342 2315 6554 1814 -7680 5768 -9685 -2543 -6880 -9984 5027 -4947 -1047 -8356 -1058 -243 -2335 -7010 1335 -2643 -2472 -4679 -2451 7014 -2686 -3494 -8197 7455 404 -8416 -9016 -2207 -2356 1337 -9189 -6963 7541 2419 4683 9579 -6063 2354 3482 -7403 105 8719 -7357 846 -8335 -3215 4135 -7657 7915 -7240 -2726 -6796 -1863 2793 -7559 3133 -3827 1849 4999 -6013 2593 500 703 -1099 -6073 9871 2133 5667 7946 53 -8335 -6003 -4343 -5046 -4470 -9286 7770 4663 780 6503 9448 -1236 -8598 -1990 6699 7408 -4446 -2007 4488 -1402 -1368 9439 5987 -5226 -3651 2291 -9908 -292 -4498 1054 2076 -5015 7142 -6114 3957 5069 -7885 9024 -151 5234 -3132 -9606 -825 -5059 6891 -5080 6875 8659 -3281 9269 -3772 6303 -842 2748 4881 -2495 -415 -5138 -8634 6781 -8175 2123 8011 6756 -8080 -3752 -3514 8058 -6418
-3991 -1079 -3729 9798 -566 -27 -4506 -6083 8122 -3998 -4286 624 9891 -1202 9634 8612 5958 -6469 -2142 4408 -2236 8065 586 -5751 7216 -9246 -349 -1239 3321 6349 538 2555 597 -5297 -640 316 5449 -1495 3438 -130 1695 3530 6637 -1344 -9658 4936 -9053 3278 -215 5505 4930 736 4887 4614 5422 -6429 -2448 -1737 2470 9002 6906 -209 -3394 -4753 -3311 9500 1694 9044 -3956 1172 -9890 4759 5270 -5556 -6872 8510 7002 -3227 8989 6042 -6461 -3197 -2703 -2756 6375 505 -8868 8058 6286 -6219 7493 -1241 6162 7778 -335 -3169 -9965 -7741 7954 -7256 -8200 -7734 5817 -2865 -5288 4728 -9565 5320 1676 -1584 -9230 2559 1110 2571 -4406 705 -3289 1934 2149 3357 -7912 1012 4475 833 1833 -6920 7931 9915 401 -6649 8098 -5389 -5537 3033 5987 1696 7776 9769 -8652 -6086 -7037 6709 391 579 3268 2572 8377 9558 -416 -9836 -5247
-6713 4490 7393 6551 9468 4004 -9760 -7997 1131 -4614 -9069 -7243 -9450 -2780 -8862 -8467 -4845 -9306 -7026 2674 -1352 -9124 -3804 6897 -8135 9376 2543 -3207 -7279 3482 5343 6682 1832 -172 8074 4678 -1266 9830 582 -8357 -6235 5525 8334 -4025 -5052 7525 -6968 -6797 3416 -2087 2820 -709 9579 -5311 -6512 8517 1802 -4038 -4848 7138 773 -5251 9218 6238 4743 9410 8804 4816 6870 -3471 -7102 -4918 6778 -911 -7476 -2471 -6172 1669 620 6629 -1366 -2100 8404 -524 4174 -4037 5069 -9969 6863 4081 8634 -4247 -3406 5934 -476 9598 -6701 -1636 1290 -5227 9024 -484 -5046 1322 6282 -3959 5382 7440 -5253 5064 -4219 5403 6192 -5532 -5673 -9383 -1133 -5046 -1843 -4994 -4526 3939 -2972 4665 2200 -5042 -2854 1123 -2630 5515 -6760 -6147 -2909 3987 3724 9586 5961 1255 3977 -5342 9654 -9424 -4995 -7207 3649 -510 -4038 -8847 -5696 -3786 -5338 -2337 4719 -4449 -8482
6788 -8851 7895 -9448 -3515 -7982 1457 -404 -7903 7967 -4856 851 2517 7634 -7587 -1158 -2311 3494 2961 749 -6497 9282 -5302 -1359 -9219 4787 9968 -3827 501 -6796 7477 -1536 -800 2786 -576 2915 -2235 7664 -1062 -199 -344 -4051 -8204 -1361 -3990 2519 -7349 2920 -3021 3709 -5058 -9997 1246 -4164 4823 -5165 7260 1959 5486 -9330 -4531 -2391 9059 -5544 3181 1224 2809 -4582 9562 -908 8131 802 -9839 -5652 8625 -3155 -229 -481 -9240 -3455 2120 -8284 -3577 -2672 -6491 -8574 -9121 -7514 -9911 6191 -8956 7913 900 -8324 5960 5524 4834 -9520 -7092 -7638 -6474 -2983 -8569 614 6924 -4180 -4326 -9179 6489 -9138 -6941 209 -8765 -2061 9565 -7534
-3209 3922 -3103 8706 -580 1580 -40 -1609 9912 -1116 -7484 5146 1526 -6968 1524 9616 7578 9861 498 -8514 -2480 -9661 -9603 5480 -7440 9933 6063 3540 -572 -1743 -7853 -6534 3466 -964 2003 -9594 6257 2577 1367 -4704 -3637 101 5792 8596 -9633 1434 -1148 1897 -8045 -5153 -8432 -7095 -2902 -5975 -2045 3999 -3651 3324 -3151 6118 -6879 -2764 -9564 4551 9802 -6847 5482 -6753 -5360 -7691 8235 -2468 8568 -2018 -4042 -120 -9152 -1455 -5019 4385 -6 -2875 6865 7434 6497 -1438 -8049 -3470 4011 -3379 -406 4178 -7320 1139 -7927 9243 7319 -493 -7049 -9522 -4716 6473 593 -4124 4392 5560 6094 6834 -6075 -6511 1750 9435 5872 -593 -3824 -557 -7057 5818 -5549 7186 3816 9896 -3642 785 -5616 7403 -4734 -5844 -758 -929 -6280 -834 3980 -435 -9036 4400 675 137 3447 -4057 1182
-1212 7308 4477 -7498 2867 613 9854 3567 -252 -4046 9999 4227 -7027 9687 -5676 -1077 -1304 8662 -5768 -161 8469 -8050 -6682 -2473 9940 -4983 7121 -8333 1973 -3619 -9767 -1879 8459 2035 -4297 5277 804 -7304 -2120 3234 -3333 -9703 -9013 -6076 -2350 776 9703 -4342
-4227 -5988 -4503 7302 -2308 9245 2804 7350
1685 -1081 -1234 3907 -2866 -6008 6901 -7954 4783 -889 2096 -5600 -278 -3415 -4170 9136 -5082 8729 2586 -3116 -5123 9251 4286 -8353 8675 -5720 9077 7751
4422 8227 -9626 -3474 -3525 -8683 9189
-7714 -9382 8745 8866 9661 8494 -4430 8236 7111 6701 -2803 -32 1408 -3497 744 -729 2696 4689 -4506 6566 -7456 1273 561 1914 -6532 -692 -3264 7690 3248 -3942 -3955 8220 -6709 7290 6006 -8879 8822 6232 -6127 -4363 5498 3072 251 -6936 2291 1300 8977 1726 -3590 4943 -9067 2820 194 -7972 -5930 1629 -4956 -657 5810 60 4882 -3951 -2137 -7555 -1584 1580 -539 -4375 5372 -3031 -9424 -59 4644
-3219 9280 -5064 2418 -4545 9913 -7030 -4840 4094 -5813 3920 -6953 -3945 -7434 7283 -2864 9420 -245 9135 8175 -5250 -2572 -7556 -7527 8811 1963 -4147 6419 5103 -7269 5852 -4087 4832 -4393 -7622 -9156 9609 165 -5170 3131 4689 -8816 -9829 -8778 5400 -8502 7141 -3215 -932 4202 -9202 -162 5910 -599 -5416 8833 -3290 -5898 2927 -4663 1104 -3521 7506 1369 -9571 4305 -710 2139 5352 170 -831 -5487 -1240 9650 777 -5559 7589 -9192 9794 -8966 1164 -7364 -1451 -1499 -2639 -5770 -9243 -3157 4279 -6346 2778 122 -2404 9863 9636 1 23 -6036 -9221 -4973 958 -1302 5845
-6806 -3860 1248 -3808 7102 -9687 -2905 -3096 3900 -5076 -1077 2774 5284 -3264 -7815 3547 -5425 -5584 1365 -1011 3715 -6347 -6823 6115 8423 3778 6892 -8881 -3914 3529 540 3993 -2962 1823 -3355 9188 7396 -6348 4000 219 1492 2176 -4419 -873 -6771 -5896 867 182 3947 -9437 -9681 -2543 8258 -4851
131 1751 2791 -6462 9320 -9876 -1285 -8786 3719 -7235 8075 -5056 -2698 -992 6131 -9649 -4497 9211 -743 874 -7095 -2747 1612 4318 -8153 8645 933 -1145 -533 1572 5360 5162 9216 3555 2211 -4787 5259 8654 -48 4359 9080 8190 2827 9169 7720 7862 965 -162 -395 2676 1115 5502 9744 2305 4253 6675 -1393 6999 3229 652 8910 -489 -3301 454 -4923 7300 -1067
-5630 362 4617 -5166 5896 7658 3405 9579 -5819 7753 5028 5503 9420 -395 -4006 3174 -4580 4318 1882 159 -8129 -1977 -202 7874 1497 -6578 -4399 -8613 -3865 3894 4599 385 -9330 -8234 -7920 8130 6949 -7040 2911 3035 4403 2009 -2305 1578 -6795 9756 4378 5604 6170 5020 3203 -5001 -876 -8561 4207 -2301 -3482 -4118 6850 -1336 3669 -4085 4494 2053 5159 2377 -7922 7333 -2886 7031 -9480 4266 -3149 4178 -2129 -357 707 9076 -8679 -5575 -8822 -225 6427 -3781 8161 1219 -7130 -6700 -4914 -7086 7686 4366 -4520 8026 2788 -3169 -2970 3839 4762 -8053 -1038 9409 4081 -4234 -4245 5645 -4986 -8686 -676 2258 -2472 -4637 -3759
1210 7861 -566 2345 6896 -2868 7626 -6810 -6271 2571 1842 -5359 -2049 884 3377 6717 -7942 835 3499 -5960 -5085 -2645 -4143 -5524 8279 4479 -6978 2953 5714 -5609 6759 6560 -9869 7465 9030
-8965 -8726
-6091 760 -417 -5327 4985 3653 -1294 -5006 9920 -5696 1135 -1038 -1954 -5760 -3106 -4070 6104 -1781 301 -5665 -6468 1590 3321 9207 6877 8632 -7995 3106 304 -8276 4087 -7682 -8044 -7471 4818 -7873 -8750 3310 -3955 6037 3682 4713 -4890 6095 -9154 -8380 2216 -8084 7053 -1387 4168 2595 -4963 -5015 3173 -7442 -6231 -111 3366 -3955 9543 -8969 2642 -2644 380 9124 -1410 6858 345 -4261 7041 -7515 7309 -7230 -6178 2527 -2176 8665 5427 -4196 690 4052 900 9929 -2744 4755 -4094 -5507 -9573 720 -316 1022 7419 8669 -1028 4509 -1079 -1413 2462 -3138 -333 -3603 7756 7369 -2 7578 6568 7926 -4302 -4403 -5977 199 -4439 8071 -5253 -3273 -3696 3051 -9504 -7988 1131 -9467 -1777 2605 6828 -31 7714 -9169 7162 -5397 -6076 1102 8215 632 6036 8736 8380 1310 -7151 4804 7130 2285 3394 3397 -2899 -6195 3182 1924 9668 4312 -6893 -264 2732 4132 -3623 4996 -6828 -1905 9448 4190 -6094 9551 8515 -4588 -7467 7836 8076 -6619 -4264 6052 9620 -113 -437 -7836
3473 2581 4799 772 -9075 3488 9996 -1594 2238 7600 6150 -5818 -4812 3767 -5282 1575 -3509 -1676 -7201 -5068 -721 -3256 -338 -6153 2927 -6303 5843 -9747 2715 4639 1546 -2398 -1917 -9727 5579 4978 8071 -1782 -9549 6576 -8348 5388 2095 -7614 1488 -360 -6894 6125 -6536 -3363 -8053 -4430 5806 5578 4586 -9104 1846 -3687 4813 5647 5395 147 7766 1857 1341 -6048 -9182 4674 -987 1226 -6769 -5927 1754 -5612 -9931 6140 9279 9641 -3310 -7087 -4752 2063 1494 -4652 8296 1606 -7784 9176 43 -5752 2409 672 -4398 -3621 -9943 5640 4973 779 -3968 6308 1127 -7686 -8850 1976 3726 6748 -8791 -3505 -1802 -5412 6541 -1002 4370 3587 5770 -9856 -7112 7267 8341 -4457 8394 3167 8290 -249 -1401 -8988 4400 8619 987 5729 3507 -3630 -7714 8656 -6758 -6529 -6620 -8589 3567 2090 6784 -1518 -82 -9599 8256
2485 673 4838 8441 3800 -9229 6841 -9349 7394 -623 -8144 5035 -7272 8047 -8956 3565 -2881 1835 1437 9937 8320 -1668 -4773 7788 -6228 9386 -5745 7237 -9155 9367 -3553 261 -3744 -5716 4390 -5791 5684
5293 -6855 6749 -5304 9977 4134 -3424 6423 3696 8180 -2022 5392 -224 3666 -540 1624 -4402 1473 3488
-8330 -2029 -1675 -7476 7098 5085 -8645 -3435 -5773 -2122 -7874 -3425 -4000 -5492 5576 7381 -2503 1239 -4103 6077 7085 -4571 8859 -2045 5647 -4400 7172 -5338 7253 -8115 -37 7416 568 1955 702 8264 6282 -6369 -505 -5353 -5668 -7661 -1049 6786 8901 6505 -477 2151 8085 -2940 2756 -9729 3737 4891 1197 -7213 -7141 2770 8147 -2191 6694 -167 434 8626 2417 4470 -1606 -2332 7036 3394 -6289 5886 -878 -6545 5907 382 6407 -5171 1087 -8084 -437 -2438 -9913 -4163 -5670 2363 3498 4752 4466 -2011 -1832 9263 4278 -6055 8687 -1372 -4782
2631 -8443 -4948 6306 -23 -3359 -4844 5069 2237 2093 8272 -7711 3106 -6059 2136 3119 8031 -3426 -6806 586 2513 7541 3135 -9417 -594 -5749 1446 -6072 -682 -1950 7694 -8980 5 8571 -4583 -149 -6559 1261 7898 7161 5387 8589 9982 2936 -7877 6410 -3095 -561 -7733 3984 7668 -982 2768 -2942 7278 -3737 -9531 8609 6100 4058 3909 6319 -4638 4858 -3242 -7183 6604 7116 4333 7321 6242 -7899 1254 9128 5837 -7652 1623 7085 -4313 -2202 1778 -1792 5616 6418 -9541 6200 9831 -5428 5838 -4156 4581 3156 6986 -8967 5862 852 3142 -4734 5312 3277 -3865 -9771 5869 8954 -3642 -2426 -693 -6695 -993 968 -9966 -2489 -5935 -5104 4201 5715 4015 9394 -7198 8506 -6086 -6767 6218 -760 3713 328 5621
-9266 -4908 -3210 6357 6825 6378 -4015 2752 -8448 1724 -6413 7651 -5791 -7889 -8822 1822 2468 -1978 -7708 -8284 7165 7784 6918 -9787 -2867 -9649 -1011 9709 -7144 1608 -6915 4286 5952 -6696 -7919 3888 1002 7503 -7383 270 -4632 4279 3812 -5181 4811 -876 -511 6880 6692 2936 -5950 -2835 -7529 9930 2350 4079 -5674 -5558 8065 1437 -6312 5487 -8877 1174 -8255 -4271 17 4259 -7356 8516 -5526 -9283 3559 6908 4828 4568 -9228 -2272 6724 1810 3735 -3190 -7006 6613 4369 9904 -3738 7987 8126 6138 6102 4630 9811 6919 8130 -713 -2461 9351
3798 -4322 1653 4565 8952 8851 -5765 5627 -5195 5762 4205
-8075 5936 -8708 -5299 -1477 -4863 8728 1293 9238 3821 5687 -2630 -2434 7366 -6276 5553 -7891 5152 3658 5991 -8950 4661 1842 -2115 -3622 7983 -9430 -3795 -3091 4835 -6884 -1657 8577 -6988 -4645 -3102 -1777 675 9879 6254 4277 -8355 9473 7671 4428 7696 2416 -6845 8574 -2066 6048 9492 -8479 8235 -812 199 8538 4954 -2083 -7500 4930 3827 -577 -6890 -2718 8498 -7189 8511 5077 117 -6833 -6198 4507 -2555 9452 -3971 -6044 6783 262 -5104 4434 176 956 -2355 8378 -4554 -7604 -8531 -3705 6678 4142 -9458 -3675 -9882 -7633 9360 3492 -9860 2250 -1699 6520 -874 9386 -2191 -9385 4477 1396 7887 -620 9042 8106 -2270 -3813 653 4727 -3963 -7465 5668 -772 -9918 8733 301
-6470 -3445 9731 -934 4693 7621 1969 2021 -6124 8020 -1505 8049 -1588 -3305 -3645 4114 -6053 -1388 -1176 8389 -3247 1056 2661 -812 -8974 7520 2453 8925 9720 6069 7547 -9859 599 -1519 -9945 4201 3976 3098 5667 -3329 -7613 158 -6810 8614 -9393 -7244 -6961 7584 -1640 750 4503 -1401 1639 8016 1007 -2927 2787 -59 -2626 4370 7519 -7994 4467 8502 6799 8524 8128 -7518 -1442 -2851 5311 -8322 9590 -8444 -6894 8731 1089 -4693 806 -709 279 3998 -8949 -7605 7042 -1039 -7893 1632 2589 -5823 -3076 -8567 4564 5804 3647 2224 -8868 9783 -4364 -4298 -2507 7375 2663 -6914 -2983 9879
-5975 -9107 -1124 -5247 -8352 -5178 -7852 -8833 2669 54 -307 6079 7012 5166 4655 -5870 -7679 -2356 4980 -1776 3812 -8342 -5351 6031 4532 -9797 3132 -6648 8464 -7213 3068 944 2174 1020 -9252 -1149 -6890 -8308 2200 -6357 9309 3087 -9919 3464 3436 -5961 -4655 2202 -9899 -607 -570 -2328 3023 -8754 -6263 5187 -142 2681 3771 -6781 8975 9265
-4944 -9836 -2836 4986 -3639 -7133 6364 8895 8980 -6748 2807 -7882 9700 5101 5894 -5610 540 7705 8026 6575 2690 -8053 -7575 7153 -1237 7626 4309 6067 7701 -5751 -9838 3998 7242 752 9528 -5670 -3404 1647 167 -9149 1637 7944 -7821 -1191 -7428 7980 1071 588 -3845 116 -3225 -6320 -4887 2591 9074 3455 8832 -8084 8457 913 4293 6009 -4101 8899 -3730 -5767 5816 1402 -5487 9631 8251 7821 -4154 7266 -3303 8335 4840 8871 -1709 9140 6570 -8918 3493 5973 -2838 7141 -4092 -6429 5200 -7853 5950 -6259 4212 -3445 -9190 -4091 1862 -1673 5410 2113 3484 -7413 -6816 9224 1316 -6437 -2784 3547 -5985 -4241 -6854 7865 -8155 6485 -1683 1373 -2439 3833 3874 3915 1517
-6387 956 6013 6722 -9233 2212 -7826 1639
3230 -6701 7214 -944 5877 9020 2438 -806 -5334 -4639 922 -4909 899 79 1294 6173 5659 -4390 6708 -472 -8969 -8464 158 -3796 -3455 -9961 9615 4918 7379 -5889 -8350 3429 6324 -6153 272 -9052 -90 3905 4970 7631 -4793 6552 -989 -5569 2336 1944 1151 6734 4828 -6627 14 -6546 -9266 4690 -9493 -3529 -9753 -1193 1112 2760 7705 1550 -8138 -1167 5319 -5292 -5683 4704 2124 -488 -2937 -9740 -7923 -227 1207 -2593 -6838 4349 4298 -9183 -7260 -273 8774 -4513 -235 -1060 -8968 -7564 8763 -867 3850 -4640 -1761 -3321 -3076 -974 -5023 5496 -8903 -4961 -2895 -1374 848 -668 -3777 -3765 -5483 131 2875 -2113 4723 7406 7879 7230 2361 -9611 1273 -4115 7811 -7841 2704 3081 7721 8007 1697 -7805 4122 -4105 5974 -9853 -5713 873 1308 9397 -4205 359 9641 7460 295 8066 -9807 6410 7111 1741 -6306 6927 -7357 2868 -4589 -3384 6192 9232 -5413 7095 -7790 -9444
-2496 -895 -1535 763 -7821 -9437 5910 7661 -2214 7891 843 1441 1412 5200
7807 -2951 -8791 2816 -3151 9463 -8920 -6612 6456 -767 -5265 8408 -6595 -5531 4108 4489 -154 -5949 412 -1191 4731 -8318 650 -960 -9957 5521 3492 4634 -3177 4623 -4525 -5954 5596 -4015 -9065 -8289 3747 7258 -9298 -7266 -501 8651 4903 -6261 -477 -7775 -1846 8212 3338 248 9012 1914 -8869 272 9641 862 -3504 -8580 5987 -3099 -1740 4394 -9905 2951 -653 2768 -8869 9006 3566 1883 -3143 6536 4097 1825 500 9446 -7436 -7186 -2926 7176 3313 -617 -2813 1807 2820 -4926 -8400 -1553
-37 -4008 -6 6093 -427 3171 4335 5964 4408 -2374 3259 -3389
9538 1417 2490 -5275 6096 -1205 -7241 -7689 -6303 6629 2838 -6058 6016 -2324 6413 2179 -7994 1782 6351 8412 8512 6881 151 6666 6708 -1049 9584 4548 5595 3770 -1886 -2568 -1475 -8558 1482 -5024 5410 7782 7972 8480 6813 -2178 4037 -9286 1806 6353 5395 -3706 715 2818 -9476 -8295 -1894 -6375 -5710 -9796 -3797 7125 3272 1577 -8891 9085 -7473 -7635 -1045 -1945 -6836 -7768 4433 -7261 -3533 -5708 3703 2130 -902 -2534 -5122 7515 -9162 6550 6495 5301 30 -2900 -2447 -602 6948 3251 661 5196 -6231 -3285 1806 1334 -838 -1880 -6914 -1224 -2376 -4887 1837 5132 -6409 -2749 675 -1819 -1698 -8433 -3247 -2745 5849 -7215 -9355 -8371 865 -1981 146 2503 1261 -6798 -6619 6958 5387 9477 8693 9711 -3698 2766
6947 -6340 -5800 7829 -488 2551 3907 6962 8168 -5630 1208 2305 7386 5884 -5605 455 5956 6541 4984 6212 -2017 -6848 3718 -2273 -3558 -3695 -4473 -9713 220 5775 -4639
-9898 8219 8914 -3155 -5664 1769 -3555 9390 -5326 9929 9070 2882 5666 -4182 -929 3734 -6101 2669 -4061 5160 1069 1347 8678 -7640 -724 879 5735 -3416 -8663 2322 5884 -3036 9625 3247 3677 6695 -8662 9915 -4541 6187 -9089 2648 -6282 -6127 -6287 7142 6623 6450 -1906 -7249 -3547 -6062 -7905 -2274 -5001 5840 -1710 -6549 409 -7163 -1136
9769 -8678 4530 -5809 -6385 9841 -5008 3337 -9413 -738 -7306 -545 -9850 9062 4616 -470 -4854 -3728 8251 5531 -2881 -5501 7036 -6832 9064 3407 6452 -7401 -8747 7054 -9878 -8520 -5716 -1419 -3390 7267 4732 -9041 -8130 -5827 3955 1453 5675 -8006 8141 -4802 -5755 -6501 -7811 7175 -4772 8997 -3254 -1595 8872 2665 -6295 5164 7891 -206 777 4269 -8380 2077 -6691 -5234 6543 -2968 1165 1262 3629 -6828 -145 -6987 -2814 4488 1110 -4722 -7275 181 8845 -1538 7948 2016 7869 -1465 -531 -1891 -7606 -9930 1280 -865 -956 -393 9304 5774 9033 -4385 -9211 2720 -7784 3285 6233 -4203 9098 4147
-6725 -3150
-649 -4764 7297 5696 7152 -3251 -207 -3758 552 -6664 4913 -2326 6244 6596 6987 -2104 -493 -9428 5822 -448 7661 -939 -559 -8947 7546 -8517 7548 1653 9277 -9648 2674 -9813 -5025 -4068 5009 -4419
7206 1051 -7008 -9953 -263 2345 -5557 8457 -6494 -3830 -8800 -7803 -4719 8354 7439 -5085 -3055 81 -8951 8892 2421 8229 268
7708 7287 6462 -3682 3683 6233 -5449 5766 5059
2749 -460 -9283 -9427 -8490 -4766 9347 -7417 -3392 5611 3512 -8775 -2607 -1787 9824 9813 1626 7921 -597 8012 -5464 -8003 -3890 -3516 -1087 -8419 -2729 613 9748 -2548 5206 4674 4920 90 -8730 -987 -3849 6908 8832
7247 -6282 -9765 2523 6119 6205 -4565 6093 -3966 4551 -2591 -7396 8065 7181 -6198 6311 -8123 -9054 -6569 -8195 2128 -3096 -66 -3415 9208 -7635 -9023 9754 -1397 364 -444 765 -2873 -7786 1241 1175 8762 457 -2570 -3958 2228 -3688 -5093 -222 -8804 6227 5676 -5442 1728 -3026 -5599 6995 9954 -1923 2180 9247 -1112 -5299 7585 -2545 -1720 5843 -3525 -2285 8543 -5369 -9779 -4725 -7069 -5352 -2011 4903 -5566 -7434 -5844 5765 -9745 -7853 5580 -2136 -7097 -7967 345 5087 3765 851 2469 4278 1973 6264 1111 -5852 -7848 12 -3913 3536 627 -4283 -1493 8051 3325
-6920 3842 -7991 7588 7815 7211 -2107 3802 -6492 2519 8482 -7377 -8675 -6402 5207 -3721 6396 -4042 -3514 -2462 -9100 52 -4511 218 9686 -2989 2928 -4536 -6277 3098 -1796 61 7447 9824 651 -4757 6764 6173 -5660 -313 6655 7723 -4437 -5058 -7626 7781 9824 380 5024 2897 -6429 -9100 -1987 -8678 9708 7783 -9666 -460 3483 1483 -8850 6166 -6180 -5576 6866 7909 1291 4737 1479 2756 -6030 -8965 7528 4256 7763 -9029 -1028 7547 -2417 5164 -9675 8766 -4253 4288 5612 -3119 -373 2827 3066 1968 -4986 -9027 8658 -283 -9360 2395 1487 -1286 -3722 8672 7982 -2858 5199 -5777 -9648 4026 -5605 6988 -8648 -6978 -7125 -4815 361 -3851 -3339 -4304 8851 9470 2250 9210 -5669 -4246 -9102 4200 8245 -2552 -5562 -7302 8485 3514 -2014 -7668 -4319 -674 -9722 -7938 8752 7857 4174 620 -8284 589 -5268 -7399 -4638 -7557 6903 1222 -8401 -8854 -6962
-1216 867 4650 6091 -6700 9295 -3222 -3682 3526 268 -9048 -495 -7130 8436 -4348 -7390 -5104 -1368 2653 -3806 -1117 -69 -1218 4569 5994 1329 -2911 -7511 843 -4610 6428 -5499 -7082 -394 9570 9823 -951 9368 -5675 -1270 -3557 4859 3550 1831 -318 9046 -622 -8598 8322 -2470 -144 57 9229 4471 1702 9760 9462 5803 -241 8239 7591 -8833 7120 -4401 -9743 9585 -7790 -6549 6456 -4666 5389 -862 4505 -6460 7072 6737 -8666 -3937 -150 -9759 -5206 -1908 4788 -618 7987 6499 -5153 -4479 -2022
-490 2797 -8629 9145 8567 -4535 -7439 -7114 6599 -4999 -4505 6396 -5368 9896 4212 832 9439 -7803 -5247 -4292 -2330 5264 -7617 7115 1851 -3404 4625 6375 3565 6546 1032 -692 -251 -2607 7932 1341 1030 1508 8622 4015 -6979 -5313 8008 -7368 -1853 2775 1610 -3413 6581 1027 863 9852 -9542 -3898 -5405 4641 8343 -3406 -539 -8672 -8122 5264 1294 -1139 -7851 5496 -6256 6614 472 -9063 -5788 -494 1995 4123 -6895 -6725 -9475 -9161 -9973 -1874 -2938 -9029 5958 -8298 -5195 -9080 7388 2730
-6850 -7868 -9114 9604 -6678 5460 -5653 1055 7225 -721 6535 -2481 -2143 8617 1559 -9834 -8624 -9934 3986 -7362 -880 -7661 8504 4439 -3008 1219 -4851 6342 -8995 1385 -2638 -5702 5520 9572 -3255 -2022 -8017 9033 -5495 9 -6050 -6187 9461 3210 -7525 -7948 -4618 -4575 -9738 800 -8120 6314 4255 -1534
7093 7256 6406 9384 -2147 3258 9739 6659 890 -3316 1169 -4150 -6984 6916 -7451 -3052 1385 177 1347 7068 8935 143 1002 8646 8995 -8102 -3098 5008 -8151 -8609 -73 4742 1747 -3156 -8500 5626 7293 -2255 -7028 6909 -9597 -8958 1030 -4961 -8447 2565 1266 -5691 -1069 -8269 4095 -3345 -9749 5478 -3685 8355 -2282 2915 -6140 9724 -6283 985 212 -3354 2734 996 -6975 7422 9018 1567 4791 -190 -1429 6878 -1983 -6746 -7784 6826 8723 9112 -2253 -6609 767 6426 8310 -1182 1237 -6876 9516 874 5219 -8314 7222 -4309 -9603 5435 5266 -946 -3210 20 -6037 3554 9863 -201 3618 -8885 6709 -4086 5243 -2252 -5454 6741 2479 3692 -5603 -5216 3929 6411 138 -3930 3792 -3252 5662
-9578 7601 7690 -2897 3881 970 4007 -1271 -9953 -8135 -7874 -6174 3466 -8011 -4455 -839 9862 9701 -4341 4400 9655 3342 340 -7197 3145 4307 6649 -774 -1210 7643 -2868 -3832 -7850 6478 6418 -5685 -4390 -1487 -7521 -1452 -9968 4060 3115 -2652 -1662 -367 -3259 -3947 8736 9888 6217 -8021 -7917 6008 3337 942 1721 -7881 -2565 -168 8983 -121 -8603 -1512 1012 -7173 -8350 -2944 2085 -2885 8580 9671 3800 5837 -9703 991 2663 2946 3263
8113 7642 7136 9284 6580 -3527 -7563 -859 -9399 -2552 9690 5959 -8577 -7051 -4103 8774 -8031 -4603 -3897 2161 -9470 7390 6084 841 -6214 -1438 -6902 8984 -2599 6715 5704 -191 2870 3105 -7394 -3846 4444 -6559 -7971 -2993 9448 -379 -6511 450 -8116 -5023 -1062 6400 5461 -827 4517 1496 -5708 9860 9769 6395 2559 -319 -1737 7049 6740 -2463 -2611 -1782 -3058 -9061 6708 -9217 392 250 -9031 -3235 -5418 -941 1746 -6622 -9178 -8847 -8064 -6500 -2654 7263 -7692 -3526 2064 -5189 1175 8530 790 2194 4573 -9064 -9116 -2244 -5562 3844 1106 -1782 -7802 7834 946 4353 -6026 8681 -1031 -5158 -9272 876 7075 -9520 -2830 6908 -1095 -9547 -2159 419 -2670 -6154 -9730 8230 -3931 2295 -8895 -7133 -6351 7801 9196 5714 -1274
8903 -7354 -3108 5329 -3933 -5279 8470 -4414 -2508 -5604 -5131 -8239 -9221 -3051 -6462 5429 -6350 -7110 -4290 9656 -2741 3296 -4722 -8798 -4694 2121 2897 4986 -2894 -2120 8063 -9949 -5141 884 8692 4744 -3998 -5090 -5143 177 4894 5188 -458 -4255 7641 5457 -8041 7761 9042 132 4959 -3142 4417 -408 -5115 7920 -8887 3871 2252 8918
-3128 -5129 2501 8409 3458 -5683 -2748 -2943 -3254 9449 8331 3292 -6116 5143 -5990 -974 -609 7466 394 -5755 9424 -9098 -6347 2072 4622 -1608 -6419 9456 2521 2658 6348 2288 6865
-2230 3509 -8993 5642 -5661 -5245 3907 2642 8995 7976 -7938 -9101 3446 -583 -4012 -3910 -1671 -1865 -3749 -9567 9516 3015 -1122 7358 7218 -2434 195 2170 -691 8971 -4857 105 -4105 3687 -2093 7752 5385 9654 -9607 1963 2543 -4577 -30 -6165 -327 -6357 6666 3140 2114 7740 6070 6151 6331 -2846 -5881 7224 -131 -6131 6597 6878 82 6730 -6164 5641 1218 -9178 1059 -322 3057 6464 2995 -7171 -8479 4320 -6663 9776 7358 165 3212 2523 -4379 3284 5047 2472 -2580 2389 -2132 -3091 5378 -3608 -3098 3849 6949 5332 -6728 -9449 2433 6347 -4008 -5093 4857 5722 834 -4521 -5206 6565 -7779 5370 -6691 1612 -2548 1043 6357 -871 5599 -1958 8757 6298
-4897 244 -2651 4677 9362 775 -1514 -7485 -8795 -280 1413 -943 1557 1982 2570 5968 -6077 5453 1265 -1896 4364 -7174 1184 -15 1966 -2419 -5534 -9872 -6886 -3567 -8638 699 -1708 3753 2532 7652 -3238 7242 -1834 -8483 1560 -353 8105 -9726 -753 -5331 3560 -5813 -8680 962 8563 -923 9014 -3619 9615 -5817 -3810 -162 6672 6047 -2091 -645 -7702 1002 1668 7432 4491 6277 1001 656 7941 6301 2256 1771 -1435 -5943 -7041 -7506 -8788 -4104 6730 -8376 -8896 3522 -1858 -5846 9572 -9564 9303 -5733 2290 1887 -5544 4378 1575 3265 -5292 -6230 -5041 -7876 -1368 -9001 -4156 -8991 1102 933 6891 9435 1573 -9590 -9536 3491 5736 -2024 8682 -6242 -1448 -3761 1730 1232 -4011 8199 8504 -3724 -8026 -4919 2310 -747 9039 -587 -9736 39 9416 6598 7 -3102 -2186
4544 -6142 -6344 1501
-5858 -2588 6123 9425 -1766 37 -6418 -9148 -4612 -8959 -6653 -1408 5667 249 2790 -1364 -4586 7221 4737 -1807 -1732 3820 -3009 -3562 -7585 7966 -569 -352 4529 -5261 1726 2554 -5267 1779 802 -9101 -1389 8648 -2602 4467 -6891 5988 4817 -20 -1371 -4036 -3694 9176 -1712 8157 6579 -8182 -6775 -3908 -4791 -7113 3254 5622 3949 -1169 9668 -4200 -6502 7377 -9881 6343 -1487 -6653 -7593 7493 -2973 -3259 8117 -7003 -666 -8213 9727 4068 -8978 1414 -3103 -1528 9217 -6327 -889 7128 4001 888 7584 -5258 -7276 9659 -2883 941 -1253 -8119 -2014 -5902 6626 -3866 9524 5660 -9480 2894 -5251 8680 -8358 1060 9513 -5424 1067 -3694 8300 6275 -8252 -1137 -9312 8306 836 9361 -5837 -7430 9219 5656 -9438 -1317 5313 -5342 -7650 -1430 -6461 -480 5374 4802 -4062 1121 -4544 -4172 -3884 2473 -9797 6777 4335 -3496 9065
-2130 6436 5552 -1367 6385 2895 5222 4925 7031 -4281 -1740 -3674 -2314 -482 2623 -4442 8377 -5683 9809 -6519 -9306 9949 -5201 4826 -5466 -4655 1288 1621 9283 -9877 -4638 -3130 -3098 5600 -7754 7001 7140 5943 8327 7369 7394 -9433 1279 -1326 -5465 5506 -8359 -5426 -3048 5837 -8312 846 -7197 6698 -2077 2938 5343 -9488 8520 32 1142 -204 3704 -1233 1796 5786 -7476 -6647 -5832 8981 -5007 -7751 -2166 5088 1363 9889 8815 3833 -8058 -597 -4432 6121 -5398 268 -1978 -9110 -8316 4920 6861 -9073 854 -4577 -4209 -8118 -4454 5063 7662 -4885 5959 2414 -582 4026 5143 -6345 -5537 -6911 -9223 -9214 -1092 9623 3438 -5526 -5190 -8640 -5763 1141 -3422 -9443 6899 761 570 -7189 -7955 -9564 8658 -6871 -1940 -7369 -1692 -8601 1237 -2549 -7736 615 164 9249 -3541 5777 8157 1380 5254 1765 -5715 3699 -1071 -2859 -6822 -6217 647 -9423 7335
9963 -2385 -5953 -1084 1152 5575 -3370 -550 4516 -880 1417 -9498 -2457 244 -3931 1323 -6792 4158 8778 -4398 -3654 9377 5521 -5267 -8606 -8879 8472 -6793 5754 -5076 534 7487 -8491 -1247 7820 -4069 9683 -1922 4608 -4071 5538 8971 1150 3221 9055 -8432 -9348 2453 7206 3215 5477 1006 -1270 -4479 -2301 -718 -1039 2364 8207 8970 8746 4315 3203 -9196 -8339 -5990 -7122 -8655 -1711 -9898 -8331 1855 1182 -1917 3167 9973 -3198 4042 7478 -4524 758 2044 -7544 -1910 -7970 -8719 6143 7717 -6694 8947 8973 -1576 2862 2254 -1785 -8297 7958 -281 -361 -259 -5355 -4134 8438 7424 -1653 -7409 -2007 -1299 -9356 -8550 -3209 4503 -9767 -9532 -6273 1220 6198 -6111 -8788 4185 7185 -4178
-5157 747 -7294 1589 6722 2970 8976 -2005 1133 4870 -9765 -3965 -7558 7108 2892 7653 -2818 -6004 7133 -2770 -9386 -7628 6840 -9599 -5420 2952 -8263 -9661 8614 -8776 -1885 -1261 6907 -8248 5234 9385 -3644 -3740 1412 -2524 5971 -6369 -1561 3334 5636 2315 275 -436 5197 -9626 -9488 -6853 -7034 -501 5828 -8529 5211 -9899 -9946 -867 -7522 -3951 -1446 8583 -6703 37 39 -119 -7057 -2745
-3655 1368 9613 6091 2456 -8419 7756 -5243 298 5409 -1100 4639 1197 7004 8384 4439 -9526 6838 -2345 6541 3808 -7485 -4701 9357 930 -7824 5341 -6897 -9325 -716 -2533 1076 -9777 -3549 -8172 5498 8535 -988 4755 1566 -7103 813 3755 -2089 -8808 5355 2493 -6565 6812 2661 7053 486 463 -6308 7244 9348 4263 -8698 670 -7979 -6133 6004 6934 -2597
5653 4123 4681 -6387 -4806 -1484 -4163 -2857 1959 5141 1057 -7615 561 1987 -1605 -1501 -6956 -4626 7018 -7248 -4470 656 5185 1144 6400 9692 3799 -4394 5075 -6639 4397 8135 1579 6555 -2844 -4460 9374 6658 -6643 5050 -2755 -5325 4407 9456 9495 5114 4042 874 5531 -2321 6204 -5162 -3567 5130 5257 -1501 -440 -2444 710 -6315 9347 -5309 -9432 5184 -661 4099 -1020 -2207 -6241 -5564 -3116 3930 -4915 -2771 3849 -5749 4493 387 4970 -3561 6935 -2000 -3327 -6660 -2840 7104 2844 -8333
-9664 9413 -1932 7086 -4674 -2074 -3027 9920 92 2976 539 3237 551 -4464 3124 -196 -8248 -1879 5457 -4467 8818 -137 -6969 -4802 645 648 129 4639 -1009 4219 4361 2433 7563 6237 6733 905 4538 -3142 -1122 330 6796 -1652 -402 5190 -2708 -1138 -4242 8542 -5057 -6476 -9867 9951 5909 4125 -5057 -5410 1246 -4900 1769 -8749 -817 3805 -6801 -1836 3324 -980 2952 6886 -3486 -6285 7383 -1903 9929 109 9510 -4122 9553 -4726 -3006 41 -3912 9231 9944 7205 8421 -4615 504 4137 6764 -1199 7884 -5238 2302 -8544 -9994 881 -7670 8371 8453 -4667 2572 -9287 -5877 2175 6142 5368 7810 -4083 -2755 7345 8547 -5047 7110 -4689 -140 -7745 -7657 -4993 -8833 -6925 9188 766 6609 -6153 8939 9945 5801 4428 -4551 -8195 -9384 9676 -5469 2213 -4526 4050 -6679 8696 -8204 -3802 7865 -9416 5167 7239 9655
7824 -2661 -2840 -6504 -3441 9342 -4575 4376 -9895 6515 -5042 1249 -6577 1273 -4400 3883 5916 -1922 -5981 7142 753 -7065 -2271 8532 -4476 606 -3697 -3604 5097 -8786 8007 3667 8228 -5246 561 -9886 -8707 5087 -8650 -4492 5578 -8919 1107 -6326 2262 -2607 6698 3815 1179 5821 326 2720 -7263 5618 -3771 -364 -93 -7509
833 3354 4397 7707 -6318 7131 -7183 1787 -9154 -878 5959 251 5550 -4080 -6329 -9615 7668 1768 2517 -7445 -5177 5798 -3764 -9287 -4901 8489 -3909 168 231 -1674 -2818 -5060 -3244 422 1667 5547 5568 6664 3034 -2624 8761 3009 8844 -2521 -9301 -9 -3864 4236 -2003 -5628 -4845 -2007 -1005 -7811 7106 -9813 5319 779 -3601 6025 -3105 6459 1079 9265 7019 5982 901 3281 -952 5372 9513 8831 -462 1946 -9892 5012 -1668 3257 -5063 6469 8023 7785 -8216 1637 -719 361 -2289 8336 -4241 5076 3489 5706
-6384 -744 5435 945 -9295 -9494 3047 6552 -7412 7514 -9556 6293 -1161 7830 -6579 -4257 1055 -8050 5978 -8543 -8851 -235 -4846 -2394 -423 -5427 -9222 5562 -8452 80 7760 -6178 -9353 -318 -9938 3971 -2219 3761 9642 5935 6613 -3862 1566 -1421 -5704 2869 5686 4524 -7211 -588 -3917 -1448 -8626 -5245 -3769 3397 -8955 3552 6173 -7177 8450 -198 -145 99 -3304 650 -1616 546 -3146 -3568 4331 -2644 6427 -6290 1067 -3344 -3854 -7154 9431 -6305 -1564 -3297 -8483 5453 -9362 3686 5268 7628 -2296 6157 1466 4510 -2445 517 -5933 3942 -2497 -2152 -3613 -7927 -4166 -4924 954 2548 1643 -8192 -6743 -8602 5092 -1025 -6970 6867 1601 -4485 8570 -5086 7283 -9426 1034 7482 4564 5740 1755 -2108 -5691 -7196 -6387 -4411 4323 9075 6464 6973 2041 9305 -6453 929 -4966 -9063 6099 5924 -7836 -9286 -8560 -6134 2228 -9684 -2014 -9420 4018 -7234 -8452 9124 -5013 -633
-6144 1937 6056 -9491 -884 -4101 -5707 7732 -1247 1626 -4144 -5214 -6454 -2853 2738 -54 -3480 7659 7953 -2037 417 -4047 4875 -6473 3714 3351 -4781 6148 9137 -3687 -5339 -3210 -6665 6532 -3515 8256 5318 198
-1283 -8667 9069 9448 -6965 -2624 899 8800 -6248 7098 -1268 6031 7368 -1211 -9893 -4387 -1972 6268 -828 -6380 -7723 615 -4907 8563 4351 6415 -2689 -5576 9381 4974 -5416 4535 6293 6960 -3691 -8495 -7829 9188 6798 -6143 9629 816 1864 6413 9288 2630 -4785 4336 -1328 -2232 -6721 6006 3145 -7265 5789 1001 3029 4730 6537 4134
-1867 7953 -3404 -9896 5520 1250 5562 865 4253 -970 -1596 5869 -294 -1533 -5634 6321 6071 -3302 -120 -3425 6937 4036 -117 1052 -1553 9770 165 -3329 7475 5675 -4672 6846 -1080 -45 3699 3891 290 691 749 -2261 -1718 -3992 1550 6654 9211 -4879 9811 3732 9314 -2185 -6573 -9796 -7767 -1309 -7688 -4014 1066 2455 -5526 2330 -7923 -4452 117 9195 -8663 -2042 3934 9391 -7577 -6147 -4499 9314 2988 -661 -6148 -780 9482 105 -8123 -8842 -1112 8620 -808 4850 8155 -8617 7532 4557 8857 -7723 9331 -823 -7107 -6981 8032 3785 -8816 -6208 -7517 137 3523 -5954 8020 -448 -3810 3131 6614 7275 -1864 -3722 7839 3864 8142 4350 1193 3414 8910 -1258 1762 9921 562 -8130 -6373 1248 6175 -8515 8843 -2273 -14
3237 8633 -8267 939 -3286 -9955 3326 -100 2200 3996 9563 -3323 9135 -7668 2797 -2484 -5192 -8863 6002 -9984 3302 -347 6052 -3761 -3083 -268 5619 9991 8170 2194 2895 9094 -3135 3101 2926 -9731 -4735 -4943 -3359 -1468 2609 4575 -2677 5382 4295 -5575 -3594 2628 -6426 3659 -9582 1592 6970 -398 -489 1030 9274 -7065 -3846 -3561 8223 -489 867 3 9787 1635 -848 3109 7626 -8653 223 9808 -1137 -2396 3446 1505 -2656 740 -5038 1649 -2640 -5054 8775 -4186 -5914 -4849 -6917 -1757 3696 -7448 8191 -328 2061 327 -6536 -3052 762 -6978 -9708 2467 4278 6727 -4985 6311 -4223 2132 -6555 4741 -9664 -4118 -8043 -4650 9938 -6320 2956 9903 3301 1485 6285 1003 -6322 8296 5606 -8162 -52 9221 -9856 3625 -3807 -9858 8826 4644 6694 -178 -164 -3871 8067 368
-8832 -4273 -491 -2904 2430 7110 120 -3781 3500 -6237 1563 9232 -3425 -2487 -8668 4909 3739 -802 488 -9167 -746 -4746 -1783 -3486 -8122 -4494 1273 2085 -3035 -9927 3444 6224 4375 4170 8243 623 7590 8941 7548 -8317 -548 -2908 -3697 -6787 6503 7363 -1394 -6232 7137 6440 2697 4761 4094 -4106 -9899 8107 -1071 -8759 7725 8914 -1503 414 9361 6993 -6438 -1359 5362 6648 1901 -8760 -3938 -1204 -5582 4172 6271 -585 2583 -5221 -8187 1510 -937 3730 -7057 8537 -5463 -7948 -8579 2258 5072 -9745 -3078 -2977 -6752 7891 -2294 -6927 -8753 9055 3757 6843 -3301 -1948 -559 -6234 -1730 985 -9014 4584 6294 -5866 -1258 -6621 6324 -7365 847 7726 -7187 8602 -8520 -328 -2652 2857 -520 -8388 5811 -8558 9170 -1682
-7642 -6043 -4309 -6228 2804 -6774 6872 -6490 8762 -1251 8016 2941 -6456 -5476 9378 -9254 -6636 -3179 3358 1119 -3546 6671 8341 3305 1500 -2841 -8542 -6492 5258 9934 3628 6782 -4233 4125 -7644 1487 8813 -7364 -4696 7033 3298 -9761 3082 7690 3106 9317 -3266 -9250 -6264 865 -9864 4790 2443 -804 -5251 -5756 6959 -6812 1056 -2004 -3634 7434 -6735 4904 6439 6792 2270 7842 -1866 -5833 1372 8974 -844 9990 -2065 -5974 5387 6830 -9006 -6264 -7119 -8574 -2941 -9932 2007 8358 5715 1546 -1769 4022 -7036 -5321 -769 -9737 -6698 -2376 7083 -6625 8211 6880 5758 -9018 267 7107 -3580 -9651 492 513 3634 4592 1057 6566 -3107 7880 2256 4723 7701 -3168 -1160 3567 7335 -9585 -9561 9110 -8796 -913 -7010 -7337 -9535 -9805 9594 -416 5108 4911 8587 -8862 9280 3491 -916 -6876 6152 8871 -8600
-4913 -8207 5721 695 -3492 5309 4434 -5434 4230 739 1464 3667 -6284 1518 7169 -2540 4562 -6861 3372 3768 -2229 9825 -5180 -4779 -8570 -781 -7245 -3355 8602 -1206 6745 -8923 5142 -8231 3223 7543 -1457
-9427 8580 7574 -3966 6836 -2857 939 6064 5813 7903 518 2425 4921 8113 -8673 5928 2995 -4901 -3487 -8197 -7411 2830 -716 -6061
5572
-9226 6069 3310 2394 -8647 -4057 -2797 -9262 6817 1360 -1528 -6068 2094 800 -8238 7162 2871 2104 1445 -7673 -7849 9812 -6709 -1967 5380 6055 -8122 -2177 -7471 -7685 3989 4505 -1606 3964 -8278 9460 -7874 -5287 -6578 8810 -9645 5079 -5582 7190 7458 7648 -6297 1649 -4707 -1445 5112 6605 -9937 -1986 5421 2862 -1038 3205 -2231 -6397 -9518 9282 -6229 -2004 -2435 -5001 -3094 -8481 9346 3835 -5284 -9807 8627 -8012 7001 1661 556 -2274 -1724 1080 6901 8180 -3765 -6923 -5136 -8326 -1117 7301 -9078 -2057 -6894 -3781 -5525 -7281 -5387 2735 9663 4894 -364 6094 -9064 -8848 3912 3383 -2267 2899 -3429 -5928 -5017 -5059 6168 3690 -5367 -6547 7794 72 4034 -4579 -3582 5589 -4560 5273 -5442 3941 -8936 5317 -2141 2877 -9218 -4572 7893 -8285 -9463 5834 4754 -646 -3599 -1188 -9471 -8511
-5679 387 -678 -1907 7733 -2094 -3387 -1897 7264 -7131 7802 3545 6158 9724 -7871 -9509 1128 4511 -9715 2138 1218 -6725 6514 -4951 8671 9544 -7811 9474 4460 -5135 6623 9707 237 5064 7561 3196 -8357 8912 -9841 1830 1013 -4465 7040 -1225 -7399 -6725 -8223 4924 6575 1626 2330 -1067 4322 6097 6590 4775 -1088 -5399 -7484 -9087 -7652 -6220 -369 -5572 -3052 -978 -5236 7413 -6092 -4721 -7298 -7953 6392 4428 8428 8146 1396 -3760 -4791 -813 4638 -8455 -836 7022 -6500 4742 -7863 -1330 -7825 -8436 -871 2264 -6687 -3040 -4739 -3516 -5135 887 9620 4448 1456 -5246 4557 1379 1860 3959 -8862 -5717 -4849 4708 5675 -6416 -8422 -4130 1690 3147 -8440 1311 -7697 9167 -8358 -3699 -5595 -2412 3397 4083 3979 1392 2043 4545 9767 -5420 5640 -8246 356 -2361 9205 -5463 9132 -3687 7161
-8167 2712 8654 3749 -1419 -4047 -4709 1064 2951 8736 -8200 7150 831 -7802 7705 -9705 -7598 3986 -817 -8727 3930 1669 4209 -8765 6961 -5828 4733 -5461 -4784 -6461 -4696 -6031 6415 9371 -8545 1715 1003 1090 6043 -1262 -6005 4920 -8977 5501 -4745 -5772 5344 3056 8223 -4329 -8401 -8497 -3223 -6505 1877 -9297 -4312 8855 -7599 -3289 9715 -9621 891 9815 -9530 -6770 -8359 -9898 -9253 -4595 -9420 -3915 1957
4152 -1450 -7358 4614 3438 -3644 -3573 6694 -8014 -1158 6998 5940 -4897 221 4317 -2252 -4936 -7787 3497 4381 -6512 -1307 9504 3267 8490 -9509 -6566 -4399 4422 -2583 7301 8205 3468 5966 3855 -2611 7326 -635 3129 -1611 -6540 8756 -1881 -7414 8711 -5389 -8458 5924 -96 -8205 6513 -7500 1279 -8417 -6684 -5908 3835 -2486 4352 2993 -6688
-138 4015 -2190 5965 9361 -9960 5836 7438 8571 -4714 6042 3556 2531 -4154 -3289 -7422 -566 3744 4795 557 665 8563 9363 5074 8270 6613 8504 3482 -6961 -2155 189 4140 7527 -2056 -5171 523 -3701 -5535 2955 3921 8658 -7156 1832 -9865 7173 7373 -3789 -6781 -6380 166 -6089 7393 5186 -2876 3237 -5472 3145 -5154 7022 -8349 -4 -7885 7824 -6779 5703 -232 -6697 6725 6553 5092 -9840 5287 -2258 6445 7583 1535 -2388 1919 1684 4423 6867 -5489 -1102 -1456 -9909 -5467 -9448 -4215 -7549 -1781 283 8811 -8081 346 5876 2925 -4684 -3604 9378 -2136 6372 3897 -3806 699 -4559 5431 6334 4526 -5834 -7638 -9144 -6996 -7098 9951 -9683 -3545 -6818 -2143 7883 7032 -2800 -246 7207 -6401 -7192 -1989 -4235 -420 5297 -6664 3875 -4850 -7039 -9996 397 -7360 -1120 6702
6522 -4146 749 9864 4505 -214 6562 9993 -6481 -2316 7348 -6679 2227 -4337 -4428 3514 7907 -6120 -6716 5944 -5086 -1460 -7711 -8984 8943 -7162 -7388 -5618 -3192 537 3983 1983 -2450 -4193 -5202 5846 4148 -4576 -9930 3724 4339 -3413 -6683 -6796 7006 -685 7511 -351 -1681 -5925 410 -5173 8212 -6631 -2501 7756 -8069 6611 4975 -7906 -9612 -803 5351 5376 -7469 -8377 -9149 -2498 3286 -8824 9823 615 9557 -9485 -2855 -3902 -2093 7180 -122 -1113 -7102 -4106 -264 7547 8731 -3148 -8210 9947 -2427 -4747 4407 1720 1638 -7914 1210 5219 5685 6705 413 -9379 612 706 -2459 -4605 -3705 8608 599 -3000 9807 5694 410 -8191 -1214 6910 9371 7174 6422 -8432 -2129 -596
9240 2647 5580 3789 232 8082 -1023 2011 -59 4024 -748 7868 -3153 -3721 4201 6284 -309 -4673 -2904 5393 5128 -735 4307 -9313 6266 7553 -1337 7455 -2865 -4788 9254 1338 -4733 4500 3342 -7523 -5924 -5246 -1219 -9569 5409 4751 -8875 -2820 -7316 7998 -5825 9466 889 -7982 -912
7145 7084 -7247 6470 -9681 9255 -9734 -4615 -9408 5563 6600 5371 7246 8399 -7756 9090 -1266 -4904 -2374 1786 5649 539 -8545 -4909 3195 -1720 -9739 9521
5750 -8923 1748 5910 9207 -9880 6152 5708 2014 5544 5997 9044 5198 -9213 -8995 -4546 -626 4917 -1549 -9630 5367 4499 4336
-8908 -4563 -2378 8455 2789 -2007 -2151 -8626 3124 -5961 3828 2077 6035 7769 -4017 -1956 8966 8273 -5506 -6389 -4324 3372 2697 -783 -9630 215 4406 6731 -5746 -8000 -8896 -477 5452 -9506 2664
4455 -519 9207 6851 -1163 5464 -1759 2025 -8571 -7668 -4274 4213 -1198 -1040 -7403 -1448 -6842 -675 3470 -6810 -3084 6883 -8622 3673 -811 1254 -9089 8665 8789 -115 1647 8390 -6720 -2093 8933 -6914 4560 -5505 2474 2482 6846 3382 -3396 -5957 -9715 2636 -8236 5956 -4869 -9188 -9412 2290 8669 9427 -7098 2059 -1077 -8207 2920 -4492 -1831 2006 -2354 3337 3227 6111 8051 -361 9143 284 9111 -3984 8134 9468 -8757 6427 -2635 -5364 -3464
-5924 -9672 -3530 -3910 -7349 -5621 -4094 805 6298 -1924 -3092 -963 -7256 -6463 -4190 4844 -6941 2077 -7305 7720 -3742 -599 6429 -6304 3356 4108 -7316 5877 6120 6476 -5252 1926 6101 -6349 4973 7423 6552 -7167 -1509 182 -6317 -125 6774 -1697 -9011 595 5695 1170 -4743 8211 -6063 9715 7448 -2873 4473 -29 2276 -407 5080 -1924 -1148 -9548 -4447 -222 -3134 -709 4743 -3073 1170 -7952 -2070 -4193 7879 -3130 -1128 5711 -9139 2765 8169 -3631 -2501 -3740 4081 6043 -4159 6652 -5617 -8805 -9226 -7657 495 5283 -8605 816 -7715 -2788 -8286 4282 9027 -7615 -1564 -5048 8445 -8692 1545 6319 9539 913 4243 9316 -5416 4164 -2302 2967 -9846 -7614 -7765 4428 3825 -1143 -5100 184 9337 6423 -7726 9993 6727 8203 -9197 9520 8634 4368 -1401 6879 -8303 8738 7489 6791 9047 -8482 -6086 -3843 -402 -1996 3796 -5500 -7995 -1511
-9493 1801 -8196 -3705 -5002 -4451 969 9506 -5054 -2165 -6212 -1354 7444 -765 -9780 7498 1610 -4718 -8384 5774 8667 2543 -801 646 -3063 155 9074 -6948 6619 9525 721 -6746 -2833 7472 -7003 669 -494 -1318 -5205 1923 -7169 1598 845 4438 9072 3478 3961 4223 8443 5063 -4795 6996 -5917 638 3950 321 -1096 4925 -8006 1114 -2903 -3584 -5372 1138 -4840 966 2582 2659 2969 -5521 -8519 776 4039 1517 -2048 -1635 9747 4543 -1453 2108 507 -9110 -534 4370 -1270 -7564 -829 5823 3326 -3395 -5298 -1202 -8101 -621 5969 -3654 -8026 -8238 -9498 9855 3450 8355 -3809 2142 -1498 4218 -6069 -8506 -9083 -4241 5697 5892 -28 6122 -3691 1613 -9189 -9221 4792 1602
5226 5360 -868 462 7529 -3905 -6049 314 9874 8744 1605 -5445 4557 -1344 -7610 9403 -9054 2128 8868 -2674 -776 6727 8875 -2927 -862 -9569 5998 6331 -4392 3696 -2148 -1358 7007 5802 6049
7916 -8281 -2366 1334 4659 1676 -1451 -7952 5684 -3890 -402 -7749 1346 -3103 2768 1421 -947 -5382 -3225 4716 -1255 -3677 -2752 369 -340 -9874 8250 7415 7249 -7085 -8777 4188 -6640 8643 -9176 9482 -9791 -88 1178 2687 -9697 4704 -1655 1554 -1869 2337 6199 -2286 6870 -4000 4737 -8166 8155 8627 3892 7502 -4444 -2937 3787 -8690 3636 -5602 -434 -1383 9330 9305 -9429 6742 3794 -9070 -3407 1669 5767 -2839 -615 -6475 6643 -6083 2956 7055 -1184 7993 8975 -7952 -9399 -2277 -4734 7594 -2594 7811 2277 -5995 9953 8070 -5195 7840 -5281 9026 7815 7970 -7067 6259 -3911
904 -3312 9815 -1601 -613 7881 -3326 -2421 1491 -8525 -4509 -5114 6149 7224 695 9821 -8026 8824 6384 -3432 -8535 1272 5214 -5386 -1919 6163 8587 -417 3165 2129 -5646 -9300 3365 -3238 -1247 -9394 -3588 5710 -9707 6057 -9543 -3463 5957 -7033 3007 5672 9929 1857 -9018 3290 7735 -2657 6548 3006 -790 476 -919 -7467 -3047 5337 -8851 3868 -8111 -4250 -4326 -4023 4464 1056
4889 3635 -3494 774 -4403 -8958 -4685 1525 244 8468 7458 -3714 -3574 5965 -5861 9141 5662 7910 -3181 -2314 -8937 -3421 3345 1152 2649 -4094 4934 7398 77 -8341 -3415 1689 -2924 -3654 -4768 -9609 4677 -3278 7644 1782 -2582 -7438 -1197 6433 -1337 -3581 5370 -8978 8951 8249 4074 -7121
4403 -7308 -4954 -8067 -3956 -7302 -4059 -7780 -5898 -2820 2671 2953 4508 1301 -5886 6222 2130 4291 -4124 8303 -9214 7299 2465 2421 -7713 3871 -2462 -6608 8643 -8098 -909 -571 -5572 5218 5172 9599 -8527 -3093 -5693 -9682 -9980 9271 -8230 8320 7053 -2756 5141 -1426 4762 5544 -6415 -7747 -5041 -1050 1870 -8713 -1965 9272 -4580 9305 2826 9264 1662 -648 931 -9820 6995 4653 -7406 4598 -2140 219 8093 -742
310 -964 -6794 4276 -8073 458 -7688 -6086 -4974 -3840 6318 -5352 -5899 7043 5149 -401 -5859 -824 -4554 9401 -4693 -5782 -3730 -7662 9460 1656 9122 8561 1725 6847 7633 6884 -8155 249 6859 -2890 -8348 7328 -2733 -6679 622 6203 2022 -3637 -782 9972 -141 -9373 -2323 1282 2787 9726 7746 -9690 -8913 -7273 -4866 3847 1802 -5254 4942 2111

378 -5004 -8407 7668 -847 -6651 -2290 2071 -5174 -884 5828 -5073 -5651 2981 7297 -4231 8035 1753 -3008 1809 -7316 7145 9406 -5622 -4024 -6177 -2335 -8905 -1025 3394 6226 6703 -5655 -2959 -2623 -7929 -1682 -4360 -4867 1752 -4826 4506 -23 9547 1308 5937 191 7511 -9030 -9602 -4175 -5108 9978 -595 1179 -2837 4508 8862 -7551 2745 -8927 5150 9234 -4375 6714 -1595
-2169 -9165 -7778 7517 1436 2915 -6147 8097 2977 -2189 4797 7468 -5720 3641 1442 7023 587 7615 -5782 3077 -6652 7757 8535 -3967 -124 7063 -4718 -6104 6402 8504 1502 -8310 -4986 -3553 -8769 -4493 1169 2194 -7166 -1700 -8098 5660 9424 6414 3087 -2956 4863 -6624 -8735 -1630 -9348 -8171 -6317
-9132 -1437 4156 -8845 -7567 9010 1781 9033 -9621 -551 1768 -6786 -5679 -6328 3141 5175 5118 -2905 -9987 -6472 4094 -2289 -8157 -38 5304 -2635 -3398 2323 -1306 -610 1208 -336 8233 7765 518 5034 -2604 -3761 -7079 5874 9169 5968 9867 6345 1871 4469 2336 -5290 -4360 450 2330 -9255 4111 8149 -9102 1447 5704 5717 9824 -4318 -4391 -3842 435 -6381 6251 8885 6761 9658 -4426 5989 -9452 5406 -6153 -4950 -9434 -7091 -7551 -7574 -5076 552 4295 5243 3217 -7213 947 -672 7601 -7105 -1167 5132 4918 -303 7082 -7564 -2453 9537 5330 1175 -5321 -8379 -4141 -3082 4036 2633 -4384 -3274 -3602 2857 5511 2547 4441 -1506 -7992 4844 3564 4172 -4902 -1309 -6996 -5234 5337 7295 902 -4970 4000 9598 9324 -4220 4912 -5830 -8468 -3694 -773 5532 -2470
1290 -729 7175 5547 2185 8286 -8042 -1285 -3190 -3875 8534 7489 -6801 1293 9499 -6923 -4203 6790 2039 9923 -3940 -8653 -7190 6389 7855 -7674 5121 5385 338 -7262 9076 -4884 7188 2633 -1248 -6520 6095 -5571 785 -462 2061 5067 1151 4657 -665 1961 -4761 -3241 -7293 -2225 -3731 1835 -1838 -6155 -9588 9874 -587 3875 5498 7896 -5964 -5096 -5735 4214 446 1551 -6174 -218 3195 -1859 747 -3846 -607 4864 9208 -6444 5371 -9006 -578 4417 1781 155 2546 -6435 -8964 -9955 -7793 2328 7205 -5305 -4083 5080 -481 2273 -1245 2844 -602 -2323 8369 1338 7118 27
6079 6059 -7967 2977 -5123 510 -7477 -8700 -2915 8584 -7600 3613 -3938 5973 -669 -6942 -9318 7200 -2009 5820 -4632 2254 5306 -6543 -6045 -4755 -2351 -5297 8274 8700 3014 -2263 3543 -6274 -3861 -480 4976 -6023 -9384 -6596 -2653 2833 -8016 -3880 -3577 -5465 -6908 2709 1718 -8010 -457 -1933 -3675 -9285 4727 -3312 981 -8441 4492 4186 -603 -2292 5505 8774 -5954 -2300 -6476 -865 -1102 798 -6923 -1978 -7116 7795 -5965 -1856 -4831 -887 2665 -1473 -9124 4868 -1671 6113 1827 2 3375 -8768 1441 -2111 6446 -3450 151 3281 4370 -9207 2443 -4325 6406 2632 1225 -1088 1864 -68 -3951 8720 -2165 4564 4766 306 -9304 -351 1792 -5923 -2554 6647 -5180 -6452 -3159 8514 4994 1593 7620 -6455 -4231 -3742 -9603 -7262 -6300 4271 -2753 1841 -6585 -1672 5801 -7336 9117 -9580 -1253 473 9865
7424 -5634 -910 7133 4288 2471 2340 -4776 7171 8554 -3938 5348 -4055 7286 8897 9408 -5704 -8425 -238 1823 3361 -1434 -9401 6649 -1236 -77 3319 1952 2405 4640 -6144 -2048 -2268 -8481 -6282 3873 9070 -7858 -8011 -9320 -5588 -546 -5256 5379 9819 -2991 5407 9009 -9471 1173 -368 -3381 2756 8308 2538 111 -2201 -9596 -6810 -6909 7929 -6271 2001 -4750 7547 -5927 5403 -5150 -6921 7588 -4762 7480 2658 8587 2171 -5230 -9466 -323 -4039 7890 -5016 7260 -2802 178 -4342 8161 6945 1252 5565 -3863 -6843 -9171 -4108 9245 -3031 9536 4910 8218 -4070 5693 8286 -5459 -2727 4069 -1395 6823 -9074 9704 -7153 5222 -6566 237 245 5395 -8539 -9025 8563 4380 760 -2876 8142 7325 154 -3806 6474 934
-1769 -900 -7823 9831 9075 -4061 6000 4222 -660 -4908 -2562 -2617 -7830 -6599 -8129 -2123 6637 -3991 1951 -7474 -6423 8446 3489 -4323 9095 -7806 1717 -6565 5727 -3185 8906 8441 -447 -4628 4227 -289 2512 -1002 -8014 -9113 -5445 -7922 -251 5049 -6600 3762 5432 5147 9656 -6017 -539 -8158 -2733 2772 8923 7689 4706 1265 7310 -3451 -1122 8054 -9580 -6443 -7985 -9302 1773 -597 -5275 -9189 -8060 -1036 -222 5251 2652 4413 -353 1472 8667 -3987 6021 7257 -6758 -8672 5203 -943 499 -546 -7839 2430 6560 -8186 -7234 6126 -830 6350 -5449 5027 2345 -223 4379 -6101 3783 -6293 -7558 -1032 2552 -2723 -409 1666 4568 211 -6210 8727 6837 7364
-1396 5382 -8698 -1675 -9584 -3302 394 1042 -7018 -923 3571 -7244 -3858 -9077 -5986 6115 5121 3501 -9942 -3044 2742 -7217 1422 -8977 -9529 9252 7063 -2647 1313 -5639 2170 -4761 -5953 1400 3387 1466 7549 800 1998 -7314 2154 4005 -5868 -8249 -4821 2182 -5911 7141 791 -8232 7158 -1321 -6454 -8981 -8250 9081 -834 -7811 -5467 -7281 3649 -9515 -5872 -9083 230 -2600 -7424 -6321 3261 -9541 2224 6563 -9372 9909 1277 -3590 2270 8821 5766 5714 4170 -207 -3474 5386 7838 8032 -8572 4639 -8213 -7790 -8286 713 4640 -3217 -8215 3762 8146 3058 9400
5143 9570 263 -3275 -2808 -3001 4699 -1480 9105 6287 2731 -4611 9346 -6647 1975 8553 -180
8963 439 8018 -4928 -5536 4492 4326 9027 -8258 9893 947 999 -8603 6990 8885 9690 9389 -173 -7618 4576 -1902 -9303 -5647 -2261 2723 1210 -4522 3489 -4224 5796 -5117 -937 723 1000 7579 8255 160 -4300 8082 -4872 2060 -5844 4346 2213 4602 251 -5422 -484 -7750 7876 -9640 -5842 -8955 4629 -7259 1538 -8253 -2167 -5687 6109 4514 8412 1491 1977 -3650 -6169 2925 3816 7823 -7537 -890 -831 -3994 777 -5588 -9421 -5869 120 1746 1229 3080 -6054 9424 -3868 9782 -5681 -1482 -9238 -1668 5257 -4607 -5317 3324 6189 -3479 3114 -254 7997 2901 5304 7689 9315 -3410 5739 1192 -3783 -8698 -9349 6867 -814 3790 1987 9297 -271 -6743 -7822 6175 -3931 3961 6423 -1333 7873 -9566 -150 3619 -4713 5851 627 9937 -4430 -2572 4863 -7831 -8555 8564 -3827 9344 6338 621 -6546 -6452 9148 -757 8516
7632 -1602 -7332 -7596 -9615 2202 -8767 -1857 9503 12 8606 -6453 4419 6811 263 -7975 -404 -6615 -1988 -2567 6880 5544 -5879 -3403 8691 -8418 4194 -2502 6945 3843 3952 9545 -4435 9277 5468 6679 -5907 3367 1357 7465 -1801 -9238 -9866 -3479 -5354 -5397 727 -8595 9899 7319 -1991 -4653 7135 7010 -7967 -1850 4933 -3327 -2719 -3517 -7201 -293 1772 -4245 -8941 -9206 -319 -7108 -1727 -5421 -8022 6664 201 -4310 -884 -4283 -6905 -9729 -6101 7037 8312 164 5743 7276 2972 -6657 -6957 -3860 -2556 -1642 2835 -3951 -1983 9051 -107 4453 3501 -5716 -4797 5378 4764 -6532 5976 -5889 -9860 6670 -6533 1426
-8249 6700 9319 1146 -2051 3381 4131 1606 -3826 5640 -7033 -9306 -2085 8382 -2194 1021 3538 6516 7752 5007 3782 -1135 -55 -6008 -4441 8063 5844 -2376 -25 2528 3910 7942 7942 1203 -9019 8589 987 -1417 2398 3073 -8274 -6192 190 -6781 -32 -7563 8427 -9239 5119 -7066 2689 -8242 1183 1314 -4548 5600 7923 -5082 -3029 5342 -1566 2086 632 6627 -4568 -7202 -1908 -2110 8845 -279 1041 -2406 9049 -6723
6385 -7150 7376 1986 7592 9959 -3170 -3224 5541 -9446 4664 7737 -631 3378 3431 4633 -8394 3597 -9801 3645 6141 -3026 -4770 6589 5899 9650 6444 -9539 232 -4548 -244 6697 -8925 -65 -9191 -7300 -771 8612 2283 -4654 -2594 -4009 -7769 7142 -3011 -9759 8525 -7864 6696 8632
-6401 -4974 -3453 4928 1706 9672 -3914 5236 8563 -6559 -5802 1010 -8986 2816 8391 2148 5006 -8530
-7222 9567 -5918 -23 9556 9223 -7566 975 3470 465 -9781 4173 -6944 -2757 -1317 6176 -1733 -4027 -2419 -3190 -853 -9565 -1241 7629 -6975 9997 -2968 -4860 -8790 4282 -7839 9894 2220 2179 -7391 -5516 -9546 -1959 -8312 5883 4069 -4958 292 -7726 441 -3747 9363 7114 -2417 3851 8693 -4861 -3829 1613 -2269 -9137 70 -7623 6607 -8627
7802 359 9152 -1600 -9287 5874 -8845 -6668 -9454 6405 8696 6072 -3374 -5105 -5549 4033 -8387 9141 -3994 -8803 -8566 -3135 752 4057 3607 -9396 -7677 3746 -3040 -7979 4400 -6298 -861 1465 7757 -1490 1716 5749 5665 9774 2294 -7751 -2773 -8892 7083 2017 -657 -9817 8879 3441 2243 6765 160
7655 -2999 9722 6247 3634 -3710 2785 -2127 -7042 4778 7888 -2643 282 1344 1058 -3363 2493 -126 -8552 -7820 7084 -4851 -3868 -2132 -1236 -6833 -5813 -9371 6849 8506 7707 -3049 9935 4732 8264 5454 -3400 -9040 -5921 -9567 6148 -2262 -1498 8292 3734 7603 7261 -7026 2724 -1961 6722 -2876 -7505 -2595 6573 -2796 4349 4424 4323 7745 7602 657 2219 -7240 -8218 3485 -6960 8878 9656 -1016 1416 -2752 1608 -7557 -2274 -275 -6421 -1186 -3283 -584 9303 -5421 7206 -2350 -6163 129 3396 1336 1295 5661 5603 -4765 9832 3909 3990 3602 2804 2627 998 2704 4640 -6244 -8223 -9828 -7708 6199 8518 8445 7789 9299 6211 -6751 -8657 -9255 -7871 -1690 -6543 -3094 9932 -8718 -887 2116 2131 -2109 -900 -6239 3415 4682 -9571 5696 -4924 -6742 237 -5086 -2698 5155 3706 3860 -8507 -1483
-9970 -5612 -5571 -4392 -3413 9416 9523 1208 3296 -7656 3228 -4005 -9846 9915 3430 -9179 -7906 -4435 -3015 -4051 -2247 6582 8293 8361 -5491 9247 6665 -4978 8390 8178 3286 4139 1773 -9027 -8570 -1374 7981 -5157 6121 8351 -7300 -8208 5468 -3853 2056 9310 -6502 -9971 -8996 1761 -4548 4364 2402 -6842 -2041 6886 -5380 6618 9371 -8987 3876 -932 6012 -8451 8324 8299 -4067 2235 -7005 -3788 4989 -820 440 -728 -368 7553 8378 -1817 -8843 1682 -8693 -1170 -4270 1736 865 5083 -1869 1800 -9837 6126 4578 -1045 -1204 5325 2503 -9657 5408 -2129 -4057 -8464 -2110 6022 625 146 -9173 -3893 1162 -8726 2483 215 3600 -1336 -8740
4018 -8215 -104 -9948 8526 -7904 5581 -5946 -2980 -1596 2258 6163 -6922 8808 -600 629 2831 -7564 3760 9050 9187 -185 7719 5272 -9000 -8284 3037 620 77 -7204 -988 2980 2272 -294 9909 7183 -6972 -6618 -7113 8465 -4591 -7351 1808 4044 -2570 -95 -3425 1169 1831 6522 -553 547 -7307 -4917 -2693 651 4450 -2365 -2575 6706
3267 -984 -718 2178 2218 -4310 3025 24 -9442 -9688 -1691 -8510 -2479 -7755 5134 -682 -3656 -4414 -5643 -7043 -2959 -5501 -4503 8639 -5117 7763 6418 8663 -1729 -4474 -174 4980 -4872 -4509 -3449 -8659 -5910 4457 9387 -677 -198 9289 9179 6288 4232 7307 -3325 8065 -6533 -1931 5682 -9535 -5056 7653 -9310 4525 -6227 4299 7704 -1497 -4328 9008 3585 9136 8192 -6 -1779 -8011 2737 -7772 -6475 1178 -9178 1924 9333 1774 -795 -3916 -5186 -6835 -4821 -6676 -2610 4255 -4355 -5931 8655 -9798 3144 -2629 9636 -6920 -5102 -966 -1632 -8130 6143 -3026 4814 756 -2278 3100 3759 2949 2725 -9267 -6333 -2646 -1854 6385 2838 7277 -7356 -7278 -429 4856 4349 5234 2161 -8050 -855 -3351 9498 -1025 -711 -160 -1321 8704 5339 5680 -6817 9823 -4058 1904 -651 2764 -4433 -7903 -2714 7940 994 -2486 5851 9793 4708 4503 -6710 -6190 -357 6827 7917 -2296 644
465 -642 -3558 -1080 -3980 -1930 -1439 2034 -4977 6595 4884 650 -7143 8105 3116 5546 1704 4202 6363 7350 -3654 5508 -5 7700 4880 1650 5108 8277 3231 2213 -9050 -9190 -6187 -5253 8678 5152 -5928 4031 8995 4119 3242 7802 2264 -1474 9808 -9404 -8854 1987 -323 -9508 9572 9006 2144 2205 8703 -3071 89 7348 -4190 -2802 9241 -6329 8657 -4866 5311 -5519 1795 -5253 5091 6961 -8509 6955 -4449 6530 -438 9480 -5408 7075 3370 8730 -7077 3689 2610 -7041 -8487 3463 -3032 2673 4774 3781 3013 -9586 6054 -761 -180 -9977 -8189 -9278 129 3630 -5509 -2330 -9191 9958 4916 7441 7057 -3193 -3947 3821 2457 -8681 -1346 5363 -6647 -9177 4857 7483 1956 454 -7699 9764 4276 4596 -949
-1145 8934 -4597 -8648 6477 -3814 9873 -6878 6096 9976 5201 -615 -4990 8893 1880 -7324
2683 -2865 1149 -2790 -3434 3308 2375 -7829 -2003 -6165 -7097 -84 -4288 -8427 7919 -1259 3976 720 -1412 -269 7642 4306 -2440 -9192 8515 -9914 -9417 2748 -3203 8142 -6107 9598 1902 -9846 -6704 995 -1788 4108 -7095 7855 9642 9624 77 -218 -2421 1777 -2824 -8696 -3467 192 -715 5971 190 -5436 -8669 -450 7944 23 -7221 -9801 5657 5995 -4801 91 -7770 1493 8958 -8924 5651 4196 -8921 -8727 -6981 -5554 -4307 732 -8296 -8918 3851 7206 5902 2964 4186 -9885 8930 -3331 3158 -6346 -1486 -4551 -7234 2826 1069
-651 4387 4384 -1061 1835 7225 1504 9633 -7541 -8841 -7979 -8783 -1996 3884 4191 -2842 1500 -1670 9653 -9687 -2440 9508 547 -1490 -1272 705 -9277 -7236 -2816 8318 2645 351 8081 9923 -7671 -6472 -7478 -6109 -3860 1458 6223 8851 -4458 -3679 380 9715 5019 8877 -2520 -27 -8817 991 -42 8919 973 -6087 -4973 911 -8340 -4516 9414 -201 -5663 -347 7766 -5268 -3659 3701 -1470 -7080 4528 3594 6900 -9392 -4707 2380 9136 -5620 -4858 8641 -763 1031 7837 -9354 3256 1379 -242 -2424 6645 2171 6944 8687 9350 -8782 8703 -9367 3814 1739 6574 -8197 -8163 -5485 7674 8116 786 -586 3509 -8906 8436 -9531 -8716 -225 6820 5384 -6072 -3662 2903 6862 7422 -935 -6574 -9095 -585 -7685 -4842 -5621 623 -9194 -255 -7863 6684 1256 814 -9750 7412 -5731 -4132 1415 -4605 6288 5126 264 -5011 -6233 9965 -4716 130 2162 -661 7370 -9369 573 -3656 6251 1311 -2140 -1038 194 -953 8560 4677 -1443 850 2698
2069 -2054 -389 6069 -6703 -8932 -9129 4044 -245 769 -8829 -2670 -9337 -7651 1673 3565 3554 5348 -2020 -8520 -4571 -4857 6248 -437 2551 -5716 -384 468 -5931 6278 -8835 5388 3559 6359 6691 5338 377 542 -7289 1 7084 -1298 4698 4447 1532 520 956 -1866 6317 -7137 -8595 9845 6675 -2821 -351 -8229 7175 -275 7539 1083 -502 7858 -3082 -7284 6356
-6568 -1478 -1333 4288 2567 8954 2373 -7352 -7513 -8268 -5855 7997 4489 5176 -2074 9731 -9497 9225 3619 -5871 -4149 -6488 1907 7923 -6513 -2037 8500 -2547 4266 6761 7374 -3022 8011 4647 3585 -2951 9891 2215 4178 1969 8838 -5523 1598 -3876 913 4479 9989 -6756 -4428 3345 -5034 2835 -1516 -4016 7541 1550 8766 -8022 -1479 -6867 760 2045 6633 -7833 -1261 -8148 9585 -773 145 9014 -3708 -7340 3207 -5419 1347 -991 6940 -7582 9195 -9410 9151 -5931 -8050 2162 -7958 -5177
5333 -1696 4185 -2359 -7982 498 -2158 4906 1838 288 -6134 -2652 -5464 -2985 -4599 2013 8866 -4368 4496 -4012 -3377 -6866 3874 -2561 -3695 -736 9351 -5244 8772 -5123 -460 -9565 -7319 3291 5637 -6927 6346 4732 6645 9634 -5869 -5752 -1425 -4959 4741 1481 3682 6320 4688 -881 -1587 238 -6401 -9648 -5470 -8257 9726 -4101 9289 -54 -9981 -1085 8109 3177 -520 4815 -2067 -6940 -2746 -8446 776 -9936 -8984 3810 1935 -9548 475 5024 -2361 -8448 -3839 -4703 152 4066 -1214 -4559 -1123 153 -3055 7246 395 2767 -9517 -9825 -8667 6160 940 -1061 129 -1230 -8693 689 -766 -8405 -4152 -3166 7221 2899 436 -7679 -3209 -9821 -1100 -6641 9771 1487 529 -1408 1508 -5412 8564 -7565 7177 2048 -1810 7273 -2137 -6023 -4722 4362 4893 -9862 -9864 -5615 -8074 4801 7371 -4954 -4959 7524 -1661 -7202 3169 -5675 7847 -5116 -9346 4392 -8045 -151 -861 5304 3979 -9758 -4516 6777 -4673 236 -9860 -273 -797 418 8782 4049 8814
-4458 -37 -2248 -6514 1428 -2484 8040 5292 -7705 -9679 -1388 6202 9095 3309 -4780 7316 -1822 4296 6545 9848 -2617 -1218 4229 6148 -9909 -9916 8586 5260 -4129 9679 -7759 -6287 5538 7532 -6889 -121 -378 1270 3003 2554 -3105 -5665 4048 6069 -4980 8862 107 7227 8818 -4545 -1244
-3683 4290 8150 -5538 4681 -2092 4027 -5945 441 -8002 -4777 -2001 -7581 -149 6308 -2427 5475 3710 7036 4743 5001 3444 -6772 -3737 1828 -8711 -5432 8114 -1779 1862 -4851 8049 3185 3346 -9107 -6356 -5226 -5618 -6933 -9920 5611 -3201 8115 -2482 -697 -9570 2021 -4201 8797 4425 -8546 7497 -2787 5471 7982 -6007 -1533 -1057 -3817 -5254 -4862 -9470 -3097 -3966 4770 2281 3640 2905 9038 7688 2826 -1704 3559 -5678 -3546 -552 5652 1605 8877 -658 6833 9733 -938 -6160 8009 3894 -9151 339 -2094 2159 -7832 1621 8418 921 -9883 3028 -397 6455 8865 6942 -6839 6846 -8099 -129 6457 -7702 1251 -5673 533 -3690 -8225 -8082 7212 -5207 4656 -4323 6506 -4978 -7593 -1750 2855 -4029 5026 500 9960
5219 5451 -8729 7641 3392 -5025 7387 2374 6819 -2695 -4454 8574 -1052 5718 8075 2320 2060 -9439 5398 2835 8738 882 9317 -2975 -8505 7761 -7588 -4274 908 6674 6662 -2916 5482 -5549 -8076 -3789 3959 -2924 5189 -2764 -2800 -9519 -8175 -7881 1099 -4736 6400 -2301 -3522 -1021 6462 -6814 -6520 -2809 2570 7026 5244 1831 -4515 3864 -7563 -8611 621 8167 -8267 -8509 -4552 4362 -6387 -2329 2243 -2466 8978 3483 576 -9823 6067 8844 -4942 8592 -4055 -9631 9740 3022 2504 -5907 4059 4065 1915 6548 2444 -6826 8910 -1194 4514 1482 -784 9224 4290 2021 -9851 -514 9954 -3918 -8647 -8887 -8300 2663 4259 -8778 6430 -8931 7377 5107 -2214 5929 7310 7192 5541 -8031
-3440 9274 -3979 -208 2839 -7329 6679 6965 -7609 -889 9233 6308 4766 -8975 -1099 -6827 -9932 -2616 -4090 7912 7929 7129 -3018 -4125 5295 6711 6217 6633 -1239 7547 -5250 8118 -7234 -4919 -991 2463 9162 5224 -8913 5744 6612 -2895 9524 3934 3839 -5306 -8395 -6416 -5926 -4512 4590 4669 -53 7863 6365 5262 5746 9410 5489 97 -1457 1758 9125 -5022 -5904 -3726 -5540 9286 7701 3441 6084 -8415 9983 9009 -5241 1645 5808 7680 -5555 4345 7063 -3734 5840 -8227 -856 -741 -4490 -4018 -9574 3972 9106 6705 -1135 2142 -6900 3889 -3074 -1746 5757 4629 -6402 -3112 -2687 2984 2550 2055 6264 5023 -1478 9184 529 -2714 4149 9534 8479 -4020 -1530 -3701 6749 8694 2026 1278 3947 6415 -2154 -6743 2654 9623 1395 -9326 7169 4496 -8832 7450 -2580 -860 -5468 3344 5616
9459 -3489 -2058 5565 4953 2202 -262 5312 4494 959 4439 -4526 -8660 -2360 1382 -4251 5472 -8561 -6797 -1243 6071 -2623 5865 8600 -3446 -566 -5148 209 8668 1800 3821 1159 -4217 -7872 5944 -4038 1910 -657 -7325 -3331 -9175 -850 -740 3841 -1448 -8134 -7931 6018 -9392 5565 4541 6298 -3996 -1903 -474 -9310 -9935 111 -6616 3204 -132 9176 8020 -1040 -5485 2041 -7967 9227 2250 -2759 1836 4770 8570 4910 -7896 3079 6235 -1718 -1503 -8360 -7725 -7625 -3327 -8123 9119 -9100 8901 -9439 -8082 6434 -5136 3844 -4991 -9952 -5840 -4950 -6775 -7941 8072 2389 8501 -9637 7992 -6883 -4562 -6094 -2598 -9567 -8028 9328 -2475 6874 -1194 -8474 -4354 8629 -1263 -5265 9649 -5428 -7064 7388 -4268 -6037 -8464 -459 8375 -8060 2193 -9745 -8106 -6040 666 259 -9496 -9441 4367 9576 -5741 965 -1067 2716 1986 2124 -6980 848 5868 -2450 -7319 -7177 -9453 4769
3213 -3834 -8411 -9047 -2768 4568 -329 3305 -399 -7695 -3195 5742 -1413 7168 4685 675 -6991 -1050 3773 -9248 7165 -8522 -1139 -7449 -8915 7411 -216 -2415 5419 2307 3868 6731 -2255 3595 1559 -3099 2314 -1462 6062 -5462 -9883 -3917 4181 4435 2947 -7922 -1096 5103 4142 8576 -3304 6842 5893 -6722 5257 6193 1033 865 5638 7232 -227 7428 -8609 64 -8558 -7820 -3631 -5572 6947 7793 -1771 -3638 4097 -3519 -4986 3032 -3736 -7761 -116 -5410 -7606 5428 -4577 -9741 -9366 6492 -3138 5957 -9283 1825 7591 -7755 3696 3950 -9517 9474 -297 5119 3185 -2862 7740 -6526 5956 6153 8726 1798 1499 -5280 9197 -3882 9852 -4712 -156 -3970 -6763 -8923 422 -9435 -4376 -86 4423 -5158 5044 -6467 7555 823 -6766 679 371 -495 606 -1217 -373 9272 9017 1407 7997 2932 3732 -3998 276 7166 -3748 9784 7185 -6723 -1893 2959 8911 6457 -4400 3940 2518 -286 6169
9013 8733 -8023 -1264 -6504 2139 9191 -2527 9719 -2992 6991 203 -2048 2838 -3867 -4084 2710 5798 -2893 -1440 -4528 -6042 -234 -6968 -3312 9609 1650 2570 5502 -1590 -3942 -651 5305 5907 -448 -6710 -659 6933 -5756 8810 -4147 -693 1518 4804 8526 -9983 -1635 -4115 -6027 -756 -8685 4151 -1020 4778 -7744 5887 -1168 6698 -5527 9871 -7979 6250 6214 -7082 -7565 -760 4760 5038 -4279 6290 -2666 6057 -1973 4792 4689 -738 7440 3559 -3996 8639 8843 -8860 -8589 -4671 8625 7182 5998 -9143 1784 -1178 5713 -3977 -6745 9847 -3790 4463 -8156 -8737 -8441 -3337 -3049 -1273 2345 -3340 -8465 4797 1242 -8822 6 -299 -937 -7478 -4658 -672 -435 8343 -1816 7893 -7639 -108 -6771 -2248 -4022 4796
1776 -4712 7578 9123 2508 9426 -3213 -229 -8200 3586 -2967 -5214 133 -8220 -3564 6052 -7346 8492 -9249 4525 2920 -2835 5763 -3627 6396 -4055 -1088 8118 -8834 4729 8213 8511 -2964 9255 -8967 -5028 -6309 6090 1713 -6545 6428 -1379 -1040 8604 3628 -5667 -1972 3854 -506 5001 -8809 -4129 4778 403 5962 8422 -7479 -3283 -3827 3383 -1940 9334 -1002 -5602 9743 -9687 -1653 1968
-5668 -9500 -4682 -8303 1114 -5516 -9031 -4044 1935 -7745 5013 1844 -6759 1476 7650 1723 2739 8699 -3608
-6134 -7932 -1127 1744 -6096 -5870 -7178 2049 -3100 51 4460 -8615 -8769 -9855 6645 -2424 -206 -6284 -5458 -6835 3395 -5063 2495 -8029 -1432 -1066 6796 -3939 3397 -5382 -292 1775 8567 -2081 8363 -6596 -118 -4823 -4776 7674 63 -5149 9911 -2142 -8104 -262 -2678 -9691 -7364 7338 -7653 -2918 2222 231 -9170 3208 -1751 4031 -6445 7084 1383 3601 8187 1719 -9693 3776 3169 -3070 -6903 6173 -4689 -7912 5644 -5262 -375 -1602 6061 -9074 -9570 -5064 8240 1243 8148 -9508
9260 9933 3595 -4296 8109 2935 1368 1454 -7768 -6011 -9245 -164 393 674 7442 9344 -9014 -678 1825 1465 5017 -398 6071 5913 7798 -817 -5868 4293 9127 322 -1043 -2161 7086 -9315 8369 1422 -1463 -3569 -6027 -9099 9487 5058 -3 3067 965 -4282 -9932 -2323 5019 -8055 -6702 6720 -9626 -1709 2459 8428 5578 -8265 -6863 -467 -7048 -1220 -9141 227 -384 -3331 1078 1699 -236 6394 -8404 9440 -3924 -2864 4816 -9247 1159 3490 -3642 -2867 -9322 -342 -2986 -9866 5650
-2508 8982 2242 9497 -5601 -2489 -6362 -7046 9900 -6774 5810 6101 1862 -4739 8694 9859 9573 5599 166 -2383 8987 4686 -3039 1906 2887 -4110 2862 4615 -6051 698 -5380 -1889 3287 -84 -2615 -2132 -3179 619 -4509 -9654 3553 7690 1290 -2415 -4848 -3567
-3707 -758 -5132 7511 4235 8913 -8722 -8561 -3855 9946 7563 7825 3316 3025 1224 3541 164 -5313 -3135 5593 2671 5657 -5779 -364 -7721 -1733 -5624 -9347 -1391 -1620 -4422 5887 3273 -7128 -1430 -9186 -8665 6045 -7418 296 3977 6237 3792 -9941 2242 -5784 -3008 -3794 5491 8444 -727 -33 -5690 1476 9735 5516 7007 8294 -9641 7764 3027 -9791 -1001 858 -4760 6616 -6039 -4490 8232 -4177 -4182 3512 -1809 -8345 6553 652 9334 -3092 -1213 -8593 6635 5124 220 -2124 -5777 -5092 -5671 678 5663 -5469 -8684 6937 8878 -6388 4328
-7256 -8830 403 -1656 8244 258 -310 -1012 -4326 659 -2848 -8712 9575 8529 5820 2580 3588 -8492 8956 9855 -8957 -5569 5432 -6026 3631 -3882 -9270 5673 -8449 -9160 -4634 -5115 -3864 -5946 3842 9520 3743 7567 -6718 -1458 405 8504 5875 -7120 -9127 8379 2039 90 8500 1719 6426 -2000 5162 8365 7108 6782 -9547 -5615 -9855 6363 8049 -5891 8009 -6362 -7677 6724 7416 6894 4196 9323 -1925 7837 -3357 -985 -7136 6807 3384 -4607 5576 -7133 -1378 -932 8621 -4279 -6245 202 7072 -5834 -6498 -8850 -114 3755 -8993 -9767 -6215 -7942 -9256 -1853 -9686 5866 8007 6252 -5643 1880 2092 1733 -8605 -2200 -6332 -2379 -653 -3693 -2426 5546 -9223 -7908 7589 -8976 9745 -2328 -6934 -4291 7958 -3052 6215 -8277 -4282 8254 9434 7634 5326 9975 4865 -6161 -375 9485 -5198 6749 1952
-4960 -2704 -6402 9922 4321 7420 8146 5600 -7378 -604 4955 3949 -6798 -3009 5023 -1830 104 -9773 3241 2930 7281 -3370 9754 -2174 -8192 -1357 -8868 764 1622 1852 -7869 3396 -5169 -9068 -6765 8254 4760 -7045 2011 6604 7892 -1649 -9342 -3610 2461 -8125 1610 3417 371 -976 5132 -1855 6917 -1632 5856 9243 4279 -5687 -8968 -7898 -9410 9782 -792 -446 -5178 -7699 7291 -2616 -8034 -6867 -5413 2538 5522 8718 -7537 -1419 2796 9020 -816 -3480
-5742 3968 8803 2162 -9635 3026 163 -324 7348 4973 -459 -3825 -5368 -9467 -2738 939 3290 8471 1419 -1010 8131 9271 -5829 -1338 -4362 8123 -3447 -1332 -5239 1982 6710 3706 -3454 2601 4939 -4095 3941 -7691 -641 -574 -7997 4944 8223 -6052 -4406 -690 4121 4389 -4955 -492 -6114 4275 -6506 4287 -6587 -7349 5643 552 3197 3694 384 -4458 6718 -6324 8596 -1898 -7547 1631 2571 -8890 -8612 -6222 6817 8978 -8977 2418 8404 -2050 -6729 6482 6316 252 -7322 -9568 -4139 -2202 -7142 5755 7492 -7819 -2107 8673 -2725 -615 -4085 6332 -9619 -2508 -3966 -9109 -358 6319 -3387 -9832 5788 -4810 -1626 970 -63 -4990
7511 8629 2942 -4297 -2024 -2807 2096 8247 -4630 -3772 -7657 8541 -5494 -967 7941 1005 2447 3791 252 7953 6617 -1185 3947 -4156 -1797 -9539 308 -5376 -9195 -5752 781 7223 -4176 -5653 -3587 -35 484 -8742 -3498 -8745 1049
7300 3701 -91 6437 -1417 -8687 6695 -6928 8450 -370 -5980 -8605 470 6233 -5605
-1570 5286 2583 -5732 -5736 1849 9849 9851 -2302 63 5198 6321 7894 -1354 7587 8450 9986 2533 7466 376 1525 -6667 -330 1208 8146 -5807 -7614 -8061 7186 -3626 4094 5726 -8042 4163 -2548 -823 5714 -5228 1759 7830 8959 5408 9320 9605 -2452 797 -9647 2345 7433 1692 8783 -8298 -16 -820 204 3621 -4522 1668 -2438 -6564 -2196 8360 6699 -5689 2971 -9742 -2318 -2512 8704 1461 -9860 5094 -6138 3093 8588 -2029 -542 -9051 -8837 -1359 9709 4553 -1328 3788 5328 -1912 2571 8920 7945 8991 -6686 -8200 -3808 -1479 2498
9979 4980 5110 -1044 9637 -8341 -5638 3196 7802 -5555 -2490 7324 4665 -8872 -3175 5642 3656 9346 -2355 -63 -6833 7736 3849 -4332 -2734 2413 -2495 3647 381 1065 -3518 -1674 -242 -9970 -576 -9350 -4478 3138 -8424 8687 -187 -4813 2999 -5452 246 -6914 -6146 6197 -8417 177 5097 -412 399 -7179 950 -380 6746 5431 -2255 -2653 1093 2930 -6310 593 -1096 6815 2414 5354 3292 -2418 7054 4730 8543 121 -2429 5924 -3242 5337 8825 -6247 7086 -3253 9950 -3569 -4001
8595 9070 -5585 -2999 1787 -3014 -4948 -2881 -3565 8230 -6461 -390 2723 -5032 4213 -4910 -598 -8098 6778 9924 1789 -446 7998 -9580 583 1955 8661 -8012 7904 -2075 6919 -9301 -9067 -9660 1414 2392 6340 5927 2684 6809 5440 -8097 1354 -3331 313 6263 -8722 2948 3540 3271 7694 9404 -8888 -7201 6333 -6879 -5865 -9584 4873 -1431 -6904 1949 -5870 -3815 -3873 2648 6562 5194 -7841 3399 2872 9370 9721 -9004 5760 -5590 -9579 5462 7471 -6588 -2384 -4031 -21 9756 -3067 7821 3623 -8950 7683 9475 4529 -7170 6158 -371 6056 -3047 6426 -7725 1026 -5297 1009 -9895 -5573 -5534 -1871 2974 -5204 -8439 -239 9482 -7661 -2943 -4744 -9063 6298 9777 -4535 2325 1221 4275 -2847 -7972 2452 -7004 -9785 -5951 1046 4187 -1497 714 2204 -1735 -1456 -7487 4093 8313 -1947 -1293 8756 3789 -7192 6323 -4221 -7584 9941 875 -1180 3335 1926
-6062 -3844 9470 3263 -9011 2192 -6602 -9834 4719 -8396 -8477 2358 -7798 -3773 -3495 3862 6982 3339 7906 2866 2225 -8857 -6308 -5928 8940 -291 -5211 1359 1780 5672 -708 -3270 4857 3594 -7264 1771 3758 7916 -5089 -5960 2249 1719 -6065 7020 5194 -8811 -8473 -334 5860 -2060 8808 -2375 996 9179 -5175 4979 318 1516 976 2521 -4036 -2703 -7128 -200 -2999 -2025 2486 -2956 1209 -8689 2679 -3094 -3426 -4730 594 465 -2445 3924 3736 -9520 -6337 -7581 -7851 5505 -9378 -3175 3454 2095 -5825 -4809 -4431 4627 2928 6834 -4321 1396 3657 -4904 -9715 -6602 -3572 4478 -8524 -2777 -5414 -6907 -4762 -9705 282 7588 16 -3631 -2167 -992 3630 -2026 8507 -2396 713
3998 -8514 -6965 8580 171 -9200 5878 -7104 -9892 1430 -125 4116 -4886 9678 -5850 3961 7709 -7281 -6315 -7894 418 -7090 -2583 -3857 -5880 2660 6112 -4731 -5209 -4056 -9207 7976 -6548 1461 -8258 -5870 -2376 3523 -2527 9129 -4647 -3185 -4837 8431 -8846 -6811 5677 284 2905 6787 -2225 3983 5093 6335 -3108 -435 -1112 -2055 7286 9426 -1577 2250 2072 -9380 8902 8523 4115 -2697 1085 1730 4870 -4039 2404 -8580 -2855 -4297 -4946 1973 4714 -6904 9563 4280 -7755 -5277 2751 -8289 -8439 7624 7951 3677 1665 897 -2779 2084 -4469 -2728 -3414 -3480 -3325 -8876 9423 -6149 5349 3844 -6567 -7780 -4346 989 5877 5579 4506 -3809 -769 9087 -1891 -3777 -5663 8613 -1178 611 4659 6266 -1157 -8560 -181 -847 -232 -9580 619 -2769 -7323 7356 -9929 -5809 -4878 -9988 4515 -7999 -4923 6387 -8909 5412 9284 -9574 -7788 6289 -4597 7276 -858
-2039 -8995 -5621 -8878 3020 -723 3005 -2350 -1693 -2420 -4796 4389 -5980 2374 -2309 1091 -5994 -939 8640 -4215 -1205 932 -686 9886 -1081 -2373 -5378 6954 -4232 -6640 1486 -4023 -8520 -5992 4139 3274 -6244 1732 4119 -150 -9667 -6313 -1541 -9058 7664 1364 -6321 -5898 6859 866 -3894 -4281 -4297 -5551 6869 2367 1280 -6002 -1079 -6095 -476 -1336 -7053 6972 -628 4489 7405 7474 8763 7991 -3635 6601 4617 949 -8350 -901 514 -1456 -7788 9265 4625 -6301 7830 5881 7150 -2012 1395 7460 -3195 7526 -8590 7151 672 -6168 4629 -4156 -1214 714 4255 -7762 -9188 5224 8995 1479 6902 3363
9239 -7783 2925 -3439 7288 -1998 -3076 -3756 5211 756 -4734 -8705 -4096 -9331 4431 3067 -4719 162 -1378 -2924 2374 -9528 -6759 -2851 6879 1721 -7749 -8804 2027 6348 9226 3712 -8897 1289 3738 6995 -8788 -6728 8623 -3135 -9116 9696 1416 613 -7757 731 4565 -3181 -180 -9633 -5609 -1526 -3600 -5431 716 -2293 -5934 1422 8715 -1261 -293 9848 -166 3693 -8038 -327 -8876 -8157 2729 4575 4359 -2875 -4874 -7361 -8558 -2545 -8884 7310 -1635 4630 -7241 -4559 8051
9918 -5807 4294 9839 3340 -7801 7557 -5898 7293 591 9171 -6874 -2120 3831 -8473 -8678 8656 8920 3925 -4313 2194 -5367 -9454 -2692 -6415 8019 -7097 1455 4043 4295 -2794 -3696 8350 3355 -9662 -5913 -5191 -9220 7694 581 -3270 -5666 9815 5501 4580 -442 5925 -8742 -7313 -2927 -887 -1000 4069 -4939 3324 -7773 -1399 5513 3175 -782 7016 499 -6570 -4052 -5162 -3193 9945 -4610 -5212 4108 9418 7380 9872 1074 -6432 -1500 1047 6963 -1372 1754 -4598 9932 3303 9469 7541 -1772 7314 -189 -4408 -7515 6414 -4267 6133 -373 7153 -3550 -6385 2720 4635 -3717 2098 4990 5294 -4150 -948 -1
-7168 2061 9089 -7959 -9683 6658 6626 8688 -3279 6365 -5945 9676 1725 9060 5392 -8148 -4184 6999 -6277 -7392 9174 7028 3712 -6467 -3500 4324 -1531 676 9330 4241 6606 3017 64 7869 806 1468 2462 -2882 6606 -6287 187 2893 -7076 -4096 4807 -9924 -6666 -9236 94 -3638 -5910 -4719 7536 -2949 764 1037 2426 9534 4568 -4746 -3232 664 3354 -9297 8591 -9400 -7134 7711 2987 -7243 7890 -4408
3693 1392 -3017 7955 -6261 -8255 8097 1364 -2450 892 3331 3733 5118 -190 1773 -209 -2209 -3507 -3688 -5782 -3677 3130 7419 -2531 6553 -6706 -2266 -1608 -8014 7542 9579 1360 -8531 -2368 -7499 3688 7446 -6305 2563 -3950 -6163 2315 2815 6476 -2130 6750 4439 7188 -4595 -4430 5874 -6843 -5760 2086 -8027 -6149 9003 430 8382 -9400 5774 -1666 -7165 6984 -5590 4391 -8138 3648 -5778 3443 -6550 7782 -1823 9028 1289 -2339 -5702 -8044 2367 -9204 -9160 4562 5710 -4155 5060 -5315
-3869 -2864 -555 -580 8823 6852 -6358 1397 -2271 3372 -5622 -2567 -648 -874 513 2945 5790 -2432 6845 9261 4517 4295 4638 -94 -5921 910 8988 -1920 6233 -9958 562 9517 4810 -2149 -4908 -1740 7221 -8999 789 -3053 9186 7247 1654 3724 -7084 9225 -8929 -6378 5446 4727 -9554 3401 -4899 1760 6866 -1486 -5474 2956 -8415 -4474 -9199 733 9760 6912 -2416 -8252 -8085 -9243 8220 -6826 1793 6961 2320 3377 7386 -357 -1493
-264 -7900 -4438 -3714 -4102 -1332 2447 2731 -4139 9286 -2952 3870 8263 -936 2378 -8619 -2862 8598 4163 9318 -4689 -3528 -7019 -3898 -8371 -7486 9786 3791 5137 2034 6684 -1093 -1269 -4472 -7348 -3166 7236 -4940 -597 8401 9541 -3505 6896 -6839 1847 -134 8604 3171 -3453 4105 8392 -1930 -2269 4582 -9710 -7953 2054 -3576 -7868 -4908 -7670 131
7171 372 -6510 1137 -5526 9508 1635 2265 3156 9811 8200 -8249 8977 -6149 5839 4624 3743 7243 2348 9181 2227 -3639 2170 -3431 213 3514 -4056 -5402 1914 2017 9862 227 8130 -5620 3255 9722 -5228 -1262 -1839 5690 -8430 -6792 7504 9857 7883 -4728 -6026 9812 -8132 7425 -9012 2774 4295 -2879 -4138 1759 -600 -70 -4836 -3596 3188 1236 -7853 8401 1943 1000 -4487 -3404 6587 6490 5485 -8046 7905 -2840 -2172 -1863 -2396 -1876 3551 9252 9534 -5849 8221 -3243 -1438 8150 899 1569 -4793 1764 4968 -9090 78 1152 3419 2775 5568 -6899 -6960 -3151 -4045 -9107 4125 -5860 -6417 -807 -8997 2635 4759 1743 3962 -2392 -4075 8511 -1625 7348 -4625 1269 8363 -2839 -8656 5789 -3669 -8794 -6595 -984 519 -874 -9140 -6305 -1478 -5513 -3346 -9556 7570 -6495 3927 3303 -3187 -6010 6636 -9224 -7314 3185 -5050 -3223 -8758 -9294 -5946 2627 9218 -6845 4445 3932 -494 1941 9459 -164 -8764
-1059 3255 -9974 -3204 5910 -4958 -9811 2791 7411 -2927 -7105 -1962 2056 -6181 9746 -3757 9116 4383 -2184 -8359 -7337 7443 1834 -8428 -2603 -6686 3362 -3528 8830 1259 4196 -9664 -9764 -8346 5435 998 -1203 -7815 9781 5508 -2718 -4193 3534 3852 1470 -750 -257 4747 -1798 7053 3378 7981 -3042 -249 -570 8397 7215 -4003 7768 4618 -9042 -1368 -616 -4704 8751 -8896 5281 -1458 9511 6959 -9483 -2216 -7831 -5218 4327 -7418 7629 5487 -4807 8647 -9236 -6273 5056 -5861 4197 -8202 3068 -4229 -639 -6096 7849 362 -2340 -5295 -8168 -1273 -9480 -9711 -6405 -2491 -8718 -1895 -7700 -4641 4938 -6312 -7023 -4309 3518 3897 7377 1233 -1833 -6229 8642 1046 -6063 -9349 3992 787 -6303 -7418 9761 -3236 3485 4480 -7995 -6415 1709 3312 -700 1139 -4764 -1831 -2327 2348 -7704 -1967 5067 -4557 4805 6210 -8002 2137 2270 61 7559 -1114 3257 3818 -7540 8724 2280 1667 -9437 -8161 -7652 -4068 5451 427 7500 -2878 -1137 -2478 -7859 -3338 -1647
9282 8433 1691 -7609 4897 -3527 3625 -1407 7371 -7340 3565 -8790 -5440 -6265 3722 -5617 -6289 2898 -2768 7149 -9209 -6805 -8838 -1852 6372 6628 -9455 2380 5030 6577 7766 -2606 7148 -3202 6308 -5478 -7265 -8416 -4880 -3051 -9227 9766 6960 -6937 -5284 958 -2001 -8949 -4390 -1224 -4689 6854 -1031 2390 2941 9092 -4962 1980 -6718 -445 -5178 7754 1726 -854 5672 4128 7662 -4335 -7054 -7833 -8454 -3180 -8325 9822 31 1115 -296 2734 -8567 9343 -4713 2682 -663 -731 -1328 -4647 -7710 9171 -7979 -5012 2830 8309 -1256 360 1034
-7457 -4946 -2469 3267 9156 2044 -8506 9529 -7993 5698 -7166 -1293 -5072 5598 4277 4318 9282 -3791 -2768 8426 6055 7868 5156 -6196 -2442 -6143 -1050 2614 232 1501 1559 2488
2081 5558 1102 -1207 3584 2889 -9120 9140 -9773 7296 8708 -2916 -7963 -883 -7426 -7864 -6593 155 -5263 8247 2714 -9558 -4067 -2790 1744 -9066 4882 2233 -5798 5154 -8533 6271 -8903 -1249 4569 3287 -2024 -3872 -9572 6558 -1443 2490 -1767 1407 -3618 6359 5532 1218 -7396 4439 6742 4672 -7492 -6378 9559 217 -5578 188 -8197 -669 -9986 -8959 -4304 -2809 6910 326 9667 -3473 -6579 3539 4852 4934 960 -3481 -9079 6152 5612 289 6612 -2826 5318 -1388 -6566
-4707 -2127 209 1560 -7236 4408 -5158 7743 -101 8300 -1887 -4434 6290 -4145 9872 8712 7936 1883 -7149 647 6910 -9047 2557 -8844 6326 7285 6329 1531 6098 241 9700 -9444 9480 -1624 3304 308 8040 3881 1095 -2140 310 -1806 1685 7897 3592 6589 1901 5628 -3751 -1276 -453 -2760 5122 6765 2301 -1043 -4375 -3430 3532 2207 5062 4444 8200 3311 3826 8379 -7960 8294 -5395 -7373 7012 5555 -5972 -4654 8765 5502 -7778 -6128 -2808 -8121 1764 3121 -4005 3251 -358 -1211 1586 1626 -2510 518 8361 8182 1984 7407 -2282 47 -3759 -9598 4194 53 625 -3327 8061 8969 8015 3565 -5216 9399 -172 157 535 6674 4215 -8029 -1972 4189 9577 -8540 4067 645 7557 -8159 -4801 6374 -772 9146 2225 6233 -2629 -1011 -1347 -671 7550 714 -6639 8890 185 -536 3222 7134 7807 9415 4366 -7069 5421 -6965 -8001 -7134 -5823 -1807 2468 -1879 2696 -4990 9185 -6248 9479 -1703 3968 3094 6783
-813 -323 -3185 -9546 -2252 -1204 3972 -4943 -2789 -373 8400 9628 9445 -2302 1870 -6271 4291 -9200 -2998 -3181 2003 -6249 -4667 -5322 2860 -4150 501 2254 -3512 -7312 3343 7926 -3285 -4062 5480 8795 -5126 8471 -5461 -3821 9024 4242 9805 -5045 -3601 -5023 -3546 4632 -1949 4119 2284 9445 3777 7642 -8130 8300 -9662 5458 -7436 -893 1085 5874 -735 -3232 -7603 -2140 7047 2478 -9206 3093 8412 1953 7518 4268 -5322 -9667 -2449 3931 -7751 566 5386 1949 9300 -1522 7543 -5869 5905 3903 4556 -1924 -4830 -8371 -4676 -9878 -2992 1208 -5326 -670 -4719 -422 466 3993 5354 9186 7463 -2165 -3288 -5269 879 3926 -5143 -1144 -3079 593 9056 -4543 8994 9662 4201 5814 5573 633 5184 -8021 -1656 -4391 -979 -6764 2396
7278 -1362 -1468 -3364 2053 -7033 -2876 755 2315 6960 6142 7715 7254 -5875 447 2883 -92 6170 -2686 -9942 5465 -7822 -9780 -6946 3087 3388 3475 3176 -9107 8581 -8885 8004 -9199 -9280 -8859 9616 -9613 1229 -7081 -6762 3060 -3552 1778 -2375 7902 4611 8055 -6763 -1472 -5849 -8915 3128 3121 -576 -7769 7656 9626 -8718 -1827 217
-503 9628 9830 855 3449 -2182 6160 7750 -8672 -4632 -2663 6031 -8508 3968 -5046 1702 -1403 -918 6593 -7194 -7471 5047 -2184 -8306 -5344 1110 1767 -2162 -9154 2138 8012 -8374 6847 661 -888 5566 -2686 4720 6214 5848 -2423 -2838 4857 7361 -9820 9408 -6467 -3891 8123 -2588 -1413 -3995 6701 -1842 -6624 -7832 -1508 2463 -404 9111 -1852 -2069 -2057 4635 209 4576 3859 -1415 -4951 -427 -2661 -1443 856 -8075 -5682 1101 -3647 8795 -6133 9712 -5970 -1324 -6983 4297 2754 -4809 1056 7313 -334 5719 3182 9387 3134 6060 9321 -4849 -6609 -9577 -7529 -9482 -1726 2470 2475 -1558 3105 811 5719 6799 -1261 2446 4032 9557 9539 -5803 8389 1411 -4770 7399 5707 -2454 4867 -5048 -5924 -5034 -7977 7999 7018 -767 7880 -9265 8881 -2304 -9673 6107 -9752 5283 4251 8060 -6153 -9069 -8192 2082 4373 873 -9495 1173 -9451 1025 4869 2854 -1809 -4865 -320 8956 -6351 2332 3806 -7057 -2625 4122 -4350 -201 7138 -456 7553 -3178 -3636 4904 9332 -7645 -9003 -1666 2470
-9001 -9516 8908 8271 9474 -3664 3126 108 6603 2097 -9042 -5381 46 9337 8643 -5744 4258 2683 -5455 1897
-9251 4623 -2701 -2582 -3317 -1945 -1170 462 -2706 1996 3795 8272 -4554 -4996 -9587 -4030 -7925 -4179 8509 -4033 8001 -7392 498 -7966 -4926 -8587 -2528 1658 -9657 8145 5661 9612 -4764 4266 -7356 8287 -5684 3341 4534 82 -7992 -5858 -3858
-3874 8769 -3150 6005 7986 6264 8163 -4458 3526 1419 3511 -3379 9929 3776 8175 -2821 355 -6929 -3874 -835 3283 -3338 -421 -6174 8805 7945 7562 -6365 8800 -6767 8626 -2873
-671 -8591 -5744 6042 -6513 -3085 8466
-1130 -5878 6422 5187 7496 348 1745 -2766 473 -7899 513 -9703 8823 4155 -73 -5404 7152 -6983 4497 4452 1280 -3396 -3583 924 4538 1189 4024 999 -8228 -458 6312 7642 1988 -1345 4031 -9891 4613 -4541 -5006 -6246 2650 -9218 9171 515 5719 9668 5413 7569 -6178 -8451 -1430 -737 8356 3774 -6990 -9070 -3378 -1406 -661 5967 -1547 9014 -6226 -401 8106 -9225 6676 2772 5496 3362 -5942 8831 5226 1748 -1213 8994 -1887 4707 -5130 -9286 1084 -7044 7990 761 -1913 -714 -9188 -2145 -2644 -8746 -7192 -4323 -1867 -7312 -3053
6282 1961 7271 -6784 -8783 8821 9639 3713 7942 5013 -340 9223 -7017 9698 4166 1905 7818 -3928 7156 -2963 7149 -9647 -6899 -776 -2855 6365 -7038 4596 -9581
2378 -7717 -3359 -8443 9205 1501 6119 5916 9006 2737 -2100 -2728 1907 7021 -6776 -8073 -4677 741 -7442 3018 4726 310 1458 -9616 -3949 3965 9761 1573 270 -7476 -1154 -6151 -8766 2511 -3063 -4335 5897 -8075 -3234 -2155 2325 -3499 -284
7156 8330 1274 6915 3358 -6007 -9134 4162 -3755 -947 5769 205 -1150 -9284 -7905 47 -3640 -7432 -4754 8975 3071 3314 -2506 7371 -6793 7021 -3601 8448 -2879 -4984 2076 2929 9700 -166 -7822 -1707 7085 -8268 939 4541 3201 -4728 -892 -4267 5664 -7226 -1470 -4701 -464 -9821 -1612 2174 -5331 9083 -6807 -5337 -2459 4821 9064 -248 7406 -4196 -5883 -6416 3648 -8536 -6358 -7092 -6815 6366 6011 -4378 -9835 -7987 6198 3684 -3162 -9793 -10 9781 2339 842 7544 -192 9736 8336 -6485 145 7504 -9791 8445 5633 -9646 -2311 3758 6172 2379 9414 3539 7340 4730 -5146 -5658 -5646 -7270 -1170 4972 5769 5532 -9925 -4150 2631 4817 9076 -9835 -3107 -7665 550 9844 -4836 -5830 4865 8371 -2421 732 -9057 7055 9068 8257 2574 9066 7729 -4077 6627 4553 9745 6226 4492 2100 -1322 -8318 -7066 -9234 1270 -1717 8135 -6627 -7495 -7984 -7353 -2408 2461 -1547 3714 -5046 -2122 -5187
-9493 3912 3283 -700 3709 3586 4985 6208 7634 8598 5412 7966 -6531 -3393 8116 7355 -109 -9245 1558 9965 -738 -7849 -8796 -9903 522 -7501 9737 -2972 -5431 -7682 4103 7013 6082 978 1009 8868 8720 -1305 -6559 4669 -8465 -3654 6149 -5418 6213 -7844 -1532 9244 9759 4375 1734 4463 1574 4606 4762 -8322 7643 5728 5792 -1187 5002 7254 9707 813 -5522 5523 -6637 9689 -1510 -4820 -2518 8519 4231 -724 5143 -7323 -7608 -3813 -4375 2188 8545 6808 7408 5911 -9340 3490 -5946 -8829 -304 -6291 -9406 -5544 3136 3437 -5516 1930 -2136 6805 6029 9166 4802 -3372 6129 2263 4623 3593 -2409 -3864 4290 -5480 -4930 5736 8376 7088 922 1513 -4556 -2281 -2080 2497 5009 -3519 -61 -8530 -5076 6845 -1750 -9032 2557 -2147 3997 9634 1094
-6012 3365 5041 -3152 -6995 7210 -1766 -5282 1068 -396 3983 6278 4814 -2390 9087 2754 -5118 -5025 6132 9291 6402 7785 6330 1194 -3251 -6168 2217 6295 5646 7168 7353 8833 9981 9312 6593 8096 -613 -3504 1214 -4192 -1818 -7025 5331 -1268 -3549 1898 207 6087 -944 2497 7576 -9576 9676 9356 -3557 3772 -7494 -9741 -873 -960 5672 5902 271 -2036 6669 -6720 8478
4991 3873 -5351 -8858 830 -7302 3804 3140 -4104 -8795 6593 4386 2741 7987 -418 -4113 -3455 -5166 5544 -5503 -4539 2256 4893 7118 -2763 2394 -7899 3938 -7670 -6691 781 -3728 -413 5939 -4350 9634 -1675 -8282 7252 -9163 9254 -7615 4381 -5574 777 -3656 4399 -5692 6769 -2899 -4661 3313 6715 3098 7767 -9274 4608 -945 1756 4552 3434 -794 3924 -4330 -3151 -1448 4445 -5295 -810 -7762 6202 7901 -2286 8317 -9147 -808 -9468 -8111 -1518 3567 1304 -2081 -7139 -1878 -3287 8622 -1446 -3660 4465 4118 -2758 6850 -4817 1372 2504 1186 -2677 -670
3655 -6380 9418 -3149 -2394 575 512 9003 3199 -2098 -6446 -3295 9164 1858 1529 9347 -4734 -4360 752 6315 -4330 -3954 878 -5237 7498 9592 888 3859 -5783 2299 -1989 3074 -3353 3934 -5448 -7275 4808 -3710 1769 -8794 -2463 -3159 3590 2571 5239 8563 -1828 8032 5697 -8241 8361 -1692 3708 382 2031 -7078 -6705 1129 -3369 -392 5859 -112 4136 5322 -1081 7380 -9810 7681 -538 -8004 6248 5371 -1777 2982 6231 638 -6040 -3972 7018 3051 4215 -8981 -1994 -8697 -1843 -8431 -1677 -4840 5567 -6256 9592 1743 6271 -8316 4171 -3349 -4791 -676 364 4579 -2118 6099 433 7052 -8329 3607
-8249 7856 -2294 3567 -6474 2489 987 1924 -8647 -47 9425 4575 9652 2886 -7975 3268 6960 -8844 9306 -9730 211 -9464 -8845 -2214
4180 5931 5715 5446 -2360 8459 9571 -1395 3688 -7295 -6864 -9670 3282 -5420 2914 -9089 37 -3457 2003 -6699 -9508 2427 -456 -3448 5299 -9565 -8903 4482 2162 9414 7889 -9904 -7463 -2986 9429 -7256 134 -7591 -6195 2300 -2863 -1604 -9733 -3067 -1085 -6822 -3622 -4729 8248 -166 863 -4026 -5275 9012 4345 -6743 -5481 7719 -3368 -9564 285 8209 2863 8234 -8119 8489 -7398 -1672 -6093 1349 -5439 6410 -9975 -946 -3353 6152 6259 9516 4000 -5516 8017 -8020 31 856 -7906 383 -6301 2160 8048 -2581 8672 8873 -8231 -8504 -8836 8545 3412 3814 5956 -4592 4169 7730 -9486 5641 5420 -5791 2869 -7974 -344 4171 -8146 2282 1103 -5491 -443 -7411 7037 7895 -3174 -501 -4863
6325 8330 -9290 917 -7235 1110 5248 -8265 -987 -3433 5168 -7084 -4254 7857 -2224 -1756 -3828 3936 -1164 1656 4465 1888 -3920 9762 -5150 -1408 4607 -2164 680 6103 9821 8104 4705 -5875 -7055 -7422 3531 5320 -9658 3606 -4449 5684 -2249 -9123 9716
9602 -6281 -6903 3660 7885 -2742 7007 9915 -4737 4817 904 3902 4004 3773 2388 5841 -778 4281 4061 279 4713 -8472 7515 -9283 -7909 -5564 -6384 7156 -4665 1756 740 8321 5433 2860 -5234 8054 3018 2568 7789 -550 5808 -4053 6709 1042 -7974 -7285 -6575 -3174 8106 4948 -8810 -6973 3385 -803 2514 3716 -7457 3386 4989 -9209 3563 9491 -2738 5315 -1165 -5481 -2666 -1952 6340 -3825
-9434 7473 3026 9345 -6840 -9496 -5029 6893 -9622 -6276 5684 4370 -9259 4641 4073 -9588 -4686
945 -8939 7597 4316 8234 -4440 3303 -5847 1729 9050 322 5132 -9107 -644 -8571 -7561 2256 1824 -8139 -3041 -2530 5079 -2108 3795 -4774 -3146 9461 9079 9743 -3047 8263 4659 1539 -8719 5426 -3907 6294 -1541 6589 7148 -1309 870 -6867 5885 -7843 1850 -4267 1945 -7215 6987 5582 -1859 7675 -8575 -1021 1799 1491 -8760 -3745 3908 3617 1621 7426 -220 -6418 -9230 7411 1166 7299 -1530 -5143 -7916 1909 -3897 8899 -6448 597 -5681 8037 -1570 2335 192 -4578 -1734 7222 6054 -3112 7137 3965 -8244 172 -2801 -2720 8101 -606 719 4782 7739 8578 -8609 9954 6390 -4458 3391 -7056 7568 -125 -549 7175 -94 -5896 5528 4642 -6976 -4134 4331 9881 793 -338 -9006 2755 9147 -7695 7649 -8430 -2609 -6981 8131 3542 -4922 -381 -3218 -5010 7100 -7991 -9083 5917 2169 7282 -469 6315 4799 5955 -3779 5508 -5457 -2993 -7967 -6253 -8998 -4413 -8195 -2556 -3376 -7413 755 -4717
-7665 -8642 3053 8180 -7187 -443 1599 2032 -5471 9500 -2504 -9878 -7565 -8341 -9004 -5697 4799 -7833 4407 1160 9041 -1431 -6315 -3447 -8510 -1177 -8637 725 -316 -1548 -1007 7514 -251 -1482 -4524 -3739 9145 1052 -4555 7125 -7098 -1633 -2222 -8116 -6103 -1377 -138 5839 -8340 5070 868 -2129 -4825 5623 9482 5764 -2512 4651 -8266 -6608 4558 5503 -3523 -7130 2757 -4761 8729 -3131 -1269 -5289 7549 -4269 3371 2211 4354 -668 1392 -4102 551 -1106 7619 -2049 2597 6453 -1418 8370 2987 4894 -4252 -3600 4395 -4377 -531 -7810 -2317 5567 3457 9502 8088 -3338 7246 -9829 -4916 -5969 -894 9915 978 5761 -315 -717 -2079 7831 -2158 2941 -842 34 -6245 5997 -17 -2781
5360 -8128 7290 -1639 -6663 -6755 -1999 9136 -3411 -5052 -6034 8907 -7591 6398 631 6387 -4245 7059 1428 3957 -4778 -9035 -4327 -9841 2103 -5608 -974 4651 -2557 5097 6069 -5131 8631 -9845 2546 -3981 9150 -917 -5852 -3020 -6397 -1332 2493 -9555 -2172 5805 -3880 -2507 4138 1868 7849 2610 8129 -7747 -5264 494 9593 -2660 9069 3728 8070 -9154 -7301 -4606 967 -1107 1172 -3652 3140 -2516 6721 7214 3232 -9685 5685 -7084 7804 2384 1073 1247 4887 -6388 9722 -8358 8361 8170 -9090 -1380 8480 -5698 -1199 -8966 3813 9325 8338 5818 -2481 -2069 9542 6275 2621 -9994 2129 -1099 4467 3250 -3170 -7721 -9092 -8532 -6243 -4019 -1735 -1170 -3805 3818 -3833 -819 2999 6631 -3574 -3521 -1777 -102 -6939 -6938 1995 -5646 9741 -2771 5602 -7187 3792 -8682 -727 4572 -6389 -510 1047 -4191 -6455 -6378 2121 -531 -4068 -2299 -8763 7880 5742 -608 -4413 -2582 3007 5097 5724 -1086 -2861 2476 5686 -5504 -375 7469 1926 813 7980 -9494 6221 -2006 -5370 6156 -1468 -311
-7864 -2263 8972 3086 -2083 481 7147 8344 -1453 -4656 5021 -3389 -5321 -5407 8835 3110 -8127 -1227 5224 2264 3410 9312 -5117 -4324 -7095 871 4486 -7526 5178 -4411 -586 4532 -2622 -8020 5958 3013 6155 -2457 8167 -7697 4941 -5465 -8343 -4239 -2200 7121 -324 -9217 -5829 6396 9422 -1237 -4074 -4512 8845 5603 -7175 2407 3384 7799 -6453 3212 7851 1432 1732 -3528 6549 -9626 -4030 6821 -406 6150 6274 -9335 -6310
-5681 -5014 6998 5175 -4498 -6414 9127 -3151 9059 5971 -7737 -5386 -8857 -5093 9558 5233 4084 6878 8262 6799 -378 -4003 6945 844 5873 -6015 6395 -2541 -4189 -9271 7778 7854 -8271 9842 -7620 -753 -518 5344 -1782 -6219 -9204
5264 -5223 1774 4286 3527 6748 -3047 7501 9794 -6736 -7873 -2293 9003 -3245 -4286 2866 6110 3100 -3722 -724 -1983 -8954 -8072 5612 62 4177 4839 -9175 -471 3045 9927 -1536 -5005 8184
2361 621 -4803 5936 -5502 -4048 7237 -2110 -1852 -8289 8500 8938 -3998 9270 -1070 -3815 -877 2869 8123 -2117 -7309 -1607 -2567 1337 -6057 2808 3540 4778 -3560 1790 -3854 9360 6003 -1601 -2165
-7852 373 -933 4597
-741 7548 -6262 3813 9487 5387 4672 4438 1292 8576 -3827 500 5136 -4422 8349 7892 -6781 1642 -6033 6915 -1142 8541 -2593 -1702 -6740 39 -5082 271 2988 -2551 9418 4523 -9417 885 -2210 -310 -1225 6307 -8816 606 -4458 -2336 3869 -3389 300 -5162 -3710 8669 1820 -9021 9052 1902 -4790 8530 3583 5111 -6164 -7667 -4416 -2764 -9371 8068 7828 4194 9710 -2876 6768 -1052 -9227
-5492 -8990 93 1390 9301 -2068 -4657 -9912 -9811 -3046 -1895 8791 9996 294 -6431 -6583 -4149 1001 -7068 -2947 -9996 9107 -4185 -6656 -7663 7644 -2821 5738 -1700 -4680 -3992 -6061 7433 -7484 7152 -260 4425 1846 5103 -2912 7864 -9985 -735 1887 360 6141 9110 -223 -7508 9843 8744 -9012 1408
-3278 87 2548 1941 -9008 -1533 -6831 9759 6712 -7092 146 7743 -2574 5558 5967 1456 7753 -6439 2865 -5740 -8767 1065 -8703 9936 2893 4161 9010 638 2002 2078 -4964 5141 -1145 3940 -826 -2449 4961 -5581 9308 -3624 -4845 -4411 2935 -6906 9042 -5707 4007 -9941 7149 310 -719 4794 8735 -2458 3480 -3452 -1276 -7245 -267 822 -2035 8782 2079 7945 -780 2959 -4922 8958 2949 7593 -3025 -6841 -9937 8714 5088 2121 2921 -4598 1816 -1437
56 8149 -5477 -153 -2175
9636 9237 -9713 2383 -3341 -9964 -900 -1051 -8720 -2396 7085 7253 -5285 -2423 8184 4130 6105 8026 -3188 -8790 5532 -1691 -6707 6236 -5654 7529 2316 -2996 8712 7971 -2921 917 5551 218 -9910 7667 3339 3027 -2964 7771 4709 9321 6694 -1361 -980 -694 -7751 -9822 5023 9597 -6567 -9347 -2017 8542 784 -7335 -1296 1681 -4214 -1247 2223 554 3886 2540 4380 8277 836 9287
1371 2788 3330 -9364 8301 -518 7673 -8764 -6514 1304 -1562 2721 4989 -5061 6007 3279 -478 -928 6184 -1410 -2247 70 -2950 8376 -4000 9661 -7572 -4409 -1883 -7857 -7959 -6351 7966 -6066 -5930 -7767 -799 -6962 -3873 3152 -4256 4356 -2785 -9306 -4362 6804 -2520 -2927 -7939 -7723 -5080 -3197 5701 -467 7826 1617 788 -5922 -6433 -9792 -9502 504 -2307 -4663 5604 -2618 7999 -7637 -4443 8615 -3900 -9999 4430 -7857 -8943 10000 7809 8826 7287 -2887 9810 -4378 218 1686 4953 -2866 7617 4671 8955 -6825 954 3982 4539 9438 -6444 -6261 1349 298 -1522 -3311 9681 -3094 4793 -4908 -3935 369 478 -1875 -4090 2830 9436 9492 -4012 -2469 -8952 3334 7997 2676 5375 9925 -1862 -5903 9093 3830 -4928 -9900 8932 358 -2291 5848 4785 -8374 3987 9564 8127 -8057 5784 -4330 124
661 5939 2742 380 1988 2322 -7664 -2332 -2283 -6135 8020 3040 -9026 -551 8690 -5827 6482 -6036 -6629 -5807 -4086 6807 -7352 2932 9671 8780 -2024 3309 -6323 -8670 -3493 -5926 3095 7588 -4771 7506 8427 7407 64 4835 3456 3016 3171 5817 3748 -9575 -9017 4275 -4426 9967 -1893 -1652 -3743 6129 -9204 -9834 9729 9781 9458 -5030 8248 7004 4008 -8139 4159 -3556 -7017 4911 -9164 -9171 1568 353 2176 9548 -8708 7560 -1190 1413
9703 -4009 -7415 -7683 -1416 -3817 5502 901 8494 -945 1039 9622 7109 -1186 505 -265 7780 -4983 2566 8967 -9632 -2395 -967 6527 5885 -8495 -3171 7239 655 -208 -1105 3167 5608 -2445 -220 -6822 -3174 5501 3669 -8970 -5696 6546 -6663 5998 851 6312 2428 -2674 -8913 -4921 6922 8632 -1975 -1612 -4813 -1911 6656 -8587 -3933 8997 2893 -4975 -7968 1821 1031 -1436 -9935 5660 -9498 -4026 5703 -1004 3524 1566 -7431 -4946 -5391 -1528 9181 -5242 -1230 4756
-3121 5512 -3626 3109 -3836 -5410 -418 649 -1201 -1702 -3956 5683 8530 -1584 -123 960 -5480 7714 -3247 4820 1020 -8064 -21 -7195 5579 -6329 -9219 3001 7912 -7675 83 -2550 -8622 -7637 -2643 6308 -3533 4265 5087 -3741 1374 8171 5694 -1241 -1187 -5581 -1860 1066 2239 6929 8092 -6358 -7009 -2362 9995 -5503 -7107 1443 -5498 -4681 2606 -7598 3326 4021 -3965 -1357 7822 6494 -6081 -8433 -480 1913 -440 4879 6020 9646 -641 -4750 -7300 -580 -8229 7840 664 -6757 -690 -3988 -7384 -5863 -5679 6354 2176 2567 1854 -5890 166 -8822 -2239 9948 1003 -6110 1091 -5139 2091 -3659 -5477 7068 -5976
5621 -1992 -8532 -1492 7612 5054 -7780 -4769 -8560 2748 237 9864 -5317 -3918 9900 -4622 -351 6484 3115 -9863 -4107 -9930 -4932 -6910 -7785 -3440 8021 7962 -4537 -3796 6471 3279 3553 -8988 8966 -5025 -2925 1686 2136 -8480 5182 -2743 4818 -4607 730 9710 3271 2060 -2991 8848 6957 2383 -6535 -2503 585 1576 8113 -5329 1239 -8477 -6992 -54 2732 7913 -8847 2163 -7211 -4433 -8704 1244 -9849 -7604 -7573 7498 1535 -2773 -5287 1434 4615 140 -4623 -4223 -823 3802 -2036 -4153 4820 8242 1474 8409 -874 6501 -9294 9170 7352 -2212 7518 -7419 -1237 -3034 3110 4140 -230 8401 6028 -9248 406 -6867 -7449 279 4139 5196 -2536 5227 5773 9267 8103 7699 -9545 6320 -9414 8918 5870 -641 -9296 905 -9635 4485 7801 2464 1236 5128 1835 -1479 5447 6831 7993 -6348 1456 -3731 -3749 6588 7230 -1001 776 -5391 -6198 -5927 -2289 -9412 8481 9047 1066 -9176 -3827 4122 5014 -7240 -7076 2004 9895 2078 -8895 -5281 -768 6807 9844 5739

-4697 8234 -4510 7945 230 5851 4835 -7120 2979 -817 -8789 -8026 -8941 -9275 4701 -3067 9535 9003 -1671 115 3566 1958 -1295 -7500 -2316 -3583 5453 8536 -9267 -1712 -8989 -1089 -5563 -5093 -7530 -4205 -6852 9714 9840 7116 8624 -787 3939 5763 -6472 -4277 -6774 -8038 5878 -5761 -9180 516 7600 1636 5259 2692 -9169 8242 -333 -8903 -8364 -1621 6478 -4723 -6691 1507 -4651 -2184 842 -9751 5377 9565 1585 -9929 -3269 4999 2455 -3920 6676 -1587 -4541 -8169 -7765 9084 -281 -6418 3690 -7901 6380 3167 -4406 8142 6631 1501 9304 -4186 2012 -2101 -1341 -6398 6397 397 -5597 6702 -8664 -6682 -2766 -5483 -1226 -1138 -770 -9305 1659 -31 4239 2030 9329 3732 -7212 -9020 1261 -4179 -9698 7717 -5777 -4773 1271 -704 -6388 -1610 -5759 -9173 4993 -7062 -9228 -4950 7434 1076 4782 6300 -4931 7115 -5068 6026 1696 -4479 -9311 -7180 8372 5181 -5437 -2024 5751 7427 -9895 3098 7958 -9234 -6709 7502 -7118 6258 754 -1226 -100 4629 4474 4697 -6727
6757 90 -8741 7359 1192 -2632 -1420 1873 4830 171 8835 -4422 1015 9188 5331 -2655 4984 -1193 1226 -4300 5570 3904 3813 6175 -2443 7980 -3398 -8069 -2960 5394 -5758 -2481 -328 5524 -2938 9651 4775 9931 -384 -5828 1612 7486 4272 7532 -1280 -731 -425 4960 -8236 5117 -8141 -1754 5971 -6890 -8014 6757 3235 272 -8975 -480 -4957 -4942 3268 -5477 -6438 -8169 -8740 8397 -1482 8583 -671 -3934 6150 4849 7674 -1698 -6794 -7974 1988 9515 5731 -9871 2105 3492 9368 -3747 2126 -8055 8160 9708 2016 5500 1211 -9176 -5769 6652 1258 7104 -8088 -6041 2606 5944 -5611 8758 -9517 -3050 4919 -5542 3829 8401 -8947 6902 -6101 -9437 -3417 -8359 4507 6598 -5098 -2642 2761 -1445 -2120 2464 -4168 6630 -3131 9735 -6943 -2198 8100 -7440 9670 -6302 9740 2412 1023 5908 6703 -9451 -8264 -824 -141
2469 -8740 8671 -2727 -5804 7809 -5206 -1286 -9169 3083 -636 2592 6767 5082 -5580 3554 5988 -8034 -5844 5988 -7088 -5485 7992 -2028 -8626 8346 8153 -5933 -4485 -7134 -7882 -7695 -8014 7341 -9719 -5136 2693 6717 -6548 -8159 -3475 -4734 -7311 -909 4329 2394 -9499 2899 5718 8609 8112 4092 -4197 9719 5845 -8312 -5531 4875 3158 8729 2151 -113 5139 3051 -3162 1619 5228 2457 -1587 -5691 -7641 8019 -2529 -5608 2916 9732 8300 -2866 -7322 1371 -1896 -3720 7969 -254 6932 -6769 9027 6919 9349 -7125 -8461 -7030 -6136 6032 -2719 -7754 2267 4018 6140 -1338 -1566 9213 -765 -5553 4221 7330 -5457 8941 3083 4316 4974 7283 2475 -1175 7253 -4739 9154 -4334 1405 -9482 643 7185 -4064 5781 -9394 -6702 -5979 -2551 6997 6922 -8080 -3443 -3861 4720 2025 4080 -520 -1064 7081 -3184 -4217 -6041 5159 -743 9214 -4967 -4877 -1060 -5198 -2010 6847
-2529 -5247 6112 -2132 2110 -6704 8829 -4313 -768 6048 740 -1639 -6673 3191 3949 2116 -5489 -5794 -8553 4107 -9472 -9016 1459 2861 7038 9232 4061 -1881 4442 -6341 -6913 5510 -2006 -5118 -3283 3743 -9992 7555 5569 -1312 3453 4240 -4845 9450 -5178 -7292 -9176 5172 -7959 6362 5731 -4728 -8808 -9551 -2087 644 -6284 -5532 9264 9345 5044 -7 3576 -6199 -4400 9531 943 -8371 -6808 -4945 4403 3736 8079 4132 -2212 3084 656 -9069 -9076 2739 -5742 1015 -9246 -1041 -6673 -6068 4981 8704 -9937 -2427 4282 7132 -9964 7059 -752 -6880 8585 6739 -701 5862 -5534 8932
6305 5495 3559 542 -6533 -7786 -3855 -7946 5575 8430 8277 -553 -731 -9092 122 1701 2589 3549 -9865 -1230 -5524 7790 -3003 -7364 9001 3888 -8853 -6212 557 -5607 9208 -2918 1368 -5639 -9387 4155 8271 -5578 371 -4455 4828 5178 2116 -9908 6655 2458 6782 -7293 5910 2318 7410 3139 3958 7818 -7805 9158 4721 -2444 -9899 -1391 4909 -2563 -5609 8044 -5075 6999 -5107 3114 -3972 -9466 -4003 3700 -9113 6581 -362 -1906 -3749 -4071 -5018 -9835 5537 7620 -1951 -7135 -5556 8527 4862 9230 8875 5143 8830 7815 7840 -1164 -2472 444 -4425 2630 -1498 2717 -647 -5712 -2696 4323 3799
3082 -8283 -6850 4279 1689 3520 -2685 -9678 -1839 4897 -3469 -6205 -8359 7335 3272 -8837 -354 751 -4797 1855 -1414 8863 634 1491 3232 -3979 -7722
-8605 6982 8063 9830 -8361 -8540 -8323 1607 -2662 8157 -2365 2904 -7305 5503 -3438 -7262 4706 1146 -4772 5637 -5772 -7882 -9770 -8874 884 -1192 9678 988 -5658 1332 -1772 -1013 3193 7441 -7661 -2653 2001 -7250 9004 2830 -1986 4988 6740 -102 4429 -246 -5663 3735 -4825 -191 4726 -4724 -8958 1169 -2007 6257 981 4776 4863 -2311 -7884 4698 -1420 1941 481 3681 -6174 2705 9957 -5529 -1745 -4213
2489 -5572 -8587 5894 -3424 2484 5351 -1496 -9570 4497 2830 -2228 -2310 -920 -5223 -3639 -4389 5522 1199 -3237 8315 -3005 -8530 2081 8021 7783 3773 6012 -4390 -4649 2338 -4382 -5084 -4516 9228 3894 7719 4374 9485 -4781 -2668 -3747 2422 -858 6748 -3513 -9231 -7815 -9845 787 6771 -4663 4889 6160 7637 -7009 1790 1027 4625 -6285 -3857 -4618 -8679 -2483 2159 -2836 8732 -9780 -2910 6090 -9899 9116 8049 1127 -2683 4351
-2536 9061 -5881 2440 -3530 8753 2787 8280 -1246 -5037 3048 4010 -5911 -1868 408 -216 -381 -8022 4831 4600 -198 7969 8769 -6843 -4348 -2538 -4841 -2342 -8070 -4791 -672 513 -9395 3042 1969 -6601 -2101 -3930 -3852 -8427 -6675 1260 -2457 -6589 1060 -816 8017 -6852 201 4632 -6486 -7757 2946 7314 -2264 2659 8269 -6448 -5157 7113 9813 -261 8121 4674 3651 2475 -8364 7122 -4802 1640 3072 1178 -5680 9789 -1167 4267 -1175 9923 -3234 -5787 5347 -4779 9209 7256 -7939 8501 -3306 -2758 -680 -6325 6892 4587 -6631 7154 -7951 -1798 8399 -4131 8004 2584 6852 32 4174 7882 -2834 2199 4272 7034 5228 -739 -9513 4873 -8485 -7118 -5527 -9437 3919 4723 8082 -6807 9732 5391 -5681 -2414 5621 -8205 -1185 -9190 8311 -4362 5346 1742 -6155 -3075 -3868 -6392 -2228 -4550 813 -2141 8791 -5515 -9739 75 1130 8513 -8163 -29 9141 7262 -5145 -4646 6269 9027 7827 -473 -8521 5715 -6118 -4854 7032 8534 -6991 -8067 -6905 8117 -373 7206 9238 629 -651 3343 9743 845
-3409 9528 -6520 -3328 5775 -7929 -7841 -4404 9755 -367 -8103 7883 1024 9101 -7247 3029 -7640 7848 314 3509 2594 -1542 -3760 -2619 -5199
8854 -4350 656 3783 -4255 -5616 -876 -6750 -3911 6335 588 4607 -3889 -6055 -4007 6209 -3713 -2910 -2102 -8358 -3503 -3227 -903 8494 1525 -9864 6273 1199 -4977 -2332 -8829 3489 7396 -4570 -3117 -8884 -3509 71 -9510 1055 -7255 -5280 5393 3514 991 5138 5838 5601 -5077 -2889 896 -2471 -269 7279 -9633 -5117 -5196 -6025 8334 -965 -3309 -934 6212 7195 5613 7219 -8218 -3491 1007 -745 -2626 -3021 6403 -8818 8780 -646 2285 5289 -7617 -6860 -9275 -1883 3302 1302 -2094 1828 -2820 9396 9326 1628 483 -678 4649 -1234 -4174 1672 1760 7987 -254 -3711 6044 8645 -5306 -3869 -9822 -7578 3836 5208 3029 -6903 -5985 -5915 -3667 6239 -1671 4997 -4234 -3917 47 3997 -8287 4894 -5855
-2878 -2873 -7773 -154 -4660 289 4793 -2285 -4385 -8575 -8537 -974 -3487 -8525 -8298 7826 -3171 -4417 -331 -8730 -6537 9735 -3380 5250 4947 -6145 -9999 -4430 -4302 3864 7826 -228 -8352 -8269 -41 4370 -7937 8933 -3906 -1044 -4587 -3223 -6885 -5869 -1681 3741 6077 1695 -8026 6538 4405 5042 3698 6490 -7722 -404 -3805 -562 5815 -2754 9589 -6001 9364 -4818 5985 -7692 7064 2736 6337 3474 -4302 5813 -4290 853 -2197 8026 9039 6576 -715
6500 5071 -3053 1348 -8119 5802 -4225 1252 -1072 3589 3582 -370 -5127 -8695 -5415 9556 -8011 1001 -2768 5357 -4976 2669 7939 -2381 -2534 9611 -8142 2837 -6342 -2424 2223 -4190 8766 -281 -3020 -6335 5651 9924 3907 -4273 405 7251 -3799 648 9354 -6763 -8721 5734 -1869 9524 9613 -6291 9968 8775 -8964 6561 1186 -436 1010 4258 -1589 -8446 -7463 -8582 -5617 -5334
-401 -2609 -7559 -255 330 5640 -5155 8866 -2717 1705 -7097 5132 -2988 -8904 -9622 -9498 -6355 -8313 -5999 -9138
-5783 -2766 6008 -9259 -5568 9119 -7651 -1453 -7921 3403 -8460 -4536 -6751 -3175 9508 -3857 -2174 -9574 1483 -7177 -3471 264 -5136 3868 9583 9692 7695 -3529 -6037 -4145 -2865 3683
5728 -7338 -476 4963 9624 -7745 -3060 -7719 589 -3419 -5594 -4023 -8976 38 -9252 -3062 8145 8488 -101 -4825 -2193 -6723 4033 3249 7803 -9392 7819 -6878 6123 9684 -7851 9320 -7372 -90 4178 -4473 -8733 2934 -9676 -7265 -2276 2129 -578 -7925 -8511 4173 -9826 -2163 2856 7502 7559 -6725 1875 -2756 8132 -9820 869 -9211 4445 7412 7498 3812 -87 -2510 6988 9186 -5331 9376 4020 -5826 85 -9472 9302 -5688 -7714 2892 7141 -4667 3846 1739 -4720
3275 5518 -9419 -7361 -8326 -7643 4698 2971 -5859 -8462 -6411 6173 4606 6755 -8558 8694 1709 -7329 -5476 1116 2670 -5947 9857 -7225 -7569 -9376 -5948 -7409 -7103 -7294 7418 7075 9762 -5943 6411 -6816 -9177 6800 -40 7546 -7803 -1850 2335
-333 852 -6851 8524 -7221 2457 6896 2010 -4163 7821 3062 2695 -8617 2228 2338 8881 -9030 653 -9808 9061 8887 2053 -4814 -3851 -6613 9088 -3124 8062 2920 -4705 -4743 -229 -3633 -2159 -3169 -7077 -8384 1119 7274 1445 -2661 -5913 -978 -7864 -5818 -2437 -9998 -9817
-7898 2425 -6129 -6325 1852 -5883 7531 -7472 9886 6170 2885 8496 938 7242 863 -7279 2133 5385 3791 4253 3988 -9177 7568 6251 -4517 439 2993 1267 -2679 -6299 -564 5992 6180 8878 4799 753 5433 5845 5334 -12 9956 85 423 7212 4800 -3671 -2736 -584 -7804 8764 -1328 3733 -3982 6937 -9061 -6941 -1903 1896 6873 -7481 6242 3191 65 -6141 6993 6279 418 -9734 6734 -1686 5098 -3996 1548 440 -5868 971 8583 -6945 5885 -8925 -6011 4962 9683 -5654 -3975 -3311 1258 -6548 -3746 4950 5556 -8909 3966 7104 6050 -7170 9917 -6857 -2224 -344 3200 -5669
-1153 -1702 -1386 7643 3515 -6356 706 -5124 2678 2773 -4147 -5176 -4483 3877 -1648 9125 2413 7033 1922 7021 9607 8802 6303 6446 -585 -620 9700 7189 -1960 -7575
-6396 -940 204 4951 570 537 3075 1910 -6053 4676 8562 5515 -2424 1612
-7296 3073 -7924 6534
-6380 9658 993 8824 -8634 -6815 -8169 -5104 -8669 -3485 -1179 3962 -2829 -6174 4851 9995 -9566 7135 -6016 2423 5716 5180 -950 9614 1161 5972 -443 806 -8660 4913 3856 -2401 -2224 3604 7815 -7010 -6351 4049 -2900 537 -7352 7129 -9094 -4506 5646 3758 -9733 -4506 9231 -7997 -8053 -2750 9299 7897 -5720 -3143 4687 -2372 4769 6547 -6045 9703 1404 -6032 1616 -3323 -4856 -3670 4606 -6460 8737 7541 -5612 7603 -5737 779 2280 4442 5930 -9611 5711 -3443 -6547 -9313 -7717 7837 -8994 2848 3536 9680 3182 7798 8569 950 -1571 9131 -3980 2523 -8357 -4403 -7051 -7850 -3704 -891 385 -5306 413 -8174 2901 -2642 3493 5246 8411 -8998 -424 5635 7512 3541 7458 6925 2188 -8547 7177 -1831 -9137 9551 7575 -7052 4444 -7066 -2739 -5563 8857 -8253 9305 -4711 6292 2099 4490 4529 9350 -1307 -1546 -2682 5941 7674 9213 5933 364 -3986
6457 -8134 -2780 5997 1484 6239 -5768 -7090 5684 -3806 1857 2907 -6469 1338 -9084 1880 3833 2765 -3255 -8859 6162 -2256 4937 -7475 9892 -8014 6233 969 -4694 6235 499 8267 -7673 -8856 -4703 -5287 1892 2024 7107 141 9017 -1895 975 -576 -2757 2167 -2360 -8012 2673 -9446 -7363 -8115 6886 5687 9450 -5095 8954 -5350 -1627 -754 -3203 -411 -7733 -1039 -8339 3390 586 -3402 6933 -2730 7804 8399 -9388 5864 2805 4398 6791 1751 -4968 4136 8752 9333 8839 1249 6263 -5032 2515 4842 -5589 7325 7199 -3853 295 -9795 -9194 4297 -1253 1758 -9200 -1341 -8084 -7792 887 -6534 -6233 -5834 -2441 -306 -3270 1192 -4082 7188 -7887 4246 5074 -7152 -8814 -1201 9657 -8876 -3095 -6207 -2844 8105 2812 -2062 -7877 -8439 -6774 -4565 -40 -8240 626 3433 6440 -5499 -7022 -3493 54 -8975 743 4982 -9301 3285 407 2875
-3575 -3788 -8298 -389 8034 -4012 -4218 2167 -6718 -4697 -8914 8225 -8290 -1260 -8881 1117 6599 7633 -548 -548 3568 1256 3177 6270 -1162 2366 6698 -9955 -6177 -2425 -8730 7415 5268 -7791 5933 -2334 -7663 9819 5269 4313 9940 171 7581 6183 4211 4702 -7227 4615 -7140 2789 -9532 -1217 2938 -2375 -2589 -1016 4233 -115 8201 -6696 -3565 -6810 -7577 -6433 -579 5127 -348 7645 9589 3525 -7389 1581 1912 8731 -2932 -9089 770 -9288 -1126 -7869 6068 -9610 2555 -6196 12 -8517 -5403 2634 -8023 -5437 -9571 9105 -6002 4911 4977 -6123 -4646 9041 7441 -6802 -7280 8701 8001 -2519 7180 6992 2027 194 -2852 -1399 4983 4561 3520 8928 6800 3534 7389 -2269 6631 484 7522 4131 3720 3310 2639 3191 -2591 2997 7727
86 8366 5109 3910 8222 -6520 1287 1731 4742 5817 -3400 -4564 -9757 356 -3670 -7934 -5231 3880 6390 1821 5571 7684 475 9970 3310 -459 9735 5469 7377 -5622 -3938 -5068 6406 9835 4981 1419 844 -8429 8412 8888 6696 -3505 286 -9559 177 4960 -3098 -9585 1423 -9651 -151 7425 2702 -6913 4052 6272 -2158 8880 -9330 5990 1500 109 8081 1659 1587 -2968 2326 5903 -8114 6372 4458 -8941 -80 -8384 -6812 6150 -3728 -463 1534 4296 5759 9949 119 6161 3605 -3008 -5420 8779 6641 -6840 -5779 -6226 8850 -2685 -7530 -2397 5913 9243 4818 -5761 -8958 2507 -2720 -3522 4751 -2763 -8754 -3652 -1853 -982 4215 -3970 -6426 -7211 -4396 -3067 -31 2410 -7551 1863 -6935 -8933 -8198 7285 -700 4990 9093 191 -3853 -8323 -7476 6082 -7934 245 8602 7734 -9757 -8500 -673 9354 -378 1311 -6601 8031 -1623 5392 -8697 3111 -6302 -887 9371 -4413 -7087 -9542 4605 4661 3038 -2316 4356 1454 -4884 -3260 -4956 4349 1712
-8926 1702 139 -7710 7138 -6555 -7803 6104 -9967 -9250 -6666 -7851 7644 7382 -1613 1085 5568 -5901 1042 2919 -3112 8023 -2932 -6688
8552 -560 -6764 681 7710 -6597 -4329 -5319 -8949 -9619 7247 -9586 -3906 -4290 -8742 -6386 -5427 -9954 9767 -5622 9683 8879 -4366 4935 -7969 -4845 1305 -8157 2635 -375 2265 -5539 -2714 -9115 7359 164 6598 -770 8453 -3710 -2940 -9077 -9018 -4486 -2167 4637 5838 1991 -1375 1185 -6403 -4315 -5211 3974 -1656 8857 -1192 -7867 -5833 -9235 8850 679 -6315 444 -2031 -4420 -5063 325 6125 -4282 -9907 2431 -5539 4787 -8836 3390 -6799 -7664 9648 -4978 435 8719 8065 -6807
6131 -1212 5923 7424 6670 -7702 -6500 7366 -8454 -1937 -3961 814 -2971 4473 -9907 496 4301 9744 -1504 2348 1373 -9096 9515 -7429 4528 -4651 -2609 7363 -6633 -4251 4560 1094 -4736 2807 -770 -8474 607 1890 5791 3689 6588 -1816 -8501 219 -8649 571 -9066 -364 7728 -9570 5582 6405 861 2916 2150 -2309 -1007 -3974 -4943 -9152 1126 -7373 6541 -4947 229 7632 8340 -8375 -415 1660 4067 -558 -2073 -2767 -67 -5671 4183 1932 -8883 8321 7819
-5688 1100 6619 1318 432 -4650 7236 -1080 1661 2077 -8129 374 -2899 -2491 6447 -2088 4805 5397 612 4357 9350 1533 4288
9072 -224 -6654 3465 1705 -3850 -9961 -6648 7878 -8541 -4810 -2162 -9216 2173 6161 -2093 1374 -1907 1158 -6220 -3362 -1243 -1 -9375 -9864 -8843 4745 -1493 4359 -84 -5002 7597 9368 -3115 8916 -8095 -7316 -2540 7595 -675 -6360
3664 6937 4646 -4364 4673 -1233 715 -5379 7323 7479 -6342 -2688 -6549 9709 5234 9487 3756 9889 9510 -3022 6290 3933 1392 -1181 -9611 7058 1114 -3275 -3059 6511 5080 -3167 4192 -317 -9378 7400 -9832 7091 9075 7821 -2208 -3645 9639 9131 9505 2797 9721 -3117 1582 739 -8488 5148 -856 -2984 1805 -696 -7887 7461 -9285 -872 -2004 7470 4124 -4923 4314 4510 7141 -1503 -8700 -357 -8970 -4777 -6081 -722 2428 -3756 3825 3425 -1660 8851 -2781 7377 4909 624 7374 -3387 -2220 -128 -1620 4074 -9759 4730 3793 8959 -30 -5959 -7653 924 7834 -7524 -1293 -1410 5812 -4225 8778 1075 7022 5640
-4341 -3987 -9020 877 -8702 -4985 2431 -1273 5102 5114 -3517 824 -6081 7461 -2207 9378 3449 -3843 9355 1736 3356 -7340 -4997 7119 2446 -8587 6250 1782 3530 -4251 -8338 -5103 -3360 1144 -1429 2987 -9569 -6028 2198 5386 1031 7802 1548 -1288 1652 -5112 867 -4236 -5124 -1496 -3493 -1615 360 -6712 5270 2599 7764 7930 -3308 5308 3600 -114 -4400 -6696 9923 2431 2225 9084 -1812 -4212 -373 -8786 -7075 6766 2728 720 -8738 7073 2668 9566 6077 -9206 5060 7399 -2092 2981 -249 8794 6264
6062 -2011 851 6829 932 1033 96 -7813 -5000 7909 -462 -6856 -3572 -3626 -7528 8021 -2489 9609 5141 804 -436 1921 -7074 19 -5554 -4344 1747 3646 4981 -5870 9850 6162 -5815 3691 -1299
-2039 3187 772 8834 -3248 4180 -7103 7155 -4397 -7007 -7532 -2596 -1813 -204 7201 -9364 -863 -3159 2973 4956 -7673 -4061 -620 -9779 -4266 -3190 -8525 -4572 -3826 -2078 2283 -6234 -8247 -942 1423 1836 4032 -4660 -8552 8413 8008 -6959 -1161 2130 -6930 7933 -3198 8503 -7066 -2110 2490 -9152 -3301 -5877 9220 -2212 3446 5923 -2341 -811 -6303 55 -6589 -9581 2164 -3928 -9744 -9133 -2386 448 796 3210 -9372 -8541 -1128 -1578 4190 2913 200 1965 8950 4412 5993 3284 -3093 7043 8225 2402 -4485 7290 -5744 -3139 -5864 7420 -6926 -2867 6455 -6264 -2529 6100 -5566 -2273 -196 -7575 6837 9162 -1869 -6956 -715
4440 -5333 -8713 -4576 4497 9351 2711 6992 -6808 -413 4639 2695 -1578 3681 -9256 2530 -9729 283 4185 -7598 4411 -9730 8280 -5238 -2608 3499 -1794 5916 -573 6385 9186 -5572 -5668 -6419 9214 9145 -680 -5330 -8887 9198 -3225 647 4779
5917 2953 -4359 -4461 4368 8009 -6746 -2799 4220 -4853 7909 3780 5110 2601 -5797 -5397 3304 196 180 8325 8291 -7095 -8701 -51 -9620 -8513 5983 -2120 5022 -5462 6352 3164 -9467 -2230 7368 -2262 3458 2756 -6821 761 -6030 240 8241 1843 5434 -218 7582 7520 7633 -1428 4769 2612 5252 9840 -3903 8222 -3401 -3828 403 1773 -4443 1900 6162 7555 -8700 -567 -2808 -67 -7599 7060 9677 -4869 6678 -2118 839 -9983 -2739 -2495 -1990 5826 919 -7705 -5015 -4481 -7732 5818 5075 -6875 -7880 -4843 -6461 4645 335 -9463 -7955 1761 9511 -9989 251 -1606 7377 6272 2903 6984 -8454 6882 -158 9014 -8055 -3787 7168 -3794 -9736 -707 -317 -3334 1210 6893 -4592 -4244 9550 -866 9281 -9116 8417 633 -1908 -3335 538
-7824 4929 3963 -4448 1912 -2664 7801 -5308 3670 120 1447 -2780 7168 -8041 -9227 -1101 9921 5668 -3314 1607 2098 3030 8582 4672 2804 2035 1663 -9360 -5592 3531 3973 7593 589 -9750 -2315 -2189 -9520 -4002 -5690 -8274 -3468 9013 9454 3194 72 2291 7389 3355 4687 6291 -8387 3465 4998 9019 6036 -9718 -7571 2704 -7014 -9104 38 5235 1245 3333 -4921 -9895 -4584 1510 -8529 8444 -5662 7130 9812 1699 -9033 -40 -8988 -5976 8119 -5252 -5666 -7709
5999 2897 3741 -9616 4571 5976 -9228 -6302 -3033 9834 3250 -4147 -9632 -5790 8721 7203 -575 -9766 -2366 -3216 4084 -3877 -3165 387 -4832 -6237 -4612 -5375 -8273 3350 -7539 -6869 3524 -4762 5694
5023 -2440 4946 -1532 176 6187 996 -4970 8012 9982 4579 -2942 6461 487 7604 -2848 7650 -2322 -9376 -4172 8321 9722 2091 7681 4458 2321 7650 8280 6710 3797 -9316 34 1288 -6182 6420 -4401 4827 1785 4829 1565 -2600 -2889 -778 3881 2868 -2399 -3305 -2522 7308 9956 -1988 -3413 -3711 -1531 -3409 1970 -539 6123 -2547 7782 9927 9677 4394 -3190 -4559 -1263 -9270 1201 3050 -7772 -8971 7700 322 4298 6022 -7440 -3379 5403 8083 -6498 -1084 7921 197 294 5702 -7949 3702 -9457 6590 820 -9129 -151 -5328 -1570 -9524 -6635 -8730 3309 7417 8193 -4533 -3287 7934 8603 -2820 -9378 -8164 7965 3557 -2594 -8951 4945 7521 2797 6360 819 -2235 -189 -1634 -587 -1422 3393 -5887 -2862 -194 8904 -7742 -857 8665 -8758 3558 7871 4892 -2106 -4395 -5584 4738 5884 -8853 5803 6906 -6810 6868 4948 -4490 -6861
4571 -660 -979 -7215 -7136 2943 -9439 -7214 -3025 -5420 -9793 -9624 1013 2500 7945 9395 -834 -7741 -4977 -31 -8708 -5523 -2004 -7814 1092 5324 747 -8952 -9472 -2921 -3777 1134 7969 -4412 7435 5770 -6985 496 4305 -6828 6671 546 8743 -3206 -6868 -8253 4254 6053 1048 -2447 9479 4468 -3195 -4810 -8674 1323 -4926 -544 -9891 -504 1044 -5318 -4265 -1590 -4410 -1468 2057 1076 -6304 569 5573 2488 9219 4604 -8572 2189 -8802 3030 -8540 457 -2811 9823 8757
-468 9804 7209 -3217 -8224 -8973 -2469 -2563 -1498 -5840 -8742 -3307 1159 -9425 -8447 -4444 -3021 -8300 7973 5019 -2776 3072 8736 8231 -6936 -1241 230 1133 -9934 -21
9640 3112 -6259 -54 9113
5609 -8653 3971 -734 7543 2247 -9683 4770 478 156 -8777 -9965 -6436 -4157 -1793 1685 6419 -6669 4851 -5505 -4108 -6679 8698 -5091 5495 -1762 -3297 -2887 -1896 7668 8614 6713 9477 3433 -9851 6904 2986 3610 -2230 3970 2103 5683 253 3185 2278 -8060 8133 -6158 245 -3984 6285 7745 -733 4289 5380 7787 -2509 2987 -4577 -7383
-2952 687 2699 5457 6316 9989 -4056 -7942 4858 -7698 2033 4702 7981 5520 7066 1953 8925 7164 -1582 -3249 9341 7685 2638 6002 2477 -9988 6597 8526 -4334 -7438 -5378 8366 -6700 482 -3510 -2098 -9014 6195 -3049 -3692 4788 1514 2767 -8481 -7986 7600 8740 491 -772 -1836 3383 -2968 -3188 9419 -5229 -4825 -7925 -1697 5785 -8324 -9054 -3604 -18 5502 -1871 624 5327 -1433 -1118 7034 5464 -9853 -4867 -4453 -7749 3594 -8606 -7704 -1232 6299 -7689 -5867 7186 -4029 8561 -9724 6719 7530 -2312 9487 8579 -1431 -8741 -2078 8048 -5397 599 -1088 -1812 -72 84 -9770 -722 -8672 -8654 -7201 3018 -4725 -6288 1843 -2283 5654 8105 -6998 1264 2272 780 8234 -1879 9200 -3774 -6592 4028 5096 729 -3759 2703 4836 8718 3111 2013 -5652 7321 -2048 -6868 1306 -6828 -412 244 -6978 -1024 2256 -5817 8232 6793 -9004 -228 -6235 -3103 -3454 -6290 214 -2008 -7349 -6030 5291 3710 7386 -5283 -6416 -8704 7794
4012 -7763 -5537 -5988 -4444 -9492 -192 -4929 -9992 9059 7103 -2346 5107 7511 -5918 9081 1344 -2907 5699 -4174 -4223 -8304 -3104 8122 2183 -9829 -1186 8762 -4358 7129 2061 3490 1698 -2012 2122 -1005 2749 -3612 -767 3718 -4129 -4589 -3947 4072 -9057 -1580 2520 -7483 -1797 -210 -6377 9495 -4651 -9207 6149 -2888 -267 -8949 -9914 -4254 -7578 -8190 -7993 -6371 3437 -5330 -716 4977 -8255 4753 -2049 5039 4008 -2171 104 -421 3402 -2259 3800 -4920 7915 -6181 -5606 2544 -7688 -9440 -2214 -278 -9586 8344 933 -9507 3484 5262 1872 -3125 8112 -1700 -5809 -1647 -4958 -1151 -6770 7207 6349 -6491 -6018 -9137 1534 -8275 9977 9067 -5481 9485 -1855 7681 -5582 -8694 -7394 1668 3925 -7837 -4401 3710 -5354 -5892 -2625 9524 -2964 6950 6173 -5903 444 -6354
3202 -1293 8584 -3939 -6441 2262 -5652 13 1895 -2162 5307 -3264 320 4788 -9437 -8765 -9914 7143 -6159 2960 8830 9195 -1761 3402 -9646 -1465 2218 6009 -6745 -363 -9734 182 -427 -1016 -3592 2142 -6416 -1541 8202 6772 -4261 9496 -3027 -8593 5473 -6904 -2097 -7825 8347 8877 7471 -6075 5785 3114 -7099 6153 -1294 -5832 -9066 -7657 -1523 -9436 -5138 9484 4125 7560 2189 -8707 5330 3500 2246 9540 -4513 -9617 8932 -7747 9001 -3201 9707 7462 -8473
7970 1756 6595 5728 -2533 -8314 4451 4795 2694 5454 2382 -9713 -4510 -659 2202 -2980 9823 -7772 4446 362 6297 2210 8477 5061 6222 -8731 -2640 -4898 -1243 -5205 -4491 -4885 7961 965 -6932 677 -7862 -8605 741 4350 8902 2585 -6515 -9066 8243 5898 -7617 8797 8956 -3677 -9666 620 -2631 6943 -2456 -8899 -2505 -4347 -2191 6413 -7807 2293 3071 -663 -3473 4687 -3720 -5154 8284 -833 -3478 -9993 4560 3287 -9840 9402 -104 3592 -6523 -4811 7799 -1331 -1356 6917 3869 -9847 -6187 -1562 7338 1572 74 9550 483 4591 7109 6907 -3621 -4147 -1419 7148 -1532 -7512 -353 -5403 9085 7902 5315 -1893 -8049
7008 1483 -2059 52 3619 678 -688 -9928 -3026 -3765 -9060 -1742 -6869 8737 -4783 -9195 5557 2816 -1580 4586 -3879 -382 -6436 -7899 2687 6731 -4025 3152 8031 7678 -3269 -5924 -5372 -3460 -697 7286 -5449 639 3120 4449 -9019 -3488 -8710 9561 -1409 -8281 9316 -218 -8250 -8762 -1328 -1760 6344 1510 -7232 -6232 -948 9301 -3176 -973 -8047 398 164 9699 -6546 -4220 6626 -2138 -5845 3394 5409 -470 3174 2440 -4477 4090 5315 7308 -2735 319 -2702 3995 -3350 -3205 3308 -67 6354 8067 63 1376 3023 -7374
-7612 -6258 -7207 -4732 7544 -9463 2413 4772 -985 -5662 -2044 9334 476 6826 7723 2761 -3532 -7845 -2213 9004 9700 1659 9742 8016 -6838 6041 -9995 8126 707
487 -4948 5910 5683 -1617 4988 763 6851 -9319 44 -2214 4266 -8292 -4540 -3884 -2812 4477 -7695 -6143 -3906 3084 2683 1925 3586 -4644 7482 7778 -2249 -8380 -4114 7521 -9731 9266 6108 3020 -4632 8311 7631 -195 6525 -6311 1526 5629 -8027 -984 2561 -2480 -8905 322 -3868 838 -9542 758 -511 -8451 6735 7018 -406 7111 -9751 6508 3378 1940 -4659 -7479 493 -6051 9370 -6432 -7645 -8067 613 4128 -1229 2589 5212 -111 8961 7564 5540 -9944 -5981 1808 3467 -9516 -3678 -9514 -8139 -4213 1638 -538 -4092 -5217
3239 3672 9680 -3230 1609 447 -2881 -9659 1811 -4643 8951 2923 -805 7343 -5930 7738 5449 -8966 7819 9812
1440 2438 -7930 4924 -8928 7820 -2137 2990 -6946 -2469 2285 1188 -5275 -6559 -5255 -6469 -1422 1104 -1750 -9019 2141 -1526 5922 -9114 -2715 -1413 -4795 -676 -1628 -319 -4826 -8814 8543 -8737 5247 -3101 8989 -3938 -8806 -285 6498 -4220 6166 -4141 6661 8076 -7175 5645 -6850 9973 8060 -2638 4665 -5113 5830 4855 -2712 -8487 6372 7443 -3177 6432 365 -5231 3620 -9773 -4239 -2077 7994 9739 3881 4216 6886 -7444 -8390 -7367 -1851 -9188 5933 9138 -7185 -8356 -4081 8409 7038 444 2262 3599 7764 -9886 2978 5868 -1861 -7828 -4168 -4255 2728 393 -6121 -5879 -1010 5018 202 3837 -213 7325 -8061 -1118 -276 -6937 343 -3008 -2191 4527 4114 1490 8303 7679 -141 1834 -7747 940 -9683 2984 471 -9663 -3026 -7741 -7029 -9364 9568 -2847 5266 -8046 -6888 7031 -9903 4264
6825 -8661 -7278 -2302 -2467 -1211 -966 -7197 -365 -119 6367 -1501 -6642 -7339 -1063 -3026 5246 9245 -7311 221 945 8994 749 -1841 -2707 -4609 7553 2549 1707 7697 -6226 -2980 8534 -8812 -5783 7827 -9285 -1636 -4044 -6770 1522 -5099 -4858 28 -7344 -9727 8402 -2898 -5796 5794 4430 -9628 4057 -2954 -9220 -9172 6535 -9335 1074 -6881 -8975 525 -9520 6255 8320 -2934 7513 4980 9426 -3599 2300 -5524 -7970 7587 2329 -6135 -4417 -7243 -8998 8195 -9069 7718 -863 -196 -4625 -9732 3667 -7456 -699 9863 -6537 952 8124 387 178 9640 -111 -5147 -683 3333 -7752 4320 -4183 9758 2831 -4912 -8245 4398 -5647 1931 -7427 -8488 6094 4095 2703 -5221 -4581 974 6314 435 -4963 -1168 -1072 -868 -5909 2016 -5052 1039 -3958 -2813 -3113 148 4686 -9533 6407 4626 3287 4875 -8302 -9628 -1743 -7941 1548 1474 5439 -4884 -6752 6758 -1891
2026 -3018 8607 4737 3376 -6543 3381 -9572 5020 -6294 -6035 -6577 -8640 8444 -5251 8720 565 6571 -9327 -7947 -5707 9519 -6476 9047 -6545 -3674 -6740 5781 2920 -6121 9060 -4679 3820 4877 -4487 7154 -5890 4748 -9656 -3221 -4123 -8778 9658 1424 -351 1752 2176 923 -2508 -3570 9424 -2321 6158 -1580 6571 1203 -7777 -2810 -8277 1837 3949 -4007 8370 -9068 8371 -1229 -842 -1440 -6397 5794 -7608 -1438 -3863 -6384 -2755 -4871 4447 6774 6273 8996 1729 -239 -5947 2845 3216 -3736 9792 -6878 6018 -8375 1450 -2384 -5608 1249 -2734 3184 -3206 6665 9562 -9503 3098 704 2954 -9298 7593 2049 9787 5067 576 -3701 5455 4438 -3837 4960 -8776 -3839 9341 2871 8755 5918 2517 -8648 -9812 -6706 3171 -2503 -3608 -6441 -1638 4325 -5202 -4109 -157 -8309 -3225 7539 3042 3479 4973 -6778 -5136 1856 7708 -1406 -7243 -442 -1728 2434 2326 5034 3848 -8071 8841 -7990 4792 -7579 4613 -3983 -1695 -2427 -8648 3426 -7311 -9181 576 -5176 1559 6752 890 4792 9663 5967 3765 -6044 -9603 -1168 -2702 -6429 -8311 4271 -2221 -5158
6331 8504 -5995 8025 -7125 -3679 6819 -4470 9701 710 -1269 5993 -5032 4858 -3973 -6333 -351 -787 -3793 -9800 1861 -3469 -238 -8852 3792 4386 2266 3800 7665 -6055 -5290 8050 1827 -3733 -4878 -5114 9729 821 4177 1943 26 9240 -249 8219 -5781 -3594 4793 7984 -642 2767 2808 -1042 -9313 9375 -6489 -9774 181 -6596 2846 8344 7506 6014 2068 -8165 -9400 -5190 -8710 3398 -6049 -2087 -2318 -2434 1596 -558 -9913 2358 -5228 -7861 -8372 7819 5622 4710 -2466 4848 -3206 -6426 5892 2087 243 -3401 -3874 7050 -1864 7558 2290 5856 -2062
-830 5224 -100 7261 2349 5094 -3151 4529 7734 -4588 -2485 5652 -721 1388 7743 3957 -8369 -8601 8841 -8285 -2902 7829 9131 -1592 -4809 4481 4037 9995 -2462 193 -9641 -8479 8721 183 4234 -5435 7364 -9961 -3704 -5759 -3327 -2350 5737 -3702 -1366 2185 -2136 -9566 -600 -4108 8535 5992 -7048 2352 -2905 -3297 -675 -9371 2099 9046 4733 -6394 3498 8381 -6933 2087 2518 1792
2187 150 -9879 -2893 9671 -9326 -3127 85 8740 5936 2242 4723 9850 5631 6315 -7387 -8629 1902 1133 8923 -7485 4207 -4914 795 -3059 -9551 2437 9821 -3596 280 -4279 -5179 -8169 -8164 1065 -5716 9166 7405 -779 -7936 -3120 -6048 4372 5049 7820 7583 -9687 3238 -2710 8870 407 -9388 8913 7989 5536 1531 -4173 -5950 -8830 528 5527 -2351 -6336 4184 9697 7530 3840 4252 -1126 -4466 -87 -4842 988 -7870 7703 8094 159 9602 -2458 9157 6945 1389 -8004 -8781 9937 1732 -1903 -3077 -9672 -3892 -3622 9399 -5148 -9788 -8945 -2750 -7048 9469 6803 -1594 1796 -8461 2751 4162 -9357 -2725 -7509 1950 4728 7197 9592 -2428 7334 -5802 2410 364 612 -7463 -9676 -271 -6869 3825 3681 3017 -9059 -6813 -5572 6387 -8199
-7668 4044 5064 4392 -9041 2751 -9325 -5027 5104 -7500 -3896 -1043 -9664 -4843 -3270 2761
2325 -4314 8840 6483 7648 -9959 -7721 2145 576 -7911 -1770 1164 9313 -1644 3475 -7986 -9761 118 -8736 -1702 2078 -6597 -3356 -693 7108 -6437 6679 -2850 -7434 -7801 3266 -9754 1214 7783 9529 2809 -1135 -3993 -1126 1952 5000 6542 -7104 567 -9146 9623 -5522 -7 -1696 -3618 -1155 1855 5552 -2096 -4560 6217 9802 -662 6601 6310 8040 1771 -6246 -5509 -4995 -7004 1657 1352 3599 1485 125 8835 -9320 -7642 4560 -6379 8745 4610 4268 5848 -73 -3246 699 -9282 -5172 -4925 8752 7893 -3515 9329 -1018 8041 -4022 7286 5930 5086 9630 -8140 1829 -4293 8040 -8464 -6517 -4279 -8803 6473 9298 -9727 -8968 256 3429 -7544 5660 8594 8 4468 -9683 -1295 -644 2146 -5195
-2547 -157 9153 -8787 -4917 7788 1786 -3933 4420 -3511 6287 366 3228 854 8274 6309 -369 2829 -4494 3907 -241 9190 741 7702 5115 -6627 9262 151 4319 -7269 6027 9478 8363 -8317 -3407 -8953 -7373 189 -5795 9063 -6058 -2704 -8821 3848 -4078 7440 8917 7800 -9062 2499 -5012 -1342 6972 -8629 8880 -5071 -7691 -2973 -8527 2182 -7014 -4100 -7041 269 7884 -2378 7050 -9975 -8861 -9715 8872 -2932 7748 1435 -8432 6096 577 1021 6171 4739 6666 -2646 -7779 -527 1355 -7322 5406 -165 -7543 -9489 7080 8962 -7363 -4551 9988 1057 146 -2726 1809 -2963 -1232 6535 -141 57 -834 -7667 9947 4020 -6205 7644 -9030 -3557 -1613 7239 -9847 -2738 -4833 -8552 -9434 -8230
-7534 -2606 -9216 -6643 3474 311 -9398 -4162 -7411 9312 -9134 -2611 -3471 9242 1784 4491 -1945 -366 678 -3155 -7975 7196 -8687 8916 -5513 -134 7945 9323 -3057 5134 -8932 1547 -3602 -6959 -9774 5626 9236 3744 4031 3775 471 -8551 5817 8399 -3432 -5678 -1227 -4878 -9613 4970 -6180 -7551 -6383 -6858
-139 -8968 -4216 -2456 -462 -8389 -5243 4281 2305 -7967 -820 798 -7094 5270 5670 -88 3494 -8403 -3869 -687 -669 -4295 3446 -5177 3575 -5371 3800 -8337 -3967 5112 4346 -7340 7231 7393 -7665 -9098 -1267 683 9278 -8699 -1034 -7590 -4365 2081 -720 -5288 787 -4388 7748 -8042 8828 -1 9412 3343 -4900 1568 9093 2482 -7370 -5572 7190 3993 6975 -4971 -3558 7487 389 2244 2729 6202 -681 3223 281 -7016 5430 8880 4201 -9081 -3043 -9642 4239 4514 8831 8226 -7345 -410 -9387 5031 815 -8002 2161 -8196 2176 2593 1630 9952 -9366 6291 -4645 -4300 4074 1435 -8209 -4128 3806 8467 3350 6180 -4053 3306 1433 -9187 -6041 4893 -5270 6764 -8601 8852
6972 -6576 -4520 3071 -2437 1800 4136 9828 7549 -3763 -5365 4037 1000 7091 -9261 -9361 -6857 4820 2427 -4718 -1228 3950 -9350 4064 335 1218 -1421 -4099 -1529 -7411 344 -6927 -5089 -5683 -88 1385 -6981 -6492 -5729 7868 -2103 -9904 3796 3497 -2005 -8812 -8594 -4021 -6975 -3252 548 8141 -4289 -605 -4489 -4913 -820 -2941 -6854 -3583 3744 -3646 1992 7736 9439 -5486 9358 8548 -1538 -5147 8197 1868 -2373 3855 4079 -3015 7300 -9397 -6180 -1112 1403 -5867 -6793 -1494 -2323 -4392 -2916 3244 -6570 7557 -8183 -5517 -7145 -3916 4841 3172 -338 -7146 -7539 -2739 -1014 -1917 -5782 2519 5109 -2175 -6973 6512 5561 -5940 2132 9620 1861 47 5712 3821 -7778 8905 5181 3950 -6577 -9435 -2277 -1540 93 5205 3792 -5705 -8954 -6250 7069 4981 -6985 6942 -7248 6292 6564 -9714 1205 -52 -6214 6292 4405 4348 -4627 367 7707 5376 -6825 6748 -6523 8750 4315 -5720 6253 -2781 6829 9307 9239 9098 4523 -4081 544 -4085 2669 6432 4716 -383 -4393 5199 -9460 7000 -7749 525 2655 -4605 7102 5087 28 -8974 -4294 -7436 -6227 4885 6658 4927 1136 -2553
-8754 5147 -4784 -8765 -8454 -3755 -2525 -8582 5467 1788 -9671 4949 9984 9839 -8151 9896 -4559 -5187 5590 -130 480 911 2344 7333 4181
-7018 -43 934 -4078 6103 -4425 -2930 -6770 4651 -2923 8030 3404 2066 2127 -7036 8321 514 6044 9496 279 -1475 -4849 2244 3939 -7673 8281 -7934 -6117 1691 9237 -8246 -9835 8657 -7041 3217 -4881 -2886 2862
-5474 4421 -3934 747 -4322 -6703 -9247 1366 208 -6750 -3493 -2792 4478 -9164 -8088 1827 5779 9197 -2127 -8891 7139 -2126 2738 4289 -9822 5348 -4006 7169 1475 -9583 -4546 4564 -3773 -5359 -3910 -4399 -766 -7133 -476 6787 -3310 5154 6313 9637 -8764 -5221 9789 -7522 1555 -3484 9204 -9360 -8837 -3755 -471 -5096 -7551 5227 5652 -845 258 -5510 -1798 -9871 -31 2763 -8428 6532 -6427 9629 -5579 2643 9513 -2288 5228 -3863 -7202 -2039 -1854 9342 -4616 799 7559 2909 -3259 -5177 -6094 659 -5459 6673 -858 7427 -4903 -4993 4721 -4515 6009
-6140 -6259 3922 -5445 -2838 -7537 493 3270 4300 4733 3616 1093 4089 -7126 -4763 -727 9595 4829 6385 1344 -3531 2663 8555 -6198 9302 3638 8476 165 5755 -2754 -8717 -7655 6163 6095 1690 6906 8920 -4959 -8194 -7330 7120 -1071 -4283 -6130 -4612 -6734 2293 -3963 -4108 -5104 -7048 -4797 6801 -2171 -6555 -8640 -537 -8360 5614 4845 2111 7026 9890 4069 8879 -4293 -4469 -9106 -4000 -8505 -916 -2437 -9943 1617 2118 7523 -6202 -663
-8556 -251 4976 4626 5727 1459 -486 9025 -978 -9995 3883 -2075 -6135 3887 -7230 7940 -1690 -8742 -9851 -6306 -9939 8742 9184 7891
-9109 907 -4996 2568 7622 5615 -1396 -9927 -5392 -1260 9826 -7534 -5148 8897 325 4539 -6739 -2187 -4058 5427 -9420 -7495 7603 -9230 3753 2015 6142 557 -233 4857 4466 3523 6237 -4410 6676 5496 -7607 -5150 -1421 -1681 5232 8605 8192 580 -6642 -826 2535 8813 15 5641 -4594 -3855 -5267 -2955 -8100 -1289 -2337 1151 5059 -7480 -7736 4427 5462 -6717 9988 -9368 -4238 580 1909 -8471 4974 -2256 -303 5242 -1153 9861 -6541 -8868 2484 2306 -9544 5988 -5467 -8476 5589 611 -4309 -1920 8471 3900 5240 -6965 2489 3056 -4904 -1244 8689 -250 8862 8202 8906 5441 2899 -6440 9293 7612 1664 1014 1421 7395 -3034 2254 -7145 -8884 -813 5098 6430 4822 4335 -8356 9780 -6587 -7169 6161 2266 281 -5291 238 2185 1378 3793 -4761 -4601 5673 -4836 2994 -3499 9456 7994 459 6883 -2537 -7321 -7653 5247 -8042 8268 -9626 -4466 -1250 9657 -8852 4455 7945 8458 -6895 -3742 -8106 -5207 7539 6582
3864 -2400 -4989 3844 5032 -4924 1764 -780 -512 23 -6974 -9272 3621 -5766 -598 4245 -9697 9405 2397 356 2753 9748 80 -3734 8265 -4605 -4619 5273 9679 7272 9745 -4211 -1656 239 8385 -8299 -8208 -6443 2144 -4047 -1762 5802 8418 9491 -3053 4079 -800 7083 3697 8257
9813 2201 1494 -1400 -666 6988 -23 9127 -3965 -5056 -9685 -8532 -4521 5228 -7985 -6387 -4866 -4537 3177 4003 2022 -9238 9310 808 1560 1844 -95 2872 8429 -2478 -1393 5378 -2064 -7973 -3577 5746 -1808 -6426 2241 -5293 -6480 -2045 352 1609 9347 -8360 -3087 8196 -7709 -8952
5682 -4486 3151 9529 -1804 1408 -6571 8939 7083 76 -6718 -5916 -6732 -2457 2096 7908 1482 -7649 -7015 -5971 -4411 8792 6621 5097 -9099 -7370 5394 -8625 830 8741 -6392 -7605 4408 -5488 2638 7816 -9523 -3053 8254 -3857 9759 -7220 6027 6252 9955 -1243 -1541 -6712 -9157 1709 -3243 3878 7907 8047 -7720 4407 -502 39 -8045 9555 -419 -8574 9931 -2351 6455 4173 -4128 5721 8055 -1846 6580 -9596 7515 -5932 -3376 -709 742 -9764 -7269 -801 -912 8357 -5745 -9824 9781 8811 -3848 4605 -7929 2639 -127 -2932 5669 -9109 3062 7699 -9557 4703 2118 -6248 -2037 -5724 -144 6440 -2611 -6411 8274 -9959 -6113 8726 -1509 -9019 3282 -7926 -9785 8145 -3888 -6018 958 -6338 7965 -4826 -4010 -5470 -4551 -6453 8600 -6630 -1116 8039 9473 -2324 -6700 7230 -9840 7369 -8343 -3637 -3325 2815 -4360 -4057 -6745 -2154 1641 -5960 -5664 -1427 -8993 -7966 5893 1154 752 2736 -5164 -8125 -7270 -8213 -5866 -2313 -3773 1015 7050
5217 5901 312 7681 5741 6259 818 8903 2117 -16 -680 -505 -2274 3824 6651 3207 6073 7967 562 7750 -347 -2612 177 -7004 -9070 2423 -8180 5689 4652 -8753 -1425 -3591 7032 2610 -4154 -2462 -9996 -2101 2364 -8799 -5240 -573 -56 8110 -1738 -502 -1643 -4015 -3879 -2304 3203 6563 -7402 -2349 8228 5889 -5573 3219 -6905 -1218 7328 8205 -9472 -1444 -535 5443 -6028 1832 8533 -399 -1443 9314 -7711 4714 2214 8473 2772 -7241 6948 -6273 -1712 4243 -9017 -9052 71 2996
3829 7411 -3679 3503 -3929 -9502 -1159 1323 -343 9955 5104 -3094 -8048 8200 -2935 -2598 6663 -489 -2722 987 -7712 -3234 8736 -2254 -6133 -9692 9262 1041 679 -4348 -3751 6898 8726 -2415 9081 9519 4161 5766 -9369 -6076 8407 7263 -2486 5175 -9630 -3262 -3415 -9997 -4687 -7404 -9224 1437 5235 -4603 4587 -1623 -7039 8646 -1094 -4611 3887 -9844 -8748 9425 426 -7102 1012 -5121 4441 -3041 8978 5111 -6473 -8522 -5823 810 -8625 4908 2970 -2988 8676 3440 5009 23 -8750 1065 -835 2240 -4796 -3830 -7557 5769 975 -9317 7526 7118 4517 -165 2669 -2614 -3248 -3307 5138 5474 -932 -4821 -1934 8588 2226 6366 8118 4267 8122 5452 -557 -4792 -1244 -1248 6126 -4143 -7599 2667 5815 -3774 3336 8116 9708 -1026 -7601 -4469 -3348 -1137 -902 -9089 -7802 -9835 3925 5200 2779 -7787 4138 9537 -1475 1009 7880 9796 -3136 -3343 5628 -4621 -2390 -1299 -3198 -5786
4775 3228 5222 6263 8806 3247 8697 4794 6700 1449 -7116 -2057 1755 138 -1228 4694 -1265 -7392 8401 2071 -7096 -469 838 -1154 646 -4587 -2723 -8658 -3854 -5250 8930 -2848 9078 6106 -9111 -6963 -8302 9506 9777 -5486 2914 -1648 -5760 6126 -4916 -7085 8185 -9162 -2636 -9453 -1283 8755 3470 2756 6324 -6180 -9877 -9939 -3815 -8948 -8347 -2411 6085 -5910 -7117 5974 -365 2025 7682
-4709 6012 9241 6706 -9193 -5466
-8088 -91 -144 -9497 6827 -8606 -1442 2424 4197 7534 -3518 8742 2807 9286 9554 2739 1768 -7467 -7156 -5192 3810 8931 -5865 2309 5053 -9001 1413 2996 -5458 -9816 9731 5593 1101 -8431 -6057 2056 -7580 -1260 -8248 2727 3765 5632 -2260 -959 -1443 4019 5216 1509 -379 -5913 26 -6669 -1337 -4629 -9726 8489 2699 545 6671 -3181 4107 2637 -1004 -2695 7002 -8561 -2212 -2252 8086 -8626 5870 7470 -8945 -8100 -2686 -4136 -1227 -142 5907 -7567 1516 4025 -4401 -2122 3544 6918 5870 3236 2605 -8762 3021 117 3791 9900 2907 -3240 7007 8280 -9819 477 1550 1085 3076 -8822 -9933 -394 -9350 -8646 8003 -1163 5366 -9920 9676 6950 9849 7113 3167 8792 9018 3038 -3837 6007 2619 4693 -260 -7261 8676 -3153 9542 2731 -9118 7140 -9729 8765 9424 2349 4899 5265 1537 -6916 2039 -9634 -5753 2031 1588 1703 9864 -2304 -9264 8780
8949 9172 3353 9528 2350 -1530 -5133 7947 9599 9748 8193 4624 3619 -980 4428 3000 8636 7949 -2260 9561 -652 -1852 -2028 -4191 2986 -7521 6208 -7076 -9552 -9050 1604 -6409 9985 7555 -8767 -4347 7669 -3370 3268 5614 5885 -1704 -1650 8697 634 8132 -8240 7295 -1864 -1566 1841 5538 -7262 -7337 -5742 385 6618 8097 -8738 -5362 7506 -3205 5355 3382 521 -4063 -753 -9214 7391 4818 3204 7901 -9404 3319 2555 -4874 -6848 -5137 9956 -1978 6478 8052 -4416 -6021 6672 -2448 3155 -3305 -590 6919 -6378 3288 -8829 -935 2325 1656 -6279 2260 5245 1864 5815 781 -9281 9842 -670 2475 -4618 -4495 7369 370 -4685 -2254 -6094 693 -6045 -9894
-722 -4513 -4639 1397 -7358 4368 -4156 -579 3078 -8355 -6940 1518 -5941 -8582 4692 6404 -1194 -7647 -7445 -1195 8842 -8025 -2754 -8677 -8307 5946 -6280 4777 2627 -5014 6863 -7785 -7480 -5390 1933 -1893 -1781 7823 194 -6175 -3078 -6099 8421 -1982 -3271 -3451 3512 -79 4232 5113 5917 -3996 9619 4227 437 -6564 -8343 -6304 -4364 7273 9948 -2624 5678 9520 -7525 8160 1680 -4143 1843
8674 -5832 -8741 -2874 -7467 -6396 -2823 8051 -688 2095 2780 5652 -6761 -5257 -8639 3717 6065 -9084 -1228 -7968 3759 6004 -1443 -2771 -5480 3978 3496 -644 -9282 2154 6574 -5762 -6368 -8641 2719 -3441 -3133 2249 2556 3562 -2742 -5033 8794 4995 -9166 -7322 -3960 -794 -3249 9936 7868 -7989 1279 5607 6781 -6993 -4315 -5976 4025 -4351 8835 6679 -9960 -4167 -581 -8762 3183 -7793 9504 467 -8110 -2695 -1150 -5113 7806 -5702 -1384 9874 -3473 9845 8654 8756 -4968 -6260 -1334 -7430 -2616 -1155 -3211 -2430 -382 -8938 350 -396 -5861 8457
5023 -1006 -4703 4016 -3218 7369 7549 9487 7125 -7832 -3275 -6531 2955 7676 2624 -6440 -4262 7238 8402 -3650 -5823 2696 -5826 -7963 6534 9256 4359 6770 -5572 1326 -7435 -698 979 9959 -6731 -7725 3534 4545 -9148 -7821 5242 1505 -6632 318 -118 9643 2668 -5443 -4326 4378 -6005 6749 -8298 3952 3525 -8616 -914 2908 1204 -4568 9618 -6019 6125 -5269 3662 7866 8805 5767 3194 5099 6827 -591 9756 6364 -3855 6594 -8999 -9045 2132 4171 -7182 1997 -4485 -7843
4981 -3894 593 1728 -7819 5327 -4895 2041 9384 -7839 -2246 8425 -6350 8139 -198 7871 4896 2032 7383 -2109 8506 -416 -6471 7505 5746 -2548 7716 -8319 3289 2665 -3276 -7760 -336 798 5997 -2628 1376 -506 -595 -4982 4431 3173 236 6562 -5898 -5409 -5234 5971 4826 1132 1344 -164 -7023 -8371 2083 214 -3214 8668 -865 2297 176 5365 5233 -8979 2981 -3639 -3123 6764 778 2555 -4059 3519 2972 1328 6724 -7633 4019 -3726 -565 -5167 -9862 -3133 2104 9045 -6820 3458 -3166 -3599 8821 -6465 -6393 -1371 3789 4390 4368 734 -4312 2702 -1510 7430 9679 -7409 2514 -5328 5969 1144 4617 7251 9831 -7175 5548 -6409 -9373 -6601 -8824 8620 597 -8867 -7248 7167 3906 -9443 1176 -252 -4072 -3735 -1069 -8109 -7100 -8922 -8030 -7769 1725 7396 3596 -1173 1816 5497 8677 -6571
6744 -4524 8286 -9607 1996 -1744 -1318 286 2433 -3217 -7134 -9071 -4535 -90 2792 8760 -6597 -3726 -6935 4305 -3051 7864 -1376 9247 -208 3909 -8857 -1546 7562 8569 6944 -7327 -5187 4470 7359 -5163 -7974 3916 9877 4072 -49 115 7360 5967 -6821 -6823 2227 -4066 738 2192 -2732 6924 4500 9508 -9431 5917 -7790 4985 261 2677 -1990 8562 -5046 8308 -1904 2561 -7281 -774 9846 9531 -5671 -267 -5603 -4103 2113 8026 -5052 7011 5395 -8167 -6909 -440 -4590 -8513 3484 9069 8524 -876 7618 -149 -6769 6185 5766
-3527 1581 -2988 -6933 -3899 -2564 7106 -4791 8411
-3780 -2991 -2812 8291 8672 -8020 -1048 412 -5861 6222 -2713 -403 -7398 880 8476 684 2106 343 5511 7095 -214 -3562 -2260 -1220 5573 612 -3747 7196 -8088 -7859 24 -3902 3246 -5059 9828 -9672 7456 -8266 -4543 535 -8816 3066 4577 -6625 9215 5161 5681 6210 -4604 -5099 7754 6472 -3506 9239 -8106 -4487 -621 9946 -7653 5162 7994 -6451 -1210 -8153 8877 -4604 9529 -2023 1653 -4607 4735 -2902 -3036 2105 -7564 6176 1796 4640 -6571 7463 -8470 2540 -1560 -9308 8128 -6472 7721 -693 -2261 -1260 -2725 3504 -5151 -9071 -5121 -3112 4039 -3651 -3110 -1072 -9151 3177 5466 8675 8225 -6151 7680 -9875 9023 8963 -1676 -7165 7098 -4931 -1292 622 -347 -5026 8936 -6500
1019 -1689 3622 -9772 -9271 7825 7691 -8191 -7378 -9652 6390 -17 7733 -7209 325 -1780 238 -812 6405 8388 -7073 -3403 9853 -6149 -6712 -879 -431 5839 8155
1014 -5806 1435 -10000 4079 -682 3797 -3731 -5339 7028 2051 3377 1662 6877 5007 -5582 8195 3225 4998 9923 2721 -1991 -4422 3988 -2455 2366 -2140 -3897 5499 -4006 524 3705 6355 -9458 7643 8632 3255 -1646 5381 -4262 2315 -6030 6149 7324 2468 -4393 -5959 -8770 -1887 -3038 -8966 211 -6727 5880 1879 9426 2372 3037 4628 -9753 8462 9595 3954 2015 6258 14 9685 -2881 -9866 -6774 2945 6653 -1921 5862 -9932 5422 1447 -9740 8538 8493 -642 -6961 -9619 9516 8606 3321 -2711 6465 -7856 -4356 8945 -6690 -3011 -6757 4316 -7378 -6906 4723 1968 7481 6514 3614 1454 -4114 6180 5399 -45 -1404 -1254 9394 -7164 2861 -6785 -5979 3552 -6177 9817 -2218 6060 -8977 6216 720 7665 8892 8926 9014 1391 5891 7852 -5639 -13 8654 1935 3227 -8561 -5690 -4450 7028 -3504 -9561 -704 -7298 8365 656 3400 -8420 -6168 -3296
-7794 6108 8160 -4150 -6330 6196 -1812 -1992 -7628 -8239 8451 -345 5496 5632 -8737 4462 6697 9222 -7267 -3953 1641 8999 2088
3841 -6759 -742 -8492 7686 -4803 193 -6830 -7207 2472 2502 -3177 6536 234 3869 -7106 200 -9309 -8248 -8799 9199 2034 -9652 -2403 6516 4635 -9652 2525 -8032 4360 -3258 8138 -1206 2993 8163 -4054 -3939 1647 9952 -6927 5825 -3386 8716 -3073 -1505 -9468 5811 8873 -5330 -1864 -3113 -4157 2181 8531 8924 7601 7845 -6753 -480 2592 380 6460 3304 -3488 2562 5907 -574 -9530 -4398 9783 3309 9152 -4273 -2993 -124 5933 9078 794 -7136 -7411 -72 -3026 9838 5640 -2216 -7784 -1368 5850 4628 -9816 -7317 6228 22 -5210 -687 6554 2873 -9921 -973 -8056 -7328 419 6573 -9928 -7161 2734 2853 7935 -962 2411 8162
1122 1608 -2886 8490 5079 -1395 8236 -4604 -4119 4769 8392 7400 844 3435 -7258 9697 9348 2754 3962 -8114 7061 8062 1112 8424 7739 5610 9569 875 -768 3231 -2617 3449 4582 5293 -8963 -3804 -9692
-5140 7841 -6307 4466 -9994 7928 -4824 -400 -5939 -5949 2308 -4008 1198 -9580 -2270 1358 -4307 -8447 -4132 -7706 8003 -2390 4391 -9761 -6674 5236 -619 -9672 7825 -8052 5091 -4903 8643 -9173 7123 6030 -446 5688
3753 1721 5972 -4767 -3975 -1317 207 5400 5960 -6013
-1171 -4734 -4527 -1998 -703 3254 -2981 1253 -6333 7507 -8579 8696 -4329 -5980 -7893 -2820 5439 7184 -4629 -4767 -3026 -7488 4345 5435 357 821 9155 -305 -3416 -7940 2256 -8747 -5299 -392 -3259 7471 1925 6385 8243 -5481 9547 9790 9790 8262 -2589 6100 1070 3682 7979 9878 -9310 -7337 2728 -6410 6251 6677 9223 -1869 -3174 -4718 -9393 -406 5761 -709 8200 -6782 2559 -8638 -8817 -8958 -3807 -806 4898 -6814 -7157 -5285 -6477 2304 -240 9100 -9276 8358 597 -1490 8235 1180 -4915 2187 5985 9530 -4309 -1754
-2149 -7993 1927 6564 -6263 -1704 243 -5322 6836 6182 2397 6308 3080 -2919 -9565 -5772 -6195 -575 -6064 8123 2602 -6039 7871 4837 2544 8780 2452 -8455 3779 -298 457 -6200 3576 -5710 7386 3902 5432 -7333 -9355 -6344 -700 8174 -8466 -4702 6495 1735 9736 -7746 -3125 -362 4283 -2692 3301 5937 4446 -3008 -9616 -3216 7945 -8877 3184 -7686 -3292 -6690 5305 1396 -3526 -5204 -2057 -9242 561 -1546 -7205 532 9210 3196 6336 -3224 6283 3534 5665 965 -1750 -7698 -1193 -754 -4893 4576 -1881 -2805 9974 6126 -8711 -3588 -1076 6089 -5192 871 -2040 9309 -5587 -2421 887 -6270 1037 9992 -5684 -9226 -1666 -1784 8565 3599 3275 -1906 -99 -6517 -6956 8838 1340 -2438 -7733 -9329 -6174 -6486 6587 -6368 4287 5312 6624 -5011 -1673 3111 4950 -3529 -9131 1722 -4549 -310 -4536 5538 -2057 8590 9077 -4602 -532 -7252 9577 -9107 8148 -3215 -9294 8771 -3772 -8458 -9981 4524 5445 -2044
-3967 9399 9352 -6707 -5167 7509 -2880 8336 1086 -1293 -9027 -4921 7810 -8931 9561 7569 521 8736 4972 2519 -9844 -6953 -976 9993 4258 -7023 -1656 -4627 -3894 -6577 9829 -2866 -164 -9962 9908 -8519 -5788 -8673 -5135 9190 -1265 3267 9808 -860 -2702 9311 -61 4450 1673 -2909 -9051 -3116 3020 2995 8934 -5511 3793 1069 6208 -8211 -6468 4982 845 6540 -8755 -7450 -7258 1742 -6271 7593 624 6747 -9361 -1173 -1053 -8154 7361 -7525 -6121 9111 -1435 -3508 -8656 -7958 -2889 -2790 -940 -6817 4633 8327 9616 -6629 -7649 -490 -7396 4810 -8675 -1673 2255 3754 3828 5922 5042 -8798 -3300 -7808 8199 6450 6213 -3359 4186 2593 -3906 -9507 -875 6878 8372 -1956 4286 8483 -7563
948 -4440 5786 5356 -6759 -8766 -4460 -7136 -4281 -6668 -5863 4706 -1679 924 -3092 8771 311 1836 -4812 -523 -5064 9612 -5449 7755 -1357 3 -3614 -8016 -6174 9424 -3771 5206 -3111 -6856 7187 -2730 -4148 -9427 -1598 -7507 9981 -1859 -309 2617 -6158 2560 -6918 7008 6604 -8640 -8647 3749 -9239 -8656 3627 -2725 1544 -1530 2730 2467 1258 -5420 -348 2583 2428 5084 586 -9498 503 3151 9155 -3191 5180 5958 -112 -5639 -5863 2914 5659 -410 -67 -6876 -4501 4723 -5299 -3949 761 -4103 7086 -5291 -6529 -7499 -5543 -2379 -9597 -8730 2669 -6403 -7942 -3654 885 -3272 476 -9130 -9702 7264 -4274 3340 6351 -97 2497 7987 -894 4481 7468 -2453 -3286 -7508 9645 -4379 1383 9369 5244 3806 -6318 5764 2528 -378 7548 -4236 -6849 -4561 -1842 4559
8966 6221 -7749 7399 -3474 6290 2246 1674 -3559 -2020 5503 -3658 -1583 -5628 342 5704 8980 -8363 7070 2772 -8764 -4661 4673 3656 7295 1284 -2408 5130 -1755 -5309 2965 -765 8320 5631 6296 7228 -8899 2610 -1866 3708 -4441 8336 -1697 -7332 -250 7681 -4997 9797 -864 -4489 214 -1095 -9173 -5588 -1130 -1964 5360 -9723 -811 -9073 -8029 531 -9343 230 -6185 6172 -1929 9897 6205 -4439 59 8089 8650 1979 5355 -8885 8729 -4197 -9470 -6795 -2475 -9888 9383 1273 -7070 1305 3655 1842 -5763 6993 -2335 -7317 -1127 4736 -9740 -252 9019 -340 5050 9403 1014 -5657 -7197 -8916 32 -3132 9771 -1192 -478 -1729 6740
-2230 5966 8000 -1597 2419 4111 6839 -285 -8598 518 1865 -8580 3185 -9751 -9909 2965 8999 4615 -8167 6039 -7714 -3092 -7958 4356 -1394 4234 -4363 -4481 8797 6523 -7614 1667 1728 -5198 4656 -958 2932 8144 6695 -8732 2359 -7448 -2501 6438 -7078 5101 2885 7623 4071 -7681 -4792 3876 101 5294 -5289 4381 -7937 4827 1147 -1324 -6305 -8698 1844 -6490 6700 4649 9145 5464 8000 -2864 -9029 -9160 -8460 7626 9577 3513 -5833 6639 8178 281 -6454 -8770 7623 -6917 3316 -8587 -8006 -2196 4163 -6427 -8528 5881 1574 9838 -765 118 3133 -5753 -1689 1861 7761 -3931 -7882 1886 -396 7835 -2197 1916 -4122 -467 9678 6284 -1462 9860 8685 6056 -9151 -8512 -7323 -565 8308 -5523 -9736 9608 -6852 -8587 724 -7422 1094 2043 -9358 3861 -780 2038 4099 -2739 -8197 -4341 -4133 -8061 -3749 -1196 -2343 7655 472 5789 1699 -5006 8310 -9547
8860 7151 5673 7504 -7585 -3496 -5242 -6137 -8726 -3859 -6563 4494 -7536 -5118 -8447 6174 7544 -2333 6070 7831 2841 3308 -8099 1629 3846 -9812 -5642 9692 954 3496 -1067 -8121 -1600 -4354 -3793 -8322 1329 4510 4104 7913 5214 8540 9641 -8273 -9386 7340 -3972 -5233 -4372 1877 8153 2681 2238 -5313 1177 6400 5798 7997 -9663 7945 418 -5591 2459 4608 2830 -1486 -7372 5650 6959 -5245 -7415 -9317 7301 -7036 -2371 8990 9113 -3521 -4984 7157 5909 -8274 4370 246 -5977 -6302 6535 -6364 6221 -6609 -4860 1950 -2737 8159 9590 7598 5515 9636 -9496 -6062 -4639 3231
3176 -9289 -6770 2894 2954 -4699 -6237 2757 647 1414 -3957 -3263 -1642 -3270 4372 -2156 -6338 -9399 -4688 -3892 5959 3037 9440 2784 -1585 -6266 8639 -5253 2093 -7962 4315 -4598 9098 -9728 -672 8866 3565 5085 -795 7732 -4271 7168 -5715 -4092 6580 -3905 1869 -9592 -9547 372 4837 1615 -9913 9357 8395 -6530 2580 -566 3594 -9762 -5053 6887 -1912 -4286 -5977 -3671 -8185 -4079 -8411 -4444 -329 9211 6410 -7041 5911 -3402 3314 8091 -7112 9177 9802 4494 2444 937 2365 4955 -9032 -6180 1894 7169 4151 -6369 6442 8039 -442 -6940 -5260 -3387 -5235 3887 9255 3966 5738 -4360 8571 8088 3859 -3171 5917 6737 -5783 7930 9675 -7299 8073 -7263 5250 -9689 6646 3495 1138 1033 -5859 9515 4532 -1275 6970 -5535 -3896 812 3035 1148 4284 6668 2620 2782 -8997 -5449 -9751 -1135 7680 -9811 -6233 -5639 -8249
1452 9391 6605 7687 -8395 -4915 -5133 1735 1466 7941 -6817 -9570 -7816 728 -2760 -8879 5840 833 -7599 5684 3371 2605 -2762 7239 -2152 7162 -5959 8148
3931 5844 1888 6812 999 -6350 6354 7762 4337 5437 -9838 1964 4707 -9246 1144 4048 7263 -2400 -9175 -6004 -6393 -2217 -6186 -3756 6223 -9014 -6890 5235 252 -9618 7766 -4117 258 -8021 -248 4063 -6284 -8926 6690 -7113 7594 5745 9657 14 -169 -2011 5789 941 7418 3994 595 -6881 8400 -3092 4287 9516 -5176 6168 -884 -8564 -1104 4206 -1798 6682 5439 -9915 8799 -2795 -5425 -5877 4972 -2444 -8441 -2608 3579 -9431 -6532 5307 -2278 2092 4383 -1974 415 -1428 -6469 1619 95 4399 -697 -2892 -5164 -3924 1303 606 9646 -2837 9256 2168 4156 9353 -6828 9884 -6366 -2482 9443 -5302 -4301 -9638 7496 9072 -569 3043 401 8905 3458 -9844 5382 -9807 -8280 9494 -3046 -4599 4356 4878 3403 632 4058 -7753 8235 4143 7801 4168 5948 4345 7505 2496 1610 -9981 5881 -2317 5754 8108 612 -4304 -5608 4957 5558 2248 874 -9202 9966 1239 -2986 7818 8104 2818 -1872 -2706 7370 77
-1128 -1529 9325 8313 7381 -3538 7547 -2475 -6381 1909 733 -551 4094 -6230 -9653 8834 -7408 3386 -1070 3299 -4972 6454 6850 -7268 2624 1646 4218 -6269 2998 -4855 3477 5966 7481 4165 -566 9850 4242 -1113 5040 3486 -2295 4238 9455 -8140 -5692 3176 -309 3170 -8175 8354 5312 -4619 -1512 -1780 -50 3140 -5834 652 4322 5685 2586 -8342 -5692 -797 -9904 2677 -3827 2849 8435 -3694 -5462 -8734 4384 8967 -7657 3451 7287 -5667 -7528 -4547 -8045 -5819 5966 -8093 -9352 8622 4841 4698 3498 9073 8601 -3499 7918 -7886 -7124 6146 -7843 -9820 1399 -4872 -7946 1632 6982 -1333 1039 -7410 -2180 6909 8520 2535 7833 1244 -4435 -9552 -1742 9880 4212 -7277 -304 -3899 -5653 -2057 1752 5310 -6085 -7456 -8431 -8114 6628 -8101 435 748 8397 -9654 -4891 4949 8404 -8786 -9302 3073 7206 -4092 -8757 2753 5546 -1339 1106 -3592
-8676 9166 -1268 2869 7132 3896 2930 8010 -7402 108 5897 9226 -7075 3941 -8453 5572 4053 8655 -3560 -7029 1460 -5884 -9266 7766 8269 7513 -2224 8776 -7208 3288 996 -7277 -5593 -3767 -7993 1889
-1321 5173 -4935 6795 7338 -7916 2490 8909 -5697 -760 5671 2660 -7004 7145 -5632 -1285 -7156 4351 -1129 4518 -5566 -1818 8774 -7797 9751 1957 5804 6756 1705 -6352 7755 -6023 -3407 3232 -4638 -8654 4939 -9495 9090 8874 664 -3768 890 9524 -3377 -8320 -3846 -4548 -5456 2332 -6053 4642 1311 1836 7782 146 -8272 9590
-1341 -9570 6275 4606 8537 1288 7520 -6362 7467 9230 8475 784 2425 8855 9785 2416 -5335 2012 3794 1417 -4499 -8649 -6616 -3724 656 -7446 -5708 6037 -9484 2095 -9837 -6660 7723 6937 1156 -6823 7546 -8956 700 5658 -4821 -2244 -9166 -5437 -8244 6742 9132 3411 -6726 2508 5948 -4709 2528 -2640 8233 -8379 3529 7088 -3266 -55 -9005 639 6579 2320 6531 3757 9533 -3675 9237 9591 -4930 562 8025 -3341 7103 -8480 3015 140 1814 1024 -7245 7162 -4212 -9926 -6248 4594 -9353 6901 -1192 3849 762 3029 8791 -7385 -1177 -3223 -8492 -1133 -9914 6025 3139 -3747 -4904 -1760 956 3023 -8203 2377 -207 -7351 2807 -4255 9707 -4617 2273 -1783 1101 -5779 -6338 -5988 2523 -5833 7097 -958 -4408 2668 1632 2231 3549 1922 -4351 4658 -2125 -6466 2250 -1719 -3638 4680 -5052 8375
5629 -5098 -4244 3754 7790 1276 9575 -5715 -9489 3008 1671 5696 -667 -8565 3686 -5650 7774 6996 2454 1358 1310 4298 8280 7369 -7531 3176 -6664 -1982 -9739 5414 8291 -9867 5167 -5424 -8282 -3574 4676 5904 -9350 -8894 7305 -8048 -472 -2789 9486 6549 6533 -3624 3460 1316 -4074 -2014 8403 -4684 -3756 7498 -8343 6113 -4571 4675 7085
774 3734 -5337 -4617 6404 9590 -5975 -8129 4187 -2314 -3898 7134 -2864 9731 -543 -2668 4144 6808 8950 8227 3823 9633 8832 5172 1639 -7175 2526 5575 7179 -7522 2814 1286 2720 -189 7614 3522 -2934 -845 -1633 1718 8291 66 -1378 -316 1918 -101 9735 1301 -4442 9976 5635 -9087 -7723 2345 -5029 -6779 6708 -4117
5458 -730 -8796 -9922 -1441 -9478 -2796 6691 -8230 8065 951 1029 292 -4471 6953 -7964 8375 -2429 921 5963 9738 -2011 -2608 -7162 1312 -7086 -7933 5844 9516 9745 1766 2793 1637 5148 -9011 4091 1056 2835 -988 -2973 25 -3988 -370 6444 -4591 8257 -4049 9403 -3768 -2052 -2333 1068 7428 2852 9293 9796 -4479 1924 -1958 961 -536 -3876 7672 7679 -4226 -1754 8540 6779 -2788 -1840 -3510
2461 -7194 -2553 -3747 -306 -9953 4337 7937 -1634 2389 7540 -694 1611 6637 8117 -8004 5793 -9299 -2378 822 -4098 -3364 6851 614 -1487 8438 -2115 7573 -5709 3039 -465 7622 5071 8977 9257 9813 9009 6667 6434 163 7492 -8007 8680 4785 6592 8045 5864 3687 -5344 889 8311 -5360 -4822 6966 2646 -2039 -5598 6447 8062 4742 -2735 1104 1478 -850 -7960 -1005 -6636 -2744 3180 7241 2134 6237 -4455 -7881 -1478 -2463 6651 6159 2996 9144 -9129 -9836 -7870 -4252 -2574 698 6283 979 -1909 -8991 1108 -7653 -828 9903 -3017 3255 8687 -1195 -5839 -6915 -9221 -6684 9280 6036 2583 -3711 -4862 7967 -2371 -5544 1811 6200 -3179 -6305 -6946 -270 -3419 -1989 -7282 1320 6164 8464 -326 -8812 -1034 6442 6699 9585 4738 2252 -1434 350 -9825 -3867 -5732 -4247 3880 -1255 8416 -7656 9669 4300 1076 5445 -7270 4338 8457 3389 8051 -8995 -8874 -5262
875 -6600 -9669 6146 -8324 -180 -3539 -5589 1669 -6621 9303 -8348 6861 -9985 -6862 3868 5808 -627 1772 -7465 -7191 7964 460 9061 6105 527 5226 -8111 6442 8329 -2625 -7056 2533 -979 9776 -9914 8347 -1974 2614 9734 -4282 9882 383 6732 -346 -2038 7336 -3088 -3751 -5294 -9257 4882 2933 -9399 2633 6541 -5116 5727 8975 -458 -7748 2839 -8296 -4306 -1509 -1520 7871 -7875 -2469 3681 1568 -6590 -8929 -8111 -5913 -1242 6403 -8547 8861 4445 1013 9583 -3766 -8473 4327 -4819 8829 4441 2041 -7676 8097 -8240 -9020 -9999
-8448 2329 9741 -5798 309 -9387 3679 -1134 2834 5634 -7592 2939 696 5680 -5938 5395 -129 -7594 -546 -7300 7168 3428 -7680 2307 -3472 2098 9762 -765 1357 5441 2404 2877 -5803 -6620 5250 7599 -2025 1228 5949 -3645 8489 -1704 -9459 -437 4000 187 -7088 -5323 3837 -2907 1359 6550 7209 -4812 -422 555 -9738 7060 -2917 968 3113 -3644 -6078 -7992 1647 -349 4852 -1012 -9695 -3917 4836 4055 9385 -8230 6411 5292 6590 8696 -236 -5897 8464 694 1399 9282 9609 5338 7187 4597 -2667 -1298 -5639 2678 -8024 8055 8793 -6624 3286 -4681 6144 9537 -8849 6627 -5688 -1245 -2806 611 -1793 -8989 8614 -1276 1554 780 3631 -5370 9816 3565 9456 -1072 -3269 5792 366 -8850 -7085 -4131 -5355 4920 -7348 -5919 5712
-5333 4407 -4696 8258 -4779 3759 -7173 -9391 -7723 -3050 1362 -8890 3890 -1843 -4864 7334 -2665 -1699 -7898 -1505 -4063 6305 576 8773 -5805 1047 -1677 6092 594 -5355 -4023 8668 5039 3561 6594 2130 1299 -4708 9149 -9765 9409 -802 6308 5422 7609 5705 647 -6376 -7106 -2397 -7144 1429 352 181 6906 5373 -7581 -544 -6955 4983 -4707 -2401 1810 2932 1749 -8726 7627
1410 -4232 -1263 -7733 320 -9307 -7514 -5086 -5476 -5678 -5770 6268 -6755 -747 -4835 9992 8683 1026
7537 -4303 -3153 4019 8966 -4023 -733 5683 9308 3843 3092 277 -310 6101 -5977 6825 5555 -1051 7114 -8282 4676 758 -1480 -5658 8292 6377 -5971 587 9213 -6800 1592 -8154 -6806 -7915 8042 -2163 -8239 -5946 8893 4935 -4517 -1757 -3752 -6305 -1822 9943 6154 6021 1949 5247 5042 -5131 8218 7395 -5910 2013 -5379 -3426 1039 -5778 -2639 4303 1979 -6485 -2204 -59 -2504 -5459 8828 3299 -5186 -481 623 -7882 -5417 3843 -4695 7066 9757 5765 2288 3001 -3990 9406 8055 -89 9804 -1303
4626 -4860 135 -7713 -8704 510 -8317 -6448 -2012 9330 8605 -2771 9216 4520 -2360 831 1883 -7253 -4117 4430 -407 -4831 7893 -840 3019 -9730 5263 -6534 5385 6065 5852 1210 -8066 3406 7027 2617 7254 -6372 -1309 175 7858 -6118 -9697 6080 -6521 3950 4321 -5792 -2914 9901 -3922 574 6539 2546 -6392 -1677 9961 -9827 -8857 -1446 7000 -550 -8674 -7618 3376 -8670 -6829 -5698 -6423 8360 4997 5394 478 2210 -9920 -1757 -1002 6248 -1347 355 6211 6765 4079 -9192 -4155 1324 1493 -5367 -710 -5147 -7907 -797 5452 -5574
7680 6846 -3993 -7769 5857 -8909 -9713 1026 -9003 2953 5739 -7979 4876 3239 -8212 -6551 -9625 -4511 5256 -6023 5871 -9710 1211 9083
-8152 -1611 3097 -9179 8736 9565 -2898 773 -5438 3152 1862 5785 -5396 3803 -6739 8081 8021 -841 567 -3809 1207 8049 4134 -5329 312
-9146
3787 -7311 2653 8011 7698 -1217 -8273 -3921 -3281 8645 1574 8738 6080 -8715 -6857 8089 32 -6605 2092 -7044 7801 1954 -830 1400 -222 -8355 6883 9197 7608 -218 3948 -5055 8084 1694 8016 6886 1116 -2979 -9555 4400 -2607 -8063 5007 -7119 2981 7158 -5557 -7236 -3117 -5722 -6787 2532 -4188 1689 -34 7963 5975 -1441 2027 3145 9075 -5823 -6284 -603 -4340 5951 8095
6900 -3009 -429 5661 603 -5034 -6075 3993 -5224 7711 8199 -4757 1337 3440 724 -1777 -8203 -9947 8830 -4462 8042 8585 -6050 8298 5845 1884 4270 -6581 -6138 2185 4578 -8308 7833 -1742 4553 -5469 -5221 -2144 9509 -5316 -9748 -8550 -5181 -9243 -4004 9693 -6490
3563 -682 4679 -6014 -8679 -5116 8246 -9615 -4785 -1441 4006 -5424 -518 -9174 -3301 1853 436 8093 -2754 -4933 6841 -1987 7003 -7339 8733 9136 -9942 5367 3026 -3301 -1461 8061 -3562 3955 -6092
-945 -6955
8685 8402 8152 2863 -7532 590 -62 1049 7578 2399 3705 -763 4301 -6516 -9713 7891 1292 -7178 2749 8169 7346 6622 -9886 9037 -2390 -1613 9184 1284 -4213 5026 1710 7768 -1458 -8782 473 -2483 4 2649 2535 2301 -4471 3439 2260 4846 -9397 3580 7533 256 1127 9449 -141 2672 -4915 9752 -1053 -1217 -7121 5093 183 2262 -3495 7481 -420 9808 -1768 2406 -5164 -3984 2209 8289 -3362 -6553 -4475 -6223 -8116 -4341 879 -7298 -7772 -7782 5056 -295 504 -7212 8688 -1833 -1905 4896 -9738 -1445 -4679 -743 -5995 8897 -4924 8561 -7089 -3723 -9715 -3937 7793 -4564
-7318 -7114 -4618 6942 -1433 -4912 8623 9350 -7826 -7565 -9268 1501 -9408 -7549 -1957 6141 -7375 -9591 -926 -6241 4548 3742
773 -8010 -5446 -7264 -8951 4467 1071 3333 2548 245 -5603 -8532 -1944 -9379 8698 -484 -4431 -4843 -7230
-620 2649 9710 -1172 4220 -5818 1823 1102 -3326 9929 -6435 5190 2417 -6868 -9694 -9428 -4857 -1402 9440 -1249 1685 2341 -1202 -9369 2488 -9463 -6712 -246 -2587 2857 5749 -1259 9482 -6065 1484 5068 -3826 -9627 9167 7405 -3522 8373 8204 5118 6112 -7423 2259 -9954 -8568 -742 -9193 6620 8567 -8795 6389 -4936 -2333 7839 1491 287 -4983 3795 5841 -3941 7316 5295 9194 5657 2980 -9414 -5170 -5610 9530 1559 8449 -8766 -7596 1149 -649 -4351 7562 5531 -8670 7348 1187 -911 -1517 7772 -9091 -4704 -8070 9786 -6859 7520 3739 -5231 7821 1367 1680 -3799 -337 2550 -6946 4884 -5599 3801 9417 -1270 -572 -684 -4963 4416 -6279 -2819 -9029 3970 -5212 523 9036 4012 -8487 -2815 -7666 -6243 8165 6394 1498 813 7944 4618 6650 9158 6290 1891 9858 2228 8280 -4875 1820 -5286 -4748 3798 6458
-8461 8832 7314 1768 -8404 9025
-8150 7181 3068 -7982 5345 4842 4848 -6259 6471 -4950 8842 6040 4198 -7433 3604 6927 159 -8963 -6271 8301 713 285 -6322 -506 -3314 7518 2334 -4002 -8223 -2893 -9843 4093 -6825 -4198 -8480 -7324 7993 -8485 3768 3677 -409 5480 2451 -6930 -4307 9381 -7514 9593 8621 -8056 5218 8440 5581 3042 2222 9467 -5247 -3954 6436 647 3693 -4754 1877 118 6145 -6509 -4484 3932 -1101 -7092 7146 2543 -214 8938 -4549 -4028 2246 2746 -7896 -2712 -5357 -8874 -4733 -9933 5275 1843 8343 -7618 -7919 9953 -7421 8023 -7443 -3550 -4782 9859 8040 -3418 8855 5492 5060 -4387 -2819 33 -523 -3999 3159 7988 1262 -3027 5982 -5725 3727 -6644 4852 -2134 -2260 7956 -6379 3819 9890 1602 -8157 -5622 9314 -5819 -6286 -6484 -9759 -44 -9624 -615 5983 -557 1225 468 7244 6802
6669 -5912 2128 -1369 1835 -8964 1550 -9032 8841 2650 -9612 7933 -9786 6825 7159 -9646 -9194 4160 -971 -2775 -7300 -678 -1949 -8269 5433 1743 2923 -6105 7102 4441 -5836 6003 -7994 8612 -2270 4465 -3131 4728 9057 3278 -1911 2756 300 -3189 -8320 7737 -9680 -7968 -4676 -9761 -8168 7518 4682 -9004 -3629 -1658 2262 3108 3304 -8752 4144 3350 -5633 -4318 -9462 3484 9021 -2249 -8354 4733 -9531 -2635 7979 2377 573 5638 4303 -2051
5843 -9132 -3145 -239 3694 1725 9898 8212 -8602 -2382 -783 9642 -5568 4310 -6859 3303 -7554 -2016 2016 -3876 -8645 -8280 -5281 -3704 -2126 -5369 584 4003 -3009 732 1209 9738 -819 2326 -1320 1101 -509 3209 3860 7918 -1195 -6366 497 6871 -7474 -569 -943 -7702 8196 4464 -7157 3920 -305 -8036 -5756 -2137 -3266 6327 -380 6650 6465 863 -1395 7056 -2679 78 1493 932 -2578 -9666 -7205 8875 3686 1679 -1075 -9340 1954 -6760 939 -9599 -894 6250 3085 7701 -2511 3423 4817 -2112 -9242 -2647 -8114 2261 8723 -6159 -5831 -760 8113 3539 1134 7234 2967 7796 -1577 7812 -9231 5617 -2376 1552 3725 -2549 1931 -641 4341 593 404 -2858 -4184 -8685 -7635 -9344 2139 -7917 -8439 1332 2446 -8403 -6101 -2123 924 1970 -8488 -4274 -8384 7100 -4144 -6515 2241 -9383 -5718 4153 2141 635 1441 4038 -9788 -8726 4633
-3234 2633 -141 6578 -7356 3614 1040 5161 5908 6907 3335 -8750 6072 158 7999 2044 6358 6853 7667 -9757 2690 -675 7300 5245 3642 -5271 -5247 4293 -6217 8659 7347 -1671 -3108 5795 990 -1496 -8918 5981 9222 -7061 -7301 4893 1307 8090 7503 3684 6407 -7781 5244 8312 6694 -138 -2661 -8733 -7855 7218 -7621 -9816 9986 -9807 -1835 4153 -4520 -6944 -1993 -4063 2961
-9324 -8623 3552 -1190 -6554 9149 9874 -5364 484 -9839 -3619 4520 5018 4523 -749 -1187 5827 8345 4840 2765 -9623 -3469 -9669 -5077 -3514 -1150 -9068 8406 -7595 3983 -6162 -4332 -4149 5897 6107 -1341 3137 -6433 8921 7791 -3530 5762 -7619 8419 7339 412 6859 -2285 -4177 -9780 3990 -5482 9412 5177 -1257 -2671 2420 -3444 -1391 103 -2453 -4946 5208 4673 -1071 3640 7740 -9772 -4375 -402 -2678 -8003 3893 7560 -3065 5057 -3909 8360 8292 -2980 -86 -80 2844 7577 3587 -7171 -4465 -5745 -45 228 -9054 -5111 4678 8556 -3441
-5193 -8922 6542 -5828 715 -7553 -612 352 -6724 -6888 -7023 -1496 -6353 7056 -7541 -9728 -4607 -8008 -8664 1579 7719 -2927 -1413 9727 3577 4010 -8538 8195 6250 4267 -7997 -4117 -4921 -9224 7170 7912 4581 -860 5638 7001 -3024 -1393 -7351 5318 -3067 5775 8147 9995 -6807 1986 -8857 6324 7787 -1901 -5317 -6745 8487 -6873 2333 -1437 -4988 -1828 -5945 8100 7776 9237 3841 7064 -9132 8291 -3051 -2868 -8264 8175 -2874 -7724 7235 -3660 -3260 -9400 4786 2520 -6441 6787 -5904 6549 -8341 1462 -8549 -3035 1256 1494 -1556 -8566 1541 -4086 -420
6358 7326 -5141 -6922 1081 -8307 -5881 2812 -1240 3738 2110 8235 4733 8948 -671 6080 -1002 -9445 -6354 8507 -1880 8295 -1159 -1265 -697 -353 9592 -3556 6813 3283 -6988 762 5900 -154 -1250 2965 1472 -9293 -1656 9281 -1777 679 -8899 7856 -1850 3670 -5892 2973 -7695 -2373 -1321 -2770 -3818 -1843 -4478 9939 9678 7697 9335 7611 1873 4830 -7349 8865 2316 1771 9155 -6608 8160 7529 -8249 1969 -3740 5867 6915 -7634 6287 -8887 -8546 -1948 5931 5577 -8021 6236 -572 1058 -1658 8580 4478 3059 -2342 1908 -2936 7591 2084 -9223 -5855 -7765 -3117 -7657 -7665 -6207 1382 1402 -2025 -9569 -4318 -8481 -6222 7398 -621 -8414 -3112 -8675 -9652 -8975 4474 -8076 -1187 9506 8734 -2628 -237 8568 -5854 2759 -9578 7248 -5394 -7812 7598 8814 3522 -4514 -2352 5557 -8113 2418 8019 6860 9749 -9996 -976 -2646 -2725
-1632 1133 5948 9016 4272 1701 3047 2070 4087 -7672 3859 3822 -1005 1077 -8051 -8375 7048 1822 -9193 151 1020 8613 -8756 -2681 5712 -3891 -8218 1784 5630 -7530 -2334 4319 9997 8167 -5009 -614 4855 -9040 5409 4237 959 -2685 5085 -3321 3315 -2271 4955 -7686 -9535 2064 9094 -3241 9462 -3918 9111 7059 3137 -2291 1024 5718 1909 1898 -3849 255 6435 -958 -6435 8057 7252 2141 -2185 8299 1223 -8931 2177 5815 9892 -6826 -2376 -677 -3899 -1907 7754 5854 8739 8276 -7456 4987 -6621 -6977 -1845 -1920
9333 -7580 3394 -7145 8959 -9629 -3151 -6018 6468 -4459 -9488 -5412 -8414 8857 3450 4995 1467 -6063 5913 -9885 -9730 -6927 8333 -3199 -6837
1093 7647 -7868 -8688 -9952 4533 -9812 6511 4462 -3495 5211 8431 2813 275 2568 6701 -6245 -3881 4190 -6005 2576 9527 2172 2248 4215 8435 7556 280 -6739 -466 -170 -5338 -5310 -6994 -346 3561 3652 -1789 1059 -8510 -4150 8404 -4859 -6260 2819 9051 3257 -8939 -1325 -6920 7754 -4256 9646 -3618 -7405 7154 -8441 3092 8168 -9563 -2661 3699 -8499 6635 -4632 6224 8553 439 1526 -7525 -4896 -3745 9231 -608 7735 8261 9820 -4707 -6058 9562 5875 4192 -7065 8891 2884 2099 8024 7647 -3742 -7784 -4605 -5604 2172 5912 4966 7786 8561 -5034 -7824 5801 -6534 7784 -4579 -7608 944 5240 2778 1313 4089 -7309 5726 8264 -4064 3804 9722 8664
-4865 5501 994 -500 214 -7797 -3222 306 5215 9215 9219 -7550 2714 -5952 -7471 -9920 -51 5944 -355 -8316 -2733 9556 -1337 7953 8998 3646 7908 -7703 -6543 2801 -2061 962 -5893 -4352 1298 1772 -1052 -8720 -2518 6906 -8139 4463 -422 7907 7661 -5346 -9866 7769 5178 8717 4601 -504 9218 443 -682 8514 1205 -5416 -9743 3378 -1185 -7788 -2103 2410 1431 -6930 8818 9895 -3478 -5747 -8970 -5299 7287 295 -730 576 3815 8380 -2458 8003 -7400 4173 -2598 -1660 8784 -9279 5132 -3491 -8501 4060 -9675 9202 4665 1110 136 -710 -5953 -4834 -9994 4806 9051 -6225 -9729 3113 -9085 7318 -8019 -9750 5042 6360 -3064 -9297 3975 3533 1608 -8536 -9318
-1789 -4341 5603 7714 6100 1809 -8345 -8247 8774 551 -5180 -1569 8298 7102 -9641 -2463 8359 -1920 -1331 6115 -2561 -4020 -3297 -6089 7947 7146 -1002 -6964 7023 -8552 -3406 -1165 9969 2938 -6075 3547 2787 5254 9587 1148 9685 9995 -7273
492 2453 -6893 306 3988 8194 9756 5688 1365 -9747 -4418 4166 -3617 -6253 -623 4541 3755 -4185 -2129 -2117 4047 -2776 8192 -8860 1187 146 2163 7782 -2684 6631 8625 2622 6636 6667 1375 -4798 -6012 -767 7340 -7733 4986 1684 1227 -9097
-1687 3268 5495 7461 -1376 8903 -3449 -4543 7794 -5268 -9265 -9192 -7182 6174 9935 7818 388 -2022 -6526 -4159 1295 -8900 9265 -3899 1254
-5206 -5305 491 -8205 -773 2518 900 2375 5826 -3053 6980 7777 -3891 -3191 2790 9495 -5330 7292 3652 6493 468 -8700 -947 6825 8505 1564 -3306 5246 1959 8386 4318 8872 -3748 -6019 -2147 5930 -8333 7482 -2140 -2715 8847 -7274 -3204 8858 9481 -3995 1608 5610 -3668 -6854 4572 3487 -2219 -5399 2320 -616 7717 5876 7083 -8895 -1861 -2017 -6412 -1337 4628 -4260 -2072 -2768 1621 -6382 -190 2537
-7925 -6296 -9177 3038 -6299 -6950 -5307 355 9863 7353 -8302 3483 -3635 907 -1302 9756 6198 -6877 -5275 -3914 -2213 -1459 3711 -4263 -3201 -7804 -8638
9127 -9905 5063 -893 682 -5306 -4678 -1082 5273 -5940 9107 8516 -732 -5554 7187 -1101 -3621 -8467 -5673 1137 6754 -310 -7289 9553 -474 6169 -3473 -9733 435 -5011 4006 7424 -113 7300 2530 -5207 7646 -8852 8487 -6435 6269 -6161 1233 7415 -4127 7517 -78 1988 -6791 3306 5203 -3785 -4209 681 -4037 -5062 -4573 7897 4162 -3790 -8589 -2460 -5012 -732 -8251 -5006 6175 9420 -6810 -5812 -1459 4163 -6834 -1484 -3958 -5314 6579 2017 -3940 -4415 5462 -2757 -2265 3753 -2392 9071 9651 -4149 2645 9536 1480 -4320 -9957 -5421 736 -8666 -3737 9142 -7081 8581 -2567 4495 1739 234 -9867 7496 7080 6557 -2471 2244 351 2217 -7744 1577 -862 -3535 7624 -5010 -7947 7887 5570 8612 8108 4466 9542 8084 -2274 -3184 -5433 6752 9600 -7282 -2260 -2449 4368 5890 -8359 7305 745 8556 -2187 8440 6378 8733 -6982 2877 -8546 4867 1911 -6757 -7214 -3278 -8183 -7339 1469 315 -2894 -2211 372 2545 -4412 -9079
-5342 6292 -3377 -2988 3635 -1561 -5358 6629 9803 -6442 -9234 3582 9890 3805 9041 -8659 3465 4539 7324 -9612 -1686 5550 -7364 6238 -9226 -6173 -8778 -424 8631 -4163 -7492 9340 2081 -9735 -2270 -4048 6815 9989 -571 -6835 -4036 943 -8423 -6881 8386 8374 863 6497 -3935 9017 -2796 -6461 -1948 -4050 -8908 -3645 -780 -1639 -5274 -9270 9216 -8656 7355 -9 2958 -3778 -1779 5180 7473 67 7120 4445 -4976 877 -6319 9151 9949 -6934 -4856 3128 -7114 -160 -8410 -5610 -14 557 -5018 -8991 4420 -61 7796 -9964 -2018 154 -376 7740 -1859 7575 6681 -9210 -9106 -7159 -7359 8244 -7002 8377 3296 4042
8453 1438 8592 7341 -4317 -3270 8141 -7856 6070 178 4320 1591 6646 2684 -9076 8631 -1833 5132 3260 -1127 2570 3070 3375 1616 -5240 4734 8546 7666 2201 -957 -7353 -1535 -2569 3747 -5068 2821 5010 -8744 -5070 -3849 4949 -7889 -6822 1213 6873 -1314 -1963 -2037 -3767 -1614 6759 442 7171 4298 6588 -503 -6421 -7654 4251 7492 -577 -4082 -8200 -4763 -9199 -2746 1325 8978 -2933 1870 -9668 -8626 605 9937 -239 -4079 2185 8630 4421 7523 -5335 2238 2487 -9514 -4643 -2331 1969 3781 6327 -9061 -8717 2005 -7900 -5747 -6601 2997 7624 -2397 -6279 2785 -3012
-6565 -9038 352 -4995 -8245 7668 -3707 -8270 1401 -1289 241 2263 5849 -4952 1326 -4096 -2078 -3885 7049 1287 -1969 -8701 -1065 -7469 -8798 7502 -3916 734 6395 -3691 9955 9747 9587 5273 2674 5660 4629 -3301 2065 4260 4040 -8933 3582 -673 -5023 3850 -7229 -5037 -9082 -6464 352 -3193 3393 2293 6464 869 -9027 9018 -8473 -921 -6508 -364 -2529 -46 -9301 -6639 136 5661 -5513 -4852 7682 -4340 8835 1956 -7162 5223 -4418 933
-7572 9073 6662 -3386 5454 -618 -1077 -5847 6374 3018 -1824 588 -2893 2104 -7232 9185 3840 8677 -6832 422 -6382 -2530 3903 -2362 5372 1991 5486 5613 -6360 -1845 -2432 625 -6481 5681 -4650 -6200 -482 -1896 7154 -249 9415 1067 3252 247 -8549 7065 7797 2762 -4040 5339 6177 8452 -1680 -2238 -6910 7587 -3130 5863 -278 481 -9545 552 4699 2914 8514 -9008 8066 712 1276 8608 740 4524 1722 6397 859 -6982 -9199 -655 -7508 8822 -5286 -1334 -1753 -4887 1681 -8477 8635 6817 732 -4986 -1295 1015 -1011 1511 -6495 -9685 6389 -6648 5987 2506 6282 9849 916 -2685 4304 103 4708 5739 4800 490 5289 -7261 7190 -993 576 -745 7309 -1475 -9949 -5744 92 -1518 -3681 6629 -2086 -124 1391 6988 -1037 1672 -921 6219 -6621 -2502
-8129 7719 -8518 -1358 -229 -1215 -57 7156 2997 9609 392 -1220 -8158 6111 -938 -427 -913 108 -7350 -6501 -8849 -7265 1911 264 4371 -5482 938 -9687 -2729 -6407 419 -2593 -8361 -445 -7455 -1581 2192 141 2981 -5963 4163 564 2590 -197 -7106 6798 -5085 -3016 -2343 596 9390 -7220 -3130 -9991 7815 -7344 -5311 -9418 1641 -4132 -9295 -1517 -8472 -4751 -7591 -3065 4763 -2111 4125 2643 6248 6487 -7433 8553 -1607 -9142 4096 -5223 4440 -5986 7841 7174 -6197 2797 -5750 -743 1225 695 5999 3255 4297 9153 -7594 -1098 16 7990 -438 -4970 8434 2452 8608 -307 -2822 -7717 -4211 189 4132 4201 -9733
1420 -7167 6714 8978 4682 -5164 -1868 -5071 -3985 2688 9815 1040 -2118 7217 7301 -3046
-3145 -9141 1228 5800 -4521 288 -7653 870 -2689 1964 6446 -6477 788 7589 6314 -4728 171 -9501 1289 -214 -3879 -4646 -9967 -9147 8631 -9696 4362 -7237 -8192 -4349 1905 4448 -2546 8524 -6621 -64 -6524 8990 -5924 3817 -6171 -4654 8778
8268 -5130 -8762 2708 5386 -5267 -757 8290 -2285 -4290 -7886 -179 3549 -4606 -849 599 7516 3960 4958 8520 -8366 1071 -3282 -5801 -1970 -3462 2805 3740 3609 -6438 1416 -5353 -9931 -7914 786 -7143 -9108 7679 9238 -4039 3340 -1244 7946 8064 -7864 5221 -6623 -5640 8230 3918 -5828 3057 8475 -8289 -4736 6596 -2082 2044 -870 8737 7244 3345 -9005 -1917 4599 5245 -2379 -8393 7544 -3041 7894 6562 3443 -5051 -5583 -1199 2961 1948 5022 -776 8141 9053 -2866 -6983 6788 1329 -831 -8083 -6268
168 -3411 -5069 6467 -9890 -5975 67 -5221 2013 -1995 -6548 -1709 4423 -649 9667 -2758 8054 -1330 5245 -2289 -7201 2764 9659 2552 -4728 7395 9402 2503 -3243 1537 -7776 -7100 -3391 2217 7665 8523 9854 9971 7610 2542 -7763 2476 7573 9104 7406 6899 7754 7094 7837 -3385 9989 -7494 2004 -6744 -6002 4159 -7238 1652 -480 -6005 7294 1251 8508 -4134 1554 -8285 9185 -3671 -6392 712 9408 -9526 -7816 -4665 8179 1859 3818 1070 -7534
-9328 7763 487 5398 -5549 5966 5082 -5527 8425 -6607 495 6931 -4657 -8139 5202 -5713 -6869 -9274 2982 -6706 -7027 -4103 -4705 8443 -425 3286 7964 -4032 -5662 2375 4968 5363 -8554 -7949 8710 -7907 1187 6477 9528 -2669 78 -8213 3461 4113 5724 -6925 -2977 4470 -9733 3281 -2395 8600 -4777 -8579 -7683 -3373 -6469 -2672 -6313 6695 -2512 -7595 6139 -8128 -7239 -7572 -58 -6249 3476 -2902 7051 -4106 5413 -6345 709 -6565 -3258 4473 627 -4097 -4988 2326 -4851 -8907 6811 -8687 -3338 -4208 -7170 -726 -6685 963 -5341 4713 -1836 4449 3169 -4764 -8642 -6545 1355 7019 953 -2393 -5701 -4659 -5232 -169 -3486 -346 -456 -3543 -5317 8097 1519 -3841 -9952 -25 -4852 7049 -5371 9975 9805 -3222 349 411 1432 105 3053 5347 4974 6304 -9748 -5195 -4683 -1999 3152 -1066 1256 6154 -1331 -3888 4068 -6265 -1539 -2493 -6811 -8097 -127 399
-5840 -6653 8516 3736 -4138 6985 -6752 7822 7091 -6462 -9548 -2073 6570 -3891 -1487 8959 -6553 -2992
-2302 -2496 7979 -4584 -8532 4485 -2876 3159 -4953 -9376 -610 9887 -9192 8142 983 -8403 -2011 -3343 9650 -4380 -2897 -2142 -976 6188 -2783 2858 -265 3350 858 -3686 5265 7977 -2041 -9107 -661 -6443 -7607 6007 -5004 6130 1551 -8125 8673 -7154 -5968 -7748 5758 -8776 1634 -7776 5633 5311 -1544 -6349 5135 3987 -1740 2740 -1950 -2680 -9938 4614 -3357 1657 9186
-5040 5376 -660 -8273 5485 3706 3537 -6933 2749 -2352 650 -3438
-582 8675 -8657 9005 5455 4058 5314 8142 9431 -9441 8364 -3961 2172 623 7510 -4215 2619 991 3238 2537 9544 -1015 -9253 3304 469 -7116 9822 -3470 -5779 3962 3503 2462 7378 7109 7330 4591 6106 5992 -7315 -141 -4800 -7523 -9530 -7414 5313
5087 -1432 9103 -4898 1398 -3837 -2068 -5843 1487 1888 -7875 1628 -2815 -3230 -6017 6298 2477 4347 4755 -4004 6825 4297 9237 9836 2020 -7828 -5571 -2807 2691 5556 -5551 1193 -5928 8058 -4205 1447 -2288 -3279 -5052 9266 -7003 -3394 2214 3280 5782 1415 -947 -7948 2647 1437 -2821 -9700 -929 4734 5832 -8999 8857 -7504 8097 -1135 -7656 8013 -1577 1439 5706 9777 5348 -9002 -8084 2020 720 5534 -9496 7653 9656 -3180 7620 -1693 2445 2126 -477 2628 9545 -3946 5619 -5892 8850 -9114 2243 6792 -4162 -9143 201 9069 8992 7532 441 3107 -1229 -9958 2951 -893 -5917 6711 1229 -8589 -1841 4321 -390 7972 -530 9318 -8473 1577 -6176 8862 -7476 33 5894 8312 2824 1539 8831 -8734 1745 -2926 7886 -6416 -3116 -8778 -2425 -8700 -1496 -3739 7549 2405
-3721 1643 -8313 -832 3623 -7962 -9047 1015 1763 9527 1475 -9638 -6201 -8955 -3583 -8299 7519 -731 1 5894 -8264 -5490 -3237 2517 2987 1206 7912 6552 -9316 5242 2 -6608 -7522 -1146 7805 4855 8865 -2202 -9993 3003 23 -5479 2625 -8274 -8272 -2676 6539 9931 -1608 -2450 5633 1222 8458 3305 6124 -2590 -5318 5514 4180 -2098 -9203 7381 -7686 3341 9294 5488 -1257 -1449 1173 1279 -1054 -7440 6675 -5731 -9979 -145 4180 -6102 -9636 2847 8044 -4349 546 2658 -6314 -8825 -2863 -4950 -5849 -5558 -7186 8119 6632 -2522 -3368 -2830 -1124 -4792 -9117 5691 -9901 -230 -356 3200 -804 739
8386 -3289 -9048 -8083 -1050 -1006 -1828 5349 3836 6158 6140 337 3209 -918 -7754 2509 -7204 -8545 7036 -6071 -4934 3039 4584 -7393 6883 8729 396 3345 -3046 -7457 -3317 432 -7635 -6293 7637 1698 6527 -3409 -1470 1759 9060 -6137 2548 -1000 439 -388 -3069 7981 -2271 -5379 6592 -510
9183 -7327 9090 8843 -1353 -9815 -4665 3669 -4756 -5570 1589 5944 -9826 3990 4192 -4431 803 7170 -3857 4098 4167 -9416 -7059 6863 3958 2119 -7560 3306 -8200 -5213 -1173 -5956 -8151 3138 9515 -36 9595 -7179 8266 -8041 7245 9675 -2649 7386 -217 -2746 -2648 9071 3929 -2937 -1777 4672 -2444 9559 5605 3926 -607 4678 -8995 7365 4260 252 7333 -2515 -1615 7281 5877 1936 -4226 -6769 -7494 4403 -5914 9394 -5368 -5422 -4330 -6104 -5238 585 6903 -6620 -7465 -3041 -3578 -953 -7626 -3899 9523 2786 -6931 9511 3310 -3800 8839 -7327 7236 -2951 -6011 8751 2750 32 2084 -1042 -3503 -3059 7639 943 5365 -4756 371 3993 -5011 7128 5630 548 1433 -6054 -9276 -969 3170 3704 4575 -1609 1412 2642 -6402 -1679 5763 6215 7247 -4691 -1888 8932 6416 -5137 6826 3797 -1744 4165 -1713 -3385 -8527 -6161 -3485 -8428
188 -2323 -2477 4447 -6462 -4633 3837 -4738 9016 -4208 -8243 -878 1847 9941 -2075 -7131 7918 7307 -4641 -1215 6750 156 7393 5880 2539 -7598 -1050 1498 5018 -22 -1072 -2385 9687 -3731 -4370 -5615 -9567 2084 -1703 7085 5549 8186 -7965 4645 -9573 388 9924 -3456 -8625 -1648 9806 -3835 -8289 8067 3426 -9294 9074 6897 5483 -3996 6380 3988 -1899 -3747 -2993 166 1869 -6703 5823 -7908 -4088 5121 -8907 -8237 2793 -8530 7779 6163 452 -5564 -1220 -7614 2983 -5229 1788 616 8320 2028 -1133 8372 3229 7930 1398 -1730 5395 5261 -632 -7732 9199 -9598 -9458 -9872 -4799 5890 4525 5118 2839 -5425 8891 8388 -2653 -8309 5489 6009 -3831 7168 4489 -9964 8017 -8883 6621 4516 9463 861 5111 -803 -6978 -7455 -1178 -4175 -9806 -8285 4011 -3806 6543 4561 -8334 -5908 -427 1920 8254 4684 -4507 -2707 2624 -6896 8921 1208 4611 9482 6937
782 9849 6998 2391 -4955 -7307 5462 963 5965 -300 6845 7079 -281 -1957 -9007 7493 390 6429 -2279 3772 4170 -1828 -862 -7722 -8647 -4113 -1079 2693 -5756 379 4933 7785 -5210 -1836 8126 9164 6547 9748 7859 -4052 -4312 8495 2713 58 -918 7565 -1786 -1640 3601 -3178 -1030 -4118 -8880 -8989 -6103 5552 8590 6155 8869 -9520 -9413 -4548 6845 8470 4524 -4715 -464 3178 -8187 4804 9447 6126 -4784 -7776 -9762 -714 -6701 -9862 -1000 4984 -3239 -8265 -4558 8548 -2588 2995 3808 2992 -420 -7057 9534 8135 3032 -9378 3582 4664 -503 6473 -4976 -6836 -3756 -2873 7343 -7554 -676 3864 1672 7794 6160 -2701 -8460 3011 -719 2765 -3361 3666 -5406 6404 6086 -7718
9014 7603 -3877 7548 5886 -6953 -3206 -931 -9809 2465 -2582 -2915 -6044 8762 -6500 -7546 -9259 1613 -2051 -9346
8993 5805 -1230 1133 4685 3225 -341 -7433 4937 -5482 266 3619 7268 5433 6063 -5176 -4042 731 544 1230 -5559 -8195 9205 1923 1215 -5344 5026 -7138 -8881 35 985 6382 -9112 -8894 9600 -1414 1949 -2954 -7366 2755 -475 -373 -4614 -3115 1031 3431 7228 8 -5961 -3644 9457 2709 -7304 8911 9629 7109 1221 6275 1538 6936 5003 -5582 -5455 9171 7313 -7598 -8765 1948 622 -4003 3472 3501 5861 3209 -5227 7235 -8302 4196 -1521 -4928 2162 -8457 -2868 -1464 -2188 3458 -7037 9428 -5674 9323 4281 1038 -9844 -3088
3401 -6303 -1653 3154 -2714 -7136 -5652 250 4514 5903 -4716 -2314 3501 -8988 -13 -6006 5743 -5786 -5295 4572 -3349 -1636 -2227 -8960 4503 -34 5993 8770 -550 4380 -2046 -2023 -7097 -4485 -7776 -2400 -4700 3397 4795 7088 -9820 -5400 -5248 -4709 4626 7197 -222 -2012 -2314 3581 4004 6659 -1046 -897 -5327 -417 -1338 9907 3076 6744 9825 1761 1920 -3835 2318 -5237 8956 3931 8679 559 8188 5079 5972 -8130 331 1036 8335 -9167 -5484 -2158 -2344 -4960 7457 2632 4235
-7928 2702 -8293 -9786 -404 -6284 3226 -4934 5604 99 -2600 -1701 7418 235 -8173 1969 4057 1247 -2983 -5265 -2549 1710 -1840 -2458 5939 -6012 4808 -8932 6178 9616 6131 -1033 1244 9020 6801 3371 9269 -9993 -2668 1077 -1241 -3957 -2813 3320 -2485 -382 -2095 -8863 4981 9279 9319 -119 5017 -1800 -4301 -146 -7061 -7968 8703 9305 9777 -1882 -3983 -2563 4339 -5753 3844 -6635 8295 4765 3480 -8425 6482 6524 3274 -5817 9050 -7802 -4369 1825 3895 -3462 -3217 -6777 3790 -1574 2137 -222 9781 6549 6368 -8263 6752 -4818 -9750 7722 -274 -5386 2282 -2145 -8792 -5353 5591 -1097 1016 -2054 -8548 -6304 -5807 -9899 -249 7794 -849 -5357 4036 1783 9562 6074 -9306 1038 9588 1723 -2171 1166 -9161 7123 -8414 -6983 4615 4285 -3079 -896 -2987 9105 -9439 1257 4075 1462 -5341 -8664 -9104 -7152 4907 3742 -905 -5823 9603 3493 -1442 -111 1882 8550 7378 -7558 -2918 1655 8880 7096 1789 -7556 1339 -2927 -8457 -8216 -5147 1195 3453 6543 8023 2622

6655 -529 -1044 5681 7509 2895 -1190 -167 5292 -1476 -451 -1564 7912 -2667 -7134 3210 9284 -6969 7531 -8013 5315 -477 198 9495 -7130 -4951 -4123 -6181 -1334 9338 -9159 -8313
-952 -7278 -6844 -4931 -4118 4695 -3014 1212 -6139 6084 9734 -5371 412 4999 -3603 -8780 -2984 6051 -6813 -306 -8728 -5914 1785 -8226 3236 6589 -5882 9030 -1782 5998 -5729 -3156 4673 3477
9518 -3476 -1026 -7456 -2193 7730 -4542 6633 -1817 8515 3536 4093 2292 -367 542 -3378 -9739 9263 7544 -4182 -8968 -315 7905 -1114 8110 8388 8140 -3413 6581 2362 -6733 -3570 -3868 -7299 -6436 -3071 5639 7749 6161 -448 9724 887 3905 538 6562 -8315 -1734 3494 3031 8902 9135 -6836 -7117 -7949 -6155 9150 -416 -1869 6543 5910 -1804 852 -8027 9243 -2434 1474 2585 9759 -6604 -1444 5804 -5168 -9003 2051
-1461 2919 -1677 581 -5435 -1274 -3427 6501 3531 9721 6489 7738 1052 -1984 -232 -537 5688 -8898 -3709 3198 -6229 -5000 -6985 4353 -338 -3279 -2291 804 -2182 -8782 6051 -7462 2689 -7582 7493 -1430 2537 -5348 -1515 -1231 9704 648 -7498 9318 -465 8124 6030 -8101 -2824 2532 8476 -4679 8918 -9191 -3900 -4796 6138 -415 -8479 8980 2916 7094 8955 -4668 1111 -2109 -9018 5961 3959 -3402 8439 -7120 -9017 -3391 1267 9841 2211 4106 9552 -570 1003 -659 -1556 -2470 321 -8658 -2154 -4870 -4607 -3558 -7814 1395 -4446 6452 1903 2346 -1267 -9655 4738 667 -3134 -870 -8583 2050 -1155 5910 9545 1103 -1168 5833 8677 5793 -6667 2107 7437 -5456 -8631 5482 -2005 -5522 -4478 2479 -8454 -5003 1476 -4000 -3656 -9555 -7271 9742 -5163 -1079 2748 2317 -2626 -4200 -6371 6232 3069 -46 -6531 317 5372 3671 5725 -7296 -2959 -6966 -7311 -5757 -800 -7652 2978 -8127 4777 141 -7177 2312 4877 -3542
-9393 -2138 -6661 8587 981 -4744 5029 -1438 -3276 2986 6591 9952 -1997 -4162 -1479 -5852 -36 -2204 8275 -6792 5750 6512 97 -4290 -4511 -1276 8432 -2618 8626 4193 6542 3577 -3863 6427 8014 6037 -4765 -8616 4717 7932 1506 -4414 -6840 9091 -7605 -626 4246 -7665 8511 8482 350 5330 -1414 -3132 -1763 870 -152 -9267 -7914 6455 -2565 542 -4878 -3441 2412 -9995 -6380 8570 5830 3795 -8754 -4869
-3277 -9290 1370 8270 -5622 -8919 5210 -2361 3085 -8810 -3285 -9771 -2968 -6371 5625 2412 -4056 8786 -1431 6804 -6362 1237 -7403 4918 8108 696 -7839 7515 -8305 686 4695 7421 8689 -5014 3766 9424 -7998 -6153 -1783 4855 7253 -7521 -2342 -7688 -7524 -9702 3327 2689 -9031 -5463 5617 4915 -3518 888 -147 9148 8890 -5439 -6500 -2426 261 4896 -1038 8763 8482 8136 -9192 -1412 6841 932 -1632 -8443 -3277 7685 -8256 -4152 5701 -9638 -5859 438 7925 2501 4469 9887 8650 -1574 -6949 1032 7544 5432 -1966 -4028 -2985 4056 9199 -8257 -4583 -3181 8861 5529 4093 1532 9046 -184 -5167 882 -8250 -7881 2844 7927 -4102 -8304 7573 3516 5493 7741 -5896 -803 -8808 -2211 4182 -9733 2603 -6778 4705 973 -9890 -4574 4747 -2295 -5652 6131 73 7696 7518 -2365 1832 -2660 6220 1723 -1354 8321 -4438 4738 6180 -5016 2189 7568 7166 -7800 2635 -1005 4022 -1185 569 8877 -4249 -3695 7434 -5483 8849 4394 -2941 -5188 -7820 7853 -3801 -8933 -2223
-9954 2347 746 -3757 5954 3101 -6871 2420 6385 2448 -4437 5423 -2634 8728 6068 -823 5870 -5772 -6635 777 4709 -9414 -2051 -6942 8208 2150 9604 2908 -5738 -8651 8929 -9627 -8714 2012 6230 -7067 8346 -9886 -8433 4449 731 -1900 4881 -9498 4034 -5827 1047 -2416 -684 8696 2435 6756 7255 8876 -5321 4559 7575 5798 7875 -1725 7660 8435 -1335 -8429 1766 -6509 -7303 8022 8917 -2013 -244 4003 -5362 -5894 8219 6411 1967 -4220 1804 8375 -8781 -6932 220 -7987 -2677 1735 -4658 -8790 753 9231 -2442 1997 -6176 5043 4362 8890 -1264 -1950 -8045 -5417 -7364 5868 162 -4375 -1377 7461 -189 2879 406 6869 -3743 6325 8490 1105 1840 -4999 3213 8761 -8521 9716 -1640 3652
3650 1459 -790 -7243 1156 -5179 -1306 -7779 1365 9776 -7671 9813 -6664 6964 281 2201 -4387 -7388 5197 8669 3715 -400 6534 8147 -6978 -5561 53 -2821 4318 6554 -6513 6888 -6910 135 3458 -6633 2706 -3744 -590 -8188 -5949 -5274 2415 9443 -2118 9258 -9985 3443 6819 505 9135 4061 -5682 9855 -9567 -5701 -1713 -2475 -6877 -8380 4575 9263 -7877 9570 -3827 -3423 -5878 587 6298 -2709 6715 416 -5604 9707 2982 -260 7717 -6217 -1659 -7725 -8490 3432 5958 -2038 8681 -8593 628 1141 7972 -4778 -7501 7241 -7994 -4681 1185 4366 -4256 8819 7074 8155 -5738 6589 989 6187 3547 9763 5054 6930 -2935 9359 869 -3453 2416 -2314 1654 6985 3635 5584 8034 -9474 -4488 -7712 -6533 4509 2149 -4524 8873 3037 4464 5515 -3516 5779 -8410 9493 -5024 4720 -4837 3376 7174 -4491 -7572
-1967 3767 8413 4443 -4643 -8726 8455 -4479 7566 -9115 -1037 8485 8690 1407 9702 4372 2895 -1451 2781 8499 6730 -2550 645 9678 8533 -1731 -3095 3320 3073 -3530 8903 -3317 6017 -2829 7101 2257 8760 4013 -7378 -5692 6385 7358 6698 3485 -6301 226 -3781 -7286 -5795 9716 1229 -6716 -3155 7700 -2390 -9967 -3460 4175 -7072 9820 2535 6459 -9867 -2061 -9354 7750 -5326 2198 933 9157 9345 -9492 1181 3849 -9936
-8002 8988 -2186 7274 -5634 9629 -8349 -4253 -5346 -2279 -3659 -2136 9780 -5697 -1164 -5913 -8575 4129 7071 7672 3168 -3528 -8321 8072 -6429 -9812 -5999 6434 1071 -9811 2614 -6116 -9439 -5045 9060 8765 -5551
-1904 -1443 8886 8662 -6073 839 -634 7872 -8557 1761 -5087 -2689 6058 -4084 9948 8779 9502 1759 2263 8017 6883 -9206 3028 1197 -7519 -5106 -3694 -2936 1295 -6298 -2504 9216 1862 -5747 -5446 9054 4840 2442 -5582 4410 -4982 9416 -9111 9199 -4192 6058 8947 3319 -9791 -3785 -4281 -4957 3577 -7067 -9291 -2038 5699 -6961 -3126 -9675 6022 6735 3265 8247 513 -1692 2815 2647 422 5065 -6075 3408 -6962 -4602 6356 -6753 3632 -8730 14 -6207 8458 -5093 -1536 8408 -2368 9239 -2888 -2727 9089 4253 -8392 -8809 -1094
2594 7894 4017 8803 -9559 -1828 -2850 8184 678 5265 559 -6657 4379 3635 8310 -25 -7313 3199 3713 3419 667 -2717 4871 -7820 -3809 -7075 -6426 -1856 9256 2566 1997 7694 -4278 -6985 -9763 -6323 9093 -1571 -4167 -2001 -5853 -4795 5565 -217 2957 9673 -8760 -1670 7304 2985 779 1094 -3489 7288 -9369 7903 4137 6056 -9641 5439 -6795 -2118 -6639 -429 760 155 -5218 -687 7054 -1353 -1500 -5845
-2768 -1850 -8856 -9938 -9520 -8834 -8084 9138 7510 7922 -9407 4971 9717
1045 7951 8674 1354 -7360 -2928 -4410 6715 4516 9177 -9788 5988 5416 1543 6001 -4145 -7794 -8155 -4557 3923 7395 1889 9282 -3931 3538 3257 -6249 7836 7617 2656 9066 4343 8967 -8033 -3611 -8372 1013 -7941 -2330 2381 -4654 19 3475 7101 -5414 -847 4769 -9699 895 9567 6807 8014 -3639 -628 -6518 -5369 9315 6116 -18 9674 -8672 7393 -3332 -2706 -6830 -2083 4035 8375 -7345 7726 5267 -8145 -8970 -8514 8919
-7813 7118 -6284 -336 -8971 3639 -834 7322 -1872 -5946 -6201 9842 2594 4927 452 -2809 2779 -3908 -2691 -7993 -4877 -2017
1644 -8920 -4933 5654 -3393 9117 9808 -8577 -8193 4965 3861 5950 6815 -8435 647 -5159 1800 -5290 6828 4295 -7664 -7283 -1197 -5164 6198 -7213 3831 4113 -3271 710 5995 5053 9310 -8443 -541 -3318 4755 -2309 2721 -3786 -9199 1708 8117 -3484 -6876 9864 4070 -2679 6928 -2734 -9815 2732 2692 2818 -9081 -9401 3338 -2913 1421 -3617 -6020 -8965 5908 2504 -1184 -941 -3602 -5420 -5922 -4125 -3326 -8570 9412 8221 392 2144 -5771 7146 9329 1720 6665 -6894 -6535 9536 -9676 -8110 -9202 -1740 6945 6921 6902 -768 8511 -7496 -1634 8511 -1463 6477 267 -3250 -2484 -3567 1056 -4612 9858 6751 8961 9914 5000
-5963 -2212 6659 -4908 6494 3471 3929 -9901 5363 -9299 -7121 -4663 -391 5545 6681 -778 101 7500 -9083 -3890 -95 -7505 -9871 -2476 -5084 -7440 9512 4129 -6668 -5720 4617 -8723 -4614 -8513 -1468 5203 5966 -9590 -3720 3358 136 6699 1721 -7987 5410 -8460 -6567 3557 -2201 1454 3409 1658 2636 -6272 -9848 8277 8842 7026 -9076 1030 -3199 -872 -5277 173 -6954 7860 -3364 8756 -5915 -9570 969 9788 -6474 -2865 405 8212 -2512
-3728 -1707 8613 1655 2386 6819 2124 -52 1210 6423 9779 5336 8321 4400 -4211 -8050 8455 -3347 -5296 1267 6055 -4219 2732 -6165 687 6676 -5349 8981 7028 -7584 -9475 -6248 6368 4486 -7508 -4950 7678 -6603 4423 1084 1241 -5597 9527 7697 9617 -1121 1392 2006 340 -8554 -8510 2170 -2869 3299 4564 3191 7357 538 2252 -6467 -3698 9324 7471 -7049 -4676 636 -7794 -1775 195 4287 -264 -1760 2760 8938 -1783 3997 5330 -2638 -7249 7989 7950 -5923
-2032 7011 7373 5589 -583 -2228 -8201 5512 6937 9184 2 -9692 3159 -2556 590 6381 -4007 6588 -3988
4882 7464 -3310 4655 -821 -6040 2284 3699 9028 -1356 -5256 9176 -6779 8354 1016 4959 5547 2186 -6956 -8235 -26 -100 -6359 2726 -1006 -2174 -2330 1858 -4826 -1151 1645 -9465 8911 3278 5269 587 827 -8581 3859 -2456 -4390 4439 -6019 -4981 8632 2688 8358 -6415 5280 -8283 6019 7501 -1494 -602 -6518 -2882 490
-9295 994 -6249 3838 -3969 3873 -6259 -7155 -7188 4835 -5247 7780 1243 -615 -4034 -5348 9639 -6759 -8520 -225 3116 3566 -6633 8449 2425 7328 7360 -9501 -5727 6815 9161 -7725 -4035 530 -658 2692 -3700 -1669 -9870 -7119 8966 6450 -5321 -1600 8962 -9771 -1089 -4297 3819 -3609 -2627 -7194 8315 -8127 7046 -1390 -9293 733 3927 -159 8004 -3724 4419 -2214 -8171 -1477 2235 -9462 -9287 -9500 6130 1978 -6285 -9038 -5861 1399 8811 -3258 -3961 3487 7985 -5940 3854 1625 -6060 -4110 7064 1208 -2524 475 7769 -7715 3942 8570 -8297 1787 1059 -3889 -2838 -5673 -324 8085 6675 -4475 -9028 6024 -9869 4223 9158 -7136 -9984 -6112 742 3493 -2801 -2685 -5468 -9000 -6951 7497 -1247 -5502 -837 513 9635 6233 8890 -5893 -3072 -8878 8228 -2110 9180 -4832 -6593 -1671 -992 -1506 -1972 -2197 9470 -4623 6442 -3320 -397 4773 4276 9434 1391 -9666 -1887 -1812 2659 642 9357 4115 6651 -9456 3156 -823
-702 4770 3614 5629 -1363 -3533 8281 6177 9000 -5622 -6809 5140 -6961 114 -8082 6782 -5136 7692 -7534 -4344 -97 1062 -660 -177 -5680 3504 6045 -9603 -4748 -4381 1164 -1073 8642 4685 -1271 9966 -6750 -9387 -2044 -8173 1711 8748 -2761 3628 -4558 5000 8051 1123 -5309 5994 1639 -1330 2862 4575 1553 -6742 -541 5610 2430 8684 -1201 -202 -8100 8581 -3592 8714 -8472 194 4179 -3560 4782 -3592 -2520 5131 -6092 8122 1855 -6207 -9887 -1877 2259 -9605 -2550 -1139 5153 587 -862 -1054 67 -3970 4224 -7945 -6530 9723 -1600 -7224 -6973 -2536 -4687 1838 -2184 -1635 3324 4101 -228 5460 -2993 1239 6552 8929 4139 6220
4130 -5417 -9571 -19 1349 2154 -8422 -5630 -9588 7781 7439 7671 2666 -5378 -3781 -5067 -7571 6180 -6959 -5869 -5249 6183 -5500 6723 8447 -1242 -35 2706 -3685 -6295 -2722 9869 8428 -8865 -6655 5469 6183 376 1125 -9676 2347 -1458 -620 692 8375 831 2442 -6544
-1971 7945 -5081 -384 -2848 -2803 7189 -4916 -7448 -6840 5495 -6077 -7965 6301 5612 -8030 -114 -1721 -3484 -8303 -7010 4209 2768 -7726 -9323 287 8364 -7490 6923 8616 9032 -5912 -2188 -9377 -4283 -8892 -4137 4298 1981 -8755 1563 2759 -1506 9546 4020 8635 9497
6306 -61 -3406 -4416 -2143 4277 309 -1776 5542 -7547 -6888 -7134 1484 -240 -9389 -2273 9335 -320 8106 6679 9651 -1498 5731 3002 1586 4710 -6211 8421 -5158 4174 -9784 6713 4558 -3645 -7710 9607 -695 -1125 1703 -6601 -3274 -9147 335 -5832 -9911 -5330 -1943 4185 2151 209 9177 -9306 -4732 2681 3920 -2327 -9756 -6571 4922 -4275 -4670 -8278 6481 -6446 2539 -4813 -5396 -4290 -6061 9341 8524 8473 5431 488 7084 3033 -7686 -3702 -3703 -5691 8309 -2269 2113 -5880 -5561 2627 745 -5629 -9649 4802 4597 4743 1410 -8076 -7328 6170 1277
-6655 2170 -5838 -4572 -4567 -2724 756 9369 6942 -85 9595 4589 -4336 -1143 -4771 7741 -5332 797 -3612 3045 1131 7607 -3105 -3210 2693 4545 7776 3652 6341 3328 -6017 3336 9704 8093 7488 9340 -4921 -109 -910 5492 4040 2371 777 8361 -6664 1050 -1753 -3907 -1529 -9531 -154 -8179 1410 5251 -898 -1369 8463 328 4896 -2496 8625 -158 -4662 8889 1752 883 9672 9111 -8466 -5922 8481 -3236 5478 8554 314 682 -3192 9159 -1923 1005 9889 -5567 2132 9722 7545 1352 -6076 7690 1191 8771 9770 6129 -2620 5935 9738 -7576 5552 -2129 4703 -1783 7070 7874 8358 -7760 3166 5148 9070 -5783 9074 4013 -5586 6161 -8143 334 5629 -7837 -5980 1922 -6724 5734 2116 -3786 -8328 8381 -5208 7925 7867 9960 -9033 1603 4995 3961 3860 -4136 9826 -1498 2393 -8333 -2802 4608 2578 -1932 9652 5366 3316 2789 3091 7861 -4773 -7515 3517 -2139
8553 5460 6295 6767 1837 3113 1139 -7882 -8662 -4792 7918 7627 -8212 -6699 -9218 -4091 -420 9128 -3618 7194 2741 6944 -6180 400 9417 2599 4058 -3761 3077 -6822 9658 7984 -3621 8845 3001 7721 8239 -5516 -7575 7949 6727 6911 2511 4984 3880 -8825 6177 -583 -6572 -6941 -7716 9696 1531 4078 331 -2042 3877 1102 -1032 1556 5068 9473 6188 -6550 -7926
1277 -4145 7096 -4919 643 3558 -2496 -4941 5716 -7500 -7840 1461 7141 -9710 -4991 -4564 795 -6795 -6032 -2388 4400 4979 -9468 6822 3558 9405 7146 7755 5516 2636 -5563
3732 2218 1488 4774 4758 -2817 5688 3488 2624 -5768 4203 5147 -537 -4688 2153 -1615 -3448
4246 -9256 -6043 1777 8308 9898 5773 -6315 -5660 9473 -7068 -1193 -2198 -4543 4490 8 -5369 1482 -6890 -8687 3311 -5750 -1947 8762 -1387 7638 -9503 -6188 1029 5846 -4384 -5036 -6528 7084 3674 8127 6946 5309 1162 -6305 4662 9735 2067 7324 -4546 -6784 5590 -7369 4948 5823 2401 5198 9078 9789 7490 -3311 6338 -1232 4 771 -5370 -3264 -2627 -7376 -8096 7393 -8906 -7977 5361 -7183 -2667 3681 9132 1542 -9122 -9359 9315 9625 -4813 -6818 -6098 5860 8759 9793 835 -8291 3194 -8934 -6848 -7438 8767 -1617 7127 -3667 -4837 -9291 5627 3887 -7161 7114 -2310 1738 -9073 -8771 4908 -7823 -8796 -4240 -9671 3541 8428 4358 -1493 9461 4193 -9327 -9001 110 3553 -1427 9508 -8325 -6907 8078 -6744 -7453 -9252 8131 8025 -5813 -7631 1492 1811 -5486 4413 -5495 -3763 -994 -7477 2891 6402 9655 7529 -6322 2429 -4269 -3919 1005 -4143 5328 -758 5173 -3695 1299 1314 -9699 5531 -7910 3835 2486 5585 8218 1295 7903 803 -5114 -6498 -6328
-105 5306 4814 -5541 5906 -1293 -6957 -3927 8248 -1450 -303 -5576 -4925 1457 685 -2143 3185 -3487 -2729 8422 -9354 -2167 6878 -7700 5291 9605 9143 4975 8804 -7169 6034 1704 3473 8052 4946 6191 4273 4912 6716 -1872 -1288 4269 -4800 -724 9493 -8226 -8214 8456 5467 3207 -4170 9980 -9288 -4687 5541 2733 -7536 -7608 3625 1226 -9655 -2572 -6899 -1839 -1435 -3955 -7344 170 4134 5067 9309 4726
-6687 -8919 -3689 -1011 2289 3070 1796 4002 -2172 205 -8082 656 1765 -9564 7584 -3972 7543 8757 -8979 5580 1452 9672 -8993 6758 4226 8900 8253 -50 7747 6220 -8035 3584 8771 6383 -3089 -3146 -8270 6786 -1911 446 3063 -5050 -9068 3784 6162 -1583 -8277 9917 1805 7675 -2473 -1477 6361 3785 4423 7934 -8252 -2463 -8261 8719 5546 4357 -1953 4197 -1272 -2677 1689 -6971 -6236 9733 7364 -7198 997 -1269 4066 5919 -5288 -7411 4878 -7641 -5870 8056 -6268 -6427 9443 -3736 9777 -1522 2705 -134 -4471 -1749 1925 -8940 3714 -9619 5578 6455 6279 -7402 -7501 2358 4052 6463 6907 -4923 -3559 -3605 474 2415 2263 2187 -8279 -4482 4487 3315 3521 -5262
8985 -3300 5791 -1420 1957 -1322 9156 -5242 -930 8395 8901 1610 -8225 -7252 -1634 940 -4370 3717 3810 -1901 -7378 -6564 4928 3405 -2381 4497 -2443 7433 6261 6145 654 -9565 591 8022 -1360 -9792 -3533 -3982 2733 3732 -5978 2275 6730 8121 9946 2863 -3975 -7881 -7660 5741 -439 -841 6966 -9842 1685 -9908 -1387 -2950 -5086 -3173 7368 5360 3899 -8751 4527 7241
-107 -3457 -8179 7822 1227 -2074 2878 4423 -9774 -5547 3357 -8696 -4943 6260 9986 1919 -9489 5179 -9542 -1370 -1711 -6754 -4230 -5839 -9651 5961 -3383 -7146 8503 2993 -1698 -717 -2018 8593 3336 5331 7892 -8730 -1655 -4533 -6599 9877 8247 -1775 3517 -5694 -8804 -9077 -2544 -8307
4992 493 6899 -1608 -2717 6756 -4989 -1350 4166 -4031 8842 4944 5901 -4470 2203 -2501 9930 8700 -4338 4435 -9395 4170 -9047 7340 -4311 -4737 5275 -7693 8691 2258 6336 -8096 -4202 8303 -5320 -6435 7701 -8462 2700 -6708 7759 -7584 -3290 -4813 -7038 -9634 7529 4213 -5610 -2746 -789 6721 -9917 9642 7251
-9309 7213 9417 -3774 -6369 201 -1025 -8675 -2338 6716 7148 -9633 -3173 -3868 7957 -4822 -9802 -4937 -2595 8777 6425 2164 4467 3809 5318 -1292 1864 -9690 -5120 8397 -2031 -8094 -6819 -901 -6439 -5327 630 6020 4568 8658 -5378 350 3522 -4147 1051 -6233 -6593 -5387 -9061 -3519 3635 2552 7089 1470 540 -7229 -1974 7986 -6467 7153 9259 -8778 348 750 -5237 9849 -1546 -6336 8266 7354 6035 -3819 -9601 517 1270 -7743 -5840 -4841 -2733 3696 -8260 8468 -8341 -230 2700 -3861 1466 1681 957 345 -7465 -2724 -5662 -3169 4579 6778 -3730 827 -4217 -9910 -4210 -9598 7938 -1163 -8110 -9717 1457 4825 1229 -2431 -1018 -3784 5023 -6847 9043 -4790 -2702 -8443 -1983 1722 -2288 -8655 -3675 -2048 3397 9867 -5949 -1106 -6750 -5925 -6970 1870 4468 1791 -2482 -1640 5314
1377 6190 539 5566 2902 2026 8422 -332
2894 -461 8664 -825 6814 -1303 5630 2919 2550 2203 -5048 8705 -6124 -3013 6844 1467 -4375 6136 7791 8830 -1689 -3899 2516 -6191 -3557 -5352 -1040 -9574 3993 9486 3763 889 -4130 -800 -454 -8267 -7028 5942 4517 -5644 9642 9875 4695 9054 -565 -7117 1732 -84 -5181 -9147 6326 9322 1474 9920 1147 6592 -42 9662 997 5081 9648 -1101 -7007 1737 8285 37 -6073 4574 -4042 125 8712 -8449 4407 7516 9093 -5050 -5193 -246 -3474 -654 2702 -6203 6064 -1085 -1265 5275 -9962 -3299 8976 -4075 -8408 1632 3640 -826 1688 -9646 -3552 822 2685 -2504
-713 3368 -7412 9021 5086 -4028 8650 -7181 -7722 5649 -563 7782 -26 -1150 -5203 -3556 -6097 7085 4650 1019 -6545 -8563 -3613 4369 -1792 3783 5549 5353 -469 7792 -7626 -4514 3161 -5500 -8606 8751 1307 -8548 -5222 -8179 -138 3790 -1471 5775 -2228 2849 -7423 6395 2893 -9292 7953 -4564 -9390 2963 -3961 -4137 -3774 472 -4593 -2051 -3496 1234 -3695 8417 -9598 2916 5145 -3893 4725 -791 -3669 9632 7516 -8619 -4618 -7408 9247 -1935 8992 -2432 7978 7114 5195 8309 -727 -5749 7970 7509 -3595 1581 -2750 2843 342 -9695 -3078 6092 4150 2141 3148 -2304 -4204 9002 6596 -7837 -1317 -1782 -5304 5517 855 -8174 -8854 2385 -4686 4300 -516 3219 9701 -8888 2146 -7307 2624 8848 -8203 3766 2914 2056 -1269 1367 1960 6498 3492 789 2646 3837 4690 -7744 -235 -4891 4376 185 -7857 6944 2213 9426 4319 72 -5880 -6428 -2495 800 -9840 -298 -9748 -6840 9521 -7414 9686 -249 267 4841 5507
4812 -3021 -5986 5860 -9410 734 5584 8308 -1161 -870 6218 7865 9021 8893 -6909 4974 -5135 3938 -3779 -3039 -3519 2902 -3044 -2944 6133 -1440 -5674 -4861 5365 3799 5435 8310 469 4005 5671 -7892 3776 -4388 2042 7622 -5007 1735 -1394 4925 -3262 5893 2882 7359 4409 -6530 7686 4765 -9200 -349 -7358 -5210 9244 -8290 -6730 -7102 2290 9253 -5658 5421 -6295 -8302 -2690 1337 -4597 -2532 -2050 -1239 -2491 435 4805 -760 -1167 -5522 2885 -7240 -1768 -3647 7058 9815 8310 5829 2895 -8209 -1759 -7836 -4661 1792 -6917 -6577 -7536 -5717 6889 5035 -573 2213 9773 8140 -5527 7354 -2325 6575 4289 7406 -2159 -8476 -5708 -9677 4761 7606 3283 -3151 7262 -8346 1699 6213 -309 -3789 -1142 -5433 8634 -1781 1945 -7852 1337 -2787 285 331 -8876 -928 -8164 6502 2407
-8852 -5202 2403 9307 -3820 6682 3612 1137 1836 -9868 -4645 9687 7178 8230 5271 -851 -805 -7848 2102 -1383 1764 -2506 1674 -9268 5895 -5711 4013 -7917 -5559 8242 7029 -433 9978 -4617 -1971 -2540 -2601 -1344 5388 -441 -4008 -1855 2910 5902 8745 -61 2827 5660 -1969 3727 6806 -8159 3133 4081 2826 -3835 -2868 -4718 -183 -2831 7438 7764 198 4264 5841 -3347 1808 9565 8104 -6534 5356 -4193 6927 -7918 -8623 -3609 -5792 -9695 7023 9841 -397 -7626 6301 -1021 -6680 3874 -9562 -313 -4578 2008 2107 -3218 110 1797 5232 3182 -2960 8310 -6482 1211 -5035 -2865
-6306 4233 4198 -3855 3998 5821 7063 8478 6592 -1331 -9557 -9023 3195 6464 5513 -1768 -2809 1488 139 678 2503 1129 -2096 7190 9302 6420 -881 2636 -9583 8559 -7891 -4424 105 4470
-7400 -8093 -2313 4644 7146 9287 -1890 -2391 8518 -5740 5011 2992 2524 7932 -5023 -1188 -859 5565 9766 9043 5102 3923 2897 -6943 -3149 -1316 -6367 2975 -1441 5954 -7492 -4546 -8926 7347 5944 9851 4499 -9163 6096 -8416 -9940 -8862 5846 5712 8667 4511 3945 -1662 -8664 6614 2165 185 -855 -8918 -2242 -5378 2755 -8262 1658 1522 5958 -4092 -9603 -7399 -1246 3152
4094 9642 -9128 2015 -7640 -730 -6526 9128 5477 -368 6376 5423 -256 111 2236 1932 6349 -63 8919 -3250 -7790 4883 7168 446 -7004 8135 -4623 9167 -4428 561 9706 1346 -2785 4383 3447 411 9464 -6138 -9332 -159 5997 -8698 -9087 -7029 4173 -2496 9581 -8987 8895 -4659 6627 -3734 5780 9521 -1463 9992 3030 6722 -5561 9657 9780 -2875 -1951 6553 9350 9514 -811 -2206 5866 4439 -5952 -8063 1203 -4622 2920 -9189 8158 2689 -7613 -2507 -694 4136 3874 1540 -8637 7032 9403 1866 -4290 7875 3783 -7292 1794 3922 -9423 8875 6489 39 -5825 -9793 -8068 731 7283 9828 943 2877 -8083 9451 7856 7591 -4731 4796 5209 -814 7317 -3819 -4005 -5956 -6188 -6187 2468 3876 -559 6387 -5991 732 8378 2160 5151 9642 -673 4011 7139 -4410 4378 -7263 1675 -8822 -1011 -9782 -5520 5113 8249 6065 -6178 -7269 2389 -1878 4089 -761 -1187 -2249 2504 8872 6014 4926 205 6592 -4829 3927 -3326 2387 891 3364 -709 462 -7203 -6405 -6473 7268
3980 -8989 6702 7778 8540 -3456 2290 9270 -9519 -6272 -4085 4412 742
-1475 6878 -8057 4376 -5736 7156 -4544 -2241 -1682 3064 -5190 -4402 -4981 -8448 -6439 3255 5393 7295 3253 -9460 -1958 -9262 192 5643 5219 9451 -2527 2306 -3028 6127 -1218 -3330 4652 -9526 -959 5785 5861 -3169 -2808 -5794 -5282 3335 4175 10 -3882 -7559 -7522 2112 -1296 -270 1832 9606 3112 -5042 -1844 6592 -8645 -2606 7004 -2685 -9787 -1424 7520 8815 -7244 -6810 -8237 8234 855 -5152 -4919 2030 3888 -9293 7445 -3526 -7507 -5323 5423 -9332 -6036 -9342 -554 9781 -2886 7229 -578 -4679 -1465 -9324 7875 3667 -2964 -8413 521 -3327 -5417 -9019 6622 -749 -9878 -5223 4710 2430 -4420 8085 9053 3285 -6637 -2940 4048 -7079 6242 -4987 -5265 4948 3080 9454 -3424 -4847 -7760 -7955 -5021 4800 -2341 8897 9549 -7167
1646 -5834 8133 -9176 -9844 481 -7536 5685 -7064 3562 -8485 -8986 -7865 9021 -4785 8037 1962 -1585 7428 -1778 3691 8283 710 -4727 9491 8341 -5555 -5094 6511 4775 84 -6467 -6086 956 -2943 -4278 2803 -4845 -3871 7625 -5033 7161 -5986 423 -2087 -5882 6152 7291 5656 5854 9637 -7767 3383 -445 8029 9479 -5020 4284 -814 -1289 -7797 7267 1704 8443 72 -5559 8262 -1405 6948 4851 -7221 -5550 -5485 3867 -7420 3721 -5391 -5134 4226 -2791 1517 -5094 6974 -8802 400 5617 7597 -6635 9426 -7427 3756 9895 -5388 4603 -6776 2004 9864 4964 -3063 -3550
-4772 -8510 6144 -1013 -88 -2284
-1567 9829 -6905 -5121 -8661 -9665 -942 1420 3185 9308 2364 -3712 8422 -6880 4059 -7408 9148 5457 3756 -6101 -2369 3990 -9126 -7999 -6442 -961 -4772 6060 5942 6512 4435 -4020 997 -7096 -4840 8039 -5094 -8193 -3848 -7062 3818 4499 1419 7170 5839 -6391 2479 8615 -3377 -877 -4138 -6359 -4462 -4502 -6171 -6361 -978 579 9111 1425 -5594 -6626 -7039 -1525 -8217 -472 4157 3885 5484 -3863 7647 -5323 -9442 -2790 8882 -9687 -6738 -6680 9121 -156 -5771 4549 5512 1877 4361 -6950 6548 -7059 6824 2105 -348 -9409 -5166 -3265 8404 -5239 9550 8448 3408 -2899 -1960 -8020 -2227 -5226 -2334 3346 6038 -9185 4428 1230
7151 -7239 -9354 -1885 2427 6359 -6262 9656 2449 2649 -5943 -6510 6193 6690 4570 -6784 -6763 5034 8834 -2116 -1822 5547 -4962 -6640 6769 7798 5547 6764 2170
-4482 5413 -5900 -2786 1767 4620 -3039 6685 -2843 -7900 3431 4818 -7968 5345 17 -3417 -4155 -5881 9841 4213 5469 5363 4349 6805 9966 4739 5671 -8925 -5296 7960 506 -3017 3434 8529 -1929 6473 -4102 9318 -5354 2783 2561 6963 -1665 750 -937 8851 -7862 2550 1771 -8056 5428 -5608 -4345
-530 -6349 -768 -1581 6667 -1031 -8910 6937
3955 8973 -1510 1464 -3043 8612 8524 9088 -8268 1985 4711 7970 1126 469 1631 -1687 9349 1553 6111 -2630 -9108 3257 5448 8340 -3112 -7587 -2859 1918 -3900 -6959 3647 -7668 -831 -9760 -4944 7908 8730 -8008 -2635 -4110 8095 -4679 8723 5580 -4836 -985 1949 -7323 1137 -3437 56 -8557 6344 -8044 -2924 9311 7378 9879 -3607 -3082 -318 7397 -3641 2427 7057 -120 -5027 6745 67 -2489 -9545 -1154 5795 -3897 8849 -7814 2371 2335 5960 -6702 -2096 3402 6942 5395 2346 9679 -3511 -3178 5777 9974 1368 -3738 4116 -8491 -3922 6306 6520 2615 -909 -7605 -7784 -8613 9211 -5438 6419 8220 1585 -24 -4452 7074 5814 -4250 5083 -2259 -6384 -5874 -9046 3930 -7336 -2255 1057 -6856 -3798 5307
-6584 2820 -8558 -2888 -7308 -1020 5568 1258 5160 -1870 -6828 -1395 -2834 5423 -2642 -5334 2729 -8230 -4490 -2088 -8992 -9628 -4119 -3336 -2370 -9546 6031 -6899 7523 1862 5946 -8468 1608 -1661 3448 4956 -6714 1818 -4583 -1702 8744 -8307 -2642 569 5057 -3805 843 -3976 -9880 -4848 5081 -5379 -4523 5802 -6282 4874 -8721 -2834 -837 5268 -8798 8508 3998 -2388 2697 9337 6354 657 -3785 5727 -8292 -1442 -1572 -9423 2672 -9564 -6380 -8417 -1833 7466 -1425 -738 -3633 9081 -9527 7622 -503 675 3019 1605 -680 1364 6203 7159 -3874 132 -5925 -2949 -5329 160 -1989 5943 -1245 4158 7739 -4095 3044 -4671 -4860 -7676 1031 -6286 4836 -3657 -6927 9449 9148 -320 -264 2735 6782 -8893 5065 8763 4423 5629 1755 5998 4101 7729 -2278 -7750 -8079 -1837 5549 69 938 -9411 -7897 -3953 -126 -9442 -3364
4230 7837 440 -5756 -7159 -2307 9642 -2124 4048 -5107 7183 -2734 711 1351 -5189 1326 2311 -327 -987 7428 2475 -8192 -1602 -1801 3569 -7272 -4172 6064 7944 -1511 -8090 4902 4401 -937 9475 5198 -2763 8644 -3100 -883 -170 7523 3800 -8719 -7342 -248 -2542 -3247 7811 -8367 -1220 -5521 -6362 9853 6701 -6052 -5025 6750 5120 -4982 -9193 6551 -4931 -4062 8940 -9304
2906 -7182 3119 8923 1597 -4972 -8454 -8541 5624 -8224 5884 -4702 -3002 5167 4933 -1891 -6002 4117 -4838 2159 -1172 -8011 49 -4033 6527 -3832 -1224 -3450 -7163 -5190 3093 533 7969 -1081 -2821 -2685 2137 4814 -3207 983 -5657 8368 6832 -63 6598 5021 2112 -573 4720 -3105 9452 7298 -726 -6846 -8304 8806 -839 -4363 -2884 4875 8534 -3608 6467 -318 -6937 -3823 2813 -9673 -8952 9802 2248 -3744 -9189 -1849 586 3596 5298 4289 -6764 -6744 -9872 -3902 -4643 4884 -4647 -1168 -3320 -9356 -6492 1523 4082 2863 -7244 -7413 7172 5546 -6922 -3711 -3850 6246 2527 9892 188 6602 -63 7995 2801 -2456 1888 -7929 6373 8443 -1476 -630 5552 7709 9455 -3649 756 2825 -3080 -6667 -7359 -6330 -7568 8021 9209 5359 4114 6087 -2859 2294 5582 524 8961 2653 1427 -8291 8824 -8010 -4043 -7540 2418 -9170 -8742 6711 -6118 -8944 -2806 -3349 -919 -5792 745 4177 -7255 -3720 -1561 6991 -645 686 -747 9436 -7954 821 -2277 744 3194 3714
-2998 -7028 -6160 -2642 7502 -6178 -7067 1170 693 -5192 -7516 -2706 9460 -598 -9678 8012 6319 1818 9519 -7716 9841 -4572 4020 737 3202 -5347 7688 -449 -2442 -4243 6711 -5336 2419 7888 -2302 803 7418 -3329 -2580 9394 5769 2472 -2830 -4459 2199 3613 1393 -8435 -9874 -7902 -8671 -8928 -2571 -1120 9451 6275 -6275 4659 -8657 2331 7 -89 -5447 8523 -2549 8152 177 3358 -611 -5961 3550 7505 4008 2232 -1453 -5577 -689 -4437 -1200 7673 3454 2436 3122 -5375 4269 -3949 -9598 -5352 3985 -9306 -674 -9438 -7168 4618 6320 7269 70 -9282 4525 4105 -522 -1002 -8764 1367 -9232 8593 1871 6398 8144 -2452 905 9972 -699 -1614 -6325 -8831 9620 861 7474 -489 9613 -4036 332 -4474 4060 1405 -8681 7101 -8631 5126 -8067 -3275 1086 6162 8888 -5418 -4563 4772 2189 -5654 -7804 -9528 -7445 9821 -3512 4467 -6498 6839
2561 -4976
7107 1587 6393 -8167 7367 5074 -4924 2541 5294 1944 1001 2241 -5995 2512 2207 -5204 -3310 -8931 -859 8944 5462
-6745 3528 -6822 -8915 -4278 -7168 6400 -8570 2302 5106 2725 1090 -2175 6505 -2651 -2957 3010 -6265 -7013 237 -9060 3462 -8650 7237 6533 5224 -5195 9631 3712 6190 -9290 -512 -8830 1491 5303 1415 -3294 1361 4467 3076 328 9994 251 521 7116 -6255 -5412 -3284 -5226 9883 -2283 2724 -6023 6265 8210 3261 8376 -4071 -1601 3852 812 -2588 7865 9994 -4717 -2057 -124 4011 6666 4628 2804 1755 8217 -6537 -8882 -7136 7369
-7176 2408 -8424 -8566 -4879 2624 3415 9431 -977 -3006 -7282 3557 6162 -9532 3861 -1870 5728 6805 -1421 -7733 -665 -3695 -6328 -2241 5845 4170 -5047 1601 -2788 -7696 -8804 -7063 -9661 1989 3828 7239 9377 1366 -1064 -3960 909 7225 -2630 2489 -7462 1484 -1604 7107 -7498 1479 2380 7476 6285 -8283 -5621 -8885 -9652 2538 6509 2227 2425 9863 7638 -6215 7105 7220 -6732 8280 9779 -1620 7326 5169 -6958 -4247 1476 3157 2795 -6564 3313 -6876 7939 -7874 -4280 8920 -1401 -7742 -6615 3344 -1403 -6866 8287 2890 -2947 4980 3732 3066 620 1691 -5182 3133 229 6028 -4950 5383 -253 -2023 9001 -2271 -969 -9340 -3937 -6325 -2953 2711 -4019 9605 -8731 -8319 -5242 -4565 7928 2056 4100
475 -507 -7644 7515 -1620 3884 -9254 9238 -2778 -2907 6458 -2353 7689 6376 -322 1410 8234 3522 8015
4458 9411 1440 9164 -8696 -4019 6010 2000 5153 4529 5073 7318 9467 9411 6859 837 -9041 -7118 -912 -2602 159 7901 6697 -6207 3808 -1668 -3571 9343 -2384 -6215 -954 -9738 -1413 -3921 -3122 -2735 2363 -3754 9677 317 9609 -6783 -1725 -1839 8953 -648 8144 10000 -761 1222 7670 -9294 3264 9584 -958 7011 7331 6635 -4594 5563 7770 -7831 -4914 -7510 -2182 3108 5273 -9652 -1380 7124 6991 5050 4101 2835 7431 8182 1106 -8426 -7851 -3818 -2690 -3739 -1029 -348 9515 -3380 -2403 4094 -6753 -3509 -8124 -6670 4858 -8660 -133 -4087 4692 3045 -423 2102 4555 -7392 -3203 6776 9104 9721 -7895 6275 -877 1238 -9221 2100 3310 1888 -55 2373 1216 4955 -7155 -8349 906 4060 4306 1463 -5644 -6259 3121 4613 -3952 2128 4033 9301 5468 2576 -3066 -2048 -4785 -8514 -4252 614 -5533 -9117 -6244 -9844 1975 6182 -9234 -8919 1800 -4702 9979 5275 -4424 1287 -1554 -5204 -3914 -2814 -6322 -9123 3912 -4067 5724 8410 4770 -2393 -5441 7783 7181 6889 -1831 9259 -6463 -8750 -6684 7540 -7237 -455 2931 -3019
-1438 -9880 6872 -1697 -3870 1752 -8735 -9124 -2985 -1365 -8889 4890 1465 7719 -4188 9619 -3909 -6200 -8633 6940 -6317 3656 6462 5184 8802 -7640 4600 -9671 8356 -7579 4065 801 -9008 295 1555 9765 -4637 9229 -2838 2019 -8 -7410 746 9515 -7040 9901 -8740 -8591 9365 8423 1343 8125 2360 7393 -438 -1729 -4775 -6452 8666 8933 5681 -2252 -1017 1878 -1579 3548 -5937 -27 -6537 5800 8074 -739 3913 -6623 9087 -2984 4591 9636 -145 7598 8786 -266 9809 3241 9164 -4258 9166 1571 6421 6784 759 -5610 4678 -2202 1489 -9830 -7481 7642 -2031 -1623 -7643 -2371 -8361 7554 -2312 5540 -9730 -7958 -8336 -2261 3512 6976 3860 -2642 7443 3996 -6937 -9762 -2459 7727 3637 7583 -477 846 -3581 -1116 -7151 -3712 -1850 -179 -151 -1098 -3306 3620 7222 2110 2314 -4985 9071 -5053 6662 6170 -7203 -1838 -7657 6341 8818 6944 8085 2174 -5312 5749
-2145 -694 -5050 8400 6589 -2607 8213 -6059 -7103 8745 4546 -6446 1456 -6572 -717 2901 -1166 1989 4485 -2302 3835 -1677 -4524 -9237 -3369 -1657 2749 -2688 -5175 -6587 -3578 5328 -8062 7874 9963 919 9877 -2048 -2300 1915 8084 -1203 4837 1458 9464 4311 4074 6312 -7528 1866 -9043 -7564 -5805 9698 -758 -5172 2795 -2897 -6152 6609 -4125 2957 -8778 -6535 -5487 -1899 -3347 -915 -1899 -7885 8712 9993 4304 -3362 962 7446 -8455 -3153 7021 3266 -8041 8672 -1057 5198 8727 5985 5641 7661 8648 -9890 -1977 -9461 -3342 5662 -6266 3032 5776 -7773 677 8849 -1431 -1963 -143 -6694 -7883 320 3757 4172 7772 -441 3245 7327 -9133 -2544 2394 5032 5247 6452 -2890 -523 9335 1736 -6927 -8212 5960 -490 -8466 4086 -3759 -2715 -3194 9799 9229
-7847 1184 -8428 662 -7380 -8575 4579 -8671 270 9411 449 789 -7338 -9439 -1727 -8784 4598 -6955 5498 -2478 -1089 -8949 -2935 -2285 8192 1406 1087 -4710 5976 -4736 8438
-2902 -1320 -2095 2083 1138 2720 7723 -6872 -2125 9070 -238 271 3431 8385 8950 -5170 4747 6199 -5246 5115 4213 -134 102 5598 1295 2412 9088 4603 8789 -9005 8094 6017 -2323 4750 5682 3704 2114 7552 -1269 1938 -4186 -74 -5432 9463 7683 -3028 -3196 -9324 7205 -9390 -2901 -7514 -8714 1995 -3594 -629 -9881 8346 -4026 2301 -1060 -4454 -1146 -3898 -2743 -5756 -4395 -6637 9120 3280 -5996 -4791 5634 -2849 6737 -7008 3122 -9100 -6621 -9244 -687 7278 -8139 -190 1888 -1965 9983 -6291 6061 -767 6374 7877 2339 2997 -9539 5293 347 1141 -5371 -4661 1814 8679 6007 5613 -7799 -93 -6324 -825 -5780 5552 -5588 6509 -3983 -7335 -3681 4897 -1055 -5042 9602 3066 -9406 1785 -3145 3346 -6147 682 248 -2724 5651 -9006 5185 -7010 -5170 698 7455 136 -8055 343 -8854 7074 -5525 1699 -5986 -4911 -4509 -7550 140 5942 -2478 9960 8251 6852 4499 8935 -1712 7564 -6313 9627 -1168 -1901 6595 -2699 -9444 5112
218 -9146 7527 -489 1527 6297 1016 1275 -4800 -5796 -1002 6753 -1615 849 -6459 -6243 5848 1639 513 -3093 -8293 4809 -5926 -4884 -6135 -4671 2605 8084 -542 -5492 8120 -1189 -6643 2280 6948 267 -8906 2844 -8994 -7570 2969 1812 6507 -7897 -9382 -633 -5890 3272 -4718 -2255 5155 -2571 -7389 -8455 -2970 -9855 2312 9455 2620 -8880 -8829 -9165 -223 -7808 -1337 -1348 -3910 -7314 7014 -551 -2571 960 3903 -3547 -7291 5693 -3462 -2989 -9440 -6931 8616 -3996 -7188 5222 -544 -8948 -5645 800 -6670 669 248 5561 6857 -5100 1179 -5196 -8494 3009 5242
2541 -6297 3111 -3120 2172 -4414 2827 1750 -281 8402 -600 -2786 -1847 -94 -167 8187 -7709 -1349 -4135 7925 6991 -1220 1034 2129 6880 4212 -8196 7542 3941 6923 4400 -5895 -7900 -2930 8281 -9507 7835 6808 8576 6163 3695 7822 -9222 -4369 81 -165 -7918 -5484 -5995 4666 9162 5627 -9225 -5575 -8765 -8497 5639 -6288 -2412 -6980 -3496 -3308 -5208 -5152 -3649 -4413 7197 9080 4205 2490 5889 5773 1852 9133 3787 1823 -148 -2928 7953 544 -2562 5108 -5945 -9285 8147 -4955 -2826 -7431 -7315 -8069 6034 -8345 5914 -7235 -2250 -903 -1816 -5954 -3382 5986 2604 5899 -5946 3111 -2504 9896 6402 5257 927 2575 -1134 4862 -9037 -6165 -7336 -7888 -988 -9115
-8620 -145 -6206 -5281 6134 8112 -3996 -9075 8455 -1563 4322 898 871 -3498 6100 6184 7297 1314 -3988 -1812 -494 -3595 -608 -1738 6246 -1086 1723 -1644 8535 -9920 3897 -4122 9973 7848 4132 -5212 5046 5020 6895 -4244 433 8342 7790 -6646 -3109 5578 -2513 2464 -2784 -517 -9437 -5274 9600 64 -1905 8199 1513 -9006 4391 5140 -946 -8463 -910 6010 6779 7303 1844 -1068 2820 1576 4892 5035 -5388 8263 1702 -7316 -9934 -9775 -4360 1541 -9771 2782 -9596 -1755 1260 4890 7943 -9150 5382 8792 -4100 1231 -6867 -2959 9557 197 7794 93 9966 -2608 8256 2010 967 -1027 6567 -4924 -5009 -134 2316 5437 -7139 3698 8023 -8378 7310 -839 -8962 -2159 2336 -3313 772 9881 903 -1964 1456 1398 -4317 -9762 -2682 -1831 7570 5495 -5440 -7891 -8691 9276 3428 4628 -4905 7637 5919 6995 -74 7417 410 272 -2050 797 9884 -6643 8669
8799 8400 -6238 1005 -344 86 2269 9936 -8413 6835 -8302 3922 -3667 -8054 8109 7961 -866 -5081 -1076 6717 -9161 5612 -6480 -8881 -4267 -429 1412 8471 -6299 -2128 353 2265 -5356 -4297 -982 5529 6039 -2117 -8467 4101 -1718 -6371 -8314 -3019 1350 -8191 -16 6573 -6283 7065 -492 -2823 88 2985 -7745 3481 3352 -1056 -4219 3110 5841 8135 -4468 -6817 -7411 2267 -711 -5793 5335 -8415 -1424 7514 8433 9303 -4121 -8052 -3770 -455 6288 513 -1434 -7916 1408 4041 4937 5890 -2696 5906 -2716 -8500 -3540 -424 -5215 1889 -8848 -6920 -8138 -7307 -7647 2636 3447 -9001 4159 -1973 -6007 6913 -9542 8987 -5211 7716 6964 -8713 -9333 -9763 -3297 -7303 7596 6247 -8282 8264 6181 -3729 -5866 -4670 -4239 8299 1435 4585 -4722 -3295 -7258 -9607 4444 6761 -4193 -2975 -2475 -4427 8755 -1109 -9931
3521 -7802 -6813 1942 -818 5176 6339 -5701 -1893 3266 8336
-2906 -3041 -382 -926 -8037 -7921 -6235 4949 -9134 -2171 -6912 6813 -3832 -8612 5327 6752 -5333 -1641 -4664 -9566 -9171 5755 9942 9507 8538 -4605 -6272 -1661 -441 4715 -9618 -3879 3968 -8838 5508 8300 3057 -5218 -2096 1012 8870 -8185 -4929 -2642 2918 -6166 6078 891 -7689 7762 -7191 -5203 -2250 -3190 3335 370 772 4845 -9507 5970 -775 -5334 -6766 1002 -9892 950 -9916 -4890 -6610 -4411 -5880 -1378 -8641 2533 1735 -9321 -6192 9595 -1117 -2209 -6467 -406 -7679 -9896 912 1443 5766 6933 -7326 -7419 8719 -294 -4455 4704 -4213 -7614 4837 -811 -9946 -3711 8134 -8362 -4438 -8821 -1202 -5810 6215 4577 -7782 6664 2746 -7408 9686 6414 -1796 1702 -2899
1252 6155 -8696 -153 946 2950 -8738 -7259 9384 -2439 6076 7040 1045 4235 8408 3762 7836 -5217 -7308 6761 -5068 9976 -4006 1309 5862 1894 -2045 -9065 -711 3825 -5478 -507 -9733 7900 -2285 5516 6411 -3320 -3737 6400 5838 603 -7701 3787 -6319 -4931 -1579 1123 5795 -9797 9102 540 7456 4218 -7790 -4063 3934 1464 2547 -8552 9428 -7751 8786 5867 7961 -3011 -5074 -5987 -752 4011 -7134 8363 -6263 327 3831 9597 9865 5101 -4610 -9034 3796 -9865 5215 3579 -8758 8971 -267 -1857 -8335 4052 -339 4240 -4929 8639 -2276 -4446 -3260 -3750 -1772 -7788 5710 -7437 -849 -6516 -1013 -9085 -9663 -5307 9310 9761 6785 -36 2914 -8324 4232 7181 5805 6663 7125 -8506 -9531 6141 1507 7550
7861 -8074 -300 -5080 -9750 9612 4531 5323 307
6621 -4771 -7259 -3184 1904 7895 -2821 -8322 3683 1630 -8696 3781 9922 -5447 9228 2281 6414 -8954 6678 2936 -7971 -1455 -1129 8847 -7420 3077 -4273 -5605 -7157 1500 3254 1566 4439 8870 5123 9827 -1355 3282 4205 -5865 1557 -5601 -4260 7481 -5855 3549 6663 1743 8804 1681 1268 2880 2114 -7682 2147 7294 7793 -3777 282 -3598 -2387 -4548 -6037 -4646 -8484 9978 -5899 5696 3339 -2744 -3949 -4211 -8566 2633 -9274 -3097 7320 7220 5994 -3539 7664 422 -1425 6644 -2976 8323 2072 7774 9386 -7477 -8697 -3040 5649 -7566
9333 -7866 -9388 -8750 6099 -9370 -1138 -6748 -2855 -4436 -9173 -5405 -1995 -2029 1874 5481 -3061 3356 1596 -3412 1381 -2849 5083 3692 -2122 -4995 6302 -8676 -4923 -2680 293 6985 1102 5845 -6121 -1525 -3876 -3809 -8065 1451 2606 4303 -5744 -8372 9857 -7710 1533 5605 -616 -108 -6825 -7131 -3259 -9792 3983 -2807 2620 -2764 910 -8519 312 -1507 1174 2564 2050 2957 -1577 -1920 9907 -714 8432 -9005 1176 5325 -7873 939 -5660 -5555 6532 -3009 -9950 6632 9803 7469 4057 9379 -7570 7313 -1403
-9955 4583 -4775 962 -4478 -5441 2799 2281 8919 -5483 -1343 -211 4380 -1749 -4666 2341 5103 8378 6230 293 -5480 3086 391 3399 3797 4430 -6718 4951 -2713 -1695 -6953 4078 -5682 -8370 -3652 7239 2797 -3017 7751 -2957 -5870 516 9201 -4439 -8528 -7807 -292 9948 2174 -8180 -7227 -3669 -3445 -1160 2826 395 -2049 -1515 1308 8655 -6987 -5205 260 1784 -9143 3085 8948 5230 -3689 -4283 8474 -4492 -4411 -9386 1419 4206 501 -9877 -2110 -6288 -5343 -3664 -4284 -61 7210 8845 6950 -8435 20 -9332 -9268 9081 6936 7428 5919 107 9312 6707 8686 2236 -8447 -9762 -2656 1822 6599 1884 -36 851 -8077 6428 5422 2618 2963 -401 3146 -6110 1723 -868 -5807 -2002 489 5264 9669 7687 5041 -7981 -199 9506 5556 9271 -9767 -6397 -7967 -8043 -7924 -8776 119 -5140 -9368 9672 -293 -8566 1062 -7265 1158 1367 8020 -1209 -2012 -9545
-4565 -4069 5523 1030 3329 8789 -7177 -8323 -5782 8561 -7110 9909 -502 -42 6051 1360 -7901 6581 -3745 -9663 8886 2578 1387 8978 8262 -5980 6693 -9446 -1159 -8967 -6662 3942 -7070 3190 -5631 -8995 603 2025 -227 -3051 -9224 -3386 8431 6864 9997 -1766 8778 -6754 7093 -3409 -2305 -3968 7659 -3863 3387 7990 4218 -8196 652 1400 -3996 9002 2286 3348 -7923 -7232 -3896 1712 -9769 -2597 8991 -1122 6851 2862 9219 8505 -6526 6363 -9512 -9320 6939 8606 -4535 7397 2286 1137 -3161 355 -5577 1569 -1527 4321 6035 8186 7543 -1844 -1735 -8649 7588 4799 -6195 1692 4743 5725 5768 4990 4130 -4864 7798 6245 7148 -558 -4509 -4620 5325 1742 9807 -7841 380 2639 -6786 8586 -6145 5036 -8668 9406 4632 3411 279 1196 4354 -9059 2003 6963 -3151 9089 1737 -3497 2322 -4868 -8610 9089 3790 3120 6666 7012 7174 5091 -7738 -6286 -2451 -2546 -6527 -1378
9431 -8211 3863 800 7926 5171 -9894 -1987 3237 7593 3725 631 -5721 6527 -5111 -8948 -6000 2447 -9391 8941 -7822 3427 6504 897 -7756 -7996 329 -3268 -3534 -3126 -5783 -1102 9372 6981 -512 5924 5008 -2845 -4555 229 2060 -7755 -5634 -6207 -4676 6444 -6698 -3160 1804 7011 -2554 2288 9107 6401 -8722 -9007 5167 7195 -1828 3774 1980 8584 7382 -3929 4868 8910 -7443 2500 8052 7877 -9346 -698 8816 -4811 4929 3254 -8996 -6656 3986 1586 1082 -6499 -655 -62 2959 -7162 -9411 394 -2021 631 2254 -1520 5302 4337 279 -1451 9419 4575 -7697 -2680 7923 -7964 4872
6755 851 1724 6674 5942 9317 -631 -4792 -6789 -7227 9741 -9492 -8312 3898 9996 2290 -1852 8666 -1839 -6080 -4248 -7875 -9935 6469 4852 -4087 7278 -38 -1270 -8523 4483 1528 -2530 9127 5696 -1818 2784 2848 -1083 -7961 2780 -4929 -4174 3233 1605 4169 6439 -9854 -5444 1708 6392 -6405 -5267 -382 -1763 164 -9240 6423 4392 -9376
8361 4898 -6668 -1410 8877 9653 738 6273 -9064 -1257 -21 2675 -4580 1905 -618 8039 -5453 7786 -9446 -9315 9465 -9577 4107 7809 -1717 5371 7488 -5656 -4297 -2125 8922 -4264 -8459 472 482 708 -2491 1327 -1405 -2519 -8869 -8084 -8315 -7749 -2244 -694 9819 -3594 884 -5239 20 -3625 1313 6198 -9704 6160 -3628 57 926 1254 -8589 989 -1369 3256 -7352 -2865 7310 -6585 -4422 8794 -245 -2310 -1667 4088 -5616 -7811 7066 789 -2752 7208 -2838 2382 9874 -3935 9073 8873 1649 6761 -1001 -9321 -7524 -193 4976 1170 840 -3034 -2257 -3646 8907 -2267 1038 -2606 931 5103 -4146 5330 9590 9073 9762 -5285 -8832 -8425 9475 4465 1458 9697 -6227 6510 -5524 -1731 1497 -6754 -2233 -7633 7486 3329 -9364 4984 7016 6844 5573 7828 -7149 -4976 -7841
4492 -5784 -6964 -3883 7477 7914 9486 2972 -2737 -4254 -1207 8653 -4805 -2339 9423 -2342 7998 4269 -6283 7060 5684 -2104 5050 -4518 -2963 -4775 7763 2655 -6634 3034 -1342 -9583 4185 9582 4149 -5454 2743 -4500 1303 -86 -5825 4827 -3550 -513 -7534 6180 7654 -9482 1794 -3620 -8656 3182 9568 3265 4377 -8587 -6984 -1636 -1916 -9494 2354 -6461 -3222 3894 -9326 5398 6356 8431 4015 -2549 4868 -4068 5758 -6428 888 -188 -2070 1720 -6187 -2507 -7030 3151 6804 -736 -2456 2225 -4470 -9538 4879 -5139 -8631 -8034 -8988 -4284 -8264 4982 -4770 5356 -1070 1084 -1303 -4512 8476 3883 496 -8600 -7376 -6397 -1116 -4007 -3405 1477 -6515 1556 8593 8927 -626 5686 4545 -29 4415 1606 -3521 -8077 -944 6150 9696 139 -8685 1871
-5033 -4919 -8284 -6884 -5452 3520 4410 -7115 3114 -1703 -6746 5578 -8994 -1683 3436 -8564 6502 2741 -9826 -8542 4639 6537 1506 189 -501 6463 7533 -6094 9076 -8799 4602 -2012 -7427 -8291 -7935 -6192 4290 7300 -1958 -8512 5047 5440 5971 7128 6539 -8807 -9660 -8044 -4166 -6944 -9597 7102 3157 -425 4962 -724 3541 5862 -3090 -3239 899 -4605 -4636 5664 7046 6924 2229 2873 -6024 -3098 -9816 35 -961 -5978 700 9359 2544 -3247 -4858 -8375 -9395 -6401 -5583 -5103 -2921 -894 -2615 1315 5994 -885 8429 -1980 -3377 6910 -5545 9126 6705 -5403 -9774 5015 7652 1458 -6298 -159 -608 9445 1125 9952 2943 -7033 5985 -3337 4016 862 9040 -1434 9773 -8507 2087 -7123 663
7671 -9885 9222 -4141 -9950 5541 4209 -4361 -8058 5171 4233 9639 -3834 7242 4379 5981 9023 3937 -7350 -7342 5450 -5529 -7617 3131 -552 3128 9235 -3135 4497 148 8399 278 7078 -6847 -268 1161 6919 9215 -3153 -4417 7827 -1774 5964 -1028 7749 8676 5180 -2960 -4438 -9057 1454 8875 1885 3699 5397 -7111 -8897 2187 1297 7977 3078 5192 25 -2959 -9463 2163 -8768 -7493 2425 6746 -1875 3171 8602 -7670 -9585 8866 1530 -7860 7413 -3026 8964 4000 2058 -3955 -6630 2245 6687 1328 -7539 -5090 -8664 -7998 -4517 5699 -768 5921 9670 4988 5030 4386 -7571 7256 -9093 -6271 7790 6068 -2841
-7848 -9336 -3764 783 -949 3042
1448 -1326 9938 -214 -5723 -5913 9302 9138 -6609 2651 7831 3473 3771 -3148 7470 -5124 -2097 5798 3558 -3636 -5411 -4062 -2899 -6989 -2140 -2840 -354 -8427 7276 2514 3036 8510 4298 -7169 -5846 8742 -1377 -4449 5461 8667 -9735 -3649 -2140 5482 -109 3850 -4125 9283 -1909 7970 6505 -9072 -8351 -9075 -8689 3613 -4620 5828 5988 -5729 -5459 -1662 -4897 -8008 7170 -1640 -2809 7552
9130 9173 1752 -5156 -5961 -4677 4273 -6661 3465 -2272 -7485 8005 -9311 9782
6360 -3587 6187 4570 2121 8971 6844 -5702 -8095 1598 -93 -477 5236 5014 544 9045 -869 -1583 4866 -2762 -2230 -658 5828 5668 9524 -3612 -1600 -5862 -9261 5889 7400 2291 541 8675 791 -1252 -8715 5610 -44 4705 -6650 -5977 -784 -4368 -4863 -4991 -7030 -4007 382 -3396 6742 -1503 1843 -1448 9019 4285 8641 -919 -8701 1803 3902 6931 5526 -258 2916 -2119 -4153 -6909 40 -4117 -7070 -7316 86 -206 -6463 -3500 -5173 1532 6240 -4974 7775 9759 8430 -1091 5243 6500 9232 -7591
-3098 4388 -2555 740 9248 -4813 5551 -3025 -1106 -9073 2055 9592 5400 -7983 1468 4440 -7719 -3429 -6624 -4057 -610 -3058 7190 544 -9577 -135 -3573 -9877 2746 6350 5835 9571 7352 7185 -2174 -8727 -3468 -8107 -6173 -7162 -2036 2393 5284 639 -7634 -7340 -885 -2970 -236 4614 2876 -5101 8612 -9872 -1999 7779 -3239 -9374 2893 9235 -1004 1272 -3404 -6307 -1331 -437 7417 -8747 7685 5075 -3101 -7910 8972 2031 -2165 8123 8140 3676 5360 -5025 -4536 4654 -7266 -2721 -3459 -9222 -9170 -7258 -9766 9650 905 9364 690 -8772 4862 1914 6620 4245 -5667 3545 5513 1549 -7787 785 1501 -7222 -8295 -9180 -9689 1327 -3794 9416 5114 -7409 1072 3926 5371 7069 -5275 837 -5824 -5992 -3678 2568 5215 9119 2283 9712 435 -5205 7770 8203 -2585 527 -4006 -4440 2756 -7606 -5421 -7493 -9033 8751 3399 -5550 1964 -3049 -5943 -9221 -5576 7900 -9898 -850 -9505 -172 7455 -374 -5402 636 -1597 -3949 2499 6845 5309 -4979 8570 7492 3505 -2859 -7384 -1657 -3879 5587 -8619 2661 -3215 -2751 -4251 -6917 9871
-2984 -3446 1011 -5711 9933 2820 -3251 -8267 -720 -1922 3925 7089 143 -1449 -3693 4827 673 -5923 3723 9624 4537 -791 7019 -1884 7299 4225 -2087 -9642 -4931 -9162 7712 -2969 -7008 -8840 -8804 8937 -125 5849 1727 -8069 4351 1097 -5833 739 -8703 -5424 3168 -5294 -7815 7404 -4468 6639 6960 1873 5994 -2144 -1251 -8084 -1512 -7762 -3917 3863 -8048 4897 -3203 6367 -6543 -6291 2476 9674 -5872 -7596 9545 -3604 217 7025 4060 241 -5185 -6365 6668 -1144 225 8156 7843 883 -8918 6725 -9436 -8036 -3326 -2874 3015 -9806 -2374 5808 2731 8845 5263 -2951 -9030 1873 -5272 -8634 -3644 9847 6840 123 -3672 6758 -3965
-8594 2638 -2583 7918 -3078 -8161 4043 -3992 4723 7665 -8149 -9679 -7855 -1072 -7746 7557 1321 -3848 -4542 3940 1941 6189 -3614 3642 -7018 6033 7814 -9616 9479 5531 -8984 361 -6868 4691 -1311 -4971 -3367 -7984 8211 -1339 -468 -1286 608 -6656 -5105 8208 8650 -466 1030 -6751 9871 6069 6173 -1845 -5876 429 1421 -9441 -9935 -1565 -2393 1834 9153 -958 5217 -5039 -2508 7635 -3591 -7124 6395 -1523 -7196 -9208 231 4446 -8373 -2058 158 3350 -7844 -5655 -9341 9101 5036 -9825 8055 -3739 9760 -6015 -9020 8457 520 -8807 -3065 2661 -334 -1336 8465 -2539 -54 6888 3966 -2467 -5697 -8451 6677 -5962 8585 -4551 7612 6885 84 170 -1853 -9985 -8301 -408 9393 972 -4611 -789 1931 -9519 5732 -5369
-3469 5076 -6858 -5027 4247 9332 -4525 -45 -6017 2712 1984 1515 6656 3589 8399 9929 -373 -836 -3803 -5865 1516 -3027 3778 4852 9726 3889 -6453 -8187 -8139 3253 413 1867 -2284 2006 5499 6388 -7867 -5215 -3536 975 5413 -5639 7367 4038 -7387 7288 2603 -3037 2472 9194 -1290 9028 9524 -352 -5817 608 -2824 1981 -5997 7868 5622 7583 -18 890 4453 4609 4916 2397 4965 -3595 1662 -2430 -1145 1636 -9091 -4058 3934 -2712 4350 -1143 1395 -972 -2713 73 7799 7850 9845 3206 4674 -8170 -5346 -1732 -4198 -9565 3276 -971 9182 197 4051 -127 -2436 6719 -2941 -2847 -7087 932 -6268 -380 -635 8332 -3288 5549 -4680 117 -6911 6508 -2138 -5699 -4567 7106 8542 -5225 -5775 1851 2798 -86 5090 8990 8244 -7072 -9717 6007 -5553 8031 -8140 -782 -7151 9271 9241 -430 7523 -5151 8902 6100 3379
3580 8554 2300 -9758 9297 1639 -9256 5470 8816 -2211 8470 -1672 -1163 6157 -8559 -4868 -1835 -566 3460 -7947 3086 -3011 -6849 -7873 -7027 8326 5525 7396 -2906 6355 9067 1886 -9637 1988 6167 -1867 1100 -2673 2971 4433 4813 5180 -796 -566 -7208 -9949 -9020 -816 1661 303 -7932 5998 -8719 -1495 3553 -2756 7103 9080 -8091
2115 -8010 7919 -4902 -7441 -9277 -5852 4513 -3895 7084 5152 -7628 -1570 382 1893 4159 -6228 -4198 6345 4542 -2775 665 4915 383 4614 -3365 6505 -5662 8028 -897 -8239 -630 3719 8849 7540 -8410 -3080 1634 -8218 4303 -2233 4003 9321 7848 -4703 -6342 -6442 3808 -3290 -9005 4871 -9148 -1077 -5752 -3982 -2030 -6192 9034 7970 -3029 -7135 -8477 -5943 4960 -7529 -8755 1024 -7407 -497 512 -8644 5508 -4745 -5972 9213 775 -605 -1212 -8916 5763 -8650 8653 6983 5824 -3058 -2479 7266 -4550 9270 8502 1145 -8112 4887 -9640 5230 -7457 -7405 -2068 -2126 -8058 3970 -3188 4556 1849 -4766 985 -249 6537 -7959 2664 -4621 -8066 -8655 -6964 -6448 -1291 3123 6349 -2878 6416 -9765 9563
-9563 -3011 3026 4814 3203 -3499 -2224 -1282 9791 -5417 -1510 4716 -4336 9747 2394 93 3342 -286 -8220 -560 9589 5102 -5028
6704 -4483 5572 -1616 4936 -797 -7440 -6842 1100 7280 4884 -4965 8720 3153
1767 -624 4056 -4807 -9931 2457 -803 2122
-4314 -3480 4571 3939 9371 5799 328 -9442 -7240 8534 4740 -282 -1654 -4120 4068 -8583 6278 1048 8282 5635 9064 318 2946
3612 246 7445 830 2159 8424 -3856 2798 -7312 -8874 4966 -5996 -6397 1845 -1113 9351 -1578 -4399 -4068 6430 1185 -6904 -3556 -3481 7296 4831 -4442 3924 4253 9763 -4351 -3854 7273 -2430 -9727 1990 -5958 2565 8843 -430 -8873 2152
3849 960 -7294 -7514 -19 -5322 -79 -4996 1338 8729 -5770 -6410 2455 4471 -9837 -7379 6804 -5530 -4154 6502 6170 -5487 -5198 -5032 552
-8830 167 -5228 5959 761 -9642 -8899 9033 6364 5937 6125 2527 2030 9617 9259 3205 -5743 6331 2986 7797 1165 209 944 7076 5964 2752 -845 7137 -9384 1798 8701 -6692 1794 6421 -269 8567 5093 9105 -6763 -624 9643 1715 -9968 1161 -734 7928 6794 3132 8224 -4322 1243 8013 7612
-6387 9922 2775 4764 -9220 9211 -9007 8692 -9149 -4451 8296 1128 7999 3329 6961 8249 -744 -4335 1758 9623 -6361 -1419 -6742 9432 1004 -4965 -1486 -1256 8844 -8317 1013 3840 4160 -6407 7935 5325 -2066 -8148 -5013 8820 930 2779 -7361 -5929 4743 -5334 2583 2430 98 -1628 6247 9110 -4224 9903 8816 2720 -9416 -1740 -6254 -9487 9909 -3420 2500 -8830 -9072 -1018 -8228 1608 2824 9385 -1961 9782 2530 -5690 -5022 9501 -8965 -8936 -5732 4532 -1616 3464 1665 6971 -9877 1616 1132 -731 -5903 -3295 5432 4487 -9656 -5055 -1084 -1908 -859 2315 -7270 -3496 8345 -4365 -6219 -3035 6717 -5071 -8475 -2782 1014 1903 -8549 -3666 7958 186 -3415 4484 -1843 -762 -5270 -6119 -1043 -5134 351 6598 5061 9941 4065 7096 7477 5677 -5421 -744 -6622 -10 3833 3532 -1599 -5783 -5685 8261 -990 4247 7230 3684 -1169 -6282 7853
-8341 -3776 2467 6163 8737 2464 2611 -8794 -5957 2894 -8935 9241 -9845 -8860 -1345 -2955 -9990 3033 -2058 -3080 8504 9533 -1830 -9391 -7462 8574 -8173 1113 2996 7291 6307 7928 800 -9145 -8179 2070 -8683 -6719 2063 2168 -2378 8986 -4005 8149 -1900 -3123 -1691 -6514 -2766 -9835 -6248 -8406 -5355 6353 2468 5747
7412 2782 -6344 -498 -8937 1818 8364 5336 6452 2551 7929 5587
4033 -1929 1578 5280 -5337 -8026 9283 3788 -9192 -5819 1935 3972 9982 -6710 -9262 6698 6256 4022 -9063 8533 -6287 -4448 7586 -8977 9628 2589 9549 8356 -3311 -9287 -3763 -3095 77 -4756 -9806 9969 -3814 7788 -9877 -9736 -6027 -80 -3047 1559 -2169 5467 4747 8832 8809 -3732 982 9274 -790 9183 9152 -8658 -8036 5746 -4412 -9359 9086 -2700 6837 -6483 5942 -6577 551 5590 5359 -1223 1274 -5980 23 7287 -3246 -2563 -889 7279 -8756 -1797 3361 -5106 -7700 8513 -1602 -7164 9623 2700 -2292 8922 -9118 7420 8915 5540 -9899 -6163 -2783 -5324 6171 -4263 -8855 6469 -2670 -7751 9272 338 -8268 -7357 3596 -8593 -7867 1535 9130 -4796 6076 -7771 9524 -5993 4818 -5366 6557 -3902 -9307 6161 8043 3514 -8705 -8100 963 -607 -3172 -3408 -986 2102 8800 5391 -6858 -8329 8494 -826 4598 -9034 3433
7005 2394 -6443 -1987 -2332 -3430 -7195 -5382 530 3212 1641 -2518 3616 -8596 9785 4271 7797 -4970 5535 8611 3849 -5083 -1215 -1510 -823 2168 8848 8111 2474 -1040 -7137 -8092 -8512 8833
8226 3296 4935 8913 4364 -850 3554 -6085 2994 -2306 -9624 -464 -8293 -6511 4906 -2153 8718 8689 -2148 -6157 9291 -9009 -7669 4418 3292 2733 888 6888 8227 9946 849 -5119 4701 7977 335 4152 6182 5908 1716 -2176 -8998 5779 -5035 3405 -6271 8651 9030 9726 1145 7071 3637 -2783 -2724 -4591 -102 -133 546 9278 -9376
-4760 3543 7854 -5710 3734 4362 -3641 -5745 -6372 -6123 -3692 3773 5203 -1753 -7275 9608 -6232 5172 6416 -9904 8482 2265 -1766 7496 4284 7552 -9467 -6974 -5520 1304 -2630 -6601 -3806 -7266 -7742 -8221 -9818 -3805 -9837 8626 2494 551 4039 -4252 6893 6104 -4772 -8801 -439 -6996 7241 -771 -3488 2457 9869 -8626 9898 -6991 199 6656 -6407 -8006 -4112 -6730 -4147 -4312 -1898 -2606 5409 1971 -468 9877 -1569 6625 -4603 -3823 -4034 -3433 -5486 8289 -1241 9767 -2816 6917 -6311 5011 6001 4436 7893 -8647 8960 4427 -3021 -9495 -3775 3587
9705 -3024 -3774 9306 6298 -5386 8431 2333 -9323 2993 -3906 2894 -2932 5367 -2486 -270 -1409 8824 9092
-5887 -161 -9342 8760 -6976 7749 -6005 2145 4092 -3353 -8160 -9056 518 8450 -7333 3127 5409 4966 5321 -2700 -7086 -1063 3241 -4806 9600 -183 1661 -7425 8040 6021 1576 -5966 6573 7964 -2580 5722 5206 8254 -9797 -9598 1925 6625 -1166 4825 7457 7025 3341 -8149 -2398 -2374
1087 -7314 1400 -4372 -4909 -894 -2018 -5747 -3615 -3404 -514 2001 1992 -428 -8178 -9984 8227 -554 7457 -8088 -5303 2716 -5216 -3847 -1928 8816
-1439 1012 -9706 -870 -6957 -8170 9328 7260 5869 -5769 -2482 6340 -9145 -6518 -221 1939 963 3805 -4165 4131 -3918 -2250 6312 2909 -7711 -1628 -9332 3497 -1471 -3711 -3361 7690 630 -9104 2320 9911 1406 2310 -3410 7167 1734 -5462 -8151 -431 -7481 -7382 -8233 3170 -6479 4503 6772 -2726 3557 9534 -8788 3147 -2254 8065 -3970 -4074 8010 5756 3534 -4894 -7526 2581 -7614 9458 -853 -339 -8500 -1583 -3050 5252 -9240 4402 9133
9399 1707 -9092 -3946 5580 -9018 -1372 -5052 6071 -8637 -7567 6271 1508 9005 4491 2368 -8207 9761 6032 2558 6864 -8319 -1192 4715 7792 -4455 -7650 9340 1580 -2733 -6263 7525 -5458 4029 1548 -1576 2315 -3185 -2035 3709 -1384 -260 -1637 8413 7758 225 7078 -8696 -2522 230 -5068 3267 -789 8938 3930 767 -4994 5821 8905 401 5698 -7048 7902 9992 7489 270 4604
-3683 -6421 -8723 -1062 -5433 -8366 -9227 -4091 3917 -9737 -3512 8427 -59 -4148 9316 -811 -3620 1318 -1191 -8150 -2994 -1173 -3651 2362 1275 -290 -1099 -8621 6203 5153 -1001 5456 -7153 2943 -2932 1184 -5491 2731 -9999 -1877 -4938 8926 -9775 9499 3662 2445 -6802 3047 -5073 -9574 -5678 5621 8488 8795 -2530 358 -1650 9423 -8879 589 -8773 -9027 -5072 3394 -8533 -5938 -5803 -9231 -7152 -9893 666 6194 -3425 -2176 -7320 -693 -5466 257 -9982 8962 6885 -9819 -4951 876 3861 1963 -9760 570 -6098 6037 -2874 3763 -5179 -8905 -221 -8754 -7167 4383 -1191 5188 -9612 -1857 -954 246 -8992 306 -2538 -4832 -7573 -4849 4604 2155 6442 -7469 4006 9168 -1683 6630 563 -218 -2068 8981 7905 -4834 7624 2499 1905 -6808 -3724 -9530 -2729 -4438 -6878 -2124 1269 2762 -73 1260 -7534 -1802 -6858 6596 -398 -2388 9229 -7622 20 7985 2122 560 -4332 -5397 9809 -1261 282 7723 -5021 -9705 -6550 -606 5294 -9505 4398 -3182 2569 3379 -3414 -9531 1747 -4533 -7673
-1232 -3080 -7741 -4803 1772 379 -2121 -3885 786 -5079 -2767 3510 2786 9619 4682 8541 -8728 5261 -9237 1096 -7143 -6315 -6216 6076 -9131 -1146 -2487 -5682 -5467 7802 3783 -8342 907 844 -7349 5251 -1856 -6348 -1007 8647 -8079 -8245 -2917 -9674 4592 9691 -3381 9932 -8383 -9131 -4013 -6132 9598 -6962
5429 -2757 9999 6663 -3132 907 5327 4176 3694 8024 5723 7619 6485 9458 9704 -2618
-9227 -20 -5808 -8287 -1479 3020 4917 6830 -1522 1820 -5583 1821 131 3419 -2315 9680 -8699 6652 -6291 -4700 5602 7012 -2661 -9884 -7899 -8532 -1406 2273 -9879 479 -538 -3177 -2131 434 -48 -2124 -6550 5726 5852 -3531 -5477 4186 -3673 581 7264 5468 -8992 -1444 6155 -5811 -2719 -8141 -3745 -9768 2227 3662 -9982 696 465 -2678
1180 5137 7609 -6798 -7427 4341 -1578 8188 -9129 -3075 8134 2053 7444 1918 4996 9862 4998 -1269 -8320 -3795 -4630 9143 1661 5156 -7081 -1076 -1770 -652 7230 6992 85 6871 8891 -4523 279 -1156 5789 9943 -6394 5080 1776 -8897 -188 2428 6791 -4376 -8098 3382 2361 9999 -4148 -1387 3339 195 278 8058 737 -3369 8579 -9816 6666 1949 7967 4892 5370 4010 -8734 -4658 -1153 -962 -3232 957 4847 -7761 -5895 1289 -3653 -8203 3646 3063 8679 -8826 8270 4707 -7818 3522 -4377 1352 354 -4460 -5913 -8200 -2611 -8275 5738 -2877 4938 8426 -9216 -5839 -388 -3577 -2812 8875 -8302 -3037 -2353 -6095 -9734 4202 5501 6641 1153
8684 6557 8572 -1641 -3750 7015 9920 9454 -7720 8815 -8280 -1735 -4638 9858 -5910 9455 217 3684 9104 6511 5631 3971 5031 -3105 2801 -636 6061 7479 -8546
-4185 -6018 5576 -7254 719 4401 -3457 -8234 8652 8321 7562 -8708 -9794 1296 339 1849 -9345 -945 6560 1747 935 8650 -7606 2927 -7747 7785 9124 -6221 9946 217 6531 -2856 3743 -1865 6086 -7928 2462 4997 -8217 -6925 8669 -2327 5127 2928 5842 -6113 4289 5303 956 7001
2285 -5154 -3585 7072 -2778 -3538 3986 9786 3369 -2888 5026 2423 5424 -5925 8080 -1153 -8680 1643 5811 -4425 1874 2434 3630 -74 -1643 5809 4841 1786 5945 -269 2262 8711 -3136 -3051 2699 -4188 5395 -362 2251 1158 6478 5867 7739 -9947 6046 -7699 5934 -8243 -3632 662 -8277 -8412 -2883 3953 -5676 -6492 354 -7334 -7062 -1294 -215 2964 -9368 6857 -6556 9001 756 -2260 5061 1901 -3734 4900 7088 3711 -1174 6316 34 4449 -8674 -8022 -3279 1068 9610 6494 6873 -248 -37 -2284 -9774 -8967 -5931 -6220 3289 7371 204 635 1682 6945 2748 -6390 -790 279 -5586 1942 -4171 3910 5533 8279 -9442 3443 -4698 750 5132 989 -4273 -6566 -9190 -6515 2683 -2363 724 -3814 9176 997 5730 3177 8187 -9919 1304 9467 5933 -227 -4359 9391 3027 3046 9579 -228 1602 -6350 -5373 -7507 -8986 -6666 6252 -3491 8447 3704 -60 3603 6793 2866 -6770 870 9985 9047 3607 -383 -9642 8528 7846 -5829 -179 5975 -8082 8229 1599 1106 8458 -6704 -7216 8749 -7845 -2616 5840 5748 3181 -5497
-3132 1698 6127 1054 5481 -4095 2477 8616 -6354 4455 -89 -7570 -494 6335 2797 -4561 -5035 8530 -9291 6227 453 -1609 -5801 7224 -7406 9717 7805 -6203 -1326 4729 -6920 5315 4390 -6930 1087 -9182 5370 -5338 6940 -3622 4957 -3721 6816 7919 7350 -7265 -5746 5779 -7966 -1999 -9436 9713 -5727 3061 7453 -4237 1276 7373 -3625 -3132 2542 6031 -7570 7062 -5298 9092 -9602 -4118 6692 9428 -1887 6505 -9075 -4528 -7717 -9732 6916 -3268 6742 -6042 -4954 -2072 5951 7840 1531 9213 8207 4824 7872 -4329 -4254 -1686 -4055 -2855 -9017 7188 8025 885 8020 4723 -2486 -2930 6416 4428 -2909 -6243 9345 -3686 -1649 -1098 524 1155 135 -4666 5412 2754 -7778
-7469 -7963 -4477 -3273 -9776 -7954 6213 9053 8951 -7991 1228 9622 9931 -6408 -2393 5896 3738 1734 9515 -9953 801 9083 9843 -1848 -4940 1798 -9636 -9280 -8585 9035 5952 -8969 -3316 9062 -9942 7124 1456 -372 6402 -1760 1298 2380 -4392 5079 6149 3513 -3764 -580 -4330 7893 -2790 5287 7766 -6572 -7774 -148 -8476 -8864 5209 -8604 -1326 -4961 -4197 7612 -4624 9147 5476 5795 -2352 -4416 1939 2039 5444 7874 259 -1858 9607 -6951 762 1012 6052 -4646 5747 -2444 -6707 -1832 -2966 1158 -8027 522 4555 -1199 -5185 4001 6315 5419 577
-7436 3523 9133 -3891 -1086 -1344 -814 7682 7612 477 9645 -5346 415 3113 -7502 -165 -2176 8425 -1313 -469 9182 -8991 4111 2731 714 6457 5237 4432 -6593 -2488 -6702 -5449 2308 8498 -9563 -3332 4368 -1104 -9819 -7238 -2024 -5089 -2025 6685 6135 4136 -116 3528 -1575 -3797 -8332 9118 -2509 2236 -751 -6739 -3097 2556 -4081 6051 -5318 -1913 7867 2199 -7417 7718 8618 -7682 -3853 9131 -7383 -2616 -9642 -3370 -3962 -9956 -8987 6163 6018 18 -754 5090 -8873 -9122 5180 6087 9919 422 -6105 -2020 8790 7360 -4362 9727 -7822 -4355 3170 2692 -274 -8798 8951 -8555 2259 -4395 6827 3585 6084 6959 3770 -2337 9282 1897
503 6918 7387 1775 7919 -2986 -777 -1148 1690 1718 -3757 -3020 -3684 -5570 5723 3045 3966 9512 3036 -8781 -3366 -1571 2803 347 -1747 -4722 -7024 -2853 3683 4049 -9065 5622 -7571 8166 1723 -9376 -7034 -8129 -2122 9922 8488 8854 -498 1478 3558 -3582 -5423 163 -1309 -3377 -9797 -4863 8779 8479 -4823 4053 -9107 3790 -9023 -4977 7433 -8135 8203 9188 2536 -1556 -8342 -5323 -7148 -7958 -6932 8684 -5803 6172 -1255 -6719 -8356 3939 -5115 -6330 5080 3440 9385 2886 8753 9343 9155 -7288 913 7844 2756 9727 405 -8334 -1358 6696 543 -5913 -1036 -2024 2543 -9702 -7673 -699 -6789 -8941 -74 -4660 1997 -4585 -9151 7058 -386 -5427 6395 -9198 -8939 -8600 -7556 2820 9529 -3314 4104 4527 286 -3337 -456 7992 -1356 -7826 -2777 -277 4794 1321 710 1025 5884 -1205 4239 -4915 -1269 -6287 5433 -8262 8544 4000 -6515 -6790 1448 -6105 -3037 7733 -603 -905 1640 5474 3677 6647 -6706 7453 4218
9241 5307 -6418 3129 1884 6284 5010 -3669 904 -4187 -5148 4178 -9252 -6813 5758 6728 9696 6051 4273 4531 2434 212 -3569 -3259 1669 3950 4420 -2982 -2846 8513 -3569 6507 7802 -5051 7776 -4932 5010 529 -749 7327 6204 -3070 2670 1337 -3088 855 -9520 8981 918 -3874 6959 1858 5673 -5349 -6876 -9957 5892 5422 -6327 5457 7575 5976 -2681 -5217 -7978 5516 -7991 -7313 -7439 -1440 3067 3102 3601 -4105 -6228 9888 6638 2508 -1097 -2018 5875 908 -828 4754 9213 -8807 5001 615 -9800 5020 8493 1449 7939 -5225 -2315 9778 -4530 6412 6974 5828 1316 5538 -3457 -5110 -5923 9230 -3830 -186 -8126 -6964 9582 -7541 563 82 9828 5764 -8028 -395
-1692 -1166 -3739 -8798 -4749 -6480 -6035 -1886 -4418 6538 -4080 -2824 7576 9380 -6591 5941 -8934 5483 6628 -8434 -4357 1502 -4060 -322 8938 -2729 7364 5767 -384 -4318 4380 -6055 8899 4423 -4680 -5402 -1447 -1142 -5392 -9832 -2302 -2496 -5488 -5409 -8314 6500 6722 -3982 -2884 -9751 -5886 2565 2315 8978 -5374 -9813 -7648 5614 -776 8722 -4756 3813 -474 5570 -6631 3814 -1286 4041 -7249 -3367 7242 -6321 5520 -7955 -8706 3369 -8603 -7138 4751 -4645 3050 3027 -5810 32 1164 -2620 -7397 -9014 6943 -636 -7062 -3831 655
5334 -5553 -9815 4865 3645 6867 -6415 -4469 3788 4567 -9865 9402 9577 -9217 -6388 8531 9488 -3497 -2105 -1956 -8514 5434 -4083 -6520 -2886 8940 6103 8073 2483 6907 -5237 -6531 8191 -3892 -4357 5592 7356 2026 4841 7673 -10000 6265 -8965 -799 2873 -5958 936 2266 2696 -2734 -4485 -8361 -9515 2640 -3235 3038 1643 -2362 -7873 9753 -6623 8021 7986 2542 6243 -2783 9606 6220 4253 3861 4148 -3946 -5734 5633 -5725 6123 4275 -2221 -9065 5047 2463 3248 -3742 4383 -5496 1868 -1061 -1978 4551 6306 7071 -800 -6489 3570 -472 -6932 7766 6783 701 6267 3960 2672 -5092 4506 5505 6176 3418 -2551 5481
-1370 -3015 611 9186 -1181 -804 3035 1668 -6778 158 4298 2846 -5720 -6758 2311 5040 5284 -865 -8373 7235 5148 6033 -4770 3965 1185 -4047 -1469 -2771 -1300 9251 451
2505 -9234 -5673 5463 -4432 8509 1973 6505 5917 9054 -5641 -9588 3812 8029 -7979 6004 3448 -9669 2679 -7289 1585 -7989 -3854 -5249 -7292 -4437 -2682 -7482 7539 1539 6333 6013 7467 3739 392 -618 -4704 3575 -2572 -6321 -4182 -9581 -8075 9684 -6827 2757 -1065 -7007 -5772 5746 -6347 2945 6273 -1209 -3183 -2457 3182 7674 -4006 -5870 1482 180 5518 -4541 595 -9084 -4805 -3822 -7300 5346 -4247 5220
-6142 8606 -5090 -9677 4320 -9818 4447 7053 3400 6957 6987 3042 2586 -7109 -490 3470 -6416 -264 -9214 -7887 -8131 3402 -7887 6431 2856 -2974 4343 -6727 -1132 -8104 -6153 -116 -6822 5925 -5330 2164 -3003 -1749 8282 7156 -1926 9811
9154 9987 2489 -727 -5999 -3588 -6078 -8429 8240 9624 4471 -3401 2471 6039 507 9334 3462 2398 7930 8578 9621 -2720 -2104 -3657 4987 -4521 -8003 8554 -2695 5084 -4167 9289 362 -2148 9270 2680 1922 4887 4840 -2352 -3778 8292 5659 -6370 -9371 -1017 -8130 6179 -8162 7207 3099 -4681 6392 -8985 -5903 292 9601 8101 1538 -1961 9104 1870 -2607 7919 -7781 -9377 -3498 -3612 -1718 8314 -565 -8612 6815 -3991 262 -1921 -7483 3541 3432 -1020 -3655 -2241 -6508 932 5243 -3558 225 -7199 7717 8343 -7390 8070 -2014 2822 7561 -1965 -3722 6063 4281 7286 -4925 9133 -4212 8152 -4831 1598 -3335 7463 1603 -9103 3880 6458 4050 8479 -1541 5188 -7214 -3607 -1026 -3604 -1235 5375 6177 1061 -1719
8351 -3352 2083 5937 -7147 8225 791 5834 639 -5692 -4180 643 -9789 -9840 7742 4547 835 9541 -1344 8175 281 -595 -8981 -7676 3317 4736 2900 -3833 -1316 5441 -6031 6866 -9845 6736 -7975 -8823 7892 -9009 -26 -6364 4966 -8278 -973 4830 348 -319 -7210 8789 7277 -7794 -4153 -5097 -9131 7824 2008 -5767 7704 3821 -1249 3020 4531 4461 -6363 -3498 1147 -2056 9884 2776 -2296 1321 -2089 8960 -1806 3632 -4123 6264 -5156 8533 -5708 -3913 6316 -3053 -8977 -4072 5171 7133 2305 5810 -1745 -1057 -6226 -6057 9388 1062 9225 -7733 -7589 -7769 -3966 6279 9093 -7899 -3893 -3367 -8974 6081 8634 9768 2284 4499 5746 9298 2201 -3922 9880 -9132 -6343 -9061 429 9100 9582 -5118 359 -8747 6296 3857 -1473 8578
9546 -499 -212 -5420 4219 -8477 -3014 720 -5030 4216 924 -7675 228 -9673 -9028 -4536 4407 687 5208 6617 9363 -4802 -8586 -8061 -1738 2867 3144 5874 -8404 -8830 -166 -5760 -2954 2716 6727 -5992 4631 -2413 555 -5634 9185 1180 -564 -7912 1759 -7602 -5726 4718 7773 6167 1318 4974 -545 4451 8969 7352 -9760 1848 7596 1002 4571 3659 -3994 9051 -2693 74 9488 8859 -7448 -1637 -6846 6973 8605 2529 -1836 -5915 -391 -6281 -4399 -1531 -6591 8676 -9565 -3401 8479 -6740 -5701 2479 -7719 -1591 -2424 -7824 -2860 -3985 7885 -202 -4361 7814 -7225 -1309 5994 -6768 3469 4550 7406 7094 9123 -4275 -4727 6222 6468 5468 -5424 4408 -428 979 3834 -4345 -2616 -452 5360 1047 6393 5419 4775 -2365 -699 8840 -849 -4400 1632 5587 233 -1929 6243 -5647 -8961 1537 -5715 3894 -4539 -7605 2044 -2599 8458 2187 4427 -6539 1092 -3209 9388 8854 4508 9051 2115 1577 3138 -3275 568
4370 -9320 -8963 -1517 4573 -4689 7208
-6309 -6860 -3535 4220 7462 -4376 1028 1535 -9060 8343 3797 -9550 582 -2463 2877 -5955 -5094 -6135 -8715 -210 8527 4830 2637 -1032
-1549 5607 7629 9102 -9689 8595 -1761 -1536 -943 5395 1497 -8726 -5450 9288 4748 7707 5930 1024 9604 8103 2056 -1845 416 515 -3184 916 8478 9015 2709 -5351 -192 -8340 1040 4598 1259 3228 -5759 626 6098 8629 6168 -1709 -135 3481 2879 2914 -1806 2941 -9135 3893 -9688 567 89 1329 -115 4631 2331 5503 6598 -3270 -4023 -5408 -9090 189 -3095 9644 -1578 7756 -8605 3169 -9757 -1394 3977
-4063 -1116 2222 -8716 -5070 6349 6172 5870 -3734 -965 -2715 -817 -5959 3629 -2504 -9915 -3804 9757 3495 -7577 -6405 -294 4713 -8107 -4851 7473 -6235 -8296 7310 -3540 4417 2075 -8239 7731 -9610 4388 -8730 6271 -9803 9764 -6932 -6551 852 -895 -4302 2340 842 -1251 4683 1957 6140 -9583 -9787 -7862 8084 7460 -4893 -4849 -5734 -7502 -1153 -9796 -4728 9071 7495 -8191 5154 4066 1322 8750 -1839 -3456 3179 8478 -9325 -688 -9019 6298 -229 -7528 -9158 -7855 5572 8319 4948 -7449 3172 1555 4630 6841 -557 -1400 -5122 6277 -2486 4749 -4150 -8721 6399 4996 462 9419 -4293 10000 -7412 -6293 2271 6479 -1473 9826 -3558 -1647 9396 -1167 -4653 6447 9174 -5175 -1315 -4530 -2533 -264 -2690 2095 -5693 3618 7810 1845 1178 6531 -6389 6777 -2603 8212 2064 -4092 -2690 1774 -40 -6952 4129 -3326 -3466 188 -3906 -7667 1458 5902 2636 7678 2233 -7539
-7536 -6344 -3988 9377 6414 5029 8234 2102 -3428 5045 6825 -6743 3540 6465 -6675 9513 117 -6472 7480 -4106 -1366 7519 8769 -3798 3006 -8386 9360 -7164 338 9915 2587 -9895 804 5264 -174 -2943 -6959 -5053 -670 4556 -4063 -335 -8917 -4919 4503 -6071 -4271 17 6041 -3173 6530 7325 -5955 8598 8994 4355 -3021 186 -9360 8691 -8060 -3296 -7421 -9702 -3436 -7401 -8079 5035 5912 -3974 6854 -8180 -1303 2088 -9176 -8567 6671 6334 -6215 -4313 3312 4387 -376 2065 -1973 -6140 -21 821 6079 -3072 -6321 2278 -7075 -343 -3540 4912 -7225 -771 -8887 6903 5967 8490 -5720 -9551 -623 -7925 -5792 -5995 1349 9379 7287 7203 -6534 -6163 -5090 -1058 -9843 -5980 -6466 4184 7392 7296 -2903 -2127 -4359 3785 -5270 -7034 7220 7827 -5793 -3007 1420 -1093 -8931 -8666 -4779 7959
-830 -3603 -9303 8010 3146 -7634 -2391 6164 -5935 -6559 6661 -3101 -9607 1438 3697 -6167 8370 8689 -5367 5351 3762 -4961 -3572 7899 1614 199 -8013 -9567 -4427 -9209 4286 5891 2923 -7821 -7094 -8143 7189 -7038 3328 -9372 5948 -1719 -4315 -3343 -1230 -1035 7748 -7305 -4353 -7180 8533 2357 1883 6826 7046 5099 -7311 -9604 -8348 7017 1694 -707 -9501 6404 -578 83 104 -8179 620 1086 7146
-5116 -6300 -5194 8689 -9594 3334 -392 -9687 9809 796 -8887 5939 -8599 2400 3230 8385 -2059 4964 -12 -1437 715 4255 7039 -6139 6226 7637 8030 -1698 -4547 2729 9548 7433 -1833 -474 5196 -7059 6054 -5182 6166 8730 -7460 8005 -3675 6894 7358 4051 7824 3434 605 115 -6212 8126 -3495 -2003 -4477 8854 5546 8740 -836 1558 -874 -2673 9253 3650 1285 -2806 8558 7423 -9725 9358 6116 -9085 -9193 -8941 2563 7342 -2796 612
-8634 -8187 3488 -4608 -1235 -4723 8413 -3891 -4484 8128 5444 9732 -1373 7710
7286 7097 -4115 -4709 -3966 6077 -9852 1098 4522 3733 5289
7681 197 1738 571 4885 2464 6410 -6504 7425 -1371 -7509 3325 -3520 4673 5723 2011 -8518 -3951 -2998 9138 4236 4347 -2882 -2025 8930 5149 669 5241 6467 5214 -2301 1095 4558 6512 4757 -3029 9110 -8500 -6676 175 -5951 -9233 -790 4871 -1102 9519 -9802 4046 -4693 8445 -3522 6027 8702 -1525 -766 1975 -6737 8067 6411 8315 -5488 -6872 -4286 -2422 -6976 -6759 -1938 -2460 6824 -839 7593 3001 7908 -1590 8446 5184 -9381 -4656 9506 -7276 -7778 2780 -1778 2611 4118 7594 6765 -2337 3461 6280 1149 -7618 -617 -1624 8164 -1592 -1231 9164 -1132 9867 9372 3336 3456 3017 5967 6900 3968 4870 7656 -6748 -2712 9235 -257 -1057 6088 8443 2182 8088 2681 3111 -8114 8537 -4125 9931 105 9838 9756 -7341 5891 9006 6504 -4877
-6442 -5530 -4059 -5424 -7189 7548 -2907 740 6783 -2284 1935 -4599 1358 3251 -119 -8346 3766 4356 7325 -9067 -9643 -4487 4087 -1634 3934 -7065 5737 -7939 5026 2754
7139 -6305 7753 8149 168 -9478 5626 8862 6658 -8633 7239 -9699 -2455 678 4289 1713 -1558 -6774 -5500 9418 180 3088 4059 -4098 -2400 1935 7113 -1810 -2888 8476 -8097 2230 1362 786 7782 -9126 -4562 2818 -6558 -3022 -4351 9364 5692 3979 1566 -4690 -1061 -1345 -6965 2483 -3030 3884 -9842 2979 -873 -6182 -4859 5295 6603 -2459 4151 4378 7605 -1864 2893 6712 -6629 8460 -225 4999 -9280 8301
1860 -1039 63 -7808 -4741 -8667 -5552 -2849 9769 -4088 9727 4084 -4975 705 -5079 -9840 8789 9773 -4725 -2491 -998 -7089 -5397 9200 -4332 3170 -2223 -3165 -3323 -3140 2802 2815 7375 -7630 -5062 -8577 8972 -1872 -2716 -4784 -6884 3552 -4968 484 -9613 9722 9832 1059 -2053 -8327 4339 5832 9856 9162
-3224 9800 5520 -5154 4691 3535 2707 3263 -7407 -4646 -19 1628 7055 8860 4290 -6686 9391 -2017 4309 3722 -267 -4420 -8987 1619 -7020 -3607 9839 -9707 358 -4027 -8227 3725 -3091 2798 2244 -3038 -9946 6758 7298 3365 -4885 -3237 -350 -8750 -6485 652 1925 -2206 -2140
1650 -1335 -3029 989 -5344 1500 5597 -3708 6547 3438 6918 -8537 5860 5060 3088 -5938 2573 5039 8326 5510 8501 438 8435 6555 -5631 -5275 -2440 5102 -93 2891 -4716 3403 -8124 -9020 7364 978 -980 4727 1097 6710 -3927 -1532 -2736 -9270 2144 8937 2540 5467 -7558 807 2656 -6469 -4448 4219 2654 1797 4600 3259 -3189 1825 -1798 8864 -1740 -492 1945 3596 6192 -2888 -2924 -2808 -4242 -3312 -5208 -2906 5639 7554 2996 -4014 -7646 7024 9499 -2770 -3388 6226 1183 7697 -5509 -2104 -5225
-35 -5920 -6766 -7697 2976 -3299 9748 7699 -6371 3344 -377 4398 5906 -3358 -6960 -5285 -6099 -1820 8846 -328 8316 3679 -575 -7602 -9102 1971 5939 483 -5046 5771 862 -5681 -3795 4920 6814 -4331 -7289 -7373 6948 -347 6510 -8785 4497 9747 -1244 8299 -2439 7449 5148 460 -8890 -1054 -8178 7079 1384 -6491 -2261 -4663 737 443 -6715 -7286 -4071 -3090 -2410 -5418 -6554 -7632 -3986 1495 2038 -1174 -5995 -6396 -532 1648 7928 -5575 6175 2455 1299 -4407 -1817 -8502 4295 628 3289 -2881 -7305 1928
-5916 5832 -7911 -3631 2603 7368 2359 5366 -5558 4624 4764 -798 -8920 -7790 -7700 -4006 -3693 2638 6929 1389 6073 -225 5232 -4870 -2521 -8010 -1924 -6102 -9038 5517 7445 -4276 2337 -3638 8917 -5842 -7967 4552 -5707 -2129 -5917 9216 8916 -8227 -3691 9464 9331 4120 345 -7204 -9336 -4350 -353 -4378 2220 -2429 -5717 3673 -2346 9547 1286 -4098 -7467 3909 9314 -5322 7364 -5289 5977 9874 -6684 3046 -8408 -9979 -2372 1737 -4332 5886 -6338 3577 7508 -7293 892 2189
-4622 756 7776 7890 -2576 6057 1057 -2787 -741 2855 9097 8222 -9548 7390 1615 3346 -35 86 -7397 9072 10000 -1262 -6860 9202
8706 1136 4084 2612 -8642 1081 -6105 -7768 2797 -1872 1728 -6853 7288 -5298 5989 -7149 -6110 -3517 4208 9137 -946 -8848 -7122 3403 -6932 -657 -1791 3449 -1186 -3902 -7342 -5910 4565 6262 -8654 -1551 -8410 8323 -8772 5770 -8512 3342 3716 -6814 6243 5156 -5282 5091 -2991 -8111 -5133 -4724 -567 6256
-9598 2551 -7680 2476 -9571 -136 2863 8837 9587 -8968 346 -3560 9165 -8034 588 9882 -8369 1544 7711 -6342 6451 -8711 5137 -7975 3033 2776 -4200 -7729 6790 6322 -3617 4812 6601 -8265 7877 -733 -3195 4620 -8948 -4161 3571 -2551 8974 6452 4213 5234 -8854 1195 9296 -2978 -633 2216 -2292 2751 2028 -1966 -9421 662 -3940 -3247 -6750 7395
8135 7833 7114 3516 4753 5907 5253 1218 6973 1637 5505 -1478 2947 -6865 -8775 6117 -4784 -4645 2880 1466 -3212 9016 -1079 6610 -7057 9793 -2041 2177 -8246 5350 8427 -9108 8952 4328 -3553 670 340 1457 -2648 -613 1334 781 3897 -1420 345 9041 -5754 -6981 631 -7894 -3571 -223 8555 -4062 -2329 6127 -8611 7828 2066 -5642 4954 -2905 9756 -8345 -9159 -4152 1088 128 9370 1338 2879 -7700 -1186 -3653 1536 9474
7924 -4495 369 8726 6195 3646 -802 5758 -7510 -9647 1269 2783 -6902 9918 -753 3531 5037 -6192 -478 8655 -4622 7652 3462 -4739 379 7738 3955 -3625 -7945 8641 -8831 7487 -459 7661 -2237 4103 -3571 -5884 6435 -2606 -552 -2465 4944 -485 8976 -902 4911 -6882 -2672 -6409 -4229 5894 1955 -3959 -5085 -8392 8209 -4586 7164 7747 -3730 440 1423 4103 3204 6741 6302 4136 -9380 8487 2623 958 -6955 2495 -962 596 8049 3410 7007 -629 7859 4446 -4527 8935 -1783 -4018 -3017 -1211 -3422 7023 -3392 1262 -8638 -3654 873 -2029 8968 6404 -3989 5040 3779 -2976 -826 2950 -8095 -3816 6015 -7162 6857 -6457 4675 9121 -5185 -6324 2550 2166 5274 -5253 -5356 3561 -2494 3285 -4276 -2049 -5336 859 8971 -8020
-5236 4036 5875 140 -6239 6435 4559 4011 -6193 5968 7506 1118 4379 5984 -4564 -1460 5452 -410 9393 8156 -359 6175 5406 9632 -9659 1065 8759 9366 -5775 1917 -5184 -7228 9175 3275 4580 4531 -4927 3413 -5647 8203 6435 -1838 -9077 -1756 7640 3748 662 307 9070 -3930 -1725 -8573 -4146 4418 -1346 309 -2158 -4999
-2664 6687 -1536 -2121 -9873 8334 -1868 6337 -3180 6865 -7802 6591 6675 155 -6290 2226 3099 7914
5178 -8919 2185 -1733 1688 8934 52 -11 9147 8825 -7693 9094 -1105 2624 -9143 6445 3169 6325 9334 9269 -4775 -2196 5692 -7318 -7966 268 -8029 -364 6086 7542 6268 5117 -5902 5164 1815 -2061 -2708 1845 -1013 7471 -2936 9268 12 4208 2079 6769 -5489 7149 8598 -711 -4437 -5298 -6552 -4496 -796 2540 5002
9010 -8605 8018 1366 -3747 151 -1956 3962 -4568 368 1362 -6334 3128 -7650 -6060 -2412 -2117 -5963 -4452 -2087 -1747 -3628 1987 -1195 2977 4807 -9755 5419 -2170 -4096 -4976 1413 -9062 -6913 -7181 8641 -8107 -8484 -250 4318 6922 6466 6481 -7166 3254 8096 5190 3739 -909 860 3381 9359 -9261 -2880 5951 -1499 8133 7418 5421 3865 -2728 6241 -6207 -7651 -3736 -481 -4634 -6908 1555 9513 97 4301 1695 -5338 -5888 -3814 7264 8760 7498 -874 6604 1491 -6491 558 -6819 1664 132 -9416 8197 -4624 -6910 -1604 -8601 9670 -4045 -1856 4558 -382 5133 6388 -1357 6868 1374 -5856 954 5550 3590 2957 -2555 -9837 9262 -9259 -721 8792 3575 -7177 -7433 4739 -1754 -6662 -4010 75 8716 -9939 1009 6416 -4600 2996
-999 2998 6597 7093 -8594 9193 5375 6749 7855 -6013 6445 7016 -8369 9440 9604 -398 -6087 9627 -7684 -7822 -4334 8161 7738 541 968 2876 -5574 -5224 3575 8244 7502 -2731 6319 3462 -1278 936 -8129 15 2668 9478 3103 -9461 -34 8355 -7585 -4012 -5011 -3086 8323 7679 -1292 5652 7143 -4006 -9478 1530 671 8855 5952 -3769 -6078 3346 4615 4649 -7888 5181 -1294 116 -8748 5300 -833 -4379 6196 -2761 -7847 1129 -4463 -7110 2164 1489 -3510 -2743 -9315 740 2783 2160 -7968 2156 9832 -359 3214 -4410 243 8513 -4564 -988 -6883 8021 -2129 258 -5307 -6861 -5532 -6463 -7447 -2629 -4855 2689
-3492 -3526 -446 2393 615 -1942 -2653 -1116 -1564 -93 -1404 2209 2578 342 2888 -1149 -1130 -8515 -684 9438 -6561 -2561 -7106 -7537 -4419 5665 983 -2506 4622 -2163 -3118 -9061 -1580 -569 -275 -5247 647 2798 4304 4101 3145 -5797 9365 -6201 8505 -8728 5653 4110
-1553 -8368 -7536 3472 9046 -9588 -5354 8650 -9769 8169 -4975 3968 -739 1306 -9714 7787 -1411 -2125 7906 3599 -3792 6773 1045
-6905 -6349 7458 -7540 5667 -5220 951 -6805 8389 -1874 -4587 -9196 -8997 -3011 7103 -8000 3470 -2689 -319 -4643 4716 3364 -5728 4751 -7227 -2633 5507 1384 -1550 9819 4100 2668 8035 45 -4550 -1653 -8809 7900 5924 4022 -5826 -1055 -9798 -6752 4243 5499 3124 1521 2734 -969 -1866 2393 1119 -4354 7153 -8993 -3121 1819 3141 -5976 8362 1364 -7442 4675 3344 -9607 -9134 3726 8393 1155 821 6158 -8966 502 -3690 -8898 -856 9835 -2023 -1532 5501 3095 -4216 -9238 620 5819 6343 -9781 765 5288 -5699 -9446 5354 -9086 3422 4338 6094 -3121 9777 7930 -1605 2503 4666 -2419 6116 3322 -897 -5103 -5876 5246 -4685 -4722 -6793 -2582 -733 -1589 -4750 -5344 5506 -3584 8477 -8323 5648 3441 5637 -8968 -4249 5408 1404 -6949 -4635 6444 7796 -5905 -3268 -9776 9849 313 2190 -6942 1044 2187 697 8129 7974 3077
1325 -229 -2592 -603 -777 -9920 2585 3007 3556 -5544 7177 5159 3466 -8892 3745 -864 9407 8098 981 -1505 3435 8763 -6240 -6137 -3832 -8307 -602 9274 4986 875 -2879 -6485 8455 6889 1374 1124 2400 -5568 5785 -926 6101 5903 -5707 5960 8325 2559 7117 -50 -6511 1326 7208 -2117 9090 -6569 -1977 9328 -7598 8450 7889 -9055 -4098 9862 -7642 -5713 7515 -308 -3914 -158 -7333 -2141 1983 -6595 -2668 -3610 -8995 -3472 6327 5923 9653 487 -9636 -9339 -6979 -1652 -5249 5484 9077 -5886 -9191 -4618 -7436 -8541 -5271 -344 6497 4708 476 4532 9363 4267 4836
4140 -9079 9521 -7508 -5652 1598 8086 995 7670 -750 -7371 -5293 8742 -3325 1830 6912 -8639 -4381 1313 -8006 -717 -6261 5480 -201 -2394 7941 -5680 971 6012 4561 9491 7152 -7907 -8790 3081 -4205 7153 -5797 -4814 -1042 -543 5377 9022 8288 3000 -4329 4765 3862 -42 -1480 -1070 1797 1972 -5623 8564 6477 5100 1942 5147 -2007 6788 -4560 -9401 -1071 -2688 -1983 -5792 -3316 1117 -3969 -5270 -7974 -7514 4495 -5923 -9114 5877 -5388 3334 1271 2958 -674 -8864 3444 -803 -811 9236 -2886 -6579
-2356 7583 5028
-354 3023 7387 -6911 6634 -1243 9186 6019 252 1253 -6866 -6168 6863 -4126 6080 8876 8839 -2263 4799 -7586 3549 8676 2893 -8974 -871 361 961 -8017 -9588 -2669 4751 616 -2546 4126 -3792 4376 1253 745 6895 -4878 4839 -5814 -126 -5412 -5977 -7770 -302 -2779 7134 -6421 9956 -8410 -4139 -4064 -4344 1453 -925 8503 1009 -7900 -4809 2666 -2837 2498 -95 2775 -2050 -2098 -8754 -6839 4315 -5773 -5551 -2335 -8101 -9559 -2422 -4822 833 -3716 -5574 -9313 -8032 -3745 -4212 -5508 9431 9457 -1245 1655 4439 6384 -1431 698 7707 -1133 3078 -8914 514 8357 7098 -9404 725 -4070 5448 -8082 2388 -7509 -2341 -82 7338 4542 -6204 2480 -1084 -4767 5911 6726 6674 447 -8922 7443 9477 -2862 5333 489 2032 7724 -675 -3913 -9030 5870 1902 9363 7597 -907 2100 -9818 8019 -5536 6430 -9994 -2684 -7139 3537 6333 -9302 -6272
9263 -1285 -1928 -8067 903 8838 4216 -6581 -286 7389 3093 8609 -1543 -3799 -2148 602 7598 1482 1930 8764 6464 5691 -3271 -6267 -713 -9495 1523 5270 -3334 40 -3928 -3577 3768 -3608 -9690 6243 -4370 2272 -3140 -6209 -2935 -7671 -7120 7312 8338 2494 2559 6193 7987 8063 -8518 2808 -1499 -1298 -9610 8241 394 4788 1495 2945 6147 -3277 -9911 -3522 511 6407 -8184 -5651 9838 3650 -1820 5651 -5546 -2958 8817 -5118 -8094 9911 7732 1607 -9917 -4776 -8508 1782 4682 9153 -1560 -358 2747 5261 -9629 8449 5860 -1835 4774 533 4724 4700 -3333 5234 8594 7877 -79 4152 1170
3598 9272 1854 -5352 7741 1842 9467 9836 -6103 -1115 2863 -2735 -4681 -4232 -6711 9221 -5121 3610 2624 4859 -7551 -1148 6584 5663 3412 -2559 727 7942 3559 9581 -1902 -7461 -18 8787 3785 3814 -7313 -7922 8978 -1832 635 6377 -3214 -2004 -948 -1084 5199 3933 8235 9894 -9295 -9085 7821 -8617 4097 5389 -7876 -3437 1134 9748 -5510 -974 3203 -7787 -2886 8048 -1881 5507 1079 -4033 6009 -8434 -1958 6091 9239 -4008 -3159 6387 905 -540 -2209 -5519 -9728 -1602 -6603 -6249 -8620 8673 3495 8057 8863 929 -1616 -1921 2795 -5891 6006 -7404 447 3484 -4238 5447 7288 3926 -1488 -7970 9491 916 4313 6829 4140 2715 5605 6623 2982 -867 -7442 2099 -8140 698 -7292 -1985 218 -6702 6736 9813 -5867 -4947 7013 5204 -1656 -1913 -1158 -4133 1602 -8333 9846 8278 536 -8990 -755 4566 6821 -1736 -1962 2466 -571 6371 8855 -9937 -2975 -1013 609 -5088 -5743 4163 2303 1606 -5655 -3631
-8847 -9742 7229 1561 -2720 -9731 -9425 8304 -3653 6475 -1482 9563 -1075 -4600 -4803 -2542 4723 9872 6074 2886 7827 -8190 1811 6913 4867 -8049 9359 -6874 -6337 8844 72 -667 -9793 -1274 8052 -5811 -5101 -6235 -2256 -3433 5804 -4113 1956 -5361 -8879 3465 -8153 223 2696 -4440 9817 -2787 -1765 -2881 -9411 -4801 -5225 6608 -7702 3575 1496 -2670 1817 -5919 2097 4975 -3018 -5955 2360 -2020 -4780 -4321 -6621 7145 -20 1478 2045 2210 -1090 -1890 -2544 -2816 -2206 4801 6721 3588 -2072 -7517 1915 6655 -5829
-6024 -1544 7679 8641 -1357 4983 8367 -6267 3685 -6669 773 276 -9943 -7495 -2425 -6342 -4932 -1036 -7380 -7013 -7725 -5516 3620 3543 7566 6707 3954 3012 8588 154 6318 383 -8348 -112 -9017 -1376 -5178 83 5927 9446 -2825 7248 -9622 -5230 -8911 9962 2059 3876 -6585 8253 4822 -5177 5916 -8780 4917 3770 8721 -6617 1762 -7422 3822 980 -8754 -5388 -33 6450 -2958 -2311 2890
-6497 -1284 2343 2258 -320 428 -1382 7885 -893 -2618 2688 -8363 2945 -7206 -8184 7532 6536 7154 -7160 5185 -3954 4490 -7608 1497 6066 -7717 -8654 9527 9142 8642 4795 -9838 -991 -7820 853 -7566 -5012 7597 -5443 -9497 -2214 -7744 -7744
-4754 -8319 -2783 9076 -2788 4045 -4026 -1024 5052 4412 3487 7256 266 -8535 -6571 -7747 -4893 8641 -3983 4451 3380 -3338 -7123 -1894 3499 9281 1544 5020 4966 -545 -5149 562 371 2111 9386 -7622 380 -6226 -7174 -6113 -8632 -762 -3048 224 35 -4612 5258 9848 -2203 6120 8380 -710 5274 -9008 4379 -1715 -9821 4531 -6290 461 5466 2669 2572 -2202 -2409 7959 -2578 -8559 2237 1561 9704 -356 -7874 8195 -5389 676 -8079 1301 1723 -1053 -6855 5363 -1166 8401 769 6497 -4473 -6007 8125 -4389 6231 -7162 -6463 -7088 3838 -472 1465 -4799 -2916 -7284 3052 -3953 -811 -2488 -5196 -8817 5191 1254 7838 -3199 4134 -8365 -8022 5200
-6205 113 8921 -219 -2828 -5809 9624 -1645 -8861 -4299 -6002 -3128 -1816 -9813 2087 -5532 525 -8868 -2708 6843 9508 2910 9158 -3943 -2175 188 -8881 -516 -4815 -5510 -829 6742 4877 -6732 7733 -8597 -1032 -6466 -9894 2569 6231 8984 7698 -8447 -6274 -2498 8440 -2572 -3803 6809 -2903 -1414 -3458 -562 7879 -8719 -7004 -4483 4305 3332 629 -4357 -984 -3356 -7097 5641 -7791 2298 -9230 8359 -8489 3324 9580 5501 5382 -3023 7604 8661 908 5162 -9088 -9523 8573 -1997 6974 -5861 2949 9814 4102 9643 -7811 -628 5662 -3048 -3540 137 3379 -8579 8239 -9398 3398 7042 1464 4652 4106 -331 6612 -8564 -4772 5636 -4198 9734 7665 9311 9711
4751 7165 8758 7502 4283 4390 3602 -6775 3103 -8500 -1477 -3614 9263 3120 8689 -2874 3269 -1106 -3929 -5988 -6827 -5532 5676 -7699 4959 -6916 -1815 600 1814 1238 -7808 -2704 7782 6388 -9722 7020 -2272 3990 2630 4631 -3063 -3717 -7694 274 7938 -4253 -6133 -7767 2709 3316 6293 -8228 1432 -7537 7321 -7478 -4546 1298 -7953 -9083 6491 2489 -4790 -3471 -7622 -6932 5548 6093 1034 4178 -4460 -229 303 8574 2704 -126 -5641 -509 -9833 8562 -1226 7594 -397 -1354 1705 739 -4329 875 1535 3603 8683 -4741 1895 -6142 5712 7551 5365
-6093 9226 -7612 -8239 -8631 -4216 7303 -682 7732 8127 -2728 502
-7874 1090 9353 -3135 2541 -7964 8016 71 4634 8542 9823 6192 -8008 8165 7815 -71 -1860 -9098 8808 -8112 8935 9382 7032 9881 10000 7034 1115 -8535 -485 9164 2061 8084 2538 8045 -686 4892 -333 -7960 -405 1758 8213 7523 -461 912 -7789 -1760 -9911 6995 5965 -6693 4676 -3642 -6253 -721 -7094 2239 2017 2552 -853 -902 4637 -4668 6104 4234 -6657 4929 3934 7316 3503 -6226 -2500 -1977 9186 1478 -9315 -3950 -8348 858 -6916 -4275 -4890 8204 3415 8299 8894 -5525 5787 1770 1984 8867 -6777 3656 8505 2046 3026 5430 -4295 -8449 -178 -3048 -747 4385 -4675 -5441 -1014 8703 7339 -7522 2424 -1768 507 6049 9856 6612 2127 415 -9902
-2462 6476 -7637 -7037 1317 5326 8982 9205 -3267 -5713 5095 1964 6437 6695 -4116 3290 122 -1324 1061 8216 -7872 -3068 -10 -4798 6308 4846 -3710 -6648 6460 6732 1585 9923 7799 -2360 -6934 9280 -9606 7668 2650 3823 697 8080 -7926 6805 1098 5835 7428 -3777 7655 9786 -2886 -6514 -8932 -1486 2407 3015 9887 3903 -5566 1239 7144 -7733 -1501 -8845 -8581 -5587 -7196 -6685 5449 1388 -4757 677 6898 -2398 5596 4233 1461 -9223 -2667 2974 6177 9157 -4760 836 1364 4794 -4310 6545 4615 7242 7018 -8566 -3097 -5317 -3998 6106 3531 -6881 -4244 -8552 -8724 7867
3400 -276 7816 783 -9802 -2255 -9140 540 2389 -1239 5884 1195 -8565 1628 -5164 -4781 -9243 1218 -534 -1891 7207 -356 -9299 -5228 2029 4517 -2518 -6313 -154 6552 -2322 -8253 -5007 -3794 6895 5025 7937 -1792 -4076 6019 3942 -8882 -5964 8909 1565 1388 1064 -9843 1038 6135 3960 -9883 1349 3550 -4347 -5163 -1153 429 4457 6413 133 -2320 4292 -3311 -8361 2325 4289 -8554 7873 9790 -388 -36 8585 -9631 -1804 8651 -6635 5846 -2689 8390 -1281 8137 2073 -232 -7992 -5791 2558 -6361 -2741 3127 6241 -5931 2896 4211 7183 -5921 8151 -7019 320 -8601 721 8197 3601 3672 -3844 9067 2865 -5769 5132 -3503 -9966 7301 -9051 1885 -5508 -883 -9279 -4204 -8788 -2812 4083 1727 -5351 1229 -3973 9210 -8354 7785 5805 7784 -2442 8120 -3610 1180 -4325 9480 -8509 1771 -4236 -6303 -4020 -7079 -624 6484 -361 -6748 -5166 -8370 7609 -8775 5992 2829 4903 6864 7269 -9718 2015 -2414 1210 4542 1025 6265 4297 136 3466 5170 -2493 -9744
-5436 -4849 3466 4267 -45 -5908 9317 -4134 -7203 8077 6648 1226 2011 -8897 -6386 -8555 7993 7680 610
185 -3541 467 -6066 -5726 -8806 983 7325 3969 -9376 8830 -9940 5404 -4986 6098 8281 -9923 2449 -3396 -5339 4720 -1101 -1837 -4741 -8259 -4184 -4830 -4279 -8939 4381 3660 4856 -300 -2161 5181 235 244 -3228 -4720 4636 -6510 9877 5895 6899 3210 -222 -6290 1843 5788 -1694 -5883 9814 7760 5517 -1777 9959 -5859 -4245 585 2093 -2838 9800 -8914 -1262 -8618 -7573 9611 9722 2027 -1977 4224 -4855 -1928 -1705 -9649 532 9950 8194 8902 9946 3380 -8986 1437 -5445 -1396 9099 -9892 1695 -8361 8273 6683 3032 -8446 7069 5882 3400 -241 -7469 -3406 -9035 8035 4225 -6494 -1193 2839 -2678 587 5692 -3928 3705 -3991 -7860 1463 1417 -6975 -8902 -4568 -8526 -2297 2492 7537 7774 -9433 -5846 5398 -5232 1573 549 9880 4341 -1140 -6067 8097 5654 5174 3901 -1978 912 -5846 -7174 -8643 433 1409 3150 4199 5661 2804 3745 1847 -2156 3364 -3437
490 -4831 -5643 1423 -3500 8823 -4939 4355 -7868 9393 6093 -6095 -9026 -4975 -2829 7868 -967 -7160 -5535 -6713 5086 -9547 4535 -6110 -3299 4643 -9609 -4349 -8320 3912 4794 9235 -3732 -6141 5917 7714 219 1470 -5489 4108 1144 9645 -5809 -1960 -9864 -6317 -1225 3838 1260 7938 -7355 -6992 -1695 2477 7981 6161 1331 -5973 -166 -4812 8927 7044 -5893 -9183 -9681 -4094 -3042 -8624 -5658 -528 -8449 4682 -7650 -4255 -1659 9854 3300 -4647 -5037 -617 -6066 8759 7323 5585 1681 -3487 -5075 5055 -4819 -4419 6799 3768 -3711 -7228 -9656 5278 -308 -120 9396 -6016 -1223 3355 4817 4490 8706 -2086 5753 6999 -2716 8722 -4780 -1667 8760 -7210 695 2554 7336
5375 2188 7988 7538 -222 8842 231 7219 -8719 5529 -9349 7122 1031 -3207 -9266 4215 6862 -2645 -3585 5065 -1602 -6112 -5515 1942 1185 5778 -6413 -1022 -5650 -2117 -8234 -7989 -9789
-8104 -18 5850 -2415 5688 2946 5836 -9041 -2273 7450 -2502 -2301 5243 2536 7728 8701 -3088 6442 -9464 -5304 9100 6485 922 4494 9795 8571 5319 -8193 -9295 -1446 -5812 -5664 8268 2460 9694 6998 2122 -2637 6544 4095 -1896 -7231 -6816 8489 -4128 -4681 1746 7838
-8164 7383 4616 -3446 8399 -3446 536 8564 5136 -6483 -5728 7497 114 -5223 8122 -2868 -256 -4884 -2977 -1529 1243 2500 6528 5827 8353 -5305 5582 4954 6532 2006 8064 -3087 6537 -2908 3615 7870 1077 -7535 9614 -8356 -8464 -8068 3196 3922 -4787 -5480 3453 -6939 5023 -8631 -9539 3309 -3442 -6066 8593 8314
-1379 -4682 -2860 -8363 -7090 -370 9223 6425 -3601 -722 -5580 968 -715 9767 9707 7036 2831 924 4800 4894 -9940 5384 -3415 -3147 -6234 5740 -7395 3151 -5571 9869 -767 1681 947 -6319 2972 -8964
-6575 -8722 7909 -5336 3995 6224 -2836 -3363 -5326 2981 4662 6173 356 9502 -2451 7169 1674 8549 -8471 -366 -551 -4574 -6516 3283 7883 798 -3896 9443 8323 1187 -4743 -9896 1307 8512 -6581 -3744 9925 -7272 2053 -9505 -2674 5422 4360 -6842 -6023 9070 -1617 9676 2842 8148 -2108 -6007 9932 -9807 8286 2829 -3110 287 2640 -3791 6310 7163 -1522 -3095 -80 -820 -9892 2784 2710 2773 -4373 4723 -5706 -251 8111 -8986 675 6332 1233 9129 9518 1993 -7076 7605 2994 -8093 9046 -9742 233 -5051 -1298 671 6475 -7426 -7326 -5410 -1838 6988 -9281 1493 -9004 -2832 9261 6688 -6656 2513 622 -2709 -1925 -5273 2932 -6874 2411
-8159 -3813 6876 7309 -535 2816 -9579 -3119 -5358 785 -3730 9063 5994 -1378 8606 -3940 -3114 -8394 -1380 8526 -569 6673 935 -966 7151 2911 -6889 241 -3079 -9163 -4269 -6513 2805 -7960 163 -4554 6117 -8668 5163 -3832 7144 -7725 -2054 3326 551 -8251 8882 9921 -1634 -9145 8416 -9628 1314 7564 2963 2271 1732 -3129 -2391 -5334 6726 2026 -5170 2419 2419 4668 -9333 7725 9573 -8698 -3734 2341 -1006 2435 -9891 -6353 2965 9377 -407 -6752 3511 -757 -3125 6692 4468 -8075 -4757 -4635 7743 8525 4349 -5060 4128 -707 5597 -1848 -950 -8844 -6444 5945 5514 -956 -5117 7845 -4512 2000 5101 1144 -1726 5025 -8753 -4338 -398 -1604 -7501 -508 546 -92 3911 -5265 3513 6983 -5464 -2765 -4909 5881 -1312
3135 -5648 8988 -6647 205 7629 2303 3209 -4013 2759 -4146 -2799 5937 -3374
6971 -1925 -3882 -5392 2117 -1689 1655 -9357 3632 -4305 930 3609 -3140 6031 6067 8881 -4288 -273 -8576 -9481 5596 -9198 -3294 3290 7701 1778 -284 9211 8455 -3101 686 7489 6263 -4835 4020 -2718 3648 -65 2371 7370 -5368 -1942
7912 6256 163 -1552 -5050 -3185 -7575 -9944 -6438 -1769 8014
-4771 6330 9909 609 848 -8032 1787 7942 5852 1334 6199 9162 8537 1097 2564 -5534 1903 -2631 4729 -5394 -7002 -3854 5407 9747 -8498 -8333 526 92 4892 4487 8965 -1227 7629 3499 3438 -2972 3417 3624 8597 7062 -3041 -6721 7753 189 -463 -457 -6201 -3511 -9990 1227 -9145 -6966 -7694 -8814 -3410 -1012 1435 -2023 -4175 8868 1484 7344 -5885 -5977 -7443 -4992 -473 -6772 -9851 -9786 5047 8776 -9897 -4882 7071 -7549 9887 -1694 -998 -6475 4464 -9624 3731 5279 1470 8229 -677 2586 3038 -2285 -5114 6443 4145 -8533 37 1122 -4956 3705
7243 6485 1995 4520 -2142 4308 -1837 8311 8660 5747 4332 -710 -6089 -9726 -9787 6938 7188 -1799 7956 -9112 -9960 6687 -9210 -3347 8492 -2760 -4560 -4880 -893 -8557 3401 662 132 -9638 -4359 -1149 2260 2815 -8843 1354 8219 7480 1973 -9916 2574 2516 8432 -5319 -7832 -853 6195 -4296 5772 9544 1170 -6609 8934 -8257 2862 9639 8895 -2632 -2457 -6581 5574 -4637 8882 9070 6698 -571 6499 -7510 -5541 9669 -6728 3123 5067 -3015 -7433 8093 3374 -2262 -6470 248 1452 9400 4502 6353 -9857 -3295 1543 -6487 2387 -2933 3397 -8347 -1228 7294 -4249 7106 4400 -195 103 -4281 -2625 4995 -2037 -3993 -6184 1493 1975 7669 -9049 3602 -4348 -986 -6602 5477 -2078 -412 8588 -1695 -8090 2350 -1085
-908 2904 1776 -3759 5943 7908 -3187 -8316 -2105 -5266 -792 -1143 145 -2697 9114 -2113 5276 3517 9740 -6470 -9692 4891 -6243 -8679 -9719 -74 -9528 8691 -3545 -7257 4951 3806 6558 523 -6280 8509 -201 7829 -191 -1730 -6162 -4288 -3882 -8457 -8640 -742 -2711 3615 -5450 9394 -3716 4746 -1358 -9354 -4194 -8656 -1342 8345 -7940 -7793 3011 7014 -3643 3584 -3286 -8639 4425 -454 6362 -6561 7181 1614 1828 932 632 4304 -565 -6959 -590 -730 5541 2727 -1923 -2263 -983 -6794 -3939 3974 2555 -8599 8711 7239 7405 2969 -1948 6388 -2136 -3009 3333 -8297 3649 -799 -2572 -7219 -455 -5230 4991 -8806 -3060 554 1015 2557 -2164 -8062 1442 8082 9058 -2815 3313 -4682 5295 4926 1212 -38 -2079 7358 -4183 9935 10000 2575 898 4276 -8940 4409 1878 -8004 2653 5168 1360 9950 1523 2952 3275 -13 7133 -963 1384 -2801 8677
3952 -807 6407 6005 7018 -1840 423 6573 -2399 85 8798 7076 -8875 -5338 -9414 -2574 2303 782 8331 9204 -1308
2409 5661 -1316 5104 1005 -1512 2558 3452 -3141 -7414 -8359 2108 -2019 -8461 9856 -926 -1885 -4341 9644 -7638 -2016 -5411 8648 -2500 4472 -7501 -4490 -8581 184 -1298 3790 -8569 -2446 6403 6696 -4786 -738 -2133 3890 3230 9977 -2891 -5878 -8077 1222 -9884 5599 -9545 -8938 -4969 3277 -4284 4141 -5307 -8400 9180 1631 100 3688 3242 7391 -8550 5299 9214 4531 -9723 -5445 3451 2126 -4627 1554 -2123 -2999 1948 1264 -5516 7101 -623 -8560 1394 -6024 -9661 -6726 8238 3217 9601 9581 -7795 -4018 -1016 -4345 -691 781 -9958 2043 921 9826 -2512 3426 1155 397 -8157 -6648 -8214 -3906 -893 9913 689 -9960 -3917 -3883 6271 4038 -204 -6480 261 5793 9070 1588
-4632 -7615 -2601 920 -3552 1121 -7541 -2200 -8779 9987 5038 7431 6556 -2071 -6474 6491 -7387 -4661 -8352 -6343 -8634 -5468 26 -5139 -5452 -3859 -9596 -4585 5990 -1451 8059 1035 2666 6365 5223 -3514 -453 -8060 -7483 4742 1217 -2142 -1594 3937 9311 -4226 -4835 -8419 -4164 4797 7689 -8110 522 -4476 -7410 -5387 5551 -9866 -2242 -7225 -9235 -2563 2937 -3437 4762 -6019 -1360 -5645 -4180 -8946 3294 -5951 -2160 -4051 -9435 8969 -1527 1017 -2366 -8933 -6269 -7941 -1174 -7564 6358 7203
6440 6208 -5342 2566 -1859 -9542 1579 8643 -348 -3259 -9176 4751 7029 -7108 7345 -4004 -4298 8720 -4689 -7283 -6444 6602 3245 -8844 535 -2468 5572 9464 -6195 1114 -6469 7321 -7218 -9142 -6767 -707 3333 2380 281 2036
-7585 7253 5222 5385 -6039 2780 7459 -5290 -1911 7274 4464 1408 1946 7465 8717 -4695 8467 -9011 8308 3285 -4792 8532 -2073 8432 2774 2917 -3968 -1690 2111 -5001 2858 9634 -5709 -5983 3172 -9650 5092 -2914 2874 -8396 6763 509 1764 4153 -357 3603 7817 9148 -7976 -1584 -3485 -597 -6208 -8633 8193 8383 1111 3507 7214 -40 1399 1153 9628 4067 5257 -1472 5242
-6032 3438 -8435 50 3789 7237 -6416 7251 3490 -9858 -5918 -3683 7631 -5481 3236 -5034 7448 788 4186 4924 -3222 2752 9116 6523 6929 6035 2248 82 9064 9468 -5887 4664 -2651 5292 9701 -3544 -65 5364 -3058 -9436 -9217 -6005 5934 -2175 6628 2013 5831 63 1356 -9434 7244 2004 -8909 -9483 537 8517
-3770 1098 4720 7834 -6877 -8814 -9095 8484 1020 1114 -6758 -4831 8816 -9885 722 -2992 6528 6607 8102 9284 2846 -2859 9249 -3844 -1395 -620 6753 -1717 1144 8582 -4693 913 -2993 2707 9347 -8148 7381 -4511 8616 -4619 2310 -9254 -2683 -4085 -276 -5161 6437 8916 5602 -4563 4625 -9837 -3940 -6358 -4480 -1400 2804 8943 -1742 -1942 9953 8557 5624 4767 4894 -5320 -5501 -3432 7008 -1434 9266 -5438 -6226 -5860 5742 -4479 -6277 -6415 5383 3398 -9353 3882 -2075 4877 -4430 9028 -6582 9970 -9376 -5730 3027 -5649 -655 -577 -8366 3345 -5596 -4887 -229 -1876 9364 5741 -7596 9201 9353 7817 9572 -6482 3208 2576 -826 -6570 -2858 5887 4218 6680 -9996 -3664 3173 -8872 6990 8505 6974 7062 -2270 -1844 5425 4403 -4878 -3075 2768 -7770 -5560 -1309 5688 4882 -7017 -1886 7345 2008 -3740 -7960 3709 352 5506 7410 3688 6939 -7006 9886 6338 1996 2213 -47 -9850 -4708 -4435 4287 -9248 3184 5799 2727 9268 -6328 -4112 -6172 8018 -8769 2185 -5649 -7261 -340 7015
802 4376 5451 -7365 311 54 8076 -2516 6402 3608 -5916 5024 -4619 -6870 -4391 -667 -1415 4903 -1959 8631 3667 5088 -5198 -3317 8168 7433 -2890 8983 -5811 5128 -3178 -7758 579 3893 1306 9616 -7879 6901 8853 -4690 -6454 -6253 486 -7436 -4032 1244 -2417 -1955 2653 -9542 1358 8863 1309 -1479 -7369 -8262 -1259 -6092 8263 972 9778 2435 -4038 -2056 -998 -8398 -1171 -8890 4126 -963 7651 -469 691 -5464 9946 -5982 3028 7791 -9255 -8136 -9085 7980 9746 529 4190 -1166 -2565 -9766 8716 -7569 -1498 4508 7813 -5142 808 9586 3172 2869 1490 -9255 -8360 4535 5516 121 5945 -8022 3271 6403 -2590 -1141 -6243 -554 2136 -1882 8138 -5168 -490 1982 1267 -7672 -7084 5413
4886 7903 -2263 6982
7120 -6980 -6437 7484 -7382 4095 -8997 -6782 7797 -1439 -388 -9134 2182 -8622 -3609 -966 1716 -302 -2867 8834 3679 -5429 -1067 -828 -9935 219 4363 1624 -2571 1524 4193 4757 -3192 -687 -4215 6544 2192 -5944 -8765 6911 -5468 -4187 -1507 -6240 1687 -5924 3068 9241 777 -5911 3063 3025 3812 -807 -7259 2277 -1769 3770 3642 -1158 -5048 9783 -7271 202 -1613 327 -6643 -4 9384 5022 -3109 6769 -7609 -9289 9913 4939 8240 -362 -5853 -9405 -3437 -7497 -6050 -5821 -3271 614 1063 -2095 4150 2408 -5964 -5445 3715 2687 -3669 -2748 -4705 -9940 -152 -6925 55 -1286 8551 -7835 -3062 6644 6872 9503 -6584 1468 6101 6697 -3586 -6532 6198 9773 5333 3062 8354 -938 -4929 4787 -7904 -5559 -3619 4379 -723 6987 -4271 -8494 7989 -8050 6186
-8158 4997 249 9211 -8271 1306 9205 -7834 5629 7527 138 -9901 -4403 3838 -6180 -1771 3833 -3478 1395 -7297 4530 138 -4261 3886 3477 5444 -4586 1045 -6033 8274 -6985 -4268 584 6532 -7572 -8179 -4992 1809 -9631 -8080 -8243 4632 3200 -944 2138 -8169 3635 2349 8621 -7121 -5581 9239
8266 -5883 -6272 9772 -2708 619 3473 899 -7168 -4692 5640 5440 9720 -4928 609 2870 755 -7648 4907 -7724 4537 1688 -9245 -7350 -4737 5285 2812 9945 -8494 -4862 -2935 -2045 1949 -8361 7806 -6482 881 1269 3525 -8418 -2775 -7099 1407 9080 -1273 2706 -8053 -9764 5132 9330 623 -835 -9442 -6419 -5128 -9670 -1148 -8740 -9776 6152 7187 -4100 8585 -7706 7245 2461 1559 3315 -6030 2940 -7667 7963 1512 5736 -3905 -7556 2767 -6689 5133 2481 5723 1650 1301 6369 -1005 -5261 3887 3027 7173 5704 -4222 -7610 7604 -4385 9142 -4551 -9738 9676 8720 9249 -3967 280 3083 7748 -8299 3762 5290 7855 -322 -5439 -9312 2251 189 9309 -9760 -651 -4505 -9352 6353 2515 -6250 -3790 4869 4122 796 2979 -1232 -2611 9673 -9784 -9522 -2187 9759 3059 -7947 9634 258 2215 -2952 4089 -4535 -8633 2449 5311 -4569 -6316 -3562 -6709 6513 -1044 6283 423 5263 -1659 2847
-6473 9152 606 9489 -9715 1129 -5556 5825 -4080 -8686 96 -7390 9406 2577 -5514 3909 857 2501 9114 6022 -6289 -9208 -4225 -5507 3043 5357
-9551 -1049 1097 -7518 -4384 5080 -6025 -648 -5017 44 3474 2207 -8683 -778 -5567 -3894 4639 -9343 240 -1727 -874 8535 -3774 -3562 2894 -1498 6715 -9011 5159 491 8196 -9422 -2081 209 4158 -3479 -5131 -186 4571 5646 5049 -2808 -3907 4844 -6948 7955 4533 2459 7775 -547 -9318 -139 4272 4267 3940 -9058 -9482 -8050 8703 -6779 -4677 1071 -82 -7174 -7792 9738 602 -2824 -6304 1822 -3601 -2977 -6446 8724 8634 5693 -593 -3731 -2431 -4456 -3278 -8740 -8056 4883 2240 -5927 -2856 900 7179 -5169 3874 5568 -4877 7976 -942 9224 1265 -411 740 -1816 7383 650 9159 -8501 -8027 -7801 -4551 -7418 -6077 8952 -7208 -6915 7532 -8069 5615 6576 3827 -3382 8434 6850 -2051 6409 6878 3132 9016 -8680 -5997 3279 2056 -8360 -2026 3384 -313 1232 -8787 3128 -2168 -348 -6033 3135 9605 -7206 -5283 9992 7994 8092 9149 -8401 8212 2715 -8337 -9116 -7900 2923 -9127 -3835 -541 -6010 -3667 6920 -1277 1789 -7253 -3260 7435 2287 6590 -4827 9247 -855 -4658 8260 -8407 -7108 6854
8373 -7769 2275 5414 6815 -2484 4967 8529 28 400 9440 9092 -7343 -4469 -5108 -680 -9945 -3991 9871 743 1571 6698 -1090 -1951 2985 -2525 -8738 7850 -7027 -2815 3157 2431 -166 -1302 -1244 -7993 -72 -2488 -4260 9705 2516 6024 4884 -2503 -2948 1321 501 -5739 -2921 -7189 -6153 7435 2027 -254 474 6067 9445 -1924 -2747 8707 7268 -706
9539 6614 8380 9230 8426 5653 1275 -3517 -6411 -8177 6521 4440 2534 -6304 -6103 -3383 -5758 10000 9133 8965 -7137 -2146 8633 -6719 214 6101 6383 4549 -5371 -1287 -3316 5859 -7253 4600 -8570 -4108 -1337 -2074 -9041 -4586 -8591 -4182 -5165 -2351 -4167 -5419 -9504 82 -6454 7535 2269 -9376 -2859 -7662 -5413 6824 6842 3652 -64 5693 807 9947 6454 8116 155 -4346 -2978 -1174 7222 6182 1410 -6120 -1178 -8865 -1082 -9029 -2221 2105 -7667 8916 4645 8329 -7218
-9596 5951 2226 1568 -792 -4527 226 5047 3406 4102 -3359 -3192 7331 3523 5139 -9991 4422 240 -6227 9985 7327 226 -8571 -9456 28 -3452 4739 6979 1412 2579 -3675 9591 -5116 -6041 530 5460 -9661 4638 6126 -364 8146 2311 5959 873 3941 -9015 -7212 7294 9772 -2515 -620 -2143 7803 3577 3149 2326 -5887 -7780 4521 -5654 -3893 -567 5971 -9871 4313 -1041 -8137 -7705 -5435 7047 -8600 -2363 1424 -3405 -4671 -2718 -9815 -6857 -5417 -508 -7470 -2136 -348 -4998 -9304 4216 4546 -2919 -7776 6826 6368 -4581 -8471 -5684 -1215 3424 -6437 781 -6856 3093 -9926 -3191 -1121 4056 -7687 -817 -31 9970 7469 -2671 2340 2695 3375 -6764 -7519 -8288 -6485 6195 8207 -8899 -9888 7270 7819 -5416 5337 9262 2133 478 8859 -931 6594 579 -9866 2785 347 -8580 7548 1806 9539 -438 5100 -234 -8638 -1327 -90 2352 -4710 -8211 -6400 -4347
-3106 14 -9169 1813 -5631 7302 8580 -3404 -1148
-5376 -878 -7402 -6746 4616 5113 -4852 -6609 -5621 -9818 -8690 8533 -9238 978 8136 -2491 4900 -3811 734 -2458 307 5676 -2553 -544 6924 2021 -6050 7978 -8754 -4051 -4542 8423 1020 -7819 -6406 7448 3802 -8955 4249 -4067 187 2938 3638 8807 1397 6367 -5395 8122 -8720 -9096 -616 1064 173 -1088 4779 4663 -104 -8585 1654 2388 -5295 -1233 8406 3567 -6732 -4200 -3180 -8050 -7838 9204 5633 1581 1809 -8155 -2096 5692 870
9649 4688 4106 5101 6631 609 7840 8957 831 7017 7510 3655 8086 998 4495 -1734 -5349 2046 -8173 -4839 -8003 6849 5966 4121 -3552 7308 5062 8886 340 7883 -366 1636 -1356 2064 5911 -6873 318 6964 -9005 693 4053 4870 -5449 9973 -1551 -4786 675 -9011 -4660 1781 -5501 -3071 8251 -3767 2116 7653 -8472 -3660 -604 -4583 -923 -6232 -5315 9956 -7420 -324 2127 7227 -9869 3362 6450 5771 5350 7237 -6915 9768 6463 -9510 -3724 7008 2815 -1042 -4119 892 -9245 9290 2078 -970 2037 3682 -808 -6891 613 8725 6388 5018 7650 2926 4104 2283 1105 7275 9713 9762 5434 -4732 5234 8980 -6804 -1258 -5975 5295 -2849 -1184 6732 -531 3312 2974 -4067 -6042 9601 6036 6584 2068 -5661 -7833 -4788 226 560 5363 -6173 -8668 -8990 299 1823 6072 -7064 -5676 3283 2306 1701 -9084 7432 -317 4413
3030 -2135 2033 -1541 -9820 -6261 4605 7526 5091 -288 -9523 -1449 -1041 -7608 1085 952 -5357 -557 4974 8788 -1404 -9880 3889 3906 -1071 -5585 -509 -7574 5035 -1991 7281 -3704 -2098 9242 -8326 -8525 -6187 -9377 -8888 -793 3627 -7368 5863 -6192 -92 -7142 -9295 -8155 -5754 -2065 6042 -1451 6141 1061 -3006 3937 -6782 9796 -8591 -457 1706 332 -6727 6882 4613 -8210 -9161 -8236 3046 6002 -199 5768 1770 -4675 8216 4927 -8641 -7083 4573 -9006 3842 674 -3468 -245 -4050 -6602 3740 9160 -9772 8847 4159 8964 -3576 2321 3500 -7084 -3619 4336 -3775 -2550 -4877 -3845 4349 -4862 -8168 -316 -4901 8631 9332 3649 -1580 6023 5251
-6992 -8185 -2583 4475
-3258 6125 -6455 1693 8071 2587 6589 1012 5892 618 7375 -4532 -6323 1945 149 2303 -7003 -2141 1837 -2963 -5675 -612 9661 -9066
-1576 8909 9182 -7179 6472 4114 -6128 -5357 2378 3797 -650 -8860 -1599 -8970 -3821 -1623 -5245 2665 -2369 -3125 -341 3082 -1764 -3409 -6703 5496 4840 -8021 5461 9635 9902 1567 2266 -3817 2158 -1727 -134 8959 7877 -1454 4885 5943 -763 -1566 -872 -9989 9018 -5068 4239 7654 -6010 5752 1004 -2906 2393 -9169 -445 719 5615 1252 6471 -650 8125 -6915 2946 -3853 5987 9439 5397 -9711 -9145 -8048 -8375 -7048
-3351 -2825 -7058 214 -3903 -68 -4229 -7353 3265 -9205 -465 5902 9822 8377 2791 8765 6446 -2114 -9834 -7476 -3534 5695 -7457 4876 8895 -4443 209 -2167 4144 8369
-4875 664 -3793 -4062 132 -4161 -2766 -2283 3113 -6954 1028 782 5023 -2276 -2433 -6862 2134 -8199 -5787 -9177 -5732 -9418 -422 -8414 8430 -3111 5215 -4220 7410 1855 -7233 -7217 9093 -9024 -6903 7247 -6750 -7848 -3543 5853 8504 -3434 -7442 -3041 2960 -6435 -5512 -1141 -4416 2566 2537 -5253 -677 3390 7779 -47 -7531 -8555 5160 6834 7583 9088 -9167 5145 3864 -6806 2355 -3072 4724 9195 7665 -6430 -3844 3606 -2783 -9501 5909 -8752 791 -4826 -7920 8274 -7949 8828 -3910 6649 8291 -4026 -5419 -114 5344 8849 -9405 4615 -7308 5997 9575 -2597 3673 -5675 7048 9694 -1119 3297 9455 -4417 -5012 7233 -8365 2665 -6489 7730 8011 -7764 4213 -5101 -6576 -9137 8997 -8558 -3266 -1995 -4914 -4313 3991 1900 2073 -3368 -5432 218 6092 1020 -8719 6423 -1830 5335 -9819 6286 -9165 -2464 1052 -6915 -7412 -5128 4618 4304 223 6956 -9606 -2246 1967
-7726 7748 43 -4375 260 -6937 -2516 -6572 -9511 -5429 -9581 -3134 -7386 -4166 9169 6482 -6720 1978 2248 -1918 -5061 9247 -5135 -4418 9439 -7559 -9711 6161 4575 -7817 -1589 3428 4895 3933 1793 -9943 5444 -8436 -3588 4914 4989 3913 -6153 4174 -6161 4200 -5956 4223 9318 -2205 8775 -4693 7803 -7615 1934 -5011 -4659 1573 8196 -4362 5496 1651 1210 -7684 3100 9936 -6784 6058 -7382 -2801 5374 -33 -7479 -2985 -2404 -9549 2598 6194 4000 2194 7905 -6486 -6323 -139 -742 -5692 1351 -2640 2690 -3364 4883 4780 4066 -4374 5545 -1243 7723 8907 1013 -7379 -4462 -1008 -7462 -5336 -3201 -9587 -591 2242 -6624 -5189 -3562 1807 -6098 -6273 3407 3121 -5351 651 -5683 604 9939 -6191 9009 8158 2330 -6309 -4014 4937 6071 -6503 4461 -4334 -1347 -7316 4803 -1739 4092 -4245 -1550 7610 328 1840 9777 -7736 -4785 -8082
53 -8051 4037 -8544 7668 -9956 -5931 -7372 8233 916 6948 -8909 2128 -2357 -9737 -2558 -6935 -7068 2627 7700 -2098 -5001 9094 9202 2853 1520 -8470 -89 6492 1528 -2360 -2920 3482 7722 -4879 9311 8471 -7343 4621 -8255 -8553 -6685 822 8723 8582 -6020 -7229 -5488 5750 8633 9811 -5711 2785 -6088 4031 -548 -4419 6332 -677 8287 2303 9119 -2928 -3537 -6849 -3410 -89 7727 5966 -9091 -2632 1017 5156 -2199 -4732 8858 1621 -3592 -5392 3976 -4564 -4092 -6476 406 -4698 -7461 -1716 -7623 329 8411 4431 8204 4261 -8553 5556 4407 4825 -2659 5664 -1552 3481 -3150 -3826 7556 1259 3825 3757 1365 6958 8370 9535 -191 4992 -8215 1520 9340 6468 -7509 -5974 7775 4938 7732 -433 9073 6286 279 2712 -9542 9637 -4724
-2769 -7782 -6223 -4433 -7399 1208 -5511 -7032 -8970 4828 -6023 -7993 7548 -5231 -4280 -4811 -3160 -5386 -7083 -685 7022 1336 733 7595 4592 8951 -5179 -1984 -1572 -1391 154 8985 -7331 -6494 -8016 8668 -7226 4245 -7980 6775 -6698 -7989 1499 -3052 -2285 7547 -4266 5475 -9929 -8821 -4678 -4696 -57 -8621 -5827 -1912 4115 -8461 -8045 -8389 -337 1808 1883 -8972 -3780 1944 9261 -970 -1032 6497 -1374 -64 7608 6581 8323 3799 2167 3946 8175 4826 7226 482
577 -7890 -705 -7276 -9689 -575 -1988 -7443 3147 -4430 -8982 -5787 -7497
-9974 7090 1453 -8840 -181 -5695 5704 1810 3859 -543 -175 1744 8600 3020 -8505 5621 6672 8289 -8393 4728 5336 260 -9847 -9255 -5448 5575 1054 2735 3400 -1230 -3515 5731 7941 -8788 4043 -9589 5035 5710 2758 3944
9387 6046 -9485 -8942 9683 9763 2239 3063 -6575 8325 9648 -4839 8718 -8868 -6059 -1364 9163 9982 9597 2652 -3351 9783 -3360 8046 1710 -3588 -9549 -6419 -9543 9307 9104 5713 -5766 425 -43 -3637 3884 6940 -25 3549 356 1481 -6878 -247 5019 4638 -5289 3834 8104 -4630 -9616 -8265 7584 2842 -4283 4923 660 -6756 8526 1054 -4982 -5956 2955 8374 6623 3288 -593 4420 -2226 -3411 -5672 4981 2809 -8202 -3466 -6190 3304 5778 -109 -9470 9732 6103 -3017 -4725 -9275 -9490 -7024 -9252 -8210 -3720 5326 4961 9924 -7958 -9372 6549 1915 -2955 -9853 -2950 6060 -9675 -686 -9299 4682 2640 -955 5396 -2215 -34 2346 6328 -9570 1489 -2232 -2234 7507 4983 8048
4117 -4391 584 3978 -5150 8858 2737 -2333 8045 5095 -2661 3988 3721 -2896 3076 3807 -3830 5748 -2659 7576 1442 738 5588 301 1360 -3063 -3393 6714 -3610 -3311 -9697 -1908 -1896 7100 -7910 8401 -4841 -8462 -4479 7818 5329 8159 6410 1026 -3103 4203 3170 -4015 -8787 5754 4070 -5161 -5845 -3992 3081 -2230 -8756 7724 2179 7493 -7544 -7678 -2128 7359 -8999 195 -6846 6098 3712 -251 508 -6571 2096 9010 -3302 -18 5816 2333 5862 3554 -5114 8453 1402 -591 1526 -117 1111 922 -3523 -9685 -7137 5723 9988 -7558 -4071 9183 -3874 7906 1015 -9484 4775 -9184 3490 -2513 -4083 7550 4726 8273 1410 6595 8217 2476 3932 5359 -9727 1898 -1841 6420 -8905 1512 3215 -8454 -4359 -2068 -9091 62 -7029 -4157 -2422 -7811 6264 -5833 -4667 1460 -9278
-8751 -1893 -2787 6093 4173 757 -665 -573 -4180 2671 7860 639 379 -5291 1716 6754 7384 -3964 -6725 -2304 -9337 -4245 -6623 -591 2537 -6580 3180 -1466 -2279 2960 7781 -6106 3989 -6420 -6771 -558 7411 -654 9499 7946 -2064 -8745 -5520 4047 3512
-7443 -1357 -9033 3564 -8149 9625 9847 7141 8149 -8515 7765 -7203 -4198 590 -9105 -8727 6810 -4496 5435 -7564 -7048 7891 6996 -6505 8274 -602 2756 9263 -8416 -8519 -3751 -4136 8049 5659 -531 4513 635 -2932 -9548 439 7511 5824 296 -3981 4759 -1740 -158 589 8916 4570 1522 5676 4737 -7710 7294 -1459 -2243 2891 4903 -6888 6036 8653 -1403 9908 2717 2736 6033 3882 6927 -9869 3487 2023 727 2605 5511 3180 -2724 1135 9112 -3561 -5247 -755 3757 -1432 -4663 7236 -7754 9701 -5716 8489 1762 6528 1681 525 -8416 3357
-7915 4668 9965 5253 -1749 1088 -8137 -6694 1326 -622 1588 4415 8137 1445
5361 -3249 -4452 -8424 3404 -6664 -4338 4315 1043 7539 -9654 -1892 9342 -1300 -5005 -4191 -7034 8961 -5981 -7502 1374 6214 7107 -130 2466 4815 8145 -759 -2473 -762 9870 8402 4350 8957 2888 -1584 1019 -8387 4081 4096 3860 2887 -340 9938
1290 2338 9826 9989 -3159 -2067 -3581 -2397 448 2278 4772 6570 5980 -5653 -4743 -7670 9314 -1331 -1712 4572 613 -574 9132 794 -2399 -1983 6268 -3330 -1805 -2889 -7080 -6458 -6073 6635 -6934 5227 -9613 4078 1102 -3989 -1423 7578 1176 807
2979 8154 8632 5165 -6950 8430 -9301 -7650 583 -8898 -5794 4173 3952 -4303 8165 6498 4938 -557 -5137 4227 3565 -4130 -7892 6897 -905 7926 6753 8044 3664 -5872 7980 -1752 -1697 -8398 -7169 -4086 7550 7301 174 972 -5074 -3284 8931 -8516 -4794 -8164 9517 4268 8700 -9476 2945 7618 1528 5272 3687 -3978 2897 -6562 -3043 2057 4806 -3816 2702 -9802 -868 -5979 -2301 -916 4010 8151 6569 -3620 6857 -9011 -1873 -6671 6027 -3974 -3962 -318 3072 392 -4509 6293 3352 9055 -3909 4627 3269 -3843 -336 -5778 320 5326 7078 4652 6657 -3233 2794 8795 9468 -4865 -9161 -7881 -7484 -7840 -8347 8448 -1877 -2163 -9498 -6395 8543 7541 -2172 2899 -302 -8163 205 3985 -4135 -503 -4399 -2344 -9896 8139 4546 -5529 2473 -765 -1570 6087 7558 -2286 -9200 -1591 592 1296 -2507 4350 3708 -7945 4563
3826 -4634 -8452 6527 6518 -1341 6129 2521 -150 -8180 3515 -5165 -4487 4045 -2370 9931 2075 2613 2064 3842 5414 -4231 140 -9742 1515 8981 9265 -4283 -7730 8526 9663 3225 5642 1773 4543 -5190 769 -5781 6811 -2783 3114 1892 9892 8477 9240 1756 2153 1773 -6489 -277 4151 8806 -8558 6382 9654 9071 -9845 -3071 -2446 -3698 8855 -1101 4073 3541 3539 9201 385 -4571 -4896 8810 8844 -3310 2367 -8416 -6734 5976 5754 -8552 9212 4984 -7923 -8990 -3771 6726 7493 -1308 6453 8379 7213 8194 -6427 3355 8780 -1270 -3060 3713 5268 2721 697 -9204 -9141 1745 -1391 4497 -6382 3242 5981 -5937 2657 -9944 2239 -9428 2202 -9321 -7583 7693 8400 -2328 -4735 3317 1145 -4279 8564 7612 3191 1360 -6552 -2745 5970 -131 -4533 -1510 1823 -4694 7378 8243 -5226 -5801 8001 -6437 2708 9696 -7867 9152 8599 -3099 -5216 4896 2684 -5689 -2829 8123
-9531 2873 -3945 -5879 -7370 -1795 8481 -7847 -2955 -6118 -2372 -7817 9175 -2297 2649 -5222 3196 1657 -5329 -2941 -8764 4403 9834 3743 -5201 2232 7337 -9698 -3481 5746 7632 -8220 9880 4825 2007 -3865 -1846 9354 7130 5532 2791 1005 9397 4937 5896 7524 -5817 8844 177 264 9619 -3520 7244 524 -8603 4873 -7461 8082 -4627 4411 3147 9822 9483 -9810 -5693 -7245 5248 -2771 6421 -554 9974 2560 -4605 -2217 9148 5075 874 2493 5880 -4443 8591 938 -5624 -5358 7040 2670 -7358 9369 -32 -7256 3121 -3427 -142 -501 -8302 -4766 7636 5891 -9294 8594 -1699 -9760 -3256 8948 -7202 5227 8141 -5515 9873 -8968 -3841 9810 5674 5339 -2379 -2936 1637 -1040 2679 4469 5513 3948 -1768 -5207 1388 -1156 5244 6603 7203 1377 -6853 -2855 -4065 -4078 -4607 9920 -9372 -2702 -4081 1805 2609 9716 8693 -2170 -8625 -8641 -9299 3172 -9796 -5318 -3533 7651 -9260
6108 -8958 1372 4482 -2319 -2329 9803 -7761 2545 -8587 8025 -2861 -83 -8729 559 -72 387 -8205 9415 -1679 3897 -3837 3008 -5576 6785 -1893 1430 -6902 4585 -1397 -5691 2741 -8058 9483 4348 1128 8333 1185 7428 5663 6148 7430 4265 2855 -3939 5290 -6807 -4863 -5648 1529 4374 541 -1967 -4231 3982 -3623 4977 -2223 3157 -3652 6741 -7518 7073 2506 -2513 -6250 224 -7587 -8638 2402 602 -9553 9042 46 -7021 7685 7767 -504 -9554 1246 2826 8449 9700 -5207 -6015 8336 5367 7805 -7578 -2965 3634 4747 1355 -4183 7272 6679 -9987 8502 -7618 -2134 -3290 -9054 1470 -7912 4380 -9692 7912 -8231 -6369 -3739 9650 7677 5135 8009
-6278 8217 -5683 8363 4408 506 5457 5104 -2986 -4246 2340 8905 -2114 2227 -6983 -64 6142 8891 9826 -2381 -5484 6415 1760 5136 2486 2291 3038 -1514 6973 8032 1991 6979
