-13,7228250213878979 -4,9412258827986095
-14,3290503705228041 13,2250984293010170
-14,8562419730243640 -3,4175402328301789
-13,1667053850637394 -5,8144546475798018
-2,0077406549904522 -13,9940070683680062
-0,4298216365648413 -14,7526622626276982
-13,6268833401850458 -4,3687555764857082
-12,9485292441710413 15,3929212288967268
-13,7420529437436141 14,2218246428912298
-13,2412629173119178 15,2852797640396165
-13,9803541009154095 14,5352062529313280
-1,2105942833399554 -13,0659666407458488
-14,0304134201718593 -3,4493371007993110
-15,9279253310799156 14,5706031350409067
-14,3003266773188358 14,2314087635999886
-13,7592641052365199 -3,3445425341948400
-12,2911571606692664 -5,6193193163770250
-12,7102885426859569 -4,6137691844867570
-1,6549200314059413 -12,8435421823442617
-14,8058141578310920 -4,7399876910743952
-0,7786724090610102 -14,9568692098927958
-15,8190811490036030 12,8263787519046044
-0,6874495868487894 -10,9903051230115327
-3,3821803182900605 -13,8482931854941107
-14,7048224435003085 15,1841416726610525
-1,0773775080620114 -13,2758385237639907
-12,1245669919908465 -4,9225142969019497
-2,0071931320373455 -12,3450552800376609
-2,6891216431470326 -13,3916931914103934
-14,0591371540336478 -4,0007756946983495
-14,6541584881252369 13,5474071946690415
-1,0037397398813228 -12,8051999712393663
-13,9173574754467584 -4,1145222088890678
-0,6996585190822403 -12,1980016849532156
-13,4662871645651254 13,8309186361124432
-12,5181661463659726 -5,1295460357171283
-13,9237903379216643 -3,8895771441507314
-13,9552200527810371 14,5445831440275075
-2,1955462867350013 -13,0622978800925011
-16,7080656816831592 14,5756675770347872
-14,2767298990698048 -5,5779412683929390
-2,4305456319208463 -11,4565474946675678
-2,2905811369892048 -13,2076364486639850
-13,6907838118984877 -3,2884075815847829
-1,0393629863276510 -12,0443365655362147
-0,0530328006735261 -12,7643474997834137
-13,6916898378290242 13,0003773840748504
-2,9092131590742465 -12,3738376476834802
-14,8677538103255493 14,4695746511886192
-13,2222570423851131 -7,1822889614266874
-1,9161891808110165 -12,1575562957178498
-0,2026593728650363 -12,4724614007956767
-1,5323801414989382 -13,3844619520136590
-15,7879700273587780 14,2286846349978440
-14,5415836107393748 14,7953741647108252
-14,1631796600189386 -4,9321760246899675
-15,8785444435034719 14,8514293667532318
-1,4150271893917965 -12,9201400182279595
-15,1638459684338383 -5,5668492577984576
-0,2704909937657296 -11,9703518052538129
-12,9241728364010644 -2,8884799076645855
-13,4239015991933570 13,5673657605137734
-13,4879208476979464 13,9721257927059828
-2,1877622932619532 -13,5817982966368955
-15,3653529183843371 13,7450906074341486
-12,3540909977794993 -5,4762081693875402
-14,1060117712331721 15,5109040754279732
-15,5081849852270146 -4,7445750057423286
-14,0181573622815989 -3,3687877870467084
-0,9309059710137209 -10,9101582131874117
-14,3927272573940410 14,7051023430891981
-1,6852624936510938 -11,6843893436155675
-13,4425056596694272 14,5211105854734992
-13,1839667044212643 -4,9130608191020260
-14,8066686455592205 12,9596871899660542
-12,3909451903367476 14,8148367813060862
-14,5066053481840473 -4,4981696949267915
-3,5260546773782999 -13,7627231101831065
-1,9927715294351278 -13,1575354711339312
-11,3103083595494844 -3,6467369720192906
-0,8596862082191887 -11,4412684499140358
-14,6511939660509114 13,1812840980545225
-14,0173614869836278 13,3010669381130064
-2,4049596996215374 -12,5566898808821747
-14,4594749173275776 13,6089233543646078
-14,9681575613710507 -3,6374810577835945
-0,6477313307690745 -11,9741911326053092
-15,3683107465280049 -3,1498541451558637
-13,4011979315723302 14,6927301733850122
-14,4815304831780480 15,1395839170452877
-14,2853778648311227 13,2887318746417478
-13,6311803202066955 -4,4616006844717795
-1,1166574239838121 -10,3847593818007784
-15,7633983525459627 14,6129419490923294
-12,9256476269837339 -4,6301246311607480
-1,7819716932789318 -13,2107095548081421
0,0114725055774612 -11,7730630147842650
-2,2929935441352582 -11,1050560002812375
0,4740286690261171 -13,3511175163396363
-15,7271396643234613 13,2026266689164267
-16,2232645509759266 -4,1257146116865755
-1,5051415867516942 -12,6725752819987658
-13,9938362975124804 14,6260185423590183
-12,6118390742513942 -4,5906925143386559
-1,2459202649875107 -12,1978807603752752
-14,7646690542764212 -4,0816527897438188
-14,4377895997119303 -4,9580244423035520
-2,4712969174985688 -14,1467961417047032
-15,0667318138276833 -5,0001067743316110
-0,4839421904278525 -12,8860115312379371
-13,2755048352394081 15,0727509391528187
-13,7108831311874848 -4,9112500988778924
-1,9903328514350869 -14,4458949195488717
-11,7977028008984988 -3,8256178597059991
-1,4843378847999513 -11,8949774342786796
-1,2743569286818210 -13,5575838798915562
-15,5810495631712911 12,7738845268930987
-15,6520967262657287 14,0183087251096534
-13,4493414091659691 13,9606852542102153
-1,8659052272451082 -13,7958398337175563
-14,4777991364783301 -5,1019638238079015
-0,9561184667616823 -11,4273494985180353
-15,0214980702391117 13,7145013993978662
-11,9626986700075033 -4,0220729753063074
-12,3732337971237492 15,1447827257957641
-15,6376406087950315 -5,1538310207835503
-13,2657060604430264 13,1766078238994400
-13,6724802001944994 -6,1199836833489965
-15,6079874869163451 15,4691810857325684
-1,4850966030833872 -14,0928086132094563
-1,2747317696137315 -12,5870754139604504
-14,9464627571039053 13,5786531141654958
-3,5114710670359957 -14,9611527049409112
-2,4166955939323205 -12,8113637156853439
-14,0021898823995610 -4,1805951535526384
-12,9714765921507649 13,1346636965860366
-13,9344307807889809 -4,5561448824824673
-14,3643454234845009 -4,9801901958459434
-1,2536016181197147 -14,1098352586250577
-14,0781203860849669 -5,7859242855843611
-2,1440869663552027 -11,3016075135793823
-2,0832309619482690 -11,8648393546647348
-15,0199341404472477 11,7570139922782815
-12,6643576453978479 -5,2950239218276023
-12,5223964546405284 14,5384648391831934
-13,2622352265275261 -4,3576997737434775
-14,4221540257622447 15,0408822915546168
-14,1181826263728656 12,8057495547204994
-13,8800584976687400 -4,8962078718480582
-13,6910772654620523 12,9896728633300107
-12,0845386757551214 -4,1198985384993856
-2,0572075998418331 -12,2939085334722602
-16,3684367320082309 14,4619946888745243
-13,6212624983139907 -6,6449837761721131
-1,8175906401161672 -13,0832751083828160
-2,0467419411814332 -12,0077300389839152
-13,7768663048450009 -4,1852276420023360
-14,7456359481974637 -4,2643941383150707
-12,6633070383492452 -5,2428321988725193
-2,2562025202472169 -12,3034983324300047
-14,5035212320320461 12,1587844698140586
-3,6232892572272171 -14,2699626401875950
-15,1446570774497378 11,7731446343321533
-15,1956952063976090 14,0952685804981712
-13,5697056093690129 -4,9087385778598778
-2,9968911997941428 -14,1542192975194645
-15,8075696819120246 -4,8223956681088369
-13,3578824188036656 -4,1717715044589578
-0,3917785937403693 -13,3050633441887083
-12,9992230788053522 14,0427615221465221
-1,7905220031093514 -13,3358325315420831
-0,2142279427032439 -12,6437028876218829
-15,9717519276015825 15,2461905520644994
-14,8221386587423929 14,4376252354798797
-15,0759253752957640 15,5089109160980527
-14,5645543948376250 15,7111024093899374
-0,3572175477047266 -13,7661818353245646
-15,4664613397977284 14,4011694604895393
-12,5269028503967643 -3,0482860643112284
-13,3413412068547483 -6,7339825140016938
-13,2057597074355897 -4,1906465809470292
-3,0255227390989266 -11,9035739447571896
-13,9821542398715017 15,1620320859390496
-1,8598659122040413 -11,8395574994537682
-14,3802271695188413 15,6266810825541498
-13,6456009958595725 -5,7768119564381371
-2,4206150648802804 -12,0078585588198354
-13,3907296592652347 13,9084556852614245
-14,0781062430383699 14,2198563539278915
-13,1165009921564888 14,9822718756439173
-12,5641288351223608 13,8890439193804394
-14,8168493308679050 13,9475613376908960
-14,3951186362533878 13,8004390715040142
-15,4028409540459741 15,7053245467317257
-1,3436650784652848 -14,3028845810477190
-14,1018270987439731 16,4303488606808159
-13,1418459095242603 -4,4811969813014727
0,7753627098624878 -11,3282099012611024
-14,3355627716377843 16,0153629451876292
-13,9555099593576450 -5,8797457613575261
-12,6998520501294614 -5,8875522707713532
-0,2344882114931790 -11,6627646562621301
-3,2384643333600764 -12,1147069029908216
-15,2960210194068527 15,7668602639883115
-1,5838775579344215 -11,7327086245276995
-2,0682464833665382 -10,7052583538957009
-0,3021238137623858 -12,9258432526286509
-14,4208861557477466 16,2029640596838469
-14,1281087341837956 -3,2210854830920335
-14,0764318296852746 14,4266064910268899
-2,5045322582591614 -13,2853572776239073
-12,7456283375529154 -5,4469879434293178
-13,0541810417183264 -4,3509228757696796
-2,5585385377032730 -13,8002086316586769
-15,0133618672957549 14,5041994618964321
-14,1403288590422740 15,0023522632103923
-14,6244480086537774 15,2339620473831623
-2,2166005264732944 -13,5587607701768622
0,2181588520139557 -13,3023054408676202
-13,2848429136797606 -2,4626967012994410
-14,6105436520038872 14,6886910683247045
-0,3006335575510355 -12,2954303462466967
-12,8562956568018798 -5,8673061515622313
-15,5192834754819096 14,2041462176891180
-15,2855991968044194 -4,8535683486047283
-2,2239881445290020 -13,1923473383702596
-11,9904585878957342 14,7849106701758526
-14,7260074761648312 13,8838447299670964
-0,6510957917962011 -13,7224941034707903
-14,1984969146454834 -5,3518297598090303
-14,6204068587168656 14,2487133148054959
-15,5514404699061384 -4,1729833454926366
-14,5579469695796426 -4,1006410466121617
-1,9143768946727850 -11,8911436168437028
-15,0566859044109798 -5,4351667511387216
-14,7542346510188356 14,4848719816672116
-14,3872624710246235 13,1547365304243957
-0,5852844942035751 -12,0402047810631530
-13,3586523653389744 -4,6017683413060064
-1,6603492524086496 -12,9194762892827484
-2,2154986561732404 -10,1798344298861743
-13,4489925128962096 13,5309083227417641
-13,9505296254729441 15,1599058552172554
-13,1797891891134409 16,6652583617885703
-14,8617685123472683 -4,0562135537719142
-12,5498553514523010 -3,1191981433929135
-13,6819112354629429 -4,5929431138165713
-12,4108608980344641 16,0074936122890286
-14,9840657322401452 -4,2998694478485184
-12,6839325253782587 14,8569751390070817
-1,2996702652027243 -13,3579597218474717
-15,6980167770535139 14,8472292878132706
-0,8842031620546328 -13,1648302119065068
-14,1099989812117190 -6,0552898168090712
-2,6790055655293257 -12,5688392285909547
-13,4544300847817002 13,3980842072946764
-14,1615571432297997 -4,6801493273768644
-13,6424815185878696 -5,7520056282634187
-1,3206045806567013 -12,6848100411908931
-2,6270478035138121 -12,5615873421015039
-2,8781272977919046 -11,9732348624356302
-14,0716322814069592 -4,0285617754362146
-14,4753459499325441 14,1906594519537581
-0,8888506745325693 -11,1038097187279785
-14,4090938805319180 13,9058451667981693
-14,7086491324757169 14,5031783706987767
-15,2017518390345039 12,0522469829488870
-15,2781703596327443 -4,4018843314567828
-15,3225106678795413 14,6906009718563872
-15,3734057166820133 -4,5059165334064977
-12,8445979768942991 12,5881696668747480
-13,5253410227309434 -2,6988399721855192
-12,2352883959993814 15,0338323578603585
-15,3296819816271022 -3,8133281347037493
-0,8564353574626090 -12,0043850884019996
-14,0322413454531887 -2,0582202752080043
-14,4271537203173619 -2,1083946480150435
-1,6617239151836523 -11,3236973097970264
-1,2855976499433601 -13,6882278215977902
-13,0539418149308553 -3,9281810587958850
-13,3101024985273764 -4,9097752894756743
-2,8116382251599989 -11,3356918024694231
-15,1633322466202554 -3,7146136128931087
0,0887319488847926 -13,9157668451766874
-2,2933267048433583 -14,0749150373223380
-13,4318273140952940 -4,4439328056631835
-14,3325120705069100 -3,7717000801078187
-13,1838116597605932 -4,8482581544178931
-1,3927429440508783 -11,3328220919934175
-13,5187571876735486 -4,1971062790658431
-0,5169794824162910 -13,1422648407128424
-13,4314465188742425 -5,4528072612759102
-2,0843832237232545 -12,0071700458357356
-2,9393757557955933 -13,8662140632139295
-14,2500332078693237 -2,9813944513199471
-15,6776540234487101 13,4453224914669871
-3,2304545388862822 -13,2432271114190971
-14,3960551790272682 15,1942015039067186
-1,4183112456617877 -14,6033657100424179
-14,7461525272192091 13,7915393465102056
-12,9166115865451729 -5,1369659528256708
-0,2863427141552948 -11,5558270426600398
-1,1323142063663432 -12,9107980034194796
-1,8697438674233169 -11,9615747624358999
-15,2016943412738730 14,6127191849147486
-15,0084973045509500 -3,8411532120421361
-1,7872719800532657 -14,0895853418717572
-0,6773812216902856 -13,1485355485451869
-14,8737142893800751 -5,4747287575126213
-0,4853916915471908 -12,3910571730007462
-1,7956198500818736 -13,0438920461468584
-13,9443036509368081 13,9816319871398580
-0,0043024215229541 -12,9634156697001757
-14,9671230823613861 15,4222738064188611
-2,8985685017001392 -11,4655091962905438
-14,4386763086902619 -4,7410037399797638
-13,2056113221737039 14,8050490558170882
-12,5502707603414034 -5,9442333870193282
-0,5044127566789133 -12,3765702562946345
0,6219939693924204 -10,6659983614470839
-14,7293199218557795 13,4935292565598157
-14,1913993400433629 14,9692350923120205
-13,1588788641231620 14,9969625545158571
-15,3738642868231636 14,7198018035851668
-14,2374550019638324 14,7381948359505888
-2,0948583245547923 -14,1079541226508578
-2,6326089465553597 -13,8606065664118621
-0,8293961746875587 -12,7811013447512423
-15,2822964258138683 13,1385158705329950
-13,7167283005930560 -4,6944879191807658
-11,8807571204310563 -4,1234909483518543
-2,1402646655679587 -12,7605303342089194
-14,3784867396425060 -3,8039391105800910
0,5171962722922414 -12,3976345794170602
-1,5189026854183125 -13,5109543189123222
-12,9824614701598566 -4,1180167628993374
-1,5416305762375846 -12,5950298813276138
-14,0331986826989752 -4,7367519789519665
-13,6204478797060169 -5,4885258393646783
-3,2295253370010735 -11,7894896409922048
-14,2294658622040924 -5,6606070569694236
-1,5173210011044707 -14,7523966031034099
-0,0606003692154375 -11,9107407729542256
-14,7104381239590989 15,0742892092690894
-15,7296891039323778 -6,3309561345909753
-1,1528188904196643 -14,2040610263486791
-0,1476556306294259 -13,5518471348206919
-15,3487105030087712 15,3255299163868219
-13,7576215448423635 -4,6126063365773780
-15,1637546259041862 14,6067945840465718
-13,0576980610467519 -5,6341497636391562
-14,0931630139037853 -4,4797886168485990
-15,4096557262487970 13,0133387179946816
-13,6107887440330710 13,7691780221185613
-14,5467029662626111 14,3044846527804861
-14,5540556288334777 -4,4688780539278321
-13,6184475153426643 17,3020959418616549
-12,7914637594555813 -5,1228185555316008
-1,8795286456209337 -12,2660206496017512
-1,3080503778964014 -12,0192177372416218
-13,0063624599442171 -5,6679816781896681
-1,4348391123361774 -11,4892096812043132
-13,2975798201514763 14,5720466622028280
-13,2876500239012039 -3,9404362087997180
-13,8224470943427811 13,9851308199248319
-1,7020653305187641 -12,0820478283116515
-1,1996401075818028 -13,3530919699182089
-13,0530683175677815 -4,2737262880020550
-11,3690539818302163 -6,3002183746358558
-14,2406103697103035 -4,8100916081881975
-3,7637279169976781 -13,4069535078657065
-15,4695416130165686 13,8557187735654317
-2,1242828306699391 -13,5849391780222781
-14,6465060662326074 14,7947333755517700
-1,5908287684627760 -12,8667708819945208
-14,0371700442522034 14,1746035140784983
-1,1546637840823208 -13,4034076774635409
-13,3438352515677288 -6,1196443791734092
-13,2041630051593764 -4,4340555442847949
-0,5953675989155318 -14,3801056023602172
-14,8917297495718408 13,4229589967448675
-12,9426273527395495 14,8182390283386134
-13,2408994728441911 -4,0005811597242840
-0,7475280354494370 -11,4883381395675865
-12,1504841357874067 -5,7360042949449710
-14,5019653812848830 14,4977337252439824
-14,8442908398474440 -5,1844211806533149
-14,7696332280657572 16,5867733814112981
-15,2198548252538632 -4,0942565632754304
-14,8178003935262481 13,8865745431606218
-15,1432421893204250 -4,9088156955174096
-15,1155231103751184 -5,5093023880648673
-14,1374407984015349 15,2287555208691554
-3,4043481645326494 -12,7652731837625115
-2,2095625399876724 -11,9308319624084564
-15,3326830248310344 13,9435379516239966
-14,9378052845589391 13,7727920644777893
-13,3947779412775230 -2,3743044442079384
-13,9424137801641450 13,4309510708459623
-14,0140015713195769 -4,7938670480761685
-14,5152321905621928 -5,0075473797951249
-1,4210211108475355 -11,6800223913117698
-13,1991358264636620 13,4329048402504920
-14,2655126544284894 12,4508336716694252
-14,6914852928681103 15,4215817766846754
-1,4682188229082553 -12,9616302525155511
-0,9903448201518672 -13,5397863801827327
-14,9498271964734837 15,4537161872390314
-14,3346156329298893 14,5658879582065097
-12,6770226443497549 -2,6360510762847604
-1,5815847910265823 -13,3843426958217506
-13,4241875718147163 -5,4325820497473538
-14,9673280368916597 14,1187459227346324
-0,6199357566141702 -12,2295831131931987
-1,1122466231128514 -11,4011562525827372
-2,3706655182673564 -12,1975947313359807
-16,1654805334794744 -6,3657559133589547
-2,0270109922336523 -12,2196575447701044
-13,5902595129177044 -3,7806404417210926
-13,7675985345916772 13,4030283473842040
-13,2678514172680462 14,7279870339718340
-14,7140777116311874 11,8594764985167398
-14,7562725470064002 14,1378145560099870
-13,1238874436713591 -4,5860836793496826
-13,4621917402903701 -3,9560340236416742
-14,8556013631959196 -2,6242319192349690
-17,0529771351757233 16,0346093216082295
-13,8071243109545190 13,7497715978570128
-13,9889070254314287 14,6337556535006943
-13,2731939501894249 13,4612592921334393
-14,0593118922947973 -5,9009727960003042
-13,9574441573831027 15,9008783856302909
-14,5830337921094770 -4,6636481310585234
-14,5793291174364139 -3,9835331867956798
-13,4812984199697325 -3,3914814981132673
-15,2416418362537129 15,1788314599311480
-13,5889436907958601 15,2852474464982677
-13,2741009732966404 -3,7948622254334765
-3,0273318959575910 -10,2064403544009394
-13,7685689699374372 -4,1782507213745328
-13,0669469035595505 14,7395118865767714
-13,5980083715636457 -3,5247541799238165
-14,1876654483335116 14,0364276477320740
-0,4516821808364746 -15,2158331688054602
-14,1058119655839693 -5,6251367862511703
-15,7847786611010612 13,8782079269341576
-13,6048959100816145 14,0074070590646169
-0,2741270583149127 -11,5601532172467714
-13,8958376453012082 12,7346005095652952
-2,2708639774922532 -14,3379989533448953
0,4532767501427413 -12,2486511884592844
-14,4135002424639307 13,4610076954567290
-13,1738094236889882 -6,5869831935646364
-13,6119910997921636 14,9972245726336268
-13,1070629821861093 -5,3169884579158246
-14,0891852818164249 14,6732133471001180
-2,1967780609723904 -15,5667928437466934
-15,8683571092183637 13,8526650543596634
-1,6820700882692974 -12,0415469289688861
-11,7804362519500430 -4,2830592831664145
-1,8001654861303191 -13,1984758546360261
-15,1244800014806380 -5,2241068479689048
-14,8376150886954381 -5,4060060593632899
-14,4779544970748777 -4,6166029875281671
-15,8566600433930240 -4,4554833415949737
-3,0804008300474877 -12,9286163105246370
-13,8533060942826225 -5,0631352781031298
-13,9064103326338273 -5,8953711848749979
-12,0946337718756034 -3,0022245086985677
-15,6992131600977292 -4,4088199473457950
-15,0653140070600013 13,8216876927999728
-1,2082272027603709 -11,6354240628968544
-14,2705223812473303 13,7797771523677337
-13,4189274140824750 12,8877602708233958
-1,0236633512743341 -14,6235087096944554
-15,3107382197990116 15,4494260520836946
-14,3866003256418207 12,6050929913232483
-14,3433810510581718 -5,3621580095848174
-15,9432937283834448 11,0160980422492703
-14,6364447818001775 13,8540967464287359
-1,3413989595632554 -12,3249156735943330
-16,6767402341666617 13,3303379367672417
-2,2899403173367974 -12,9980494676697198
-15,1955842892777504 15,9309568452195212
-13,8295365450294145 -4,2902368971190112
-17,2291103629448692 13,0473661651067907
-12,2283222604866992 14,3531857866993651
-0,6465141319167617 -10,6585064063203578
-14,9287153852681644 -4,4208786053713114
-1,5871386723149368 -13,1923545544561609
-1,7805069857435170 -12,9294005974813775
-13,1918697504971885 14,8868399589407456
-13,5808261920279119 -5,3065507262697942
-13,8980733692584000 -5,3843502551680302
-0,7073094765909931 -13,0440718190848663
-0,8366191524687914 -11,1471130890665009
-3,2785316262161857 -12,9518178441941476
-2,0655067851012516 -12,6309163958685780
-2,0788960533198280 -13,5843007894509142
0,0164804598756210 -12,6731348678542322
-13,2660186406770624 -5,6009891316405493
-0,6655302022830523 -11,6680080432537174
-13,9838199777248473 13,4097384584522406
-14,7895524213551006 -4,5575619696871978
-0,5774455289867955 -10,9901573053779025
-14,0138731727587640 15,3799784683911369
-0,9447304888734145 -12,5347791671623199
-12,7909722529279399 -3,4130071335202827
-0,6325155757112295 -12,7727037848137126
-14,4491676108742606 -3,4867046613468835
-1,7813620907349568 -13,5280488752283254
-1,5088024988263578 -13,6363515410210638
-3,4204533202102310 -13,4945384894946265
-12,1195914476840176 -5,3065554831715938
-14,6950178291553115 14,9854690183302690
-1,9161427009252299 -11,8163427185835044
-2,6627619513923459 -14,8491263787067247
-13,4534144239214584 -5,8658932552064673
-13,7416287191322439 -4,5591246868334547
-14,2378697856137801 14,1287460512970213
-13,1443761282473179 -5,4042663206617583
-2,5991570498779009 -12,8152269424425125
-12,6490456851936806 -3,6905560227718515
-14,3397500998349123 -4,1370564479260246
-13,3715701814251258 14,2083786424627991
-14,3415608484979842 -4,3538543339371305
-14,9746443580484740 -3,5059673821460615
-13,5304147970300495 -5,2575618006807288
-2,6761852757389759 -12,8377760813926134
-1,3373408347880686 -10,3416565728607885
-1,8029656626644834 -12,7198446100661435
-2,1866795885894046 -12,5932242188454389
-1,0263999894025855 -13,4732806598001478
-13,9436171319104378 13,5865768937278997
-1,9327551125612072 -12,2076365007256271
-13,2058854399580170 15,0992076134924851
-13,5131673052712742 -3,5464917395986433
-14,5896974667660206 14,7226874592218451
-14,0405615193518614 -2,9228950168896213
-15,2600946633883048 13,2625768274135805
-0,1365854256537005 -14,5074487647407153
-2,1663887711116319 -12,4888123792221979
-14,0701090056451434 14,5070199706655671
-0,9529751434137822 -11,6431131007336965
-14,0387519236470855 -5,4340676327059008
-13,1451343538339120 -5,7083584847504136
-14,6225404714325542 -4,4033339934333062
-0,0139257735641538 -13,2022138231052359
-14,3619197379850156 15,8148243722244466
-0,8744514341349561 -12,7869672818604077
-14,0505640029756478 -4,2043564460398635
-13,1020306621069302 -4,2684203914170986
-2,1468338014384551 -12,7668812269857845
-2,3819410932685212 -13,1024515592352913
-14,8522157589818544 13,2944041422268153
-14,4607895522275385 -4,4028235638279094
-15,9086181479426649 15,2252879190061794
-2,3442894576820312 -12,4330976891882674
-14,5948758968747772 14,0716057882343595
-15,0461223798779535 14,0998687104208731
-14,3226435337678453 -3,9809650051743275
-14,2332794871569899 13,8803628972347379
-14,4245232456274355 13,8577587358383099
-12,9390026800497289 -3,4064757785330917
-14,0252097245970049 14,9551520883856544
-14,5730714463346498 -4,7407333471205764
-13,7101848986665242 -5,2811835581095563
-13,8687153065138613 -4,8988408815048237
-13,6839955590673803 -4,8726309568767041
-15,1821100483922642 12,4928732343028788
-12,4850517665017193 -3,8989787851259101
-15,1929726288472615 -5,9527865494936947
-13,5444877460333508 -3,9753825107834886
-2,2084199259889190 -14,3103182279982910
-13,7085863565277997 14,0265461542850822
-14,3117912401404368 -4,8897681959974379
-0,7983435488998730 -13,2718480663912928
-13,7307087541153852 16,8401610862253435
-15,6762109985290472 15,4439493658428297
-1,6529427416222324 -13,6092479788205125
-16,1753627328160157 15,3960325650930638
-14,5455908467885493 14,5841843206769290
-13,7633950601723178 -4,3948013963119790
-15,3014928897061147 12,3181953240711088
-1,3713495659814443 -12,1205814532764791
-13,8846658570742356 -4,8222986408322432
-1,4950917773940389 -12,7083512072213516
-0,6698761835380856 -13,4488782981802988
-15,1980000498836816 14,7565292571383058
-13,4674651208890133 -5,4228044919652802
-14,3666777083115154 16,2171240880455834
-15,7202038933233013 13,3421670531894261
-1,8708717072219287 -11,8425990610574594
-1,9956091856572007 -12,3843842219944147
-14,3453074795140463 13,2385542859971466
-13,9138454974826935 14,5599036001835849
-13,0574003483910133 15,5726834737322317
-14,5810034532859731 15,8285141152954445
-16,0094702502095139 13,9946776913403035
-13,1555913637727038 14,0470900582786005
-3,1292202422288478 -12,0478712257453235
-16,2961587786035906 14,0727180450071803
-0,7013455123556140 -12,5092152297231465
-1,2642546009004161 -11,6330617583386058
-0,2377572203452289 -11,7284150572425663
-13,1393018770326222 13,9219642163789015
-14,1845404332301648 14,2305014933051499
-1,1742931866801811 -13,2635934245529636
-14,0095282285172900 -5,4733405727161433
-14,8747161459093977 12,4112768413409729
-15,0859398471318968 14,5243829097827959
-12,9999754631201991 17,4359953409432471
-15,0681626985211778 15,2014459895159231
-13,1862802370455068 -5,3052835235632108
-14,9615832431316811 -3,9841931012574410
-1,6733679531940748 -12,4452652310351919
-13,3129087817046887 15,6706228733533983
-14,8039738152422693 15,3892727781024163
-14,2370582493136180 13,7615848890352801
-15,2375227243636395 -5,1860825961314507
-13,9122055237021733 15,1165887690211189
-14,0784958319220479 13,3778818462197631
-14,2050239776533704 -5,9863430611399302
-13,3254614079581675 14,8425881146174010
-15,6399269146500401 -5,7126757086193782
-14,7431605010632172 13,0618954773857805
-1,3813310319382113 -12,0032918188874458
-13,2149537747976886 -6,3309752405086623
-3,2980960411699134 -12,1939179265101547
-12,6779981275534350 -4,6810090332143055
-13,9567585427954164 -4,8612300435441682
-4,2748169941776784 -12,7415465548927767
-14,2857901247824142 14,4869521619886701
-12,6942487836943165 -4,6326652877828147
-14,6914147821912202 -5,1902050057938496
-15,7194076201461090 13,3183434731206436
-11,6596357038473641 13,7692465908323847
-14,6650094024046531 -4,2475389065566240
-12,8209835765136013 -4,8807813915126497
-1,6885586244537594 -14,5825033038631577
-11,7918882048054474 -3,1937803839786065
-11,5542035532557321 -5,6901594136563070
-15,8436244049056647 14,1516003757360416
-13,6399440878785985 -4,0333655617975923
-14,2818115568978996 -3,4601255531718675
-1,6443884460577436 -12,9841832585640464
-0,9760140057209054 -13,4055224303097251
-0,7266343280414512 -12,5103216006897426
-13,7845167343759609 13,4269305821179739
-13,1024506943694856 15,0109284664960221
-3,1385057093808504 -12,1260596240604723
-1,1522174485061309 -12,7637904442921553
-1,1962906942525233 -13,8396426757936908
-1,0998024242775597 -12,6193105047392873
-14,6212590942264367 15,7458724968653918
-14,0314179975671625 -5,9637631732207774
-13,3645386201745531 -3,2448793244151100
-15,6203215995620113 13,3145801637088610
-14,3599086854231111 -4,2107371542333984
-13,7269119813672109 15,4196344070582132
-1,9926569003180017 -12,1514616287016572
-13,8809571587538798 -4,3869180413118753
-14,2116230691443413 15,8658776571222067
-14,7548345598628980 13,4282419660437302
-12,7592979072324777 -3,7422618758940152
-2,1721740635225424 -12,4404784889005118
-12,4051440824732246 -4,8530298872754862
-13,5542809938158353 13,9285959279355644
-1,2548275161686837 -12,4743894452967776
-13,5745462664601231 -3,8462018732724164
-2,8128361522179484 -11,8381216155953144
-13,2186190466529094 15,1061524059874213
-13,2619113598106164 -3,4969145858609516
-15,1170024891076089 -4,8250118905044301
-2,9753549842241047 -11,5836485547057926
-2,2173636754066171 -13,7360132188468977
-13,1999903237818383 -4,2296944643145862
-12,1124854559461816 -4,4526070003389755
-13,6612929413132402 13,5354300645437782
-14,0406702816981799 14,3070291386244453
-0,7181762779359092 -11,3512768851344497
-1,8516567455304935 -11,7400756066743650
-0,2102703139328375 -13,3896569989412466
-2,2649431189988403 -11,8612846640348888
-13,5076744594125575 -4,5279283936806713
-15,2468183788070046 -4,9345735926489684
-14,4699067147785172 -5,5787948097412112
-13,2554250937904676 -6,2680263113245385
-13,1960141244203317 14,2826496850846532
-13,4627530716485850 -4,3111270792347360
-15,0377429727368526 15,8357584886565785
-15,1414834422168951 -5,3946652844947600
-13,5768222903539169 -5,6870281042880144
-13,6135922578528774 13,0512857968236684
1,4172602199375941 -13,6895032088655828
-16,2131377429576560 14,3257145855662991
-14,0670045327583395 13,6640723706270233
-14,8660531739457884 -4,2907965752263273
-14,1464700679636799 14,5986460357314005
-13,2304117950680116 -6,1929008521378703
-13,9995482565751956 13,5072957830255369
-12,6868246373199103 -5,3849389260411211
-13,4654904899542949 -4,2963838592236874
-15,5251770804413063 -5,1304218241591988
-13,8271035423760811 14,9437869101206502
-14,9216595195807287 -5,3383205563786396
-12,7172228996482808 -5,3961570079630388
-2,7141889914340469 -12,6886581364708100
-2,5831331855605262 -12,5884111703969168
-14,4489634890947354 14,8299984466272470
-14,9239372415441984 -5,1412917178938811
-14,2602311011752025 -4,3975317878759190
-13,1290607896795155 -3,2568527124310052
-16,2345939702275466 13,4928710387111206
-11,8569279631285980 13,7974863384436972
-14,2316293898165238 14,0335347114770457
-0,5495922585486656 -12,9286657919304968
-14,3672148173529219 14,8189100965184615
-13,1782145063589002 14,0389847127222680
-14,8134255943384368 12,6969194451785228
-13,8454031344436004 14,2791179954889866
-1,7051623780002998 -11,7047999213916096
-15,0292333108862532 14,2388568050657316
-14,3030062806938343 -5,3895345554459029
-13,8708563677903065 15,8419365544020696
-12,8877418927662983 -4,8421028136249680
-2,1545131888357574 -14,2898797171892582
-2,0588134363000776 -13,9598048786243307
-14,3841636471626728 13,5825785976875917
-12,4654817126869304 -5,1696978729273102
-14,1619844798338939 14,9158996491492015
-14,4065728137824856 -5,2195281506544760
-14,2498703139343235 -2,4737540943746223
-14,9672834213122901 -4,6831271773039767
-12,8743895652570455 -4,4749757262454466
-15,7383981821802710 14,5959356764990869
-12,1932227838702278 -4,4706210345621065
-1,1262977427132455 -14,1445522607605767
0,6368411342381144 -12,2046928518192388
-13,3543644075351526 14,5748558883939143
-14,5763908139871212 15,1905295795194846
-3,0362872990046244 -12,8184209096762469
-12,7018733158579344 -5,8107487605676615
-1,1259784226565652 -13,8991838690540472
-14,6681485207255786 13,6496956625760717
-14,1355508810572186 -5,8417669337636617
-14,1278772269934532 13,0409635584818702
-2,3749459321394344 -12,1883750255133307
-13,9311751464687177 13,8434190534471568
-15,6611799176730333 -4,5233646143400392
0,0111387120358344 -12,8859926612152957
-15,8349583388123225 13,6847052473750299
-15,1674797194153594 14,4080202172494616
-16,0700634934315474 14,0698960070562187
-1,1728951720281948 -11,0347012141314718
-13,5651471957064160 -4,3359608852091114
-15,4920405476185010 15,9314162352526054
-12,4803524677798912 -5,8606429405000089
-2,2135836559805293 -13,0149905695295871
-14,3325306752109647 -3,4378167523774401
-2,1630934604282004 -12,1347669047065168
-0,2229276302678811 -12,0691164537263269
-14,5013407989152636 -4,3490250908010717
-2,3553070075511990 -12,2320172381882841
-13,5988271323852690 -6,3626257941880873
-1,6754501298214255 -13,4439148224736389
-15,9895941890306350 14,3742051199223368
-14,7981338607174351 -4,1079721869553492
-13,4805087059674662 14,8890109114344185
-15,1079215849064568 -4,0017998031451016
-1,9278386336374775 -10,3545546166945321
-13,7627990359549131 13,3296796826340938
-3,3282132087935015 -11,4707155069900484
-13,8616688848563516 -3,3118338838795616
-0,1157880879659638 -11,5799092962510279
-14,3960359382544407 -3,6329336190319803
-13,8335901910265697 15,4174014603134175
-1,5976577130421949 -11,8429629214036609
-15,4148011065231998 -3,9973152534640248
-2,4191236209280484 -11,8788389206876168
-13,7124971681685874 -3,6549254572577801
-13,1653140762381664 -5,1380927147585105
-14,6260518812164655 13,3161042407279453
-2,1336125616860224 -12,8112885724808603
-15,0184266077458783 -5,5850410447904073
-15,2520494884688897 14,9797987110778799
-0,5650753801044033 -13,9489998194167164
-14,8077143392548329 -5,1362521902389933
-1,3843404084005069 -11,8315633240920892
-1,3621536907473104 -12,8329139534672443
-14,3898807235202622 -5,9955627911750105
-0,1077822299289328 -13,8940499395720316
-0,4603651176061523 -11,3829777385522775
-1,3360173317973920 -11,3579558845512718
-1,9435539101042230 -11,9102921837899487
-0,9352811997915527 -12,3827545524771914
-14,2512908804351728 14,8890325201417593
-0,7955867054837880 -12,2933434555395635
-14,7582482854348083 -5,0076099743952405
-14,2790025130429630 12,3778752994274672
-14,7182075140191522 -6,0498878372586962
-13,9793006524819425 14,5232275244755211
-14,4537995599326496 13,9319038125816164
-13,7567415243422122 13,2397333869762566
-3,0573472056680129 -13,2703038534488371
-14,4299805234422323 -3,1778853594135401
-2,5885078644580637 -11,9065597090094073
-15,0332403248371413 -5,1463422209395340
-15,4761915326239539 13,9857909954508877
-13,0142499891562764 13,4636228683828794
-12,1261820766213493 -4,8140340672028508
0,0063150110319778 -11,6421226824985560
-12,8560348241289137 15,3332968329894701
-1,9451916117039609 -12,0222144325468498
-14,5337221302741852 -4,8315956197218917
-1,1742564068131305 -13,3115538903802317
-14,0575438316486494 13,0737550775109224
-0,5529340968787899 -12,5917312093789242
-0,8516971572071669 -13,9290101934396180
-14,1462276612925120 13,9632321842446228
-1,3186663270497441 -13,1365713366218895
-12,8365355230310438 -4,0347805613503676
-1,0778015377888761 -13,4780886463133402
1,7078848797020938 -12,6195137598292231
-14,8567680553113100 -7,6311439783147534
-12,5890468135205129 -6,2164988950402664
-14,9701574346039994 13,7171600297002403
-13,3914643809201799 15,1800748209788150
-14,0975142957929478 -4,0188742205929016
-15,8461385007370943 14,7273262265014555
-0,6236235542972672 -14,8800986387667322
-0,4058586028358133 -12,6185106306502792
-1,5131395006411805 -13,6131686446848814
-15,7037663907570533 13,7960042389006432
-0,0249084355429177 -13,9353531206419685
-2,6804456005101036 -13,4029216450494104
-14,7257626330876796 -5,2895551806740260
0,0779776164369028 -12,9762709771611000
-13,2637267316289194 13,8523610943450564
-14,6181686445179650 -5,5960594073391254
-15,0419104364607268 13,7823845402096890
-13,0828870530501078 -3,5956898570999107
-14,4042954944469024 15,7478050815592745
-15,2837915040886632 15,7000868568607199
-11,7038420734110531 -4,6994572237737602
-1,2377876825128034 -11,6374972657964868
-14,2891710586780434 12,9296440975032230
-12,7625940488331349 -5,5419588081477311
-13,6963470795363893 12,8223540856310105
-1,0727363640399794 -12,5542470420111307
-2,2483156173687848 -12,1902800249480929
-2,5582992898501082 -13,6619774277548096
-14,6163743173114309 15,3046332701877841
-14,7843677981538342 14,0249885376687509
-14,2429689928572358 -5,2252758004195279
-14,0774908686822258 15,4379835408965977
-13,8753341927278946 14,9091710339214618
1,6192318357671982 -13,0242950015617680
-15,6145639911449479 13,3006894129005122
-13,2767636003783522 13,5464657120195167
-1,3481232643539758 -11,8468145047216940
-1,5389150086497254 -12,3274802554050495
-14,0763070588800119 13,1911162046736159
-13,6169595845737827 -4,9766004149914949
-13,4527107785216202 -6,1935887319353711
0,2204367265596263 -11,6346667475587253
-0,6371922593484841 -13,3085870832893232
-12,9325652415058698 -5,2854971764741689
-11,7693007802581597 15,0178849062126307
-12,7213761225534032 12,8208806237910959
-13,7114615997608293 -4,2588305025976920
-14,1516029191165593 13,6123876270864663
-1,0103861150205480 -14,9352868800010921
-14,4640843724615475 14,6242401267055566
-13,5160415822470199 -4,6534252902510067
-13,4001821628927082 -5,2802970396691222
-15,7337142629873323 -5,7413294636292562
-14,3529308292464037 -4,8600118168904345
-13,5859661553978714 14,4801363905762361
-13,5323655754769216 -5,6834124592252122
-13,7805501837304227 -3,2425989117557634
-16,0849212331718263 14,7965160460985530
-0,4526904416340920 -12,2683222453201832
-12,9725957071751665 -5,3585565433154434
-14,8759913044305971 13,0148671538044827
-12,9845939637999006 -5,7383603618416510
-2,5824576156646710 -12,9794513050308939
-14,7272066368614603 14,2357019794886881
-14,2771176421224393 12,7089796923060501
-12,1793936986548399 -5,5797331513773258
-0,9067626288751629 -12,6436647610427464
-12,0560821252055295 -4,6125865580246117
-14,4386865371674862 12,7871618561831522
-2,0314645869891601 -13,9239345058660433
-15,8477988693310543 14,2077421982812862
-15,1030071993254662 14,6104047421405934
-0,6732124088621618 -12,2929406341365102
-2,0995026067525862 -11,6147153887771477
-12,9999827990234351 -3,6035872934607993
-2,0789217706339156 -11,3264872280014739
-14,6594305917192518 14,9871350114338036
-14,4564369066696958 -3,9387348647524090
-14,5069376333345037 14,8999386698239693
-14,9747035617808972 -4,8956822545667062
-15,5195642618960061 15,0026921868756862
-14,2827309670847491 13,0652519750809279
-1,0248839225763717 -12,2315352285517527
-2,5527090832633332 -12,5692952207111333
-0,2831482395596290 -12,2774316542254969
-15,6098279180660651 15,0690778040038396
-13,4299560023571392 -2,9503515124179938
-13,7231250835034579 -5,5097671451923702
-14,8799022478342344 15,2774384212199248
-0,4642997350339519 -11,9095246614885646
-13,9627117560892593 -3,8578567201566636
-14,2222682080724052 -4,3678065175983960
-13,6262641641952964 -2,9266127897494085
-0,1627052513469756 -13,9952835401238094
-1,8148973211035397 -12,4183852480499102
-0,7389415882529623 -12,1147451709126965
-2,4530976094544048 -11,8017012322780399
-13,6393157295881249 14,0415166612891245
-12,2851620601156721 -3,0787351722519043
-2,7978228681968673 -13,6284744016555521
-13,7576748589841316 -4,9791457005066757
-11,8146133310498165 -3,5272543624695700
0,2710238741880595 -11,7540827786488489
-14,0682801686011274 -4,4416778420086649
-14,5639433620216892 14,4009313290971743
-14,6044322140681366 14,1225220700109180
-12,8402509270066965 15,6808847195959888
-15,0675443129625641 14,9767134893545819
-2,0838330007638297 -12,7061070987668092
1,1513210729254322 -11,7780356232690551
-1,5837113983603133 -12,2931065438043010
-1,9208694749678921 -13,0773411156449839
-13,7113556715920861 -5,1372110996522808
-0,1176690251723815 -13,1451435935712766
-13,6902298815670704 13,3794110634780221
-14,1023126335259121 -3,3495303565648307
-13,8063456198308092 -3,4584682896284029
-15,7278844428755544 -3,0308547848256628
-12,4523053305109297 -3,9275710439288547
-2,8292680076202572 -11,8833093717281315
-12,6422013720644841 -5,0397096074948013
-14,1983593976941052 -2,8231056535274273
-14,6518911837553887 14,9412569710076255
-13,3778608129314165 14,5068179808160451
-14,7548605080023414 -4,4393699459447831
-13,5437011437189252 -4,5398418116401169
-12,1373802293231616 -3,8625286892618060
-14,0518942859650249 -4,6160173161595628
-15,1375660380353985 15,8994662311963744
-1,1517728594092631 -13,8047873266471086
-2,0952172330621086 -12,3716184158659406
-12,6800296985165915 -2,8672928200526506
-13,0988384318373008 -4,5933466046698230
-14,3281857426845143 -5,6263184556287191
-1,2199798457570281 -12,6205899416807856
-14,4168965247093190 14,1613408570496837
-1,2398163136693778 -13,2310386795408874
-13,3355951109699831 -3,7613018962182161
-13,6479268554145250 14,2317613030796508
-15,7600390995321860 -6,2524379135328365
0,1721685473143586 -12,4573195907893393
-14,0720833869321389 14,9189213701792980
-12,8766245016017766 -4,6057332193554066
-1,1672072573819761 -11,9911605010886060
-13,8351081477274409 14,2305623877831682
-2,7410106347364298 -11,9501415216343698
-2,5356040470726944 -11,3209491319115401
-13,6176472534561270 13,9375613648720922
-12,1107142867454591 -4,4548681868087172
-0,0852277623627746 -12,4009650691147773
-1,7654538617904290 -13,2876351403554445
-0,6317089124891508 -12,3214612159856962
-13,5077044971721012 13,2746046799538853
-2,1827930688893264 -13,2515536443129172
-13,0537538858743467 -7,2635332886191435
-2,9445299767813995 -11,6213274987225255
-0,2563919940770532 -12,7848386820464306
-2,2592440027395146 -13,6382402879710867
-13,8557274803379382 -4,0761002349186892
-1,9200795947340148 -12,4612200003740021
-14,7190453063021760 -4,2773731697632060
-14,0047536417149274 15,1532941566343666
-12,5802702675663429 -4,2734564947270322
-1,7257016237646976 -11,3690559025258118
-15,7820192048201591 -3,9788021836407466
-14,0653800149004802 13,9286063398608206
-15,7024401205734154 15,1549467038983288
-15,2954176050734976 14,1477321659348885
-3,2349069223813665 -13,9993304148885116
-13,4016036595437420 15,4144438567296920
-2,3839331697370909 -12,0775272258270441
-14,9673682052919279 14,7298575986416846
-13,6094759288232474 14,3815696834033186
-2,1593885192282110 -13,2174933262385661
-12,7417176226408628 13,4631172835352935
-13,6257071004598558 -3,5469481334059298
-13,4298468755878027 -4,1651925681943878
-15,8536409031773466 13,2095711609513877
-13,7520787689068484 14,6233896005309294
-13,7219221320172444 14,0759884662334649
-0,8794968027842333 -10,8121186712898165
-13,8776835430968255 -4,7155524925353385
-14,9311426133537903 13,0321660706474880
0,0414535444018993 -13,8665639301716794
-13,6980789203898681 14,3496729252480204
-13,5704669084801548 13,3736601067503127
-1,1249788068730853 -12,2341706752826056
-4,4983663271907837 -12,6666599738433803
-13,1147729681239706 -4,5033199251977498
-13,7796764988959985 15,0229281096534724
-14,1813353450790594 12,7623776044607897
-12,1026087498906101 -4,2222046258514974
-0,9310192347606877 -13,6955860609184228
-13,6771398143795437 14,9592024798601813
-3,5520646462502832 -12,7508485349521248
-12,8264037863123761 14,0814708031027660
-14,3231788132894398 13,9615668044054360
-13,7651946572886938 -4,3512350268815432
-15,9880547618003952 -5,3963240828044459
-13,7258475297227154 -5,1132968235046423
-16,0137676749450328 13,8826850471173859
-0,7567644377606105 -10,8361678174604847
-13,8985426240936789 13,0236619297792835
-1,7971079311682163 -12,1694379261831429
-15,1786263621913413 -4,3575676427078003
-1,3923242868894623 -10,3395736280815029
-14,3715957420488909 -4,1856609733222125
-0,7420569699823375 -13,2189820945792640
-2,9747108279175620 -12,7517921472378344
-14,5463825914003912 -3,3655717693607334
-0,8025886782271674 -12,7853282316555088
-13,5373400190857254 12,7730718369524716
-12,8185676918134543 -5,1201077235697339
-11,8055548446199019 -3,0483724635875866
-2,8367089767206353 -11,4099658041096106
-12,8597111354708318 13,5846036013188254
-13,3734761281993002 -4,6256362021567590
-1,8962026251984765 -11,7094797462551767
-13,7814602410443214 13,1988024033166731
-4,1464737496113431 -12,2889071213973597
-13,2023258481471153 15,4935789872577114
-1,5678018524296653 -12,9376048471215803
-13,7680300735746677 -3,8498385071128709
-0,7594222734726340 -12,7549654949806524
-13,2567557145810593 -3,1794795299246639
-15,3580257483401770 13,2776839844626515
-14,8969377104533649 -4,8975559463911207
-15,6608907057279758 15,3290474682958635
0,0387451708546249 -11,1553840021662971
-13,4414265923184146 -5,4532512336271228
-13,9121307951388111 12,9114015645395828
-14,3219310930576622 14,6092764132556319
-2,1913588650665559 -11,9103267685541923
-14,2457777855909598 -4,9917968719870611
-15,1059167625780386 15,7647112474264528
0,9440752100330938 -12,4571469526497900
-0,6717556271508927 -12,3938738219881515
-14,6952222024282619 14,8590978342581490
-12,6145796645945651 -4,9410358763993338
-14,0724015165685188 15,9749911887267935
-2,1208227707205025 -14,0038242337987278
-15,1538707414872853 -4,7351116118499439
-14,1245601459063810 -4,6935715008494103
-14,4531195849287357 -4,0345868633683732
-14,4155472244946559 13,4076933922372490
-13,2704973805063364 -3,6875730056228195
-14,2276039392027638 -4,1665122347815347
-13,1689099712639166 14,9682581104104937
-15,7556065802702179 -5,0504258164239575
-0,5494920527561187 -12,2471931889607166
-1,2312549723906103 -14,0569365740676950
-13,6413626398115593 -4,3996037139253090
0,3838792295411844 -12,8027642660326819
-15,0840867490463744 13,4003280941115488
-13,4303970054340311 -5,0342670971809573
-2,2225793898456123 -10,7392709852108652
-13,6248767228341467 -4,7353889078328040
-13,5315564776115220 -2,6368755823586736
-15,3735329741935356 15,3568410684372658
-12,9813782563779423 -5,9757896925087444
-14,2700423226680364 16,1098297790886491
-14,8805214269581203 14,2118472262744078
-14,3070921729535616 -4,4583108589788889
-15,3080713799498440 13,6894207397203740
-15,5261282815289228 14,6578754797549795
-12,8001377446352738 -6,3306742759463059
-12,4942011684602541 -3,3352967633654744
-12,2320124107449608 14,0950103541033744
-0,7917990831162360 -13,7467712328789737
-13,4192600575042231 -4,5273290960623092
-1,5395202851845706 -12,1654692072145014
-13,3950862797749402 15,2703837536251754
-14,4172953180006651 15,2297961701123086
-14,9577927565449098 15,2428438718616164
-12,1303294317997317 -6,2661059001898902
-0,7083604122104070 -13,5271460875737475
-12,4806940101616384 -3,2853646603932676
-12,4531782904867399 -4,4482456291459709
-2,4832359647592241 -12,2672893403647709
-13,7749986455323530 13,9973444285587458
-14,5900988529000220 12,9482908281722082
-15,3114329436721306 -5,8511049300559304
-15,6036223501433202 14,4404625206924617
-15,4752230493802827 13,8806307641060034
-1,8116327044600191 -14,4798976141167497
-13,4823596426266299 -6,6319876988518107
-1,1149022799257189 -12,2725921787916015
-14,6483005359503871 12,7307555467683819
-2,8841579336472902 -12,6605122108278856
-14,3892118031599257 14,6883198829505695
-0,8098930080894270 -11,6065189151263581
-1,8182526266384118 -14,2315366459725485
-14,1089726508020128 14,6917808869173108
0,2530039729446434 -10,8535574865619768
0,7855425721090610 -12,9629797019785649
-13,7145335278327174 14,0003834742421045
-13,8711448272055904 14,8753853720261926
-13,8866895567281876 -4,0668824581780427
-12,0729916163692188 -5,5588701776214231
-0,7484912216263555 -12,0521055233647019
-12,8860758381410214 12,7598608175969837
-14,1311870381955202 -5,1660973495391893
-14,5539061546858370 -6,2343303370528860
-13,7075419324266150 -3,9324437429235006
-12,9265495486544815 14,3871439042887541
-2,2055525262076525 -13,2397908321776416
-3,1309222246072554 -13,0289501904952356
-14,4863018763973681 14,5458766800316948
-1,9978624040653856 -12,5140944001677710
-13,2390514903213923 -3,9799160980711643
-2,3037348839253662 -10,9228128878129276
-13,3258938382368655 15,6648759742781607
-2,5268013363697159 -13,3530284743124383
-11,9205977459549928 -4,4719996293074313
-15,3256391725587520 15,1005084669954872
-0,2520711178447996 -13,7059986853461311
-0,0761906371594179 -13,1205929413242792
-0,7805942352184597 -13,9064300584884712
-14,5325339057104941 -6,0751231654322764
-14,1552228352855707 -5,6499128467359094
-15,2697994811763049 -4,2734382198208145
-14,1768915274591460 -5,7988313160564671
-15,2710826404193583 -3,2050441454979279
-12,6250762255125633 -2,9066915991894318
-13,4588922255209855 -4,9847094640989402
-13,6194889820613607 14,9692700324790877
-3,0022082088809539 -12,6649504664641164
-14,1246563339209743 13,3600900297082461
-15,1450565161734367 -5,3017153070987586
-14,1516576777742191 -4,1506189026944220
-2,6664765297678947 -11,7026387520783057
-1,2815404513655284 -13,1576531380707813
-0,6416047993150651 -13,7437593540417655
-13,9369990238035086 14,0880651260140510
-14,9876237945384290 15,0027173577897663
-1,4984504341776330 -12,4852177765501544
-14,1861651325975924 14,6887010422613447
-1,8861801691548450 -12,0506291774261474
-3,3480265650121011 -11,5149301012203686
-13,4998833870085715 -3,8886613608554317
-13,0273218330429614 -5,0804418985187310
-12,9296944680512063 -5,3150406417214704
-14,1228802920033054 -5,3688342923497050
-12,9650144274696917 -3,2682441138268601
-15,1866626840407797 -3,8970133825625881
-13,2013094575888896 -4,0466148888369320
-13,2466816551177970 15,1114022113664515
-13,6380402907719240 12,6715074666514091
-1,9643399785904219 -12,2647057567505797
-15,9545292887600088 13,5559071062429588
-15,9745560595185960 12,8488852251619416
-14,4789351975339091 13,7439014409055105
-0,7971394415247465 -12,5993408989097375
-1,4883612864635083 -11,5299812753569189
-13,9362526035655421 14,0420740234716419
-14,5372104398769988 13,3341355044563734
-14,5968757445727171 13,4083433070315188
-13,6215446188379055 -6,2009491513563217
-14,0865825672977252 15,0498375112666078
-13,6494113981904590 13,7181267779212188
-13,8588091572814189 14,7639959623096111
-14,0035716685158480 -5,6376151719019134
-1,7067067762279957 -12,9357329775523429
-2,9955778982159638 -11,5684143260124142
-15,1338981682127400 -5,1530171731643586
-4,1926603111430136 -12,3506165154360943
-14,7067200936967897 -3,3756194153978165
-13,9773265301074225 -4,9059852549107958
-13,0010691132986196 -5,2205574167831887
-14,5953110516171236 -5,1122524359958579
-18,2866724559583851 15,1089054154976932
-3,2460440423684291 -13,1844092644614559
-14,5707251561085638 15,4149037278787002
-15,3080628787907465 -2,1222167036313286
-13,9228150725359310 -3,4991442409222264
-14,8794385908272222 11,9520976379401542
-14,8853972934041217 -4,9720562901740255
-15,3730064577327799 16,0338466547281442
-13,2913536591376928 14,7181717488290627
-2,1823728010737806 -13,2507954632374290
-1,0707019092135521 -11,3562894753867898
-1,8843553131003921 -14,0947468809782972
-1,8118205553434599 -13,0267004675532476
-0,4123924301027448 -12,4693597337089770
-12,8271751878864766 -5,3983995392958581
-13,3598653613038110 -3,0694087746107850
-13,3052381856083688 -5,6790491259660278
-15,0060181625029312 15,0677260780149993
-14,7658712787344264 14,6250891767593991
-13,8565822675044341 -4,9547344792036476
-1,3065608084388280 -12,0758246462323271
-15,4176756078519208 16,0898967411987677
-14,3090414230966392 14,0368717771755929
-2,1416225306983412 -12,0364726558484989
-14,1244063691702681 -4,6296608257703546
-13,6679941215332938 -5,5914688497219132
-12,2067467543659465 -3,1682515785698993
-13,8526641892397109 14,0749217316180140
-13,4530287344494219 14,0337007772752518
-1,0534136499799605 -13,8421437563386966
-2,0132425390679529 -12,7445377526236268
-14,1551698100333088 15,3043969843992134
0,7217014676139026 -14,0110380168875288
-13,3613583050663269 15,5350510282306438
-14,6439303193298169 -4,0067666905272219
-14,6545975082966127 -3,7949774469552429
-1,0870370468631045 -11,5387582711118917
-13,0736826176209888 -3,9317130939819256
-13,4222621749834481 -5,3523255562998031
-1,4730368492102166 -11,7216374231671328
-14,6394006532926433 14,1116823498952879
-14,9724771635721616 14,7047105577071200
-13,9682216075700314 -4,6181460353905717
-3,3867825075672346 -13,7787920054011970
-13,3971668762639240 -4,4675931635457635
-1,6330397150082541 -12,2958969029151977
-12,4211817613051849 15,0547031092301626
-14,3779201307571594 13,6564717197473104
-14,2060296381564406 13,0878395947576909
-1,9045900336885502 -12,0318431093319607
-14,5326044520860833 -4,6752276011444156
-2,6541938022644063 -12,9504047725946663
-3,4937467435918750 -12,6640908629522855
-2,6661027654455265 -13,3467749626696754
-14,7078568581507749 14,8568129279411334
-2,2022753694811255 -11,2371819807030207
-15,7361405323102499 -6,1675565849552640
0,7488291355702983 -13,3181141198523569
-12,8103835647141651 -4,1316628825256103
-13,5378847313676030 14,0480902178933516
-12,4876566182753663 -5,7543896684750262
-0,8359621482084847 -12,5300563188721075
-2,7080443453022327 -13,5787456393433121
-15,4588814078144630 15,7643553290236227
-14,9817684243531133 12,4804787313024015
-0,7809341660651138 -13,7184174583620564
-14,0640503395027636 -6,7898452394305542
-0,5877471800405391 -10,5786025225264719
-15,8621704908899588 -5,0714881259756330
-14,5706377341539657 -4,3730702371684895
-0,4119153264625117 -12,0521989276780577
-14,9574179482339034 12,6144381500129175
-0,7427364190833815 -13,1241067426902251
-14,2364408717328086 15,5766781209139893
-1,0371278545945470 -13,5393079086263981
-14,1263626092210561 -3,4363406633418601
-2,6821010775784355 -12,1680515250099592
-3,1411748862113242 -11,6116910399368987
-14,4409883314422203 14,1072426695803692
-0,7875813163875194 -13,2379630794135750
-13,9113658898894332 14,4928619129220326
-13,3424681322941439 14,5693964676385832
-13,6113909679841889 -2,8842061302626014
-13,6968192471314385 13,2799471693198363
-1,9026583284237901 -9,9594252023470666
-1,0665099055641107 -12,0519704866564048
-14,0506410452568211 -5,2052127652960927
-1,4467509952846420 -12,7348294835995528
1,2921497703021241 -11,4678738665594402
-0,4670615311458033 -13,1191190451710522
-2,0364566865869844 -12,2434311392560033
-13,4262185510822363 -4,7402714838156603
-14,8029996045157439 13,2805273547339020
-13,4740943004321316 13,6741597605081129
-1,3470529284947026 -15,6233872220859045
-0,9477265126064123 -13,5325507257734596
-13,5291556190508491 16,0882797247527627
-14,5148951774386727 12,2651434914909760
-12,6796060386827332 -3,3565012291603340
-12,7843286270433723 13,8721362891474715
-13,7570139593186376 11,7297057944716840
-2,6010707796499331 -13,5406889630420455
-15,7196706776615560 15,1407338365567483
-12,4741500173418522 -3,6537340758408385
-13,9703638907822079 -4,9332264406691717
-13,3638864847550920 13,4360152090565226
-14,2053642055166431 -3,2953075941934049
-14,0657580722425504 14,1544982357281519
-13,4702277905178089 -5,3751748911998973
-13,7554000243172112 -3,4724616099086880
0,2385749189944233 -14,5895889493778430
-13,9681638810763804 -3,8565448353195126
-1,7639010380886004 -13,1700853099936737
-11,7262354940699893 -5,8878838506876292
-13,5909653760583637 14,1498090674625150
-13,3698050335251146 -5,1511811447257205
-13,2817763372536053 15,6032454763691923
-13,6446069168602904 12,2463027583565562
-13,5901293875220581 -2,3171652485535530
-13,8258176335377261 -4,0103272302881541
-15,2374183891157031 13,7366932320327439
-14,7847143426788712 -3,7711110259571701
-13,3896521079496758 14,3666738947830126
-15,0146511517119574 13,9638237786454944
-14,0839741266157521 15,1409252623755126
-15,2674532078938352 16,8433999981819085
-1,8773955133320017 -14,6994419885468073
-13,9964515948274304 -6,3716904030462196
-1,1163480015207308 -11,3983189814056658
-13,1185588178685997 -5,3131028390956265
-1,0630475293958137 -11,3679579383838956
-13,8747320495249884 -4,8164544171409913
-13,5220753855068221 14,1810212428759037
-0,9986474659320215 -13,8106253321988905
-15,0680988606647634 -4,0613794142180542
-13,4693513487053096 -6,3876951647221105
-13,8141954218794911 -4,3531452164755864
-2,3854165047671616 -10,5036959542113397
-1,0844975143063411 -13,1833370254080826
-13,8814841552201251 -4,3323120305839620
-13,5392388415028382 -4,3778428668930172
-13,7479314276399016 -5,5642356972395586
-14,3299883400447410 14,3932297191998479
-13,8103811988595826 15,9007842572962215
-2,7206775641306553 -12,1551197620080238
-12,9662778495749809 -5,2758309862744319
-13,8937761466547158 -4,4746330226196926
-2,0311494133096017 -12,3753778404571992
-15,1387770639493713 -4,5074146936031330
-12,0113570348019945 -3,4457404006259114
-13,6149806694802855 16,5381706328845794
-14,7851435899786523 -4,7028102595076042
-14,4196113825344607 -3,7575384794055440
-2,8085539269113395 -12,4199600677490984
-1,3478656586247069 -12,8897174028557231
-1,9258835329145720 -12,2391091087328778
-15,2205282465176843 14,0828097702781694
-0,4937415148475938 -14,0190003727208552
-2,6463192889246634 -12,7015115211113656
-1,3270692976051350 -13,1650231892337608
-14,6657332918006613 -3,3731190127106903
-2,3532628648082943 -11,8107129313060710
-12,8684801005381733 -4,7342556252510066
-12,3712759471269980 -5,5901003789177599
-13,7310844906404341 -4,3505161132656500
-13,5330844452076313 14,3905724264147796
-13,7762440730680904 -5,5717044095060526
-14,0740221013825213 -5,4605428966611171
-13,7001117945971238 14,4276777284303499
-1,4915041522731116 -12,4992468546100159
-0,4843243078063754 -12,1541993043381229
-13,7378154573969269 -4,9272883102474996
-1,4981250696863668 -13,9690033552135393
-15,3039832167708578 16,5360392457963279
-15,6618275586664772 -3,5242747441579745
-1,7573676652707049 -12,2932634031366508
1,1804439559156910 -12,7404686900973516
-0,3025031697808105 -12,9878697802848784
-14,2468609651764382 14,2180568302782806
-1,9435679716150496 -12,1810733385042003
-2,2508510575603795 -12,3104451940857551
-14,4548223233255815 14,5996129024225887
-2,0343621378847896 -12,5723161771048844
-15,1630242474185515 14,1408192782523212
-13,2661835280899574 12,6546585619571026
-13,0645424270070674 -4,8441270263177678
-2,7792211114855947 -12,8800319639583680
-13,3232085209293754 12,6360767871544475
-12,9332628111599153 -4,7359342091284864
-3,1669811235854670 -13,2147258048069070
-15,2136505108940803 -3,0754160579595577
-12,9123641091748720 -4,8273813820216702
-16,3441351209874384 13,9388183981179452
-13,0297424354824116 -4,8149142878943083
-1,7304991617492098 -12,2541333193298509
-14,3577982949873260 15,7397817613721749
-13,5021734803777758 -4,7212928460095833
-14,9668965976048991 -4,0433769331740548
-1,0420970997438634 -10,9313281064120105
-13,4425662419628118 -4,3861266555693446
-12,3728299696030408 -5,5534732548686820
-13,0227038210007500 10,0526026193492264
-14,3213104947594427 -6,0481249736621239
-15,3299796890494715 14,8454397253065142
-1,2831463623651695 -14,9944422775226212
-13,6445488443836549 -4,7268980775221898
-13,2112834367926872 -5,7522104883351934
-15,1622078090643146 13,5040294430710368
-16,3071688637579157 13,6659406044746490
0,3846197609668498 -13,7522428431230335
-13,2226467542607669 -4,2305056326959782
-14,2104827855756319 14,6062626714783352
-1,4944561536250487 -12,6605041329950918
-0,4757782319811690 -13,7309297739156229
-13,5341881933704009 14,5109760406299078
-12,9264236854071850 14,8872852857600861
-13,9296773531337479 -4,6262864822054475
-14,4909749332636544 -5,5960535803836420
-13,0404233340362339 -5,8021074160414097
-1,8422036125065211 -12,7434133508217471
-11,9376187500304383 13,9451261176088490
-1,2978187329704061 -13,6292475385340808
-13,5245318859189361 14,3734938699317336
-0,5316554597618608 -13,1615557125721025
-2,4676632253298161 -13,4998341313356640
-2,8782128097057562 -12,1417922143387500
-13,5092990268781463 -6,5086729516474486
-14,3099528360466355 14,4830054832394524
-14,5877653799899694 14,2251318858684765
-4,0632848744148404 -12,1064398578708179
-14,1793750019846172 13,4448612076240863
-1,9444205675463506 -12,5638723802957859
0,2632106748857492 -12,4046348381010034
-1,5055203643629973 -12,3730566712622938
-14,3727959014944506 -5,1560640788904077
-13,0401544478897335 -3,8702645433242391
-15,4922296262352344 -3,6459555842888078
-1,9706083861388071 -12,8535387759219581
-0,5718449928194739 -13,0270347114906624
-1,1076244307170824 -12,8029565635093974
-13,2904380436966161 -4,6273689074817090
-13,7279695472187129 -4,5883177674629909
-13,8397037311217268 15,2512643167374105
-13,0458611819304746 -5,1116052163270247
-0,4569045577940924 -11,2984475735521723
-12,5770217065344045 16,8510058778994534
-2,9880495167171630 -12,5566154712450651
-14,2169525101570162 14,2508104801017144
-15,3303319338399984 12,5711185906581004
-0,3908182095392887 -12,1579659939793068
-11,8551477420359621 -5,9107879795617126
0,7767436936053338 -11,3657350994377371
-1,5089677327212132 -12,4633822165201487
-0,7006500117934187 -12,3201049294627083
-13,8760290303962819 -5,7768607010516737
-15,4206448510162524 14,7914016259551442
-13,7932237076426265 -3,5597592876794435
-15,4412628267909202 12,7448144202900870
-13,4073919089166758 14,6045637533809529
-1,1120549083583398 -13,1844091122662537
-15,5662033298518701 14,4113037443272383
-1,2858135217196442 -11,4261501191496517
-13,9239843468649731 15,6797349597565869
-15,3019063359380443 -5,3351575195799619
-14,8886962961964606 16,1449476565289665
-14,6457810843222305 13,5086967104827806
-13,6336023487160869 14,6068145340628046
-14,2381908674780480 -3,9891158751658433
-14,6146113654877094 15,3178849805358777
-13,4897225528976143 16,1416770545850987
-14,6319104187951332 -3,8749619011182386
-13,3956898984348900 -4,4361512142374364
-14,9889660937874254 -6,0478469854893806
-14,1066091308571533 -5,5197445248999166
-14,0574971406687315 14,2590972667098850
-14,0370703518014803 -4,5722211038032095
-13,8181691924319754 -5,5770369448564026
-12,8141302631278347 15,9134709120168996
-0,4343200609501066 -11,7202811447019215
-13,8796606964778988 -4,3921506507787136
0,8053371559662414 -12,5783982860670704
-1,1060708049081187 -12,2768523732312218
-13,6750156688356004 -3,6757508261433824
-1,7335534836259543 -14,0518783840149357
-13,5591491860849818 13,3518018636769540
-1,3890413095821945 -12,9468894745165901
-13,4058925029833329 14,1044849760887026
-13,4266732130807220 -5,8114576952962969
-14,5803126962149214 14,7534814442791031
-15,6368705632638054 14,1225669985939746
-13,5726012881800422 13,9428725944471701
-1,8136068492473207 -11,1041160009500519
-1,2568716707951273 -11,4272268211526811
-14,2570413538161631 12,7619298954319333
-13,7316731601573530 11,3662922696899198
-14,6784787052391543 -5,4662038655087795
-13,0356650587814809 -1,4814745310018163
-14,6290283913132537 13,6918564372099176
-13,4413697060026784 13,2037255309911803
-12,5478864999493975 -4,6525876606929186
-14,3452607292392162 13,8073606475958126
-13,8882181063468320 14,7850493091132957
-1,9642673563589641 -11,1021329497944983
-0,9401591528183274 -11,8783655850451400
-1,5834704476542407 -12,2707125701704314
-13,9452433804649036 13,6310178398902000
-13,9881197528937395 -4,5419097902595320
-2,1380121358219348 -12,6097807163928941
-14,4119460536201291 14,8177278064117104
-12,2589962698246389 -3,7497055766045597
-15,5781466871725183 14,7812592418510960
-15,1373815472065605 14,1988656803921334
-12,3774133400020414 -3,8055995451924689
-14,5466455065810969 13,8051946071333358
-14,3687609350098775 14,7844757633276398
-13,7023454336245045 -3,6607771249277836
-15,5072613572275770 15,6612664321110397
-2,6103969705984920 -12,4508227820944182
-13,7892608924017299 13,2997507426839334
-14,2016598377891849 -5,4435557712086551
-1,7064722967291268 -11,8753787946900200
-13,5438249866214022 -4,3243599133758224
-12,8679406337141184 -5,8607424411493838
-1,7827033763409919 -12,8133386332768548
-14,3356998488100587 -3,0536569758999321
-12,9405673494895090 13,1771639040958846
-12,7263375747939786 -3,8890240049541758
-14,3783297482304224 15,4278799380830556
-3,1512045241876456 -12,1863841678361258
-2,8817241973289351 -12,8300783677550445
-13,6971206829195786 15,2877526389174800
-12,7979738551531312 -4,8776570319011094
-15,0089428775867688 14,9486623943585801
-2,4160434226056289 -13,2609261161366767
-0,5621603571833826 -13,4904932685156620
-15,7739421179575618 12,3409880054107077
-12,8997345304884306 14,6008757439099828
-13,1199724839576923 16,0427591639965961
-3,4705839552063793 -11,6051665791031553
-13,0647492405787311 12,6514902712962130
-15,8838543629233815 14,9040536117871252
-1,8465336692045375 -12,1502691089540953
-14,7034376661589814 15,0828594732934107
-11,1118621807056979 -4,6292236830138274
-3,5869042745410820 -12,6192988496855598
-11,9174543213450637 16,5530381786653891
-15,1044479701670316 14,9989857350038900
-3,4102679412097121 -13,9418104023301446
-12,8069939527592247 -6,2044744842830823
-14,9752128218816978 13,5194961035562073
-0,5492246844953815 -12,9381738104138897
-1,0183025396810015 -12,3820106821078060
-13,9854020923056286 -5,0284039036020909
0,0305698889484802 -13,6505216440612962
-14,2983443421655458 -4,2957601360440378
-14,2765375018598117 13,4435917780279865
-2,1760931663253662 -12,1051797535021333
-14,6935458265818522 14,4813986783991702
-15,0127062174224655 15,1757080801346547
-13,4223360096713993 14,0185276139273913
-12,8126599187794152 -4,2348913258342078
-1,4553037622353877 -14,0364982715531994
-2,0806661928191805 -12,3816246816935678
-13,4776932441454473 15,7868628105335471
-14,2602924139739908 14,6076567299095590
-2,4116943454279776 -11,5783566439133647
-14,8274883747128694 14,1317389637485871
-0,3697516605282085 -11,8433114334122713
-13,3636978391707704 -5,1176536332649798
-13,3288780181584912 -6,5396433637970945
-14,7207728473941426 14,2805121209322330
-15,5609365454344513 17,1116737865877298
-14,5591963434295533 12,7523115749782132
-15,3789141487522496 15,3765550897817338
-14,2193645296053823 13,8813066147496329
-14,3175220685756202 -4,5751229603236396
-11,5742184655528764 14,6452355960103233
-13,5770123734246919 -5,1649320292923155
-13,4347884171343672 15,6349897799894215
-2,0608311623225881 -13,2875124876023847
-14,9399754129681455 -3,8970632046408760
-0,5253497026325528 -14,3852003330198599
-14,3188017584014204 -3,3881753403371921
-0,7197837724976117 -12,9140975253901171
-12,3126363601670743 -2,7324548901537331
0,2129951144609201 -13,7261282260168382
0,2773226391219163 -14,9103656925237669
-2,4494261900355685 -15,0502114075223616
-2,7726622932584344 -13,1285084062409840
0,0384486032856606 -12,8718923377433594
-16,4472085296003421 15,8071194529683030
-1,2419391470012897 -13,5621171474263544
-15,3212209324255184 15,6454724562921967
-12,9225689996105988 14,5330852942038540
-0,4741322730983788 -13,5947980203636760
-1,9334662255122081 -14,2895021335784236
-15,0833377687768451 -4,1592292257397601
-2,4724271460177811 -12,1686597899923505
-14,3432812625447763 15,4518812976510311
-14,0817547776780145 -4,5180429347174380
-1,4290694767364358 -12,7150065056701198
-14,5028359913314127 -2,7418985101705440
-13,3175472514436564 16,1976545916752670
-16,1334327993820565 12,8759241855925755
-13,8980018835535173 -4,6185845857325356
-0,2967759223792230 -12,9286892112819736
-1,8981972773127571 -10,8907837506942489
-1,8676659970146532 -10,9610734779201628
-13,9568683898623789 -3,9773033418930575
-14,1840908246690791 -2,2918259093206341
-0,9913104427987356 -13,5552787830993715
-14,3222676467608547 -3,0807956294265120
-1,9838009790547262 -11,5928188812603601
-1,5970284625693247 -11,5264991371101928
-1,9956616741161273 -13,5642417471004766
-0,4934198603076932 -14,1941610327691166
-3,0914759819760089 -12,3792914438243500
-14,7598451322070261 -4,7850677567032740
-1,0373604313648936 -12,2869892625297066
-13,6490145897102781 13,9568684756947174
-13,3511248530411173 -2,8117371323865901
-14,7684596058322075 15,6653745187558950
-0,8077906582118809 -13,2089457443166207
-15,0954559095508412 14,9118418977684506
-1,4323140781472661 -13,3538279022939825
-15,1486652466300544 15,6284422840906601
-2,2919703111325229 -12,2653463095991810
-1,2343474928575495 -12,4588787102307510
-0,0239408658822291 -13,6369417972046563
-14,9263142622188045 13,9862301631859225
-14,4715036335179548 14,4448448387422541
-0,7092959503044496 -10,1566742772222920
-14,3741028441521816 -4,8014167484223416
-2,2278983350115249 -14,0139343413257276
-15,0019371024229908 15,8783402737559918
-2,4718187960875668 -11,9906056802781933
-15,5043569424002889 16,5027366225297278
-12,8120589346756546 14,4254832428443116
-13,4328248051175247 15,2706568705024370
-3,3892931993613171 -13,5482755004366826
-1,0969069633840633 -10,7906976575983826
-1,1116282025167237 -13,2805295689118452
-14,8846646661485753 -4,1748848673432395
-2,0644904181321864 -13,5060849217333505
-13,6806112746267665 15,3586257132518789
-14,0219058071595590 -5,0411877231147297
-1,3008259850342219 -11,6102719576684468
-2,5340799309822626 -14,9210477842822318
-14,7277415125856699 -7,9733699880267981
-4,3997496452016289 -12,3553644400280405
-1,6052834761386423 -12,8557417710802273
-14,3947836591730667 -4,5580536422594289
-14,6615662460136011 -4,2636436879712880
-12,2308374304421825 -6,2462996105800253
-13,2117080318786293 13,9616030491754834
-14,9939554320424211 14,5225000554846133
-2,4614666832947640 -11,6147785665363799
-1,9296797808913784 -13,0994800207675581
-15,4865782371427336 13,1884909238335322
-12,4984854721148277 14,4224777837092457
-14,7082599876743725 13,8366869225181883
-13,6575235650019629 12,7803608418103849
-13,0859770354200524 -4,9515558440106018
-14,0776097641689049 -4,3808842299114596
-14,2078735085437700 15,4914433325691885
-15,1650940961710248 -4,0121988364093637
-14,3615595047093869 -4,2407048165268071
-13,9812577604361312 -3,5748673009221772
-13,7791310530972080 14,0041087919618210
-16,0565443662090530 12,8193843625573098
-14,6426314728577136 13,7590269094746134
-14,7023108528334348 -4,3319822484495543
-1,5484138157267680 -11,4862980736172009
-13,1364250715887501 14,4068611170880345
-14,5523496962531258 -3,7733638635949482
-13,3982838754696800 -4,4031213606635182
-12,1092377677095016 -4,3844955680811148
-11,8200123709900904 -3,1628240077160967
-12,9387823600822820 14,2006972534449272
-0,9423579118504533 -14,1005412582251157
-14,5263213129544262 15,1692972664457244
-13,9982602101847604 14,3936615897318738
-12,5410096273897445 -3,1111520055240667
-14,4800622922931677 14,2946039250812991
-0,7259269198998740 -11,9810449504721177
-12,8122576724300217 -5,2951759091416539
-12,6476326529181620 14,3896227596051567
-0,7084857997710349 -13,4682078450637661
-1,0283315129059263 -13,8820979436708392
-1,3659757695800439 -14,2215226991947503
-14,3455505764684297 15,9162338477109273
-12,7067080256853906 -1,3926753636802438
-14,2257962447919102 13,2818608399700686
-12,5690297539131013 -3,9105632262605350
-1,1620240543324107 -13,1284979101666810
-14,5372192792179398 13,2213278327476331
-13,2744708393461064 -5,3597984691571474
-3,9809880215606799 -13,2335532265453697
-14,2496440150807064 -3,9678089649198638
-14,3860578764557214 -2,8964375514573817
-13,4108237298746413 13,3588743706318045
-0,6303665026899206 -12,2576396186323127
-13,9866301019337964 13,2788633075328413
-12,2030115962619945 13,3966441007004651
-0,9701569892741776 -11,7023588532509653
-13,6529389808955965 -4,5806880347534298
-13,2833976358470558 -2,9698529461997634
-1,4587081675220512 -13,1075688318952981
-2,0671678379066880 -11,4133419421915434
-15,0528029746641483 13,9934415419979370
-14,3488613250391630 -5,5444563791287633
-12,7977561173626562 -4,6003373243551913
-15,4240206330544378 12,9480682731855232
-13,1269379179127093 -5,9210451459547695
-14,3871070090251578 14,1533283157732281
-13,8364479477348201 -2,0541306986272398
-0,2331756928048692 -12,7507695005517601
-14,3748290648522463 13,9258139355716679
-13,5904087455802127 14,1367826274426136
-14,5018266727144933 -4,2181381542210987
-1,0586505506629338 -11,7586883750567868
-1,4877632443003239 -11,2925189926427922
-14,6964470907895013 -5,3199149481368497
-13,3135595608108304 -4,1459423949986229
-15,3291825951436049 12,3269973405442741
-14,3729140715214694 -6,1876426518720713
-1,2769753439231930 -11,0808357854304536
-13,0862767212724496 -6,1490936768861069
-13,6451771477900241 14,7933830208607944
-12,9937907645854978 -4,0678855092705559
-13,4566642680657651 -4,6462871320172567
-15,4303455732045354 -5,9744503849899644
-14,3089840981747383 13,2886776379055984
0,8646276084819347 -12,6005465974708226
-13,0877596068662143 -3,8507123571349546
-2,5244812556685385 -12,2755710568799081
0,5384043795047977 -12,3827301379839128
-11,2434738236485376 15,7678230714987375
-13,4911030648085735 -5,0676817909275931
-12,9288913180390246 13,1780784347331732
-2,4129818631006277 -13,0363599452734551
-13,7570757198883626 16,4559137143759209
-1,1176825385710367 -12,6996412435250594
-0,5961867277136923 -13,8349286901064819
-3,4545865962162359 -13,1626063289765511
-13,3483011050715081 14,6225089093777232
-1,8736383849625000 -13,4256211532313507
-13,0068137838539020 -4,4422392072365096
-12,7555164277524806 -5,6746169888039297
-13,6078536860347228 14,0581709880649850
-0,7170813125513522 -12,6235667253538555
-0,9404934926593800 -14,2790099502746308
-0,9182695834680296 -12,1780504271869230
-14,1099550028525584 14,8315909761487195
-13,6660495573650760 15,3738997527818775
-14,0076451707124292 -5,1864600966700376
-3,0618257930909270 -11,2613767066079369
-0,9683894462781635 -13,4827308791856098
-14,0235624373575636 13,6761061991931676
-1,6389153014617861 -13,1137834284000689
-2,0854577690527902 -10,0035466293630471
-13,4074239887891693 14,6562095082804849
-14,4100746453915693 -6,1913717815548370
-14,0487332329113901 12,7350604515614343
-2,0465936190676057 -12,0486956913585761
-0,7526347117846918 -12,1625677430889212
-2,6946874771248215 -11,8987039669640051
-14,8141271210618353 -3,9913738432706425
-14,5488012622743508 14,0761985241702714
-15,3189898576702568 -3,1772756126592339
-14,5742964580694689 12,1506164644345951
-2,6609582023571621 -11,8511488873841753
-15,8886690138015663 14,5866407887860046
-0,1317216153660687 -12,5907545829574143
-14,4325101675997125 -5,1712326408222973
-12,8924629041321701 -4,8339170874120301
-14,8763553879311452 14,5116520695998492
-16,1154702360554332 13,6033641580202005
0,6608066356380018 -11,7254086903684218
-15,0195990055427551 -5,7789752519823789
-12,9488757554834031 12,8265285436291450
-15,2401647348440381 13,3463783970486087
-1,1658099601150596 -12,8752124675328652
-3,3761058531756070 -12,6021563410149451
-12,6388495588760907 13,8932965921517759
-14,1354351367320774 -3,6522126402908728
-3,1538443163539913 -13,8643205877735927
-3,0798576556403563 -13,3565906443036067
-13,9925229357389060 13,4524194454679726
-14,1931525376270322 -4,1810849649941835
-14,0556600816388357 14,5261276641653794
-1,2177704399851250 -13,4456681617105023
-2,2004744001639551 -13,4072399491441878
-14,3436640977999321 15,1326959187040551
-13,8834731009560102 13,4467979230527401
-15,6068899776554595 15,1955935639424045
-1,5266458116521442 -13,6423261562440210
-15,0246194625797322 -6,3897004643378237
-14,0440802565168905 13,6912473089533844
-15,8950257460637161 -4,7329526003068381
-14,4957501102006674 -4,7492585515162862
-15,4597103118748063 14,5623237783437283
-1,6884456296458530 -13,5246665101326791
-1,9799415097617037 -13,0725618397987375
-2,1940525840888019 -13,6057997440993113
-1,8758293911862418 -12,7750216991203658
-14,7889531162361738 -5,1927682466964269
-12,5788210006672934 14,7519203710209830
-12,1397546467805029 -5,1406606837803288
-15,2417796891583972 -4,7296925132296606
-0,3758471034608788 -14,6552404205744438
-14,3488097214641446 13,9443852883847441
-15,5120535597076454 14,2548406242485957
-13,8998218978710657 -4,4673288495728176
-11,5016952113519615 -5,5957495433589397
-15,6371335808785066 13,6323124763228680
-14,0590842312958397 -3,6989461509837094
-14,1295997356892951 -3,8846451641850983
-14,9284580279759798 15,4039719400732142
-3,9545720993349711 -13,6699769784857335
-2,6431349290455968 -12,2802134843417861
-11,7601273116573921 -5,8805793816313248
-1,5841071947883623 -12,5687634740958583
-12,2602702678380187 13,2944119027214427
-12,0214215557609503 14,8713411023174427
-13,9729708264221912 14,0375376767499116
-14,4538932422709401 12,9199898687814159
-14,6433628199828547 -3,4412644066123423
-15,2021890921260709 13,8594124005655068
-0,0387304599721019 -11,3530991914250929
-2,0000988427477080 -11,8615139100230138
-12,7837130469125171 -5,9225929618553952
-13,1920188993567855 -3,0931483906156911
-12,6580602452917681 -4,8039692285463618
-13,1755532889492013 -3,0990685724070559
-14,8424292745819884 13,3589649025120565
-0,4439071347655221 -13,0896347930872476
-15,1659919070776628 13,6219324462605211
-15,8263692854483686 15,3750634855214248
-14,6454241383165034 13,4575185850000256
-13,8050736651195312 -4,5372816358871830
-13,4106487915441672 -5,0030782381724519
-14,0088998712414021 14,0817222990305559
-0,2776288532014932 -12,6956339143484449
-1,4129609446937126 -11,7477761590942684
-15,6916227189814652 -4,0090870865974466
-13,6392481610642040 13,9175799668054818
-15,5629409967674857 -3,7232350642527714
-13,8111890324825861 15,7821638758053844
-13,0283649292381032 15,8477083225075308
-15,2819482407399381 -5,0254771690034321
-14,3393136054577077 14,6865581563777088
-12,8597529083761408 -3,1390668125423309
-1,7235463825303938 -13,2054628618056764
-14,3710229490255248 13,7476911743089616
-14,2191299572085494 -4,9812054385252251
-12,7149218739441956 -4,5857242235812583
-12,9004014060895642 -4,6808846753286231
-1,2027948716963999 -12,8412102186954673
-1,4563711629743736 -13,2878726781913183
-15,7358043895511095 14,1059264310059671
-13,9132868926992259 -6,3515374079084275
-13,7853695043048532 -3,2618504575363092
-15,5365234324361641 16,0426765114049843
-15,2109229889340192 -3,8404751772660921
-13,2809224789412319 -3,4220833660006877
-13,8699991226995909 14,7812696583853125
-2,2237199358296618 -11,2717796388364491
-13,6673270835815970 12,7923792868828539
-0,5704793813905368 -13,1697368796228798
-13,1709633288049570 -5,6064231770772910
-13,0270866495461757 -2,6778230356736179
-13,5649815187029930 -2,1887785508905764
-15,8784327161426440 14,1709162837942415
0,4882530872103585 -12,3020310051118393
-0,6570768591886610 -13,2484597193786460
-1,5024707646819071 -12,4148417266832425
-13,5324958929042829 -1,9487744781915546
-1,8439237941373574 -10,7614032607307681
-1,4270486010953840 -10,1953486016187895
-15,7440919130316566 14,7744738350637181
-13,9840340368785441 14,8607764826290580
-13,7831125331578086 15,5684210805094736
-13,2627891349323619 13,6215176467155104
-15,0201052564631024 -4,7188574948119077
-1,5340043870174564 -12,7863087444706007
-13,6004313042137959 12,8283521940712930
-12,5015887371787446 -4,0858609194128572
-0,5015979148038782 -13,5246745849991505
0,4978181628171856 -14,0691561710374149
-2,3150662163029558 -10,9154431728599235
-14,9257434653209504 13,6832533922559989
-14,0211315101172502 -3,7069473327967399
-2,1955326640637067 -12,4900096568079118
-2,3780599417856179 -12,2621738915786089
-15,6645056656794708 13,4583944113036775
-13,2003905601326448 15,2592114161419339
-15,9965198981654808 15,3714574467328084
-12,1351830414118496 -3,8945661108809868
-3,6989935774965708 -11,3013745803411965
-13,1558827751490792 14,5935493914379268
-1,0803815485570838 -15,6595376651851588
-1,4484707929109897 -13,8376850456608054
-0,5953973690102569 -11,4724286885400737
-13,3049805208845857 14,2082827238181064
-14,4872823827025243 -4,5908662756264622
-13,1525422239119401 14,7026506782273607
0,1015617574293997 -15,0050807774080432
-13,0509493170860846 -4,6740550342398883
-12,9245778661375290 -5,6939889804336214
-14,7191045290028484 15,4266340881829116
-16,2498306362590554 13,6085139102912045
0,1283123593319615 -11,7693978266521846
-2,2072437909209688 -12,9889567494998168
-12,6036686688536328 13,9937622949211811
-13,6782516665388805 -5,0395661119297612
-2,1632266280709196 -13,3970972967926638
-11,6821955691677193 -4,5482995362554872
-13,9623827771759323 13,8811781962409935
-3,2942660163470459 -11,2542679971212429
-13,5030255128491810 -6,4107464846330755
-14,1884600328139445 -5,4580146128977631
-15,5566730043298271 15,3566383406537152
-0,2786654184957713 -12,7814987383131786
-3,5754173042694894 -11,2547928621636686
-0,2812467804520309 -12,4364015478961729
-2,0248557470188455 -13,2347174451012073
-2,9269968796888959 -11,4985597237709918
-14,9052433310007864 -3,5874248751096038
-1,1145571846732505 -12,0399803228852704
-12,8408127473313396 -4,4464065308671801
-2,4098837945465839 -11,1693137848593391
-1,0111277001809049 -13,1573684159311703
-16,1387032117701779 -3,7828991428799057
-0,4291079191390388 -11,9427448261746978
-1,2372046960823728 -12,0187580746814877
-12,7684270240953701 -3,3709698986089727
-15,2544443769125202 -3,2738979391796939
-12,7815761191707189 14,5113603213063342
-1,1029462924459754 -12,9852976140508929
-14,2631330456864305 -3,3120276698237676
-14,2160896326363027 12,9017935255555685
-12,5136736907942101 13,2978833817151720
-13,3541699836448338 15,0431661001590697
-13,9244915503167768 -3,7953538898250483
-14,3566932872983486 13,3504016085133816
-13,8481393574122169 14,0871914981399975
-12,7054028360570008 -4,1281299780908549
-1,2797738015745490 -13,3809235680497771
-14,4072427456865597 12,6497097093899740
-14,2753237642706576 -3,6627348947400891
-15,5056650497341924 15,1536312806287867
-13,6537936405827178 -6,0187765875409980
-14,1852338003999670 14,7573043947272566
0,3989170630630559 -14,2170828533338280
-1,7346764492477980 -15,2958292610193496
-14,9866120623605177 14,9506805013392245
-15,7405156514186153 14,3114258473285787
-14,8196845598637683 14,1163629899432284
-13,3200001111305664 -4,2942866036015532
0,0396667808463214 -11,8405390062194407
-2,0885370460034389 -12,9996407553233979
-12,4170096132058294 -5,7907421874750122
-1,6203071080187805 -14,2267221489155098
-14,1144379153359338 16,1751216380595366
-2,0608105404232528 -11,6893449740137747
-13,5381373031747163 15,5586276928995542
-14,7871886995119777 15,5621957139768679
-14,4533860396479774 -3,9203401303897820
-14,6056132883943963 13,9093661485113973
-13,8945484031845989 -4,7711070268034925
-12,7860530437491153 13,5415648223611687
-14,4750579845290872 13,6891857986890155
-0,5237124005149123 -12,6302177643407383
-13,2492097940920832 -4,3636656124346587
-2,0621319903885964 -11,1429669056478424
-1,8201772597588675 -11,3119202154549168
-15,5514305213711275 15,4914896211904995
-14,0645087599223864 12,4035253259614837
-12,5909874099381547 16,3981649741192612
-15,9727789073741420 16,4563933508649960
-13,8448896905637078 13,3041974245556265
-1,4220208044441787 -12,8104772803991178
-1,7323132354819903 -13,3555179228403134
-14,8829675131021837 -5,0516205073535376
-15,5148785988131603 -2,0977126328846505
-13,3380141903440190 -5,1132032550600330
-10,8357157571116218 -5,3350413679945499
-14,1822334766368154 14,1103427557891443
-0,1613444223192650 -14,0833552519567817
-2,6501558156787257 -12,8506280609524950
-13,3600872328359710 -4,1566472344405243
1,4568635823223643 -11,1185831946129063
-13,1712965125181967 -5,1214458283953004
-1,6359077849993635 -14,7250145561639094
-0,7102159596325900 -12,7661455127527805
-3,4098027642977753 -12,3224596371375164
-12,2721013926970777 -3,5904865023823263
-15,1688165352082684 15,4426833631663349
-2,0377009832191093 -14,3003369914799148
-13,8617191977043177 -5,2868799490161438
-15,4942394654133224 15,4515184063744471
-2,8135804026251838 -11,3564579067087408
-4,0550875497944450 -14,0680661120858961
-1,2629470944857240 -12,7887638806494106
-1,4037358585880091 -11,8500208476804971
-1,4370925574233062 -12,7367249528084159
-14,9637838136599122 12,8174964006873271
-16,0843327444265967 15,5644921738095032
-15,2709058651825362 15,5341190938165052
-13,8892867553118045 13,8286944944469603
-13,3085186757428833 -4,9404663937240647
-14,6145397502709926 13,7164642999372948
-2,4599342781936349 -13,6061057738608895
-13,9983523081297729 15,2886571939084437
-1,7096581303195779 -14,4162786088324495
-12,4383320317553192 -4,5865251939249543
-1,4128314321267388 -14,1909040863804723
-14,0619983076565376 -4,7675459947414893
-14,3546071243970843 13,9773891122846639
-0,8959365074942193 -12,9557731918085981
-1,9520630972405038 -10,6984404968311857
-13,8025378510396166 -4,9874174283422974
-15,3835016178192614 12,8213097092194701
-1,3877262897125968 -12,2177881379735460
-14,7703545601786601 13,8890562471575851
-2,3594492186740204 -12,9519902501096187
-2,0536644234966221 -13,4276855845631253
-15,0365787759822105 13,7581318277650873
-13,9795911660331935 13,8009005056121818
-14,1088155979811756 -4,9260230621026038
-14,5947625676547688 16,4103148322484387
-14,3169253775626633 14,7437561776418153
-2,4271121782060816 -12,2033173171296276
-12,9425077865537617 -5,6892651631916200
-16,2315742635758937 15,2738764580984849
-13,6092642855728734 -3,8315762984176684
-2,9884675802949250 -14,6217399659239433
-12,0056905280764710 -4,2083570789975866
-11,7062561448454439 -4,8753416837095331
-1,1051664722580574 -12,0454484624545355
-1,7879320640625203 -10,8854401661569149
-12,7789000463651679 14,1375051166613765
0,1659854234646307 -13,7599855118318786
-12,9353897627071888 15,2458915060760045
-0,6043005964906116 -12,0794138497240038
-14,5971413543144752 -5,9882684109740367
-13,4525509232511844 14,4250361774601679
-14,2537966049082332 -4,6328726591389700
-3,0457565089037804 -13,9880359925776130
-15,8264603169882978 14,4732248006477491
-14,4293806942184641 14,7451977696750713
-13,7083373847627357 -4,8003662696601701
-1,7683341213887127 -13,5452647892690177
-14,2472080257514317 15,4604104895854029
-14,9937536549965156 15,2927335875480672
-14,2622640292631573 -3,5013217583776743
-14,2690318461459018 -5,8680168161490620
-14,0919635214628443 -4,1087234271783775
-14,9504905088330080 -5,9562910624436745
-1,0303277456722144 -13,6899993731245573
-0,7801963102401862 -12,7530409081374891
-14,3685813485733718 -4,7649137624415090
-0,4367193349221155 -14,7624842670050800
-16,6827280613257543 14,9160450438944441
-15,7224871171703402 13,7643741787881790
-14,3369383524670422 14,1994746189591847
-13,3153768270006001 14,9257979105906298
-14,3273794595580899 -3,7104751184177047
-1,0017925742183902 -13,2633711449146148
-0,5015594665428087 -10,5542873292456232
-15,9132783325930234 15,8753096549618444
-11,3759190280679050 -3,6592420017172165
-13,2497865164925539 -6,5188936098457493
-12,4748665060668458 -6,6309570546744734
-1,4217024270829934 -13,1409518315401286
-0,1820299243230479 -11,8135659417099834
-15,2712148572442992 15,4173887106135101
0,2874281372634495 -13,1506836624544512
-2,8709507963468766 -11,8334059258635733
-1,2511773771309380 -11,6759016075141879
-13,1258202833412625 16,2357152091190322
-13,1405757670570100 16,3590076524853103
-16,0811542223002277 14,9929533648412310
-15,9944338172761942 13,7579458315725596
-0,8432773677342227 -14,1676230448854490
-14,4154519290032646 14,8392836809632627
0,1396420699605811 -12,2546119250736183
-12,9824951997760287 -3,8258980810964802
-14,7007392517032773 15,0123649227811402
-15,7229665450116194 13,1649295970641891
-3,7546255872354370 -12,9837851978891834
-2,5207408845818717 -12,2847691337608111
-15,7516051136777744 14,2756186098974798
-2,9608957073819635 -13,5183502593605080
-2,3762134071164760 -13,0205905181965882
-14,0050200099276552 -4,1640452912717087
-14,3823216982443647 15,7380096903498110
-15,2656193760967440 12,6632219273527689
-12,5907240923114330 -4,1250332629262711
-13,9644882587296042 -3,5834711876984229
-0,8401226463968713 -12,5324866042188088
-1,9302145403450248 -14,0799270602498332
-2,6850499990494954 -12,6343715537113450
-14,7272385394875283 -4,9189584486100291
-13,5909727509700566 14,7218933153075220
-13,8311890134371982 -4,7594390519979255
-14,1851009907342522 15,0560247466159591
-13,5320772607304356 13,9019422274635893
-15,7544985701423066 13,3518780372172206
-14,3145227514081448 16,3147384373672324
-12,0119735915384744 -4,7346572505855171
-0,4446782095013937 -12,7245730966890847
-14,3044403717917188 15,3778391473165215
-12,2220094819037737 -6,8234216530635017
-13,7330386676169969 -5,2095029115728329
-13,6686550710741361 -4,8330593128148287
-12,1174956213619360 -5,3646643653415138
-13,6555628636218955 -4,8008982345415090
-15,3867824636142974 13,3610622951289457
-15,2061433970424513 -5,1854993299191792
-1,6745639911237893 -13,2759809228502057
-12,5335198011772082 -3,2686163758760971
-1,1730444801166928 -14,2631174230833064
-13,7559594037176360 -5,2695018020791018
-13,8313530595902812 -5,7700334536981437
-1,7439163155990385 -12,9104503877603740
-13,3975299977237192 -5,3998285069220984
-15,1187554490313190 15,1517720746317064
-3,8651627384311524 -13,0324983313825946
-13,5797165256004977 14,9497293170797310
-14,6540910418478330 15,2016698498357350
-15,1159578590503845 14,1860743191413992
-14,4437232448431043 14,4937260929545015
-2,4241679196847370 -12,5359170865741394
-13,0687249810876249 -5,5161666204519451
-13,4910870937623741 -4,0272359131315527
-1,4903910524531714 -12,5183115540117100
-2,3641717864310152 -12,3659108323218927
-12,3646176540404511 -4,4267754543855364
-2,4585867433093620 -12,9137770377397985
-12,2411557777210049 -5,6207039182828327
-13,6427496779637156 13,8010233324264338
-12,9297947233150019 13,8926182500871214
-1,9300415952532783 -14,4706385913958595
-16,0199623948317580 16,5157696255746664
-3,2288875931187553 -11,7108895376333013
-13,6159693678122959 -5,2682680846839318
-0,6595918060140937 -12,5277431259456620
-2,2729197016550109 -13,1388115576625548
-0,4702053794258327 -11,6541403078047434
-1,5429365821358803 -12,4994371915766855
-14,4988267241302360 14,6753000728241112
-15,6452721879631209 13,9727884710719081
-2,0607217514273408 -11,8200333800657269
-2,4915995974446998 -11,6878909978492587
-14,2467885127923282 -4,1350408866318942
-14,4665413261280076 -4,5656862618902396
-12,6614618195739475 -5,9741953977581517
-12,8459105957986441 -5,4297075314231744
-15,3704251574905246 14,8512402843474209
-14,3378691259881972 -4,8707680501270909
-14,2718031265277983 15,2693552493025457
-2,8808307215679489 -14,3825242507990154
-13,2105937860184852 -2,3798954762722353
-0,4752646659597767 -10,8332298994489484
-2,4594434365134732 -14,0246821446774739
-1,7280963034397949 -12,6329930353975293
-13,5322776309382800 13,4265369772977206
-14,1010611060562638 -4,4286951695785586
-15,2975989138741557 16,2782082741335579
-1,1575905763614243 -11,8921243313222007
-15,1797745831835638 13,2866295787776476
-14,5016528659425497 13,6192494267328001
-13,5715973209992491 -5,1665397826288979
-15,2722864362135677 13,4747423049255790
-14,1174016916675704 -4,9077814681154113
0,0362159924406087 -12,9360122166940421
-13,8082070122070171 15,4051353470549461
-12,0363562082884243 -5,2901333751054604
-15,6101723236206453 13,3355490375785752
-12,3652050686797903 -4,1406813747008009
-14,9395051151653799 14,0622267218477148
-13,9670743624370157 14,6060421981081561
-12,6798689167462122 -4,5709280476018943
-13,3837401613723408 -5,7747116418182269
-14,1409191344713996 14,0210371538947562
-14,4381192582575437 -4,8465369863216772
-0,6467767748208011 -10,8576865567198446
-14,1616213651326976 15,9530641007058041
-14,1732279412794036 14,6918812700658545
-12,8710077113429211 -4,5718112580728860
-1,3326772061914121 -12,7322395995374258
-2,1533547885348714 -12,4839670254628068
-14,9822798736498051 -4,0352487307980729
0,6593239127487922 -12,8560166839901306
-0,6501689978511819 -13,4084765153028815
-16,0171777426678297 -4,1353790934669359
0,0549680858013399 -12,5557612235334570
-1,7197689787348924 -13,1804262907130383
-1,3355148063707416 -13,0940718023484699
-14,9324061097753908 -2,4238447575627560
-14,7747005773462661 13,9084408063758271
-12,7703488680226620 14,5210249306495633
-15,2132779024186888 15,4738516892325322
-12,6225101013200920 -4,9387992965730492
-14,0491863728488351 -4,8124653829195401
-15,8453419842678969 -4,5084825299925679
-0,6801201567924485 -11,7803186070906545
-12,9500885943102269 -4,5768145336331738
-3,8736874576349525 -12,9728750380206037
-14,2756118641167102 -4,8801081104852742
0,6271290628688138 -11,1641120540642937
-14,7606102352182944 15,5878594190164446
-13,4781098224053135 -3,1440609331656852
-2,9882209492798175 -13,2682278723546094
-13,0902837696600081 13,3409594558348754
-14,0052753249526347 -4,5992986818843393
-13,1616818525271366 14,4479147320553380
-0,7076877684836294 -12,2827159682705904
-13,9427387499203039 -6,7317724811057111
-2,4950126535584660 -12,1754526376836196
-14,1183347636554437 14,8536764072531451
-11,9977375823944676 -4,1480281443294071
-14,2450700293398906 -5,6648409900232384
-1,8926243930687536 -13,1473038405483589
-14,0063213885683631 14,1885328349856419
-13,7483525266859310 12,5793905873640188
0,6090577125328269 -13,3862059558685011
-15,1166344911778747 15,7835216226741117
-1,0609693352717311 -11,1932530317622678
-13,6741002972470120 13,4183624529048160
-12,4676438548819188 -3,7599735864564430
-12,2434967205619589 -4,3821602413993084
-14,2006576057622773 -3,6664161216895859
-12,7057463661917467 -5,4875584702029956
-12,2936206135025028 -4,6947169858440549
-13,8662726556414064 -5,2116273452400206
-13,9643944162365496 14,5310960503055764
-11,8434889817094025 -3,7692933676595910
-1,8450179259244186 -12,7959297938834862
-14,8976962193939571 15,0298881973936211
-16,1529483351259096 15,5999421406241083
-15,0964869171318004 14,7812763242862655
-12,5411066985835902 -5,5367332529866697
-15,5327248042898951 14,7498828751199067
-2,5525547767583778 -14,0037380548468775
-14,7716316936531094 -4,7742781305546238
-12,8862462553035542 -4,7629531772438272
-13,3827075720082327 -3,7670905696143322
-13,0516109457656384 -5,2095587147006732
-2,2731237985042134 -11,1818984545760607
-3,7525942543354671 -10,1610140724163536
-13,9394449974979544 14,0185946543618609
-13,4618981322728644 -2,8647269407110167
-13,8324711480947862 13,2825356519237410
-13,3103691386760943 -5,0761781164966830
-0,5111077804291771 -12,9632874730567078
-14,2614964895812317 14,2529904633619005
-14,8265244319429303 13,1529450646398782
-12,8617631533283934 -4,1014965272896529
-13,6878230976612212 14,7601266901142303
-14,9236724937008063 14,3858033113648442
-12,9228461436288917 -4,2612643832425077
-16,9757297406599399 -4,6910651437001833
-13,3911254016748611 15,4905324615830278
-14,3201366402546135 13,3767932418216340
-2,0000903004540524 -11,2661934280435272
-15,0505735366606892 -3,8721822870350104
-1,4853054770897658 -10,9097931677448603
-3,4883077708867676 -12,5329588372342489
-12,9704033052495049 -5,1420910012614058
-14,1482753584146774 12,3243771500213164
-14,6497503566193004 13,8178400727620403
-13,8166378353230535 -5,1900160560951534
-13,7726579199406896 12,3864596116176031
-12,4848736012998511 -3,6549454399113364
-13,8983378326001414 -4,7503581176733158
-1,3549004213223230 -12,0359931768028083
-14,2643166824301773 -3,6281930412765853
-13,8963781903875727 -6,4273674963823115
-14,2926358942729745 13,2909466590736738
-13,8626826878814828 15,6800656784167796
-15,2289426752105683 13,6571972437807680
-14,5668326717962557 15,3833315579529089
-14,3583583286283378 -5,1048629328747390
-1,2835086700592409 -13,4364054441809628
-0,7350119781570127 -11,2991788878635404
-12,6205244786615722 -4,9562391908892254
-0,7742036973916571 -12,6416309840673158
-15,8110426300008022 -5,6747514833337425
-12,8776080593190283 15,5280034900568236
-14,6645470422264523 -4,6602881823409925
-13,0489077881597844 13,8367818630858164
-1,1442873358119960 -12,1452829777186864
-12,7492416613887389 12,9292135310461482
-15,5856411438531328 13,8941388576616838
-12,6380113850080118 14,8973466398047432
-14,6616959239951488 15,3078373382173591
-0,6851460925663327 -11,8761646071609004
-13,0082057726331133 -7,0364095243305673
-13,5595433929377727 13,8842308647416832
-13,2135749121783945 13,8830753516010912
-13,4140961822902671 13,3924326163426670
-14,4542431165114191 13,5255680733546964
-2,3871352144178744 -11,7948154628624398
-15,0395954201476485 13,3465282028927064
-14,4286420734030649 14,1886067844689414
-12,4267893292019700 -5,4639845380434622
-14,2920591122254930 -2,9766828701037409
-13,6169120021484265 -4,3963705535348785
-12,9965012325387566 -4,0827860574261310
-13,7368668176045308 -4,2883418639647113
-0,4240733466878528 -12,0179658082060552
-13,5197480128395409 14,5915012683808936
-14,7785689472504522 12,7048656735460028
-13,9495985989441227 14,1473790859338902
-14,8375271545133227 12,2052697182919729
-1,2515028853616512 -13,5768416544274189
-0,1564391703732020 -12,2394434564178880
-13,7346405464590191 -5,4463267171251655
0,2646679484083978 -14,0186479005167115
-15,2791913638837542 -3,3907056941487097
-14,8789763176429197 -3,3145235496022569
-14,5938225591236641 -5,1168266716932163
-1,8461001734313909 -11,4816188734895412
-13,1618028891810308 16,3582195954898140
-13,8590007598785583 -4,4284074071996615
-2,4602848299595657 -13,6264115886997743
-13,4740115286401565 14,3514680039282467
-13,1147843487015017 14,2029504300378679
-15,5989009988895404 16,0249095341055572
-0,3572481915733241 -12,4143668319498541
-15,3461143770389565 15,9030203292062033
-15,3665141370055860 13,5076543388735253
-14,2927906046837983 -5,5101540584234598
-15,2139909276037315 14,9726564864041549
-14,7609264970672918 -6,1050792334069452
-0,1481379660586029 -12,4006119467267588
-13,4550536107721737 14,8360711913347973
-13,0826100817581388 -4,3489240097549828
-13,9402294887668052 -2,8850296853262822
-1,1348510860209848 -12,6100831403966804
-11,9165841744968457 -5,0768407822417183
-2,3290830351942495 -12,9273928217348413
-13,0652158337392805 13,3200714427082723
-2,8106947942131191 -13,3313758708513745
-13,1985307844820969 -4,6789955321544277
-1,2088570273984471 -13,4089087056404974
-14,4362970706913600 -3,1519298932545299
-13,5747121286489953 -3,4911009532335675
-14,7679223240732398 14,1639215542615471
-0,7062619731617543 -11,5359336954988301
-2,2487544520408709 -11,2762234718810177
-12,7211737917647021 -3,7536463455531712
-1,5115784387703133 -12,8573380066932224
-12,8492189579250962 -5,4848675047173270
-12,7878983719791641 14,9156261116444817
-12,1125537637747929 -3,7502918838974972
-0,7952446357098668 -14,6851964446400984
-14,9222337966234715 13,9579276149391909
-14,1218974795683412 -4,2453820296408988
-12,7528573997554702 -6,2847166758536988
-14,0800753835156609 15,2803460905432242
-0,3581716415270617 -12,5559755219730995
-13,4216944845187740 -6,4232386176411040
-12,7777399519824968 14,3353499394996433
-15,2002710305174844 -4,8018252833883821
-15,0365617299506216 14,9958708948819091
-14,0226450163654182 -5,7997355661546912
-3,2465350999386242 -13,9140732254133184
-15,1044567612036644 -5,6554304187425659
-1,1668021649054943 -12,1031042625389560
-14,2228720836394924 -5,2540197773550936
-14,0595966460921034 -4,9983385727825507
-12,8547932550447133 -2,9540064058265134
-15,1814572352954329 -3,1437691656710713
-2,7781407965561349 -13,2337611148880221
-12,9059894466619944 -2,8903082356355312
-12,5647962987938673 -4,1955218205999616
-15,6131653812894804 14,1271440359093869
-15,4484265090067439 15,2609601277158262
-14,7151104447853758 15,2231902494131361
-13,9183834442960865 -4,4209378508938784
-12,2621989038283612 -4,5933883068488681
-13,9607690485586762 13,5147224306886660
-1,0911621654914401 -12,7033589738417518
-1,7171198013713311 -13,0548836676809152
-3,7004157394487485 -13,1732736497140035
-1,9771059721698172 -13,7941842115266216
-15,5074158755190545 13,7611423207555283
-13,1279565483836809 -5,0311298116735328
-13,9938599582019378 13,1495112522490594
-1,7268479022538514 -14,2999905829248100
-12,5603075707452057 -5,1316072516476190
-14,0082403227501278 14,0556437306232755
-11,4681566627890206 -4,1854038808301004
-12,5797185518425536 14,3333901555895693
-1,8878521802545978 -12,9693719611093456
-12,7511363972950189 -2,2907413005018396
-1,2523543438858185 -12,1295014730119242
-14,6425342744511440 14,6609635365943767
-16,2717766392921206 12,2142591795105169
-15,4027030258472841 13,4612948894179567
-11,8196033550868691 12,9944734546621135
-12,9475227513814595 -4,6612784946894692
-1,2686117487115045 -13,7078030322435680
-15,6754510985816022 15,5890591664184157
-13,8459484267080200 -3,7560406068640368
-0,4033128088321927 -14,1362443156656603
-14,0667241443687043 -4,3730710872230185
-14,5490487188079385 -4,6734527533561776
-14,5905922828181680 -3,4055933993910781
-13,4912960777131996 13,4703891883861751
-14,7425745960197734 -3,9100095503736534
-16,0583177910691930 14,4257639383101104
-12,4703878086990887 -6,4868192176299502
-2,7511925517175921 -12,5118754160622920
-2,6807920433834491 -13,8453825639943240
-14,0615232953199918 -4,5560730617811371
-2,6947090658461352 -13,7500864982656257
-1,5938959927277261 -13,8604058097511444
-14,4345412972377627 12,5838508002455480
-16,0316275216895647 13,1173984562699868
-14,2970982823133337 14,8151964629071244
-1,6814538884396912 -13,9283182469682298
-15,0345518795022883 -4,6085470818763810
-13,7056811601063675 -6,5754119115194749
-1,6491058730798660 -14,5188604194288118
-13,9695772660402078 -6,1404180076782886
-14,6560292872412923 -4,7258932300068830
-14,3259075889752712 -5,1267478635968189
-15,2787196452347125 -2,4310818834329102
-15,4005447361367160 -4,7274770763451857
-1,0844440937432362 -11,8184337519649159
-14,5660340078251629 13,6925617791335963
-1,7208512063924224 -14,2967138029070000
-1,2397861239128434 -12,0780452266410236
-13,9475121504533703 -5,9429697421244772
-14,7427141944937077 13,7535848846334012
-0,7215467347014808 -12,4907940307961489
-14,9033312233539892 14,7839571317399532
-13,8699076950374369 12,8950334010685435
-1,6644130950697851 -11,7138409452430086
-3,6493497686933605 -13,5676084604463760
-13,8151028869747812 16,8755275965712812
-14,0918825333747986 -5,6283266532181253
-2,9670600283796094 -12,8084823453226413
-13,5416225399538224 -3,8286863476241484
-3,2415438444183269 -13,2837988555482003
-1,4250985672194614 -12,6786962673496433
-12,9391827621129902 -3,9691511131376167
-12,5401267220829542 -5,3733050332174486
-16,0831291831724208 -5,7548012559435477
-14,6233419822728052 15,6021019880864174
-16,5233388774786150 12,0951279860711978
-1,8011562547692144 -12,7031499706948701
-0,0770380699897015 -10,0942240825057485
-12,8634629724814449 14,2836300751690874
-2,4893393092649196 -12,2066778132480973
-0,0482017482114074 -14,7471411302770594
-2,4849184716809050 -12,9782775523578255
-13,6694355616444287 13,1289430481078391
-0,7905236532040296 -11,2417996887814251
-14,6951573730740197 13,6235659505371149
-1,9700671730869082 -12,2937104654978473
-14,3479571455881452 15,0521350171184878
-1,4491154244127373 -12,6559431713837220
-1,7966265660975791 -12,8868158585616293
-1,7362340957398144 -13,2610134648244191
-14,2279285139213201 13,7397148929713957
-2,8834363870397426 -12,7160080684695789
-15,2453140624705945 15,5276348419192782
-13,9861660246372672 -3,1841576693823956
-14,9405984821520992 -5,8111195144968004
-14,7846731791019614 15,2758601572664929
-13,9752107134839090 -3,5233067428563101
-1,3712062963756029 -12,5948369958955180
-14,3843240236381344 -5,1357628363786310
-14,9509255925746380 14,3556077487809386
-0,6611863974564005 -12,2754582446899825
-1,2282763354821005 -13,5248865226079360
-12,6017237883515225 16,0584575247821917
-13,2849479662185708 -4,5839635543929891
-13,6456786533318812 13,6915098315220849
-1,0605114382904119 -13,9900937490353581
-13,8357483835354280 -4,6974709937671504
-14,0387764816103591 14,5115153097450076
-12,5482215342623178 -6,9555145879360945
-13,2251922500367947 15,0263028245101733
-0,9715116041184381 -12,6497190763525289
-13,8400293641057957 15,3344124107155011
-15,7429481462542995 -5,4645384630463560
-15,3704466229686556 13,4091015001341347
-15,4369626058509706 14,0232571150934131
0,2689683208608791 -12,6859018343189103
-13,7891981952931229 -4,5955968925788566
-15,0682635614465994 14,4847594801862343
-1,9403531012023636 -11,1776987632318630
-13,7756515190839313 -4,4807638915608230
-15,0537395254473676 -4,0482651135888990
-14,0006814130161494 13,5763964469156129
-14,6383266825466443 14,8847123839552111
-11,6309027184278726 -3,8056643792630043
-13,8467933269100314 14,6337153420139590
-14,1281534442492216 -5,3463123471890519
-13,2516534252055305 14,2382227316232104
-13,9090846270501789 15,9721742034598471
-14,4161753475813921 13,0235097380974771
-14,6483466113594005 14,7735939216867962
-1,6003641018354109 -12,3145458640748160
-13,9071029387486380 12,2292315648556329
-1,7379560544493735 -12,7777728695872526
-12,6945977430762103 -4,3836953498255884
-0,9083488451439622 -12,8875707765835621
-12,8250427459391716 13,5058847132131348
-15,2051084966114640 13,0556307333743007
-1,1186203461996462 -10,9573968885078656
-13,4653131472070307 13,7815064618671812
-12,2851937707922829 14,7274100185092269
-2,1403921990571035 -11,8535423614440845
-15,4201023975024647 14,6852207164105408
-13,9277210302499839 -4,7770887421351684
-13,5267707093457652 13,6716610532731906
-15,8452632056609382 12,6923118561880894
-1,5484871666223088 -12,9753140455404221
-0,0438984773609146 -12,4713423486693475
-13,5223211231307126 -5,0340048574380409
-14,0339279605777154 -3,5581274643303034
-13,3767933038043321 -3,1814577494244820
-14,5995960429393676 -4,4571252175614866
-13,2482540041316774 15,7147137410112272
-14,6645900058533663 16,2935045385289854
-15,0701282414809352 15,2584854920574031
-12,4918187720932714 -3,6439591484357834
-13,3225737026242967 -3,7618081938391921
-15,1705410442899744 12,6008225487858265
-11,9559245241623024 -4,8726849123117502
-13,1014866547927458 -4,7990135829886205
-12,4334321789315787 -3,3883315979418152
-1,3468366075174216 -11,7454118481356780
-12,7596143819528525 -3,4504810481041854
-12,1553566821659125 13,8126380453972448
-14,7366416038843830 14,0443335923992549
-1,1477492926760999 -13,3885506244970678
-0,8240285805695783 -10,9903242601047033
-0,8792604639511128 -12,2095207031666746
-1,6560291958167888 -12,0642518157390128
-14,3016851348888530 13,3353187792871211
0,0912661468880913 -11,9209703008120798
-13,3520381852025185 13,6660661624985433
-2,4215848496554253 -12,5124265838149480
-2,3339400720657357 -13,6376451161756993
-13,7861105125983343 15,8461169072537498
0,4221142379120060 -12,2576935259474880
-1,7353714195816261 -12,7536875581317943
-15,7590766672244893 12,9233360605871059
-13,1394445035785079 -6,6936643508371256
-2,1064294134900341 -12,9354706723858701
-2,4583441492978864 -11,4193863501638084
-1,5492842566898888 -12,2788757196125573
-12,7097051299076771 -3,4924524390328759
2,1636922322315657 -12,0677957142634611
-15,3036098197658728 15,0537986824162928
-14,1637252590300093 13,0140768366288277
-12,7019486424964700 -4,9005545598877314
-13,7391361090180890 14,8075631749643559
-2,2397974688139923 -13,5008405346978737
-16,0396145299791009 -6,0944334063837715
-11,7929984855868000 -5,9373066405328787
-3,0606228817483698 -12,7468337553640829
-13,7872379423705045 14,3525392483661562
-0,6293170670809957 -12,9128492960638823
-13,9644981078201713 13,6773343372101337
-14,0090618581707975 -3,2092944982913179
-14,7241851648082349 -6,0483500715246299
-13,9351301324387205 15,2266203967420726
-15,2908603244911383 -3,1796027793149992
-12,7883038580221502 -6,0171223679911021
-15,5344684805946045 14,4569158325402150
-1,9311298581122815 -13,1053036091814619
-13,9549069364421960 13,3718654239434827
-17,7539634073288042 13,1162382936960142
-14,0456855090236150 -5,0413934590506857
-12,2585947032675264 14,8560829415419704
-14,3622879378399730 -4,7189446893344096
-1,5504322665776513 -13,5836895695502999
-13,4132072592170637 -4,2348507554530244
-15,1078050362219223 -3,4604272499730540
-1,1076399484489410 -13,1801228797117922
-0,3234330474367768 -13,2863777154918381
-1,1629756220953720 -10,4487473007194218
-14,2341805911261439 16,0743344712168721
-1,3395779059702586 -13,1083731003344592
-13,3790450810396511 -2,1178692900193061
-14,1771912410483143 -4,8184723710607003
-0,7091040063001663 -12,8260777204063245
-14,1438217740910961 14,1526172333380327
-3,5315732621869653 -12,6636016150806956
-2,8684961273245637 -12,0182283696769296
-2,2603307471591241 -12,2929197930813405
-15,7127820990649383 13,6712451930238750
-15,0286747985055200 13,2713354807372195
-3,6350264617143004 -13,8531661237822377
-1,4830659938071649 -12,2241031901881296
-15,2564932820306645 15,4737125787532044
-1,4779817464926612 -11,8472012942361271
-16,0619146972740516 13,3778542348864509
-1,0603145723441778 -12,3584404696041457
-12,9723984110748845 14,0435744301559815
-13,3953626633481786 -4,2794422875494744
-12,6837279841309059 -4,7303178742347267
-13,2546836601559725 -5,3447369087286676
-14,3943592856609790 13,8067643315699797
-12,4903935897781331 -4,7719444595330227
-12,8261797160940638 14,6628912804924507
-14,3084255169513650 -6,4216465172636390
-14,6712467441393510 -4,0390570502473135
-1,5292474063622814 -11,7092483963106524
-1,0634833284614513 -14,5961989364575491
-0,9823559307881453 -13,4903267821173856
-14,6721502976909175 -4,0838379593937892
-12,2919620782748424 -5,2720772645205312
-15,9329649474756092 14,6835877377424247
-2,0442640577143720 -13,9052495825015860
-15,3236665177232769 12,7944208787606080
-12,6430741878615756 14,4307078875956307
-15,5326516640831400 -3,6496864912784859
-13,7219591572225923 -1,7089190432221231
-1,1080939527552407 -12,3837542131154130
-1,5200362294928995 -13,7092893315706803
-0,9793650405033645 -11,7312500624845306
-16,2503101081504724 15,0272203577919843
-0,3359163124607418 -13,3286688486181113
-1,7614903031514422 -12,5766958674067659
-13,2163149884971460 14,2586437648809738
-15,0441516412857013 14,9001078362843202
-13,7703030444783625 -4,6401505893496306
-2,9952305816002758 -12,5094620940298036
-1,9500194986151018 -11,6361808248807659
-15,7320252644994447 14,4952171627843835
-15,0790570254925598 15,3924300724844461
-1,4188984851058597 -11,6577333778130061
-13,4111450004695048 14,4148992118266808
-1,6599715715620167 -12,0852689911247104
-13,3208375805131123 -6,5241508882414880
-14,9713265185368769 15,4206901742073370
-2,6326279173944349 -12,0635722517464696
-13,3275388891804987 -3,3294553734780559
-14,3682510578120652 -5,8633681104183202
-1,2223752020318392 -12,9988017645007830
-13,1311704075698277 -6,0099145031472023
-0,2695457232401330 -10,7723807740636985
-13,4930145710238580 -4,5658165181874981
-15,1782915880468607 12,8581256918215860
-14,5593975017267141 15,5602869947716247
-14,4342301034556417 -4,8231258770009893
-14,5580432547902170 -5,1654127542129729
-13,8588049155406630 15,2461447199272015
-2,2921722428016227 -12,9948964360119739
-2,7164168291674149 -13,2305634701477626
-15,4818787145252301 -4,6392527941099502
-14,5636854365150139 14,9310713435182230
-15,3533541250580168 14,0106331438958023
-0,9434406148703621 -12,6398641792592681
-0,8023255697426049 -13,0124923176966227
-14,1581208739585662 -4,1263450915568844
-12,9461343842882357 -2,2012170135135736
-14,6507039851118162 13,0997693125154129
-14,1195175943115068 -4,9304082240457152
-14,1850178209053936 -4,1126750308420759
-2,0072568867819056 -12,4142494971169679
-14,1845621590339732 -3,7429525932701093
-13,4688944192243678 12,8397784156972836
-15,9440082899595339 12,7306267908244166
-13,6314071983417282 13,2320047946030357
-0,2299714961633292 -13,8248454647413421
-2,6239880817735348 -13,8977250095592790
-14,0487456168180085 14,1511412405612731
-0,2115090215581619 -14,2904585419053145
-14,8690561771079910 -4,3996349764043456
-15,1593874630894305 -4,2085985770790968
-13,4246828081000942 12,1063362565105486
-14,0124054020612547 -6,2068076471989277
-14,4724739227264436 14,3398640915568922
-17,1330009682986635 14,0465665745780370
-1,5008108888320357 -13,0394418974265900
-13,1887273084441894 -4,1066027713583386
-3,7689292352189780 -11,0956042619180337
-14,4350814833813939 13,0812530425654536
-1,3903635988837091 -11,9065799677382227
-15,1165385475253125 -4,6902275303314669
-13,1332761787958656 -3,7725027798737187
-15,1453809120914329 -4,9780588512939747
-13,6201716248792852 14,5396553973345775
-0,5504338384872366 -13,0825340194724902
-12,1347153315982528 -6,1072259935361091
-14,1725632262369796 14,9420842722006846
-1,7682064438028995 -11,1272100823893183
-14,7047473434864351 -4,8791569353558852
-14,8441649984172077 -4,7048758901104026
-16,0688787438107390 14,2370649631267678
-1,1877602590389105 -14,0028401618395648
-15,6818059740970845 13,3293496394976199
-16,0498877954137420 13,7327988393933715
-1,4608624235636252 -11,3234354546178260
-13,9437749203541141 14,1303894290815890
-14,7080552437651839 -5,7632246901142503
-14,9097144708207647 -4,7503275339797968
-1,4020742875556340 -13,4299582264981829
-13,3266293287042537 15,3279882797480056
-1,6157412455320672 -12,9616509452118862
-1,1917534330338495 -11,6246016161680679
-14,2948043245326293 14,3729173738318270
-15,2311060668590077 -6,7350340869285876
-16,3923721182237294 14,2389053268935459
-2,0277202119402324 -13,7986203414267763
-14,8938790584975340 -3,4892203267694666
-13,5395097832073148 12,6552414839142227
-14,2850893952933546 -3,0862654066408450
-12,9312372042701469 -5,8683316293783037
-15,2533569088387306 13,7789757833031565
-2,6042260428729276 -12,5497859352600756
-13,8842964774258970 13,7712526631034304
-15,0434954835822907 14,2272295378386406
-14,1783697388535224 12,8387841181481548
-14,8194706912805731 14,5992688637390788
-14,3366835508308803 13,1862165823509159
-13,0632270635670000 13,6250270843656232
-14,7492611098957074 -4,4930368596648727
-13,3587207223046320 -4,2918854831848376
0,7394596737734078 -14,7596250448847073
-13,5257331932573965 -4,2294038000137961
-2,8687214537733805 -12,8879875879028205
-1,8077968332930188 -14,3378649527106017
-13,0478014680655132 -4,4647177330417698
-2,3215041078403145 -13,3080599041967957
-1,7126611550561432 -11,4800265643631114
-0,4682898070616921 -12,3228856358502856
-12,7711208194950689 -6,8620803163123636
-13,8194299257540383 -5,7450148359533593
-2,4857973966750553 -12,4737113394536578
-13,2804204136840500 -4,9209774638639106
-12,4268922623814611 13,9396915175851372
-1,0368084574956828 -14,1428092251951085
-15,0262194956524091 -4,1239179218295341
-13,5090447498322632 -4,0694713863001217
-14,5721081692949124 14,8125423545551129
-12,8202613337835913 -4,2894175793719134
-13,6823934956143827 -2,9459963448960167
-13,2847383101651708 14,1852523541829658
-11,8509204034740279 -4,2976205957000211
-1,7159818290800370 -13,7575563764459865
-0,7449138315097136 -13,4039583575511880
-13,3201336146282756 -3,6322623384173709
-14,3442285863622789 14,7796022508293472
-16,0080249276894122 13,5705777517328006
-1,0786616100749669 -12,7145338811684603
-11,8245633057518713 -4,1167258947982486
-1,5577168597295534 -13,2319538854250069
0,9061812654959964 -12,2896683321206002
-15,7914391439285922 13,8794548218557541
-13,2526592501445055 15,2040238305424840
-13,8334949456468621 14,7477696445025028
-12,9680319445550047 -3,6086074835649442
-12,6198284069004565 -4,8493429250811095
-3,4814231709091983 -12,5075961373376767
-2,9254612501043979 -12,2207046852781520
-14,6451892555005063 12,6497012364683137
-2,2715235499367039 -12,6180864995772648
-13,8229860879163269 -4,0256647165482242
-1,6028535532668318 -11,5615239873910927
-2,6108682634863989 -12,8580790216896563
-13,5753383140943313 -5,3639004723292114
-14,5425417814523215 -4,2469888195272398
-14,4499245535584286 13,8488710073535550
-14,4628039590208051 12,3137182364599731
-14,3163929898661397 -4,2193860789926436
-12,7436733638304975 -5,7711718004016097
-13,6134823636456304 15,1555832250245555
0,0100257761290639 -11,4690617056852240
-12,4561415779060969 -4,6476500355799777
-13,9176270515542964 -3,9574174538377527
-14,7652464827042884 -4,4176479315335495
-1,3953797768090046 -11,2273561246088658
-14,2806010568677895 13,1241241218927112
-14,7732917082739590 14,9848828045174063
-16,3495808245207783 14,5064062883506608
-13,8407561298294226 -4,1199868036276746
-15,6597984392341676 14,6982031539077447
-13,7668843892416977 16,3576471281208491
0,3747609550829831 -12,6857072716788331
-12,8612476245431875 -4,0102247526212942
-13,0725002105802268 15,0370928761737233
-15,7117880064688649 14,9163208727281127
-1,3058357183068598 -13,2469746610213779
-13,0464917806981777 -5,0031086381970171
-15,1053883720582949 14,2645043421296709
-14,8434300240605062 14,1024136011892889
-13,5297155204349693 -2,5905929718726868
-0,5980202890374722 -11,9975723299046919
-17,1226128098952231 14,3089159183644146
-13,5874554666690095 -3,9238196695415422
-11,7681924299264189 -3,7478291394880139
-14,1572694445739327 14,3779667667708004
-14,4640524984311281 13,5777626250913208
-14,2738322149110264 -4,8695364595729851
-15,5416304605183715 15,7463581260794996
-0,0808745832012494 -13,0356776481730385
-13,8482633370466157 14,4922960956887241
-2,7473873329533967 -14,3831819511158123
-14,2754030224285877 13,3846277040463804
-12,7291882211204754 14,8256191083238900
-13,7410401739795045 -5,6054468953811245
-13,8315518820448453 13,1621826648942921
-13,5901411137535657 14,1587061805481849
-0,9463404565543654 -13,4665826917549971
-13,8887557994087700 16,5969789962407077
-15,1086846353420778 14,0542000819080215
-3,8576548385251219 -12,7392091067160980
-12,7531938377078298 -3,5359787772015996
-1,5111419722562360 -14,7070042981361198
-1,4100120739852864 -14,2299606064478503
-14,1161587659029735 -3,9035161171994370
-15,2432639552326084 14,4388827292461652
-16,4252307698275146 14,1279787755375938
-1,7182609902526833 -12,0814028553995207
-14,7086921642419508 13,9865220701635771
-14,9028122006471229 -3,8718946810254726
-14,5200277994416780 14,5892113162812436
-3,2895099843895790 -13,0296825149133007
-14,8850082991365689 -2,4965100133714975
-16,7442262943276994 15,0401168696185259
-14,1045610742751926 14,0797938469270516
-0,7919547793906125 -12,2415156419173599
-1,5843572119266855 -12,4981932327908023
-14,0223338171217335 15,0585381296935221
-13,6720901431095836 -4,7650268018074255
1,2077546615419723 -11,6486266255699729
-13,9315044498656917 14,5655357864689776
-14,5759299738862254 -3,3226727180733202
-1,7359341899736178 -12,8302739989964589
-15,1647080118889086 -5,7506660411403905
-13,8162989560904634 -5,4423119160012821
-1,8292786051051348 -10,5703285318301727
-12,6424385476989567 -5,3933512272413822
-12,4327149820694807 14,0239517835836338
-13,9388870330590127 -4,3172873482346183
-13,5770353056139541 -4,7957634760605297
-12,9221223892887718 -3,4287842750653899
-14,7351729512512755 -3,9361555521586817
-14,7252413419219117 14,4594149621593253
-2,1640599017446021 -14,0551391206862863
-14,4733972472047494 14,5055439183355990
-1,0243626743181666 -13,2049939191173031
-14,9145013584694226 15,9475389513572097
-15,7599380019524400 -2,6198688879129639
-14,6496904722561911 -3,5816992613278367
-1,5044903928284343 -12,6794710295862849
-15,4710215623616527 -4,3366336180032201
-2,5367417764799303 -12,7694488125507402
-13,5942012320146848 11,9771947920746804
-13,8479845091195344 -4,1264094386245693
-2,3359000629276117 -12,0340710380538916
-12,1734441766234607 -5,8763797008382426
-14,1393742849013258 -4,3571057627117700
-14,5752586166616886 13,9542840638393599
-3,1443296109482612 -12,6478429257503233
-15,3817931167504653 13,9189263393967302
-13,8810540316275617 14,4114465389071462
-13,9103130083348354 13,9107436242232492
-14,8210437283027066 14,8450312394004698
-13,8940864913554609 -5,4056696493453762
-15,4043807708558234 13,6076291987674693
-2,8568570546463814 -11,7800594636837097
-13,2345825613767261 14,6380799460172941
-12,7943340496261619 -5,0058076167676715
-13,5868199669859244 14,5530067041130042
-11,5094737555520314 -5,0308187179389199
-13,5645898960908102 14,0111352233023290
-3,1509749866205530 -13,0304005826438942
-14,8903897899175561 14,8165528894247434
-12,5661729720574069 -5,0318248901419276
-14,6295394952585269 15,6143367785670328
1,4783616777370545 -13,5915886140153734
-13,0776768163480277 -4,0186170360346418
-14,3860783334022813 13,6406555104134313
-1,4134354251087962 -12,1876931197101879
-14,1214245271485943 -3,7561066401426757
-15,6796189999945934 -3,6818358662956552
-14,6811423631695064 -4,4014764680035894
-13,8952988499132761 -3,7423591061186050
-14,1436700439894274 15,6212512773957926
-14,4695845213855137 -5,6471589461892018
-14,6182022766995221 -4,5711021009055992
-2,2472569814634085 -12,0707349075728292
-14,7979464653860582 13,6452183004694820
-1,4463936819816887 -11,6164496510196766
-1,2446503678925565 -13,0463254775936708
-14,2481669428827686 12,6821803377587958
-1,9784014636021796 -13,0284162938221861
-13,0605910536263625 -4,7399504319210761
-1,3440216216466261 -13,5783724264883148
-0,2452034232543769 -12,6935940801146323
-14,2382990244699315 -5,5339218975242703
-12,6751484315458693 13,4794247415670174
-13,7239088301249268 14,8745875106853749
-15,2452687146876791 14,5860803515129334
-15,6890825454784277 17,0190246204588469
-14,4136625267177685 -5,4101174959237142
-15,1907017503370660 13,9936908822228876
-13,3069499657309418 -4,6492254224522718
-2,4164284718262454 -13,5543593326733873
-15,3464481111972173 -4,1118739898124570
-2,2531045974372921 -13,2888547120735616
-13,5924558312787411 -3,1857625396098124
-13,2365126166800504 -4,5324143596839113
-1,9327286925803457 -13,0861738292657410
-14,8462092263287815 -5,0924057394204238
-14,6376084650123115 -4,6190761958963211
-12,3331996283832144 -4,8640675440197816
0,6910540636604039 -12,6140265854370828
-0,7907107327307860 -12,7612146790191971
-14,2083802294854067 -4,7320325340601341
-2,1538861257336706 -12,9389929505708388
-15,9781694316451279 13,8930253732761706
-1,0393111986128969 -13,9480321635620292
-14,2747725705950685 14,3678681960162216
-13,1760201431824520 14,0144353016935685
-2,1857212813516349 -13,9634456777401859
-0,9698507048541007 -14,0084939524037360
-13,5221631004746179 13,5882263823864147
-13,5841107187086898 -4,7994441012131759
-0,0574225179634129 -11,7917651502643253
-2,0480794864313907 -13,5413524422426246
-15,7711332713621069 13,6456190144560061
-13,9198790412618685 15,0507362157315683
-2,4291599004831319 -12,7591304646856081
-14,5360136138542178 -3,8316725347833809
-13,6226135770461951 -5,5715276902825766
-14,6126701442454028 -6,4155384092668974
-15,1421051008266492 -4,5144300564639082
-13,9225622280318504 15,4251631579926247
-1,8977503121232115 -13,3455965265501320
-14,1320716761703515 13,4971584876278072
-14,8553164426215520 12,7319627152614423
-14,8226889867285454 13,9053330795765433
-0,9946926767187674 -12,1765733275924806
-12,8454049935468593 13,8099308814822237
-12,9078576355770913 -6,0981340561757360
-1,8364811689179659 -11,2601054865257471
-13,8261899081888426 -5,0118991550487877
-14,0575403781306676 -4,4631409475325556
-13,9380327900346099 15,1104056175789587
-14,4913876547133285 13,5249322396093330
-13,9785590609978794 -4,3725117257616084
-12,4607209895943605 -4,6959706865463495
-3,1187231957531796 -13,4475553373444985
-13,5723014834967266 15,0546024916426102
-2,6895616214196094 -12,1141240366198684
-13,4526536748155294 16,2830235048041523
-0,7468785248632177 -10,6785016625444413
-2,7235318036368792 -13,8436318763872883
-1,2810091563037653 -12,5214463291031421
-13,5710405287956490 -5,4363385879198072
0,3297604921372004 -14,0185760280009912
-14,8760846603620962 13,7414199817694804
-4,4445637653823109 -12,7718405063180125
-13,8099494753453040 13,8774810277387104
-14,9639176817684660 14,4406087860377497
-1,2200955611683546 -11,8534585828455512
-13,0191080777778101 -4,0282510340594904
-1,6327693961039418 -13,2859248698870562
-0,7836003112279404 -11,9142249863164480
-12,6321568575618830 14,1176703184094805
-14,4725614731565031 -5,2870933111400937
-2,3325562855248578 -14,9152956480095948
-0,4703824750545391 -13,8557791993766894
0,4001091267170553 -11,6752321070559226
-12,3593070249816286 -4,4602845739471242
-14,4439845013973844 13,8777852503114563
-12,9519182810299220 -4,5756048044914470
-0,7475333925672479 -13,0123689572412822
-15,1401420648384519 -5,7826802412657745
-12,6369666770525217 -3,9998584538175996
-12,4016427405443750 -5,4235545603639670
-13,1642887771284425 -4,9173228498302812
-13,4469164050086967 -5,6085178533027591
-15,4824462858876792 16,5503513331267840
-14,6850299308145367 -5,4930817109502605
-2,7403217268463633 -13,7760377198295707
-0,5378162072679783 -13,3054896288374600
-0,3688911847140000 -12,5355024463366416
-2,6879563799445725 -12,8177211719923108
-15,1922533518553244 13,9337595411039672
-1,9793040423871182 -13,6195068843540774
-14,3802807492288824 13,7732063786911727
-14,5792271642931350 13,6158488673237787
-0,9141785571352206 -10,7174130449898417
-13,1145225320041714 -4,9220702356516650
-2,0464818214621818 -15,1830075494395214
-15,0183247526131982 12,7596669853382245
-14,0449575368317454 -6,0331142996187399
-13,6984490283619831 14,6741840912690460
-14,2381092238566058 15,9818648769112350
-2,4025890952665399 -11,8811558567742281
-0,9200257658834355 -13,0649509536217163
-13,0381510601188584 -4,5226803751586138
-13,2309489123077206 13,3365743573177991
-12,8877607173379243 -4,7162555217857518
-14,5679947557724248 -6,6949020960466807
-2,1688818273012687 -13,0766494740010444
-1,1011404654415025 -12,2536115699476156
-13,2176202164872088 -3,5552172648783191
-1,0897121083679382 -13,5580301568146488
-16,1664905073629015 14,3051107545108653
-11,2304688518341056 -5,2543843343462679
-13,4265836051255523 13,7424355353414409
-1,4208810289487088 -13,4330009102703176
-1,3471706152898915 -12,2196447290067223
-2,4002521318154262 -13,4371321141576221
-0,9849062174174997 -13,6371426765984420
-15,4943902348582618 -5,2351178591611554
-14,6737768001731936 14,7733714698228482
-14,1569739213125079 14,9578149103185822
-14,1830285554278976 12,4269338398688802
-1,0610144003683764 -13,6679517395770773
-13,8755033688934759 -7,3596145521104184
-13,8611695436046531 13,2411919554760527
-2,1749224070794129 -14,1297603755071766
-0,7702071012656357 -11,5301758391349249
-0,1603816954842539 -11,5958454687876884
-13,1881461194487777 -4,4409521476684839
-13,9415700137956406 -3,9015043201966479
-1,8894030850203392 -13,7682187990894427
-2,5616474558869107 -12,0055684736510262
0,0302932289652649 -12,6103976174223007
-2,4336444120357168 -14,1949254080351981
-12,8819640556278507 14,6659817905699494
-0,3164852089580497 -13,0761296496989345
-14,2896321760499312 -3,3223348706518019
-14,8023562115349083 15,2243479525614962
-12,7192831392417602 -3,5311416780591522
-1,7952982061018066 -13,0183408151428850
-14,4421285014100249 12,5006966288858017
-3,8726968688542582 -12,4569854396487596
-14,9854619027707301 -4,2535524834940261
-2,5683562879666098 -12,1377571683934171
-12,4394864143295951 -4,8561443155224397
-12,2944670619919645 -5,2744019427494475
-12,4726561768981270 -7,7025591025015618
-2,3569822143815840 -11,9906570755523756
-13,8976967139771386 -4,6683995442990884
-13,9547879609255325 13,7160936411972436
-1,8518235570756802 -12,0524323956804373
-14,0307984629280167 14,8940545069605044
-15,2959181604749563 15,5955848946801172
-14,3913728921410193 14,1787649416120605
-15,6512421662972976 -4,7275729007215563
-13,7750733210201179 16,2691064138113042
-14,3193478027854670 -3,6679443313859479
-12,5426548939587512 -5,0544738280838697
-14,0350164251328202 -3,8924514857003456
-13,2145678418496466 -4,8368346799666453
-12,7617544536758079 14,7760450766278826
-14,9216635719842028 14,5469390985647298
-13,2262309179965989 -4,3760827192761491
-13,8309913015730253 -3,0871220938288721
-15,1189106209285153 -3,2880785095049125
-13,6220367017686428 15,7775049673445249
-14,0670649161286327 -5,2653694918052905
-14,4318063248887292 13,9075383722532582
-13,1366506819952811 -4,5152042876422813
-1,5514188893109673 -12,8299423875317657
-12,5971924233407933 -4,4158424565922072
-1,4160651153517962 -12,4845621560061257
-14,4638061233688724 -4,0574231678230044
-16,5724659906757665 13,4485948755818061
-0,6355001116541711 -14,9775110996750911
-0,8490900716019221 -13,4940427179323645
-0,6733914951100610 -11,5560874202649391
-2,4020221560657817 -13,1466964301954565
-15,9806051494261681 13,0532965012947670
-2,6236905083631710 -12,8183345331251122
-12,8435690977711694 12,6404318698995173
-1,4395417951294300 -11,8646454754225541
-1,9784404622098395 -12,4734030623584768
-15,2123807590488447 13,7241860483525215
-0,8227411591603115 -10,6825539185950191
-2,4188186973501322 -13,3519383806892264
-14,7435400542726160 -3,2927834586646374
-15,3375854552246196 -2,7595262378454466
-10,6390591071684000 -3,1349045411626819
-1,5522800156702909 -12,4108358720367811
-13,5836372997645487 -4,1207715254047743
-1,1167913246068355 -13,6661134060356435
-15,6594744946101123 14,2462747687775320
-2,4177449377536466 -11,0064161234238114
-13,0182192237461756 -4,9195820094748468
-1,2489140829149714 -13,3863020340321128
-14,0916869050113025 13,7651011552482139
-14,1805696805600014 13,6802743138063061
-13,8191165374625289 14,2468806111980530
-0,1807341606709236 -13,8456887505958584
-13,3639766770976092 12,4867674690614301
-13,5971756192347879 14,7544654425834043
-3,2277112323532138 -10,7258305235650901
-13,6366572336705634 13,7929051325903789
-14,2826352294085694 14,9821970366594766
-14,9602335919662686 -5,3569814648743996
-0,4039367458035408 -13,5896259918015296
-14,3709414132924493 13,5551911892101700
-15,9164239911017482 -5,5539966846333844
-11,8701096182136538 -1,5189193845915359
-14,9096753510112734 14,3010292737645237
-13,0518296453049114 14,1103702579087074
-2,0364840493604968 -14,1829806871736341
-11,5283747030415089 -4,9239887682561720
-13,4207419157053991 -4,7840475141089636
-2,5478762573493046 -11,7267204453827443
-14,9903946492530160 13,7210762043968053
-13,8181140898972163 -5,2780703307653276
-2,2763543786107046 -13,4126660994024203
-14,6833481567118902 13,1855592945196758
-2,9462042018925527 -12,4437116411294966
-13,7154547438786594 -6,7171264643456343
-14,2898822425746275 -6,7286559334884508
-2,4864543146140217 -12,0316259630080182
-13,9657396445985853 -3,5812636916103147
-1,2930204794029405 -13,2273625976811413
-14,9486914430693663 13,4943300466927916
-14,7573351223086675 -6,7435058173942881
-14,8849787653063999 15,4119199149052672
-0,5419864382287822 -12,9806124029162397
0,4319841938366746 -12,4374255008997476
-0,3805385454633874 -12,1378158453174034
-13,7743080571913143 14,0620080514976635
-14,4196631479997421 15,9266190236392386
-13,5994020401373117 13,4436356513502577
-13,0156523539555469 11,0514447093885106
-15,6471676990251432 14,6180060569651182
-3,4671374462286670 -11,1803421521706348
-13,4655897586687097 -6,0588501024223191
-2,6030376188573383 -12,7292856874264793
-12,5026728329584014 13,6281157826101857
-14,6017358382257179 14,7800803565176651
-13,1166258560789437 -4,7671664846724351
-16,3524297328226993 15,7905588228502083
-1,8664609197699273 -12,7185928632639484
-14,7279561481355792 13,9997918361701092
-14,3116026658757853 13,7079899665151128
-13,0084841355560847 14,6772214087966741
-15,6262800368562615 -5,4241828621396779
-14,9716983987994254 13,5914412064123340
-13,4751240049604757 -4,3210242891661101
-15,5756013539792040 11,3018796581054399
-1,6677466240519525 -13,1577618639675240
-13,1728938900754677 14,1382310103783215
-1,9073624983634809 -12,1104010600513412
-1,0612049172196381 -12,5028601263493790
-12,8799781461205942 -3,7735475052707845
-15,0208413199049708 14,4760559949105367
-13,0116177924411467 12,3247088332258024
-12,0764875552036095 -5,4195249039323325
0,8866669190029399 -13,2708726932608005
-14,5351412461315572 14,5262846766982285
-12,3774389002830034 -3,9128425779832527
-13,9435192205180076 -4,7902995579727321
-15,1775522402007113 -4,1024060981834749
-0,2913444007901369 -14,1741531633717699
-2,9453628649146046 -12,4090550345350881
-14,2703763748864745 15,3921220794275335
-13,4123539571475519 -6,4196602858102372
-16,7607247810462212 14,8086713953579086
-0,8927800466534614 -13,3884335440555198
-13,2698420402209489 -4,7456260493376234
-12,9438396421112056 14,8741002873366863
-13,4918332132934182 -4,1077000105932218
-14,9190325950323821 -4,6055334576889795
-14,2495186374398397 13,9706621854444393
-3,3160512987212227 -13,2471604542426711
-0,9429364759448396 -14,5539861199310909
-13,5231018983607427 13,6749063149573562
-13,8324830040364191 14,2393896204376027
-14,2580838205872968 -4,0655395389824163
-1,8388042232028621 -14,9487420082464695
-13,9832078130162625 -5,4821597947248337
-2,0394550383076488 -13,0073518468491791
-15,2614691626672290 14,3150681937958772
-1,6030555413277545 -11,7141141538975919
-13,0463846118667597 -6,2067200811509364
-14,8804219030678428 14,0699388993960532
-13,1439932734146030 14,0228433620759017
-14,3067852080292788 13,9889729129443605
-14,1478034168851021 13,4640426069914270
-1,4380773215672817 -13,0769828923294114
-13,7379674522695154 14,2779830056700945
-12,9958773327708084 -4,5109084801961048
-12,6937472307902226 -4,7655718100871436
-13,7229901279133522 -4,6236767741357436
-15,6206387627333108 12,4984014788420055
-13,2915284461115295 -6,0324190538479474
-14,3086190022779682 15,8927022713415660
-13,8048336699118934 14,2556311432922946
-0,3800446141014309 -12,9556616138771066
-14,3527450341629734 13,8219249059636358
-0,9716819704879528 -11,6529074191820481
-12,5345180698216616 -4,9839592226396574
-2,1416606882696465 -11,7589486698916765
-13,6475361494955241 -4,0297004228184328
-13,3124415789752550 13,7385218095754649
-12,8085015845486794 -3,4475431507197314
-3,1788788285004923 -12,7985505178439407
-12,9320372521801765 12,4646848089616391
-12,4155159611273831 -4,3676994248252283
-14,3450771454516115 17,1316547745502028
0,2920295032663918 -11,7766207111927823
-11,6322479556750729 -3,7949641497184308
-14,3030439737652753 15,5579178161044549
-2,2206622787058654 -10,6332133576419299
-14,7041888449672591 12,7313531387465666
-13,7656937804626676 -3,3480305151548997
-13,7047407295561463 -5,2961710719466071
-11,9762727787532768 -5,0100932620730578
-14,5330662351311002 13,4976308938156784
-15,1483982096583780 13,2898406142856302
-14,5204216115142053 -4,6069379823427772
-14,4522731995138454 -5,8795500004243619
-14,4180144939882169 -5,9655587881138423
-1,9086911243873652 -11,5303042964027274
-14,6246020668834582 -5,5636797779750218
-1,7629022175365907 -12,6651697144694229
-13,0911391029528854 -4,4695547936422546
-13,8815480914827347 -5,2948744219212047
-14,2346484178759507 15,1985567110248301
-1,5955650368944412 -11,5410597166165925
-2,6099223325173382 -12,9492999375017366
-15,3102024869686986 14,7864129107279663
-0,5144371556281920 -13,4910131026407267
-3,6753936946018748 -12,5117732943106024
-15,1570227237427737 14,3966676876353787
-15,1559532870282112 14,6176996740811340
-1,4304074987623843 -13,5858679176959729
-2,4479618543957109 -11,6498659231511112
-2,6453881364160070 -12,6481782241835798
-13,7094624545320425 -4,2356872900828515
-1,0589198397722952 -12,0582069976704638
-14,1143279168756770 -4,2638929649499566
-11,6290596164416993 -5,1047142022683758
-14,3991392415851198 13,5778366791429352
-14,4350922941110120 15,1061898123438922
-13,8372568366543316 -3,9889728470431014
-12,8995736834420942 14,5044811743519162
-1,5112701082440911 -12,5753559146053622
-14,1957689207840740 -3,9469282034366246
-12,4461279678848946 -4,2059452085160149
-15,2940849844813265 14,5978845656699185
-14,0497803008072832 13,6559807660627648
-15,1292146734943991 -5,5157741842705956
-0,9914115242798620 -12,9718446742612414
-12,4231979698049262 -5,7885785287812004
-13,6292323164005396 -3,8817900869951236
-13,8313092603473873 15,5582225579702182
-2,9940116049335082 -14,1935586399061542
-12,7295402640247186 -5,2931267388638696
-13,3000126616520795 -3,9938046708360249
-15,2412299839705270 13,3599230423254784
-13,1054014740684135 -2,7018676990323547
-2,0220373255594177 -12,2190140854162816
-12,6393457248437819 -4,2778549882499846
-15,0249998171513095 14,0871631972236422
-13,1944289193832418 -6,0114056539073575
-1,6577150968393655 -11,9923562986840437
-12,7618055236646253 -4,4844128495535740
-13,7984520474259895 -6,7110332209952999
-14,1765773253273473 -4,9118018313969873
-13,6018175311539871 -5,1273800067366304
-13,8059916651286425 12,0561689576918383
-0,8141350095335922 -13,2842622424404642
-14,1804460959957552 13,8602022974269428
-14,6808177914903695 -2,9730110070252627
-12,5500630549718455 -5,9188936256309743
-13,5549066423365989 -4,3714549486318619
-14,5972899907879725 15,5668751262866589
-2,3708240037053807 -13,7482844509473505
-15,0352149642610584 14,2433328588519981
-14,8194758375474507 -5,1782902124416541
-14,0519942767535113 -4,3084136362325012
-1,0661233499174869 -14,1445034027714076
-15,1132654941863933 -4,1811952749939838
-14,3461594485548556 14,6756308481101989
-12,6247844703574366 -4,6177885575879971
-1,3179439359495171 -11,5790560192219889
-14,0952343387363417 -6,2746036428045011
-12,5544651282526765 15,2091246077642381
-13,3165254663103756 -4,9912465651419549
-2,4559631195614369 -13,1380895416424313
-0,9486965704847693 -12,3335369126687642
-14,7354374142956335 12,7749026267332457
-1,1627051367541421 -13,0334732073470434
0,1826863006311639 -11,2457839248016267
-0,8755915815146507 -12,3673613145591474
-13,6663539695573188 -4,7635113843500667
-1,7671719184935537 -12,9104714096359015
-14,6899901910414368 14,5066827004777679
-0,5617110249010434 -11,5685216051290105
-13,4254304481688091 -4,5982007866269399
-11,8429476001887242 -2,6118611597585408
-12,9694142713711926 12,6696929219552299
-13,1436423507781246 14,9740317613418377
-13,5774378647318912 14,1086537811384254
-15,8053872719899644 13,6948214840785987
-14,5411879746931287 -4,6545353528568505
-15,5933458240358256 16,0714128666147218
-0,3339344198336089 -13,0913675906265325
-13,8024445317354694 14,7252255692006919
-14,1408815699749031 -4,5233090827680567
-13,0253161018006161 -3,6806812614827660
-14,2491072452589833 -6,4830915434582899
-1,4712342867117514 -13,7127395118526234
-12,1865980667968543 -4,1125847015959183
-15,9024768585982628 -5,9101586126332748
-1,8940958708044628 -12,4066282483843544
-13,7789205750460493 -4,8050030885347237
-14,8564809918832985 -5,5722837467798385
-2,1399359352164842 -12,3557057754924564
-13,9838896473307805 14,1030640497402260
-14,6914669966603100 15,2431467720274441
-14,1287931416886199 14,0294801613564513
-14,1954129560203040 14,4703780007946943
-12,2745203751270306 -3,6567652741220704
-13,3459641222761842 -4,4269582270923449
-11,9620291559828331 -4,8364150720097880
-1,1646227045826087 -12,1944608512804251
-0,2155921950049267 -12,7875385754897088
-0,7057836119595353 -14,8455786600196955
-13,8809293957556346 14,6505348770079209
-13,0226910456708644 -4,2749400052559787
-14,6503584271125291 12,9369417886048090
-12,5643309514763004 14,9141001654814627
-1,4052770154707552 -12,1388834222429800
-3,8816760805261254 -13,0726969887866922
-13,6477624408642431 13,4822290391850306
0,0866584778753954 -13,6593813144483534
-11,9973473846913663 -4,5103278469602213
0,3605126460205403 -13,8206458081663754
-1,0577464404584442 -12,8525283645086041
-1,2079076745337880 -12,8272745090468998
-12,9164881335331891 15,0825022247625551
-14,2370460788575226 -5,5764360518295648
-0,2205507881367992 -13,7221535145535398
0,2932526571246759 -13,6698596624377089
-2,1528148252297719 -13,0977079887336920
-14,2898694324016251 -3,2915478643398863
-12,3539412256978949 -4,1589068080110705
-0,0528013474312268 -14,5983412317633725
-1,5718343775148822 -13,2709024278837351
-0,4955109976323987 -12,9375616067254295
-15,1545416885757920 -3,2150369870178763
-13,8612198586526034 -4,8061574379244121
-0,9314324698786175 -11,3538700206622281
-1,2161955795915946 -12,1847805463161105
-0,4580118585291091 -14,1960731027357205
-1,3381135773802004 -11,1359396015211569
-13,8849566915679272 -4,3284099406408405
-14,2358295451900201 15,1159901538162700
-13,7916783725135765 -5,6072872085392653
-0,4032980907518473 -11,5031479641305161
-0,4720613062767027 -13,6849959046350858
-14,9070048803976096 -6,1703156523349882
-15,6098996080126486 -4,9296006396738221
-2,4261927542726247 -11,6039810187298826
-3,3107981947526692 -12,4006647758630209
-2,2770354548067644 -11,1354764917847504
-15,3254925407867031 15,0608943273322211
-1,6440948851196773 -11,4622292302898767
0,1995741024722655 -13,9729696282389710
-0,0919642736004964 -10,9068929740234317
-14,2703952906835401 -5,5575965167427581
-2,8926007122229525 -12,9167317469827694
-15,0308668381967845 12,8560014586435667
-0,2912745639123462 -12,7184282584779904
-1,2676352035921199 -11,9651157917941937
-14,4085090814568648 14,8269853894352828
-12,7409820378092089 11,9573149187738856
-15,0310053212291876 13,9604363494334969
-14,2727889977171554 11,9924383330127853
-13,2384087832758954 -4,1657929917729835
-15,7658588613897912 14,4050305472322133
-0,8864108711945865 -12,6391913036031642
-14,4589241199841609 13,3655619439089755
-1,8169772574764735 -11,9169516900734571
-13,1537824970328128 -6,2314129648002297
-15,6751619529780228 14,0079876878040768
-13,0533190493331119 -5,4095746083380085
-11,7680173521222819 -6,4209608549627761
-2,3839316119007576 -13,2779031354310426
-13,4030990850087619 -4,6722662290482200
-0,8744943231264817 -10,4111130975384274
-1,0676581513719441 -12,8718187437206186
-12,6868770405683637 13,9952362192086888
-14,2003780392289389 13,2110254981327042
-2,4948751376780556 -12,4052363222623647
-13,3411945128847336 -6,7285345082811414
-14,0645323513204303 -4,0660816636053676
-15,1023926969719611 14,0158298562060679
-14,9635889114812368 13,7176122634928088
-12,7839370324177715 -5,1743751030444081
-2,8835823186840304 -11,3298706298639260
-0,7465604049714264 -11,2068259618624015
-14,4845453823109267 15,2516520575594168
-1,7808156815120135 -12,5730085573455277
-1,3313891635333754 -11,3042524055880982
-0,8166337686032298 -12,1019430152421812
-14,1761750209674702 12,0186127375363778
-12,7873277069051703 -4,1282329540242548
-14,5629392051590507 13,1563758742933512
-1,7419874984174362 -14,3974063315079377
-14,9235788353696943 15,6535281959519512
-14,5945624427898366 16,6632857220833266
-12,9759724503019154 -5,1677189955383449
-1,3479819790084704 -13,8347788760035293
-1,7402128031836368 -12,5107118502602841
0,8067654242943276 -11,6269747539839585
-14,9661227490973925 12,6449965180139561
-14,7099059336942055 16,0374769404338693
-12,7601080200465802 -5,4048998256065719
-14,9864972418211071 14,5218239600195034
-13,2151129499019682 -5,7603592169377915
-15,6027552018262288 -3,5329819579195245
-1,2709611494480857 -12,1949813066003756
-14,3251449670748787 -5,1764447555238187
-15,0614837253220610 -4,0386801756895796
-0,9260173083094695 -13,5512915624675099
-14,0922595009283196 14,0146330443400764
-13,5694616190620483 14,0837907901952235
-13,4971198403704733 13,9991069247293858
-14,6952220261826074 13,5937014837593448
-3,5155028171968814 -12,7485397183839666
-13,5658165576091836 -5,5722656975031502
-15,6118242020938034 15,7427840101859680
-12,6235007612601464 12,1855556711921480
-2,0822191491337452 -12,4929095359449285
-14,5210794617842200 15,2607015269302622
-12,8079447068168459 -4,9758173897963367
-1,3696348104008573 -12,5240264421896903
-14,6792286794102651 15,1710470772163042
-2,7416013403571649 -11,3872393603317086
-1,9716950828003923 -14,5077695562565605
-3,1556415695073308 -12,5634699816049284
-0,5560167439845912 -12,9920291883326176
-1,7211680472932644 -11,7644683367659972
-1,8328842149991071 -12,8684873622189091
-13,8315613612700954 -4,6001069678357496
-1,2756533622750661 -11,2570872076691302
-14,5720552556150995 14,8924031424338743
-12,8156552350103201 -4,0725012898910906
0,2810472992784299 -14,3574664648537187
-14,4519481947488941 15,8103231908910793
-1,3704449044440838 -11,6064870708435723
-13,2689569345195668 -5,5215075803618578
-2,0356022970204184 -11,1676801592813320
-0,6774021030451858 -13,4985929049340179
-14,3939775287103302 15,5954297510641915
-12,4054595988748293 -4,7100568151694686
-2,5633381793719661 -12,0040645416373213
-0,7303139761951430 -12,4870385852414412
-13,0882649432920122 13,9380584201480549
-2,5826597859887843 -11,8612741417718208
-2,4980161579578919 -13,7204376638823753
-1,6830787298644723 -11,9594745687782869
-13,6890736195181155 -3,1600634008915107
-0,9949417618328137 -12,6367033290780402
-1,6861940766325902 -13,2259472560738107
-15,1520941462369940 14,2616536395932823
-13,5694381886838187 -3,4460864073733690
-13,0266180714447390 -5,7552629101998001
-15,1114794467548421 14,5747826747060927
-12,7917712649191149 -4,7131336523218721
-0,6710812058762675 -13,9692899322791106
-14,5315880834776312 13,3756389954340733
-13,9569108458861901 -6,1435771043114249
-13,2915444095224071 12,7139734128772410
-14,7405865341133744 11,8313706977587909
-12,9367473736689806 -5,0824485027059705
-11,9957366029877424 -6,1555255243437674
-0,6688863859941316 -12,1751397756209094
-0,7930239280518723 -12,1923300172715301
-13,1342946225265251 13,3741811390872911
-12,2203966673452840 -3,9586612651671951
-15,1238542946021486 13,9645236562638111
-2,3822522391096781 -12,6830507986069811
-16,2209210728829092 15,0541539844644543
-15,2562546367779373 -5,4885322430906331
-14,3132692395821604 -5,7443540720607693
-1,8241843334606525 -13,3873997627797010
-2,9859344961182277 -14,1578665580571830
-13,7263401335383204 13,6370163423842516
-13,0613176219314440 14,4352875584177855
-15,0839995501620017 15,0406516522690499
-0,6549445876026033 -11,2346948593056535
-2,2025347510523026 -12,5935216998421868
-2,0469240395156465 -12,8537073133849962
-14,1837738196490211 -5,5602701546815858
-15,4106010135392761 12,7082121017796670
-2,1320675925609525 -11,0734387029763717
-14,7821967754965922 -3,2431048600487054
-12,7222296446459229 14,4858640263274889
-14,4792347139741278 -3,1528773244102486
-0,7649891979133040 -12,3019100051399786
-14,8797689962592194 14,0164492303211041
0,4739582385776218 -12,5827275535727541
-14,1303211405335922 -4,9065941455336084
-14,3368216013306142 -3,5279719790014048
-15,2151761874595817 -4,0715199494830081
-14,2405352447383020 13,0668968079259162
-13,1756414616497679 12,5523956960381806
-1,6523557554184718 -14,3548436599267397
-14,8168853581866831 12,9243086757397929
-13,1011414878522654 14,7478562833505933
-13,8491222637553708 15,5297526265096675
-14,3619730379848249 -5,8617854702282317
-15,3588061653472145 -4,8218696713163096
-13,3323301202078603 -6,2062776242608946
-15,4249809175109558 15,5199309141748678
-15,0126329148900073 12,7592053451902387
-1,5027183751075686 -10,8694330603593592
-14,0136249828418684 -2,9625063942414602
-3,0657075070914948 -13,6472710459759519
-16,7829954401473991 14,2451097675331972
-17,2546851137605834 13,5467467654064055
-12,8136262505842176 -3,4139580575816297
-15,9961820793569576 14,7025163709867304
-14,7652305509131896 -4,4680296432891673
-14,3660604290734657 15,0367670483803000
-14,1535910679958210 -4,0700646374218321
-13,0384729324589550 -5,0675326201361353
-11,8346577975929410 -3,7154629971271986
-15,2585205252112512 12,3173012618203543
-14,6615846702641921 14,3166513908566770
-0,7268222395930528 -11,6232225574559553
-0,5313749884222517 -11,7820057263082258
-2,5404019532102051 -11,2266800332229550
-2,2585310815846493 -11,8208427048392526
-14,0827934401564061 13,9066236321069709
-0,9005254391302887 -11,9735304293520457
-12,5108527640314975 14,6920686913193084
-14,9388474469528614 -3,2919087691522702
-2,3215646206338252 -13,0442122454701082
-14,6152209042840440 -5,0803283679410187
-13,9968477345804949 13,4541720783485754
-13,9000178861043011 -4,5114597093926507
-13,8931082061687867 13,1877290326281944
-13,7680151639976192 11,6780248926909493
-1,5476442173502667 -13,0333402185675631
-1,9123667022072892 -13,1243426974514552
-13,5079142763161606 -4,5429117409234179
-15,2693082114779468 12,6970098484091700
-14,6112033892499937 14,0667977176406964
-0,8390135661244486 -12,2695894446720253
-14,7175873495490634 15,1098627239834915
-2,6208454979449440 -12,4653490501868927
-14,5137758544024180 14,5137058408398492
-14,2142033901488638 14,1107602755517831
-2,3094943460397173 -12,8573290873634765
-14,3104570187769884 15,0518881755103102
-2,0821704318139029 -12,2394221612977869
-12,5839540602043982 -5,7487610334206485
-3,2149225819750407 -13,1522429031459058
-0,3174119438100804 -13,1796271651428523
-12,9762333183828122 -3,4863304852648538
-13,7938376921714703 -4,1498646457270478
-14,6722838121351788 14,1678843059739599
-1,4600630064793867 -12,5599889485148299
-12,9403878580682701 14,3894555347562818
-14,0970699388863512 11,7533238484093303
-1,9309974982700573 -12,5798328853557653
-13,8985001405930966 14,4314808064062330
-1,2936893771649147 -12,9631633107939308
-13,4172955071597677 -3,6454796172340398
-14,8759633479757269 15,9551401801374624
-13,9344536758088022 -3,3230006497173070
-13,0362428380393105 -4,8330752381057831
-12,9214094226633396 15,7388998372856399
-13,1902375376750438 -3,7733109693137221
-13,1982244420165777 14,6180453158868318
-2,4615892060922162 -12,1809984911727511
-14,2216043591399082 13,9043511705088996
-13,9805197199460594 13,4985481809863490
-2,1091724837959598 -12,5421453370876321
-2,2737899620689563 -13,4367181278215408
-2,0324135791831277 -13,0141585635888415
-13,2860682627407503 -2,9242572800001621
-0,4575454957855773 -12,9670947585212151
-13,8285140339894141 14,4783831005382666
-2,1986318905555566 -15,4669107934519126
0,7250665747046949 -12,3155738568625317
-0,2322172607128594 -12,1044421567657903
-13,1523093869680441 -4,0930283571955224
0,5714254851558009 -12,3851367414140423
-14,1958236064254191 15,8138343470360478
-2,9218410155907435 -13,9391243025746618
-13,7759759005416278 16,3345808999417095
-14,8496862946844228 16,5740783221707595
-13,8068671036426025 15,0093603722270821
-2,2315480510519006 -12,9888936895364520
0,6113686682306185 -15,0170425394624694
-12,3499453587543204 14,7172673799316520
-12,5180600202754899 -5,0530701547927528
-1,2260262688600214 -14,1762300185186163
-1,4406143954162138 -12,8690680906317336
-2,1204049253592134 -12,7639720016873923
-14,7320917911247573 -5,2286973932178373
-12,9212496545383502 14,2114017522894542
-12,9793329291276294 -5,5485919866517621
-14,1677079877688854 13,9576716295960601
-0,0100176226061530 -12,3162054990262853
-14,9049434569319477 15,0732119336412573
-13,9819417442333869 14,0913057005384790
-14,1358789907450841 14,1798717260782468
-13,6139950989406273 -5,2291825487897059
-14,0995974096349297 15,2051726387460580
-0,4048177162274864 -13,5185140678808580
-14,4682917180464585 -4,5054501398402413
-16,3973145049542204 -3,7606874336078291
-15,5691328680048819 -5,3025660328974169
-2,0915317083638385 -12,3413424593264764
-1,1516412410378138 -12,9460493770226837
-1,4161272089791561 -13,6288751658848479
-11,8369082469713369 14,3017893634518867
-13,2501112344732146 -2,3113841652085636
-14,4537531017767549 14,9054800449681775
-14,3114858667734417 14,7922185849831607
-2,4287671699247757 -12,1604442126238492
-12,8641716400255710 -4,3984748162393590
-12,8976861513612580 14,7462464729195606
-0,0814270984215233 -12,0387604246743063
-14,4815732788813083 -3,4741017290439746
-13,1150090700054154 13,6437130453958204
-13,8109414618047293 -2,6250857133947805
-2,0697096623978251 -11,4914749284535613
-16,4938815010833011 12,9550357856228846
-12,4259863729019795 -5,2126998308792976
-3,2666995029589465 -14,0690845312218791
-0,9920929070881749 -13,1522042126314744
-13,5377841232811686 -3,1116702389065347
-2,3265386065689029 -12,7450150874107297
-13,1047443583425522 12,7836973962105720
-1,7297274231707542 -13,3853534681258441
-0,9978059923295250 -11,8328424335203408
-14,6639874496091824 -5,2581478240950359
-2,1801494196083731 -14,3558353403325096
-15,2589778588685387 14,4289619737960528
-2,5377748582167259 -13,7903401232726228
-1,0935195418084320 -13,4167145035515336
-14,3616294042242068 -5,4689363691831625
-14,5260973968048361 -5,3581851575433692
-2,5368938998369033 -11,8897495740039201
-13,3663403786430113 14,0203685886526799
-14,5818346970485919 12,9773596298095857
-15,5527449037112824 14,1356574309024960
-15,0408024258568833 -6,1079440208610523
-3,3461363371655555 -12,7175438361203827
-11,4528808960888302 -6,3745744122633230
-13,4451848205242435 16,5457995976428087
-13,0717650615158725 13,7555681877317557
-13,9849824320358245 -3,6023830024846908
-1,2247895514249914 -11,9985405390409436
-2,0993847086450792 -13,1873691787655538
-13,8396112236106230 15,7409083266331766
-13,3981025935872555 -3,8590666005158067
-14,5725424675989199 13,4984596527095793
-16,3923610175595584 14,6793997575889392
-1,9754374859022801 -13,0198811300821458
-3,1807381682210827 -13,6488147375955258
-14,4842738260394128 14,4055243888331521
-1,5904633898999783 -12,7105412927766377
-0,9904769172324424 -11,2761540176042629
-0,3141465040695903 -11,7031752282848309
-0,2903408754088601 -10,9818748800632395
-2,2776191882329520 -14,8512678456483815
-14,1627621382960722 -4,6641950326674069
-16,2874177473835822 13,7884244835844569
-2,0386465346903249 -12,6687516148041261
-0,6627610657650508 -12,7152140056928395
-13,7528443579402548 -5,0493236876007614
-3,3174665032819735 -12,8173986811680276
-12,3106857539684729 -2,7948962016885019
-14,6370518557757681 14,4348526615150252
-12,6548704194410675 -6,0015186630473893
0,6867749586987895 -12,6924151665375469
-14,9021190946321109 -5,2315236992992400
-2,3051918139773981 -13,3505059488886868
-15,6895082349284447 -4,4415900848258660
-14,6676254743648649 14,5821099372144829
-1,3956866488013411 -11,9228012400425349
-14,1593857846865969 14,8567040523220850
-12,5937910215829767 -4,9772789586212944
-14,0305116303273145 -4,9080101026834395
-16,0143045780558104 14,2519169436342903
-14,2384235721921950 -2,5108897663415233
-15,7824446038794619 13,8487293971028702
-14,3065897844006003 15,5758582708068296
-0,7668281256575932 -11,0049636147829819
-2,3452835902373264 -13,6875958000219722
-1,6534884421049327 -12,8031585584183638
-2,6339154755959910 -12,0837448080769914
-12,2550343021984354 -5,3599938127975335
-1,5794017907104356 -12,8786062012634250
-1,9556132664106480 -10,3778938257459590
-1,7878849933556089 -14,4837158820937244
-0,9012554928391326 -15,1547737412385768
-13,7239435771649223 -5,1538602384739773
-15,3504275235913159 15,5985774347859483
-15,1021077793847951 14,4680949887026049
-14,4301519940139293 12,5926266951094199
-13,1014959302389151 -5,4880653326917495
-12,9079006639721818 -4,1455295347133205
-16,0876279642019675 15,7903796061812791
-13,8915992536570645 13,7838408354434456
-15,4353285886692042 -4,3324770922006062
-12,5478488564046593 -4,0659213832647696
-13,9525193577704698 13,7059539221325970
-3,9002093846457906 -11,3587099036229286
-13,6246369677365458 -4,5738383934034310
-12,9034367936810099 -7,3821575582865284
-15,8977081155886335 11,9821531623079629
0,7652802782881349 -12,4227228695011576
-2,0104780160419593 -11,5603200234474564
-15,7418345533351154 15,7842029483253050
-12,1885789888312193 -4,2613952350243531
-16,3906845827706107 -3,9288473872002467
-2,7615402691060362 -12,8061126885132097
-13,3458274322355361 -3,2513740469117787
-14,0140827660625575 -6,7211427345583301
-13,5828569777972490 14,4510811670793320
-11,9154490909708262 -4,9053984443986742
-2,3379479147213509 -13,0923503439888762
-12,4920173446003826 14,5680171383803412
-12,5702937227107512 13,7422617205406450
-1,9759419770139073 -12,2297981348665878
-0,6242938394919419 -13,3784011108780945
-14,6982107901963861 -3,2961357506768172
-1,7685963073002011 -13,2160022227324934
-16,8061451247590021 15,3901704435554851
-15,6976227292236814 13,5354557802281299
-13,8586275505771344 -3,7810586818481138
-14,6239380702087836 12,8189635026718847
-1,3558529824282308 -12,5405499684764159
-14,7620762303807318 15,5581649743780410
-1,1373217530914961 -10,6527222699528714
-12,9234802167434744 14,7385807397870021
-12,9551765272058770 14,4219962725731783
-15,0010104525799353 -3,9671827154249235
-2,6509861263814813 -12,4667975484634521
-2,1563318168829935 -13,3525011513879690
-14,5139304630403494 -6,0153792286694534
-11,3356174217215706 -5,1036782278970190
-2,8521647167313029 -12,9858268616679435
-11,1850633949131275 13,6540698392543387
-13,8808292502695281 -5,1435985392618804
-15,4486033542615484 14,4531635863041341
-12,6187388934061477 -4,4124408700707010
-14,1559003786244890 -5,7558108475008005
-13,2143243704895337 -4,3563720089161091
-13,3042916822072872 -4,7362617828558076
-12,4979054982293878 -5,6328623132854325
-1,4123423346119832 -13,2401813224663556
-14,2149745739061810 -5,0272069137454398
-13,3316002976055135 12,4365619069006357
-2,0452382799327316 -13,2880563446378073
-15,2036890071871493 -5,2950933544011844
-15,4684453086044780 11,6996736342208045
-13,9262363251683947 15,6510248434270913
-2,2621004011416206 -11,9413572982291409
-1,0594794967601198 -13,7420555634067849
-1,9347250721685239 -11,9546086508856746
-12,9119810729074018 -4,1004786174201540
-0,9151977954931160 -11,8325893204205936
-1,2847080725464783 -12,4046890629007169
-14,0192929436330509 15,0645425572934695
-0,6080977645442528 -12,0741512697363280
-13,3933833241993110 14,6766619756286225
-12,4211675289879597 14,8553872112787744
-14,3670269518892457 13,2105118794148311
-14,3110721769413018 -3,4671112468257270
-14,7974037270331582 -3,5735093661447346
-1,4677748020146930 -13,0683433749257478
-0,6070925783570472 -13,5533253041712989
-15,0105822553898793 15,4517755817162339
-14,2346225917596954 15,4683695752257684
-15,4784355131529185 15,5370125208630920
-0,2044170667326752 -12,7448414435436383
-0,9533453790967825 -12,1948947284880660
-13,0785052918274776 15,4549961643401268
-14,4742744960858527 14,3953618227365752
-13,7245232723314512 13,7150804598639802
-13,9299854021200780 -5,9608487633672400
-12,0757089068741319 -5,4864163611194767
-14,5987642349553983 -4,2998070860121178
-14,2487992290821328 -5,5298577396608524
-15,1070089436622936 15,3645958517111900
-2,4890200682313086 -13,2971205758255309
-1,1044141775617147 -12,9498690617610883
-2,8794368232353227 -11,8496245210368745
-14,6242108346795820 14,5212048593066267
-13,9565128738407385 -5,4189814097097733
-12,9540278439534884 -5,7830991961153160
-0,6936185346955843 -13,4779132596733913
-12,2546415814260108 13,5665145547985020
-13,3464269258788129 13,0490926836099312
-0,6307556362247397 -11,7865692563442135
-13,3475184823053841 13,9225761060806086
-1,7093262418159747 -14,2150990167277058
-15,7741682676525627 13,3819681730431377
-13,1278995067271751 -3,4747076911153645
-14,1565254767183326 -4,6525148205321383
-1,7838405988770312 -12,1245262706736199
-13,8834467546217510 -3,5193735760486664
-1,0506510019818143 -13,4338323372680435
-14,9775374936771293 14,2853220792412454
-13,2289333072379041 -4,9830504025048032
-1,7575152806711860 -13,3413322648751524
-14,8268970183810911 14,3670781282620332
-14,5836160227403298 14,6246895317006462
-13,5875717866140420 -3,7343248729964964
-14,4431923310860331 14,7969251160107333
-2,4174984451965145 -12,7368278994352693
-12,8403087729227305 14,2893635831278480
-13,5689555419224401 -4,8316745567804773
-12,3913850658798292 -5,5711835674180090
-15,5749863682878047 13,6513991138701520
-12,3726726203847246 14,1320990835099156
-1,3739467800515117 -14,0073047805462352
-3,2793718016401519 -14,1928636222277618
-0,0954221169614708 -13,8789118098778079
-2,5611992932350116 -11,9358272617745733
0,6410471958640134 -12,5088328681319361
-15,6736756098305623 13,4576320382622789
-14,8343319514761269 -5,0995000855144896
-0,2716351295422228 -12,5214251823990015
-2,5174785527564296 -11,6889974703060506
-1,2294931444571204 -12,7655423690514986
-14,7062086297809316 14,1468473474699277
-13,7835211510790447 13,5151617221640556
-12,9148479008649133 -5,1055319343354579
-3,8033199319902238 -13,3681593885188086
-1,2073557257782797 -14,4428112080362823
0,2206371906168239 -12,2923273477939379
-14,4724790312491347 12,6746193329627221
-2,3229951894365399 -13,1115886714440286
-13,3394773016388459 -4,8729237500771019
-0,5165496181245061 -13,1701989346908519
-13,9791729419015986 13,8546641544768505
-15,7568710165699262 -5,8589969095989822
-1,7291003516819121 -12,6334343724457714
-13,6701395799777163 -3,5167875069650920
-14,5336521236718177 -3,9566318259820736
-13,6494901305647343 13,5825542622734652
-1,4583089977888148 -13,2438725127878669
-0,6350912312865405 -11,8773226745284148
-12,9299264152158955 14,6415982141891838
-13,0590244982682577 -5,2422703135733739
-15,8854914948095249 14,7898680228044626
-15,7074269429297608 14,5699083905468516
-2,3655801899266731 -12,5742268622689686
-0,7135293695130216 -12,1869117955274628
-14,6789250226633925 -4,4822171633775092
-13,8928912446209178 -4,8481644655325136
-13,3729718186507185 -3,0716350712513596
-13,4384117523013789 14,1258805715740383
-13,8650245148226379 -4,4399119018067381
-12,3390184681656692 -4,8997526923696562
-13,7420390489491169 -4,1893389462177710
-2,3854282856997262 -11,5368855805459347
-3,3444732938164585 -11,1347106094973309
-13,8813989598542857 -4,7250452899260678
-2,8092697603962833 -11,2306470402463816
-11,9300339198281335 13,2241132007005397
-13,2526785989498457 -5,4483673986367860
-14,4624432333825688 16,1704562694080316
-13,9320977013788720 -6,9501664238378487
-13,6414714391821512 -2,6703410415522582
-15,5855886333011089 15,6105935370940276
-14,8242850075659298 -5,8905687337810768
-1,5354773707104787 -13,0650286519130567
-15,3962368396574121 13,2453167907617892
-2,5570298539798282 -11,9337220255636360
-0,5613383884886343 -12,6737764044513810
-13,4066400271180122 14,5817618283514960
-0,8866764973817659 -12,7694225959912604
-14,6201682504785815 -4,8857499854986015
-14,4094823703555175 -4,7469270834861339
-14,2070001987771501 13,5029116450033584
-14,7997000513469867 13,2397814301260457
-13,5733102592096238 -4,5847382053829229
-1,8002842185842942 -11,2155389755788804
-14,1366904130914328 13,8159410356291268
-12,8053269767634692 -4,0343895354312673
-13,8738347178278030 -4,0576503928149785
-13,0583771739548489 -5,3535429153544083
-14,5920518345594310 13,2133895777609265
-12,7378083808498896 12,4623582571956764
-1,0802461715605804 -13,8531059415210969
-15,3937706515142061 14,8494338868456612
-13,9682887065715011 14,7695521710609530
-1,7995688188167978 -12,5320893481595022
-0,1452932174142767 -10,9710308254494695
0,4244728905053248 -12,6310664446343850
-14,6003347778052692 -4,4174858372276242
-12,9877138215645012 -5,8944437691951101
0,5710973928404099 -13,1940648501385738
-1,2887812565028045 -11,5345942783697115
-14,0722603058059743 -6,0133509905544429
-12,1232621284047362 -5,3942622569026062
-14,7044773328430853 13,9154898463577865
-2,0320167468187438 -13,3809845594965413
-2,2144807444440158 -13,7579646353185616
-14,4140005500183239 14,3747785208515904
-15,2167109823919517 15,6518824988312542
-15,0355000530600265 14,6174458478409441
-14,6275648012775292 14,1751229260102907
-1,2891469185171769 -11,9972546701586520
-14,6866759776430680 -4,4269412271705741
-13,1525283892653988 13,9564136296816113
-0,9793483818641205 -13,7366176519001773
-2,1792998652802544 -12,4801566193694438
-12,5653015988768750 12,3045320719578619
-12,6946783429396621 14,7369666481567023
-11,8467655214146266 -5,8293404009503735
-13,2508298669976305 -5,3756789451836955
-15,1494402781362751 -4,9262446414530405
-14,3988647428904564 -5,9041690699382858
-0,9955938962202336 -13,5624050970514283
-14,3041400625335609 14,6976242977111209
-14,8996419220003435 16,0986702042264369
-13,6246386495577099 15,0622429696033588
-1,7382914029783070 -11,9336649862997959
-0,9400829467338222 -13,1076391848135767
-1,4799312756327525 -13,4432339479582730
-13,6326085757663193 -4,1716223285471958
-13,9206184381136922 -4,3440882833233756
-1,2081868061068228 -12,0423007716780877
-15,1651077323422516 -5,4891211006852432
-14,1582166872556012 -4,7292235149806494
-13,4442916563626316 -3,3926635111199679
-13,2978485332204368 15,8352337605562425
-15,8833815742043676 16,5530796637233735
-2,0391101826391731 -13,2704640414662460
-0,6724017675373747 -11,8970496692374841
-13,5095701537146322 16,4549064102868989
-13,2553675268348954 -6,2179119701691743
-14,8618264906669921 -3,7404604346696324
2,0647797103136378 -12,6944682412591341
-14,2553272480740194 14,6516760593202555
-13,2811668052787688 15,5566689803128835
-15,3825804604774721 13,8063920693568303
-3,1049132283580825 -12,1655610132201346
-1,7190696897808997 -11,7121375310979037
-13,9382996023348333 14,1106605312984978
-2,5416666338788430 -13,8162502862754231
-16,0656409664083597 15,0660637300302049
-14,6904057806539114 -3,8915753978851075
-2,1124523185307797 -12,1078315243511572
-13,4937877344803994 -5,2955260330713827
-1,1332887861304841 -13,2919685680848776
-1,4805530458915774 -13,4215136183434804
-1,8001399805696561 -12,1232092955899748
-13,4879035487369343 -3,8373557619726868
-1,4997544847320177 -11,0252449292826569
-2,5964872330981343 -11,8221065979977418
-14,0757583836911344 -4,5274283066979315
-14,1756803733920211 -3,2972438025587616
-3,4774049476985720 -11,7485061710633385
-13,8789940572599892 -3,5570517657916323
-14,3159402827752231 -5,0521527189422848
-1,9945143872465785 -13,7442650238742630
-14,2828680118609004 13,9823218277577759
-14,4924165679728016 -5,9221048923852697
-0,3988072658526631 -12,0821624901430180
-12,8767028165712247 -3,7331226321121953
-12,6433367460070993 13,7185427617685090
1,4005771982727260 -13,5421575772879237
-2,3825830882750214 -11,7419086489678168
-0,6745861181968240 -13,0295481605754819
-13,6854235471953185 -3,9914179288338851
-1,1162542420878192 -12,6767294975335378
-1,7256524666525905 -11,8078754060574322
-13,5131187333506073 -3,9188350878091240
-14,8671860247706533 -4,9288469493044227
-1,6928401390134642 -13,2803082134161912
-13,8282165547669198 -3,1735170116609970
-13,5239024943815860 -3,4445497325712187
-2,2538549662709535 -12,2283835968796435
0,7071238991103299 -12,4692338195856696
-12,0201218332066091 -4,9936561370326311
-14,4607690010985372 -4,5034658225640056
-13,0871505128458203 -6,4246916527893099
-14,9007268258131518 14,6035278678053491
-13,8403102431721710 -4,4079305028174725
-13,1396400150088279 -5,7097828945186873
-0,7207124120088674 -13,1247537453234173
-12,6193336594475234 14,5713915434404271
-15,5841704560853014 13,6110262656376584
-1,9489128603373147 -12,6899682465907340
-15,0956279308605907 -5,5418668906479898
-14,2083162544324360 -5,5385095563011140
-13,2219678924751189 15,5657057746068244
-13,9657985407500664 -4,3600429864129318
-16,1852136810011302 14,7935859281463085
-3,5810645212806480 -13,3885687945901655
-0,6583595365189175 -13,6279770836738567
-1,3652593155985939 -12,9580925373198994
-13,4996609849390481 -4,6006912124665682
-14,6364741116825048 13,9328793792721903
-2,6885233110159845 -12,8003921013045314
-14,5681839807654629 -4,0240397528930671
-1,9203183118200364 -10,9584006012322099
-2,1667298123174814 -11,3980406685720208
-0,3933803973716357 -13,0238742309535258
-15,2047842067460230 -4,4931009927538117
-12,8776892319539495 13,4519824270926840
-14,6250891674892820 -4,3101320661924714
-0,9973954059699925 -12,7109655407312871
-0,3284656132139576 -13,4099737801588041
-13,3320776099059284 15,9380603927771389
-14,6314116365488882 15,1307754470654015
-14,6048527411975186 14,5497446939979227
-15,0597507662113319 -7,0609757793200707
-13,4359298994500982 -4,6928934181991542
-14,1535957684527602 11,2717816406648499
-14,8892987871629163 13,3100915530765089
-1,4595097512809947 -14,2522779559819952
-1,8647830932637675 -13,8201753044687621
-14,0147696101935555 -4,4061529855760595
-13,9283106605677336 13,4741589494339742
-13,2437115416035596 -4,7604619617839612
-15,8130436477165706 -2,8860829432390300
-2,9361929461242546 -12,2839183745882057
-13,6138814234842993 -5,5074243522197301
-1,9658910112288139 -12,8057193798077584
-16,2743433322969366 14,1245292528880828
-12,9631125292407141 -3,5667518061940808
-12,2486674934643816 14,3776661093426945
-13,0569646968138606 15,5313249137108702
-0,7427115359992492 -14,3554058253620127
-1,9753123096407825 -11,4992193841295602
-13,5774154832819249 -4,9425571657809444
-2,9942794322706345 -13,6556662157778579
-2,1545254117515249 -11,6809726824336177
-12,9914861725633557 14,1366937871992437
-12,0556836522538475 -5,3551448156329036
-13,7279147602626974 13,1327677320633089
-15,0529951570570848 -4,7307896361385167
-2,3727817818940551 -13,0894337429649887
-14,0939801506787852 15,1213849470243691
-0,8830017525242513 -10,9395431529181408
-0,7759684221637602 -11,8479757431771517
-14,6732216097894739 -4,9058792223991752
-15,2917015209816540 12,9505378950687255
-14,0617601296417654 -4,1163868470406673
-2,6370982215528516 -13,2744311237282151
-13,8204473133096961 15,0964454254458946
-15,5088240019716554 14,5753121252790532
-12,4409682203809115 -3,9442975080016045
-14,2547199203781165 -5,0769622148616715
-14,9698771973111011 14,7965387655943861
-15,3793906024511244 -4,5969978794917754
-14,9973778393652335 15,0371940207884762
-1,9232336525174420 -12,5703482245538556
-14,4707860426086015 -4,2563861641945246
-14,5989895318218235 -4,1112475396453476
-1,6103059375146758 -12,4329285433572743
-14,3393985008785432 14,1895634263557096
-13,1678157012996095 12,9363084845173244
-14,4031420918289310 15,1635358293632301
-2,2263752882020569 -12,7314456391947299
-15,1224491355091857 -4,2780470712896204
-2,2823539331392144 -12,1277293647063047
-12,6183937456975279 -5,4702907947365231
-14,2465705653215977 13,7157043281823618
-3,2938269232410526 -11,7249110789334008
-14,7562401185656924 -5,9591266932667040
-1,8606739458093264 -12,1934193096243568
-15,3217272285970214 -6,1813959411174810
-1,8186643006503251 -14,2110293290889338
-13,5506767753963793 -4,6803602064386407
-1,4296501166673510 -13,0969134250568082
-0,5537732144855605 -11,3167660122867684
-1,0224765205075002 -13,5550795373640582
-15,4919735833142447 14,2094376631338175
-13,6977746216812424 -5,3034922224027952
-12,7932902149064223 -7,3319201276990462
-15,4166694446814567 16,1728112392848971
-1,0114054273291591 -11,2977098327247383
-16,0450501295371204 -3,7834160326276800
-1,3846031992144949 -12,4225927625277333
-0,1722454731805554 -13,0375548384752911
-14,3062525229396300 14,8264266420696149
-14,0128538060914973 -4,7155718415642616
-13,2835478331211654 14,9754699623429133
-13,5951632946753236 14,5576479966482246
-12,3769304822639672 -5,4936543878462540
-14,4880814124817867 11,5735606505275825
-15,8358271018358181 -3,9408827180447608
-14,2643873243615467 -4,3191474753645771
-1,2954257857749110 -11,7292743622378879
-15,1177154025793854 15,1630971588399088
-14,1587194213455341 -3,2400062713762408
-14,6351813752895428 -3,3138178682237815
-14,6398613033276686 13,2012474167636178
-12,9354992353692531 14,7844308194522682
-1,5139762505040639 -11,6271393852554059
-15,5421167629441026 14,1406908061468535
-14,6124454757455151 15,6938727201840926
-14,3149994967103478 -4,7710651856510831
-13,0027742886847673 -5,6350744652460536
-0,6952736897479146 -11,0049428045948190
-1,8604612124644329 -13,5269777471429347
-15,0467461653363959 -3,5612455884851295
-0,2675992806192600 -13,3852032212854937
0,1940695772022150 -12,3316272189818363
-0,3091797173073345 -14,2587353954307332
-12,9368394499302166 -5,9570308035818922
-1,8581253761474321 -12,5387189241202091
-1,9741420684887419 -13,2573765810634718
-12,5934913668447255 -4,1902869021124589
-0,5757321631201554 -12,3869311042966981
-12,5406725885502670 15,9232140533707263
-12,6172341191405319 13,7514385264376262
-3,1054939004292557 -13,0559995342281017
-14,7619194828347222 -4,2167895806651190
-16,2972607137438672 14,7784961833220265
-0,6244996283413766 -13,4896817647250735
-14,1293135149403852 14,0120387942252140
-13,6597515045836566 -4,2398147537218520
-14,9765216588914605 13,1364543948445718
-14,2106758609393342 -4,6416361923429568
-14,4576338980179298 -4,7555487843246365
-1,1778801210580208 -12,7711306873374912
-15,6138429454889707 14,4196330846504210
-14,3544876843961831 14,0487581822913867
-12,0723616057930041 -5,1729956446046375
-0,1447100693766563 -11,0622727394758424
-1,2100400500339910 -12,6830732275846483
-12,9134967039141575 -4,2406883380736113
-14,0837970086146367 14,3186150429305901
-12,9802779131554757 13,9128502878676041
-2,8132064505152825 -13,6487106603031556
-13,7823029446575713 14,7086200890743406
-14,3692140096055869 -3,1861660024306340
-13,3885659665893701 -5,4583865468616564
-1,1608031183275085 -12,2895087320052951
-15,5857718083521597 13,7730297371489314
-1,8369657028658106 -13,7372367717707782
-12,1358663057331331 15,7702155235849109
-13,2502382059867294 -5,3194214353349976
-14,9399901527129266 12,6758418989781845
-12,4404226874151895 -5,7863049951560246
-12,8668564328573751 13,8508421229344894
-13,4363961044183640 -4,3686591109073678
-13,4106850729644886 -4,5357449277876007
-15,3789788241677563 -2,5679315842890325
-13,9848286635049064 12,8636929664326161
-14,0179236720437110 16,0229476226652814
-2,2360129497431385 -11,9794348561868489
-13,7970240727402462 -4,7971306544692984
-13,4945696915141244 13,1064096900690235
-1,1406875906828415 -12,8067005974108881
-2,5515829180365772 -13,3497331754816919
-1,3595677603620129 -10,6080400292977313
-0,4562016109404474 -12,7986478208699204
-14,0978945739797208 -4,2197643712406441
-1,5813564615690905 -12,4914505052863358
-14,1724434989892227 13,1535378566119725
-13,5224127251591391 -5,5062467220494371
-16,8164749748640183 13,6667278628414195
-13,3578294960177413 -5,6094039314257618
-14,0425171336665393 13,2495482987874968
-16,4951818679616125 11,9444722939708647
-1,5355451551655326 -13,3176308050433239
-12,8945507655413234 -3,1058900369042624
-15,4320070900466959 14,5407617740215862
-13,3040407261679547 -4,6912459564201630
-14,0849063120357041 -4,9229292426193831
-15,2336727201049413 -4,2574542399015387
-14,8512657170893903 14,2399789531079151
-1,8738273168759372 -13,5565044603884122
-1,7202660838684263 -12,4721909304055067
-12,5012798516012857 -6,7260633920450914
-1,1634346871720869 -13,0610476150785964
-15,3022670528075402 -2,1281963380048441
-14,2247614696478024 14,5158504366218697
-15,1279115100936252 14,1145828210162101
-14,2895315432113641 -4,2923809783658049
-15,0095169580959329 -4,6693939564066458
-13,8088331932420267 -5,3052974851048624
-1,8865932254613218 -13,7993402510443453
-14,4270002823125179 -5,2885279142386903
-14,4800076320620903 -5,2559098179525137
-12,3337224296826058 -4,4455004618043539
-15,4534514013411091 -4,2965154313042211
-2,5536271680879823 -12,9153834250695390
-14,2043960372859459 -3,6992215958623884
-13,1192743682574733 -4,7594523020125905
-14,8479785955867474 13,5860485060234275
-14,5020084167075805 -3,5423074166630197
-15,3324281460859719 -3,4132305244873979
-13,4806110022916332 -4,4833917455079630
-14,2881431244935850 15,2269796940004252
-12,4833613182198562 -4,8346561832354062
-11,4057580811418688 -4,1017210847363783
-0,2425472898317313 -13,1025729600880574
-16,2780568440162199 13,4719385539182710
-1,1307350744143299 -12,7599194547294594
-14,2935147617302682 -5,2685165625186237
-14,6883112174585015 14,1091833368600259
-2,0807317184906511 -10,6368957984638826
-15,5684468020494506 -4,1943249657779313
-14,2144096690741311 16,2452649183990125
-0,7363903938726017 -14,3790683824151220
-2,2091200495297265 -13,5075728827556212
-12,5844875662272724 13,3337950333065098
-0,7671825823964767 -13,5839542344689228
-0,3190719757138962 -11,7072402016303876
-13,2646984752706754 -4,9781677473319865
-13,0652661540623161 14,3756722404216823
-0,6471478824772874 -14,0604860995628993
-14,5629720875715218 -4,9098616233655257
-1,2757497702048095 -12,5006081224501173
-14,9554044290550134 17,4755529811031458
-12,8914209248323282 -2,0773328785418781
-15,6314748667896257 12,8911427034257215
-14,4376939399070299 -4,8697834087558496
-13,9412488653903033 14,0572321460028302
-12,7601112815643241 -4,8720090363397892
-14,5386851583317842 13,1266448828942099
-14,1533067035271856 -3,7401644255070070
-14,1203718494780457 13,5957158576117596
-13,3451272417193447 14,0477206341772654
0,1155549554825752 -12,7984139490239190
0,0979130102062369 -12,2052067243359641
-1,1146879599928021 -12,1919589522657201
0,5262603059267410 -10,4707231877820384
-15,4942682746637512 14,7243780311185475
-12,4899379346824340 -2,7512079065501784
-2,2216940523342421 -12,4930119310194918
-2,0750855023620227 -13,3600198055301895
-2,2738759782461981 -14,0145909957167660
-11,9385276694576277 -5,6077744964449430
-2,1806889915142427 -12,1455185152834328
-13,8934806383660590 -5,6181651457006785
-1,6528731469989306 -12,5633654434471076
-13,3178639520796267 -6,0180794530733364
-1,5686629717807428 -12,1478559898444978
-1,0676701312066839 -11,2370160839533586
-13,5415775358279422 16,0494616458423387
-3,6891515714274394 -13,8736652852945248
-14,8908805718944137 12,3925429695490923
-14,4100257508502487 13,2632209977003441
-12,8183650828987741 14,5889984151183114
-0,6152493044521873 -10,2582624586813811
-14,3340177348038278 14,1359522778521303
-1,4021118302726898 -12,1046792049904752
-3,2104133606914846 -12,8477666951967677
-14,6764472051424555 -5,5526926250909519
-15,9615297172858632 -6,3486206039502031
-2,1823733364984701 -11,5988737621125164
-13,6234373549345360 -4,0593395173150792
-2,8430917176910588 -13,0758995810967100
-11,1624402957059914 13,7206791778686856
-13,7354716103525032 -3,1848006622058040
-0,9622556077359756 -13,5906350784136229
-0,8532802696229990 -14,0746170015535466
-14,7337408658595344 -4,9956401632616076
-2,0194943409960113 -13,1151486745358437
-0,9136336698101617 -13,9208545030541835
-15,5908058397060572 -4,5833464327011546
-13,9027366330420801 -4,2743332057927272
-11,6060455467338759 -4,6587494084902756
-14,1814642604020023 13,2637820248302187
-2,8048450710761212 -12,0750809908051249
-0,5703975297533452 -13,0657670434989566
-0,5131679897711312 -13,5184807462062277
-0,8816642608471713 -13,9895478065028325
-15,0069965000477836 14,2550538840711951
-14,4793684731067156 15,5859101191127323
-0,0264065833082945 -14,6828664802751252
-12,9276800080181431 -3,1286328471367462
-13,6898909710183361 -5,2256723950434960
-13,8059271204628224 15,7557344670381205
-13,4139703083655526 12,9300906243343121
-0,8158068205287474 -13,9748803747229928
-13,7767249261923137 -5,3752958815139165
-13,7081230495961695 15,4508116681803305
-1,2519538374390211 -12,0392957370493257
-1,6914940262436791 -13,3212949774702452
-14,3827633847370446 -5,9767189389559592
-14,0393345531051921 13,7146057317557233
-1,7615183905964089 -13,4613952143001256
-13,8494908192689756 14,5173206472568683
-0,6965229391643596 -11,6440727087861138
-13,8894459891230238 -4,8517170732725283
-14,3057828081404423 -4,7236642011669749
-2,5994947103096262 -10,8673286038638910
-13,3642431204033052 13,7963264684615847
-0,6526746518135946 -14,8801602240913695
-14,4536814008360555 15,0753589313029419
-13,6054546438044781 -5,6572412423885305
-12,1401822041649652 -3,4635088359926871
-11,7383844420995072 14,0364200643636572
-12,6103580192196993 -3,9914677460068555
-15,4723603342113822 15,6245302032798978
-13,7111617487183803 14,3741777947604277
-11,6880049720570085 -6,1579550366130178
-14,4449541664034182 13,5838763203783586
-14,4571502313130473 -4,3763755060564531
-1,5480918872179539 -12,6679585695430568
-12,8229969407365569 15,0783248446259179
-12,5552446299915950 -5,5839162064803638
-13,0497959109339341 -5,2704813853460140
-13,3743692320265577 -3,2108770996180125
-15,5334584688668809 -2,2433490133011191
-13,3899362545287879 -6,0019560400275997
-1,4708536955741858 -12,6361764690736305
-14,0572018405117820 15,6807392666314911
-14,6112076175799892 14,9917731472569713
-2,0779695759765753 -13,4699916118419303
-13,9162931082613177 -3,3176813398024043
-12,5941347738516409 -3,3936995261772713
-1,3752634175648761 -12,4401920795584644
-1,1268251902500654 -15,0939204063622281
-14,1887418900861544 11,5000568196421327
-0,8816674719373165 -12,9392078301147926
-15,1929197645285736 15,4513444886688891
-2,7138424745942258 -12,4756084449168867
-1,7370635877123921 -9,8016717409153475
-12,7456993830742302 14,6063341401266165
-16,8775249615863991 13,8938057293656048
-0,1673366493820434 -12,8984479948947666
-13,8120098230453117 -5,6832257759431730
-2,0153535111414591 -9,8934433509294308
-15,3779439734397094 14,1100051085501565
-16,3498690735661434 -4,9763873821410609
-14,4947388512187221 -5,6129300560772437
-13,1358963155560033 -4,4499286641508977
-14,1589260211062147 14,8321956199382647
-1,7685927778679025 -12,5344149423936031
-1,3503193119463550 -10,8283239506229716
-14,4081798152501399 12,2240618672772818
-14,7009477147415968 14,1261310190239193
-3,3292433201255185 -11,5382694435995745
-15,2228181352989864 -3,4957022185066560
-14,2475612784458612 -3,2870217443226517
-13,7844375517414814 13,8780910281335412
-15,7860031930922666 -6,5751897084739763
-0,1694517585337234 -13,4616287324367896
-0,4548843431206862 -13,5907310841594136
-1,4049798445492188 -13,3630201366175427
-14,4113261549943186 -3,9355391800873631
-13,3097576223875809 14,6801988192315171
-1,0273401472642854 -12,9198765397640543
-14,3211311873743874 -3,1300514390849528
-13,7795663188905237 -2,8388120089917699
-1,2699370544645576 -11,7756856172995921
-1,8665769320039338 -12,5776581151998617
-14,7481297376559066 14,4889465579908805
-14,4015451289519554 16,4310537244404493
0,0605731929734235 -12,2329142320811659
-15,1375803511684488 15,1428495077768854
-12,5578574092074469 -3,2643772559450008
-0,3908663524142650 -12,1762427361339949
-14,5490848981336214 14,8558612680651585
-2,2030258777288951 -13,3528723646073040
-0,8186238602911222 -13,4175052981794956
-1,7710370283711636 -14,8362370945979247
-1,6200818982805125 -11,8124135005855262
-15,5740816830176048 13,6005287993143984
-15,8936441604531886 14,8897182495286700
-2,5336631382878210 -12,4137033483641233
0,0625272181357952 -11,6721151193843227
-1,4683718717638992 -12,5283705584149008
-15,3667883598505970 -5,6250044512695530
-14,1549963055292505 -4,5931009940965097
-0,6810348819219674 -12,5812810999347153
-12,5110846296111564 13,4509536899650843
-13,5485352638580245 -5,2856554534020059
-12,7846020406455221 -5,9203196248553356
-1,4246593013075395 -13,6748288170860661
-15,5082972789503799 13,5005525317666386
-13,3527106142050371 14,5704240898208415
-1,8580554732466568 -12,1227941687443135
-13,6517000640271444 14,0080970575356041
-13,5178631518238870 -5,8653002658377975
-0,4740078647740293 -12,0383275948593571
-1,4779314548538396 -12,7265416373105538
-0,6059823053151080 -13,8983914892832310
-14,5047631541801501 -4,5035429865841810
-14,7610705609526889 15,3695721426653922
-13,7160156331400191 -3,4046214246779867
-12,8300430517175741 -4,1407379677482403
-0,5699164601529915 -13,2443334092555496
-0,7507389222209936 -13,2312930396008461
-2,3073648317958693 -11,7930438363244097
-12,6220791629986397 -6,6516200549922218
-15,3018064896632460 15,6210756565990998
-13,0295827272670675 -4,8532342716313499
-13,9540427551006694 -5,1980940055934557
-0,8839136100284418 -11,8103522279484086
-12,8859321324949132 15,6003618031985543
-13,0294522500537155 -4,9727161728959288
-0,9155013942739459 -12,9322167147102309
-13,2285595351324048 14,2871874057490604
-16,2840281148266008 15,7792928402145876
-12,8572581917674853 -4,6554447656629900
-15,4887561268904523 16,3671798134549107
-0,3865853272913458 -12,6498824377756982
-13,6743788004675775 -4,6420073458629325
-1,0538078401316398 -13,1484215514207854
-1,0232730514382664 -11,9856708230149458
-14,1916093980424129 -4,5449652986680631
-14,8397667053800379 -3,7265134686104737
-14,2941728652430466 13,9640450663167215
-0,0920096419252761 -12,1393774294546226
-15,4174287156035312 13,1395646797744625
-13,0824896994063504 -4,6364383307246504
-14,6249810012078374 16,1482656555718371
-14,3902667247725091 14,3817197584886518
-14,6240585247335666 15,2272160231364246
-1,2195045350236571 -13,8307246692061039
-1,8499966178300373 -12,9632134541503454
-13,5915222486516001 -5,5853581042793969
-14,3803786039256281 13,5363512679966806
-1,1756297047011146 -13,1699641626216053
-1,3243177511442190 -14,3307056389416196
-14,0214176557992385 -6,5977108944954646
-14,1353072902243717 -5,4570464866006319
-0,8229802010924722 -11,6806909542931248
-13,0329551529395378 -4,7159278681232237
-0,3905854966711855 -12,7968456361738490
-13,7346212609577698 -3,8356162428143867
-14,6708408754834991 14,9554745777673261
-15,4568424069064321 15,7440977603649781
-13,4670391721392484 -3,8388713012029982
-13,2702549820362776 -4,2524032338590931
-11,8876249139352161 13,4510331286023916
-12,7056239252058880 -5,7996062013765384
-1,3144559955918527 -11,3768595103017098
-12,0749055389575748 16,4999608043087136
-13,3138099137008279 -3,1149778169492039
-15,2773281541412835 -2,9951775912855751
-12,0937983017986568 -4,8488985748151547
-14,7706800099492739 13,7192961933845083
-2,6129173971622208 -11,8264221008155008
-16,5529720977406747 -4,4186323305298654
-14,9649492254732923 14,1115983054922278
-4,5386564389540380 -12,6420302461907408
-13,4091639559914153 13,1417506018799468
-0,0192197263324025 -14,5447267760239249
-15,1041488097338839 16,9152442717090352
-14,7609171231671610 13,1200052507756695
-0,3643461271489230 -14,6583659196846803
-13,7652628400778063 -2,2211879875455764
-1,4277960387781103 -13,6114255323667290
-15,3392699208027050 -5,0266602035654335
-13,7349306698569791 -5,0222346887603360
-1,9232093546778821 -12,9076203991608622
-13,7576407171441399 13,8831957859559836
-14,3850161892248778 -4,7396619263226780
-1,5743192008029165 -14,0884748045791373
0,2919665400988376 -11,7526159927591358
-2,9360257721582634 -11,5825335053987768
-13,9319312209326629 -3,7258374297108192
-15,3909005199926305 14,3016758230180674
-13,3160491899977025 13,9130657568077414
-14,6267468524123299 13,5602830503975795
-14,0128576046015976 -5,8596499412469996
-14,2479078157557701 14,0366744921598841
-13,8531765708473298 -3,7215656536580761
-1,3838324832664102 -12,0066395849315626
-3,2620052112464846 -13,1395668916171982
-14,9613750312496521 -3,1983388170489864
-2,6145259271198618 -12,2223808389737911
-14,9258023067591044 -4,2019429506987018
-1,6390881262914370 -12,5269280495657913
-14,2157101775222028 12,5518412755010420
-12,4426429971023502 -3,6373732821155444
-0,9421170431620250 -12,6022850074975956
-14,5295306809837470 12,6396703825116319
-13,4215258741323815 -6,4079320137902158
-0,9893351273497483 -11,5790363543815022
-14,9368648420021248 16,1064875834539301
-1,1004746570299568 -12,4763758643586815
-16,2426667586690634 13,6450624066816086
-12,4221590541532887 -3,9869318770164264
-12,8748472817404398 -5,3529389783257599
-12,2705574150471435 -5,0386060353760547
-12,7718618391625593 -4,8548490901232109
-13,0576428829596090 -3,3893504052793575
-1,1048943381489247 -13,9579764052352999
-13,7106074708826942 -4,9474495676475412
0,8264742920704262 -13,3061119770516374
-13,4301033929116844 -5,0823729945973977
-15,3830493196063873 -4,0739323633268620
-12,9843723908346096 14,7271532604465278
-13,6567780064602964 -5,2902699702869889
-13,3150424089387478 15,7283770502029885
-14,7998520805336664 14,4353405390310048
-13,1937144509058353 14,9724335230695935
-12,3137081740919410 -3,4033635006646641
-12,2605521944299909 -3,3882562201703665
-11,7838795075212932 -5,5288141662382495
-12,8862547753787293 -3,9502809009281288
-0,4795977560586426 -13,1556350245560960
-13,5437891022792307 -3,9179090960182839
-14,3449807948946386 -4,2629868512869038
-14,5425388000405160 -3,3587386892674642
-1,4446477740288917 -11,8513308024091035
-0,5130764146030530 -12,3252165563036211
-11,5967995601885949 -5,1234801889947716
-15,0944168392896998 13,4727124246166028
-13,9858080974098318 14,9460153772795064
-13,7598856280454900 13,8101712568593644
-12,5027562492791446 -4,7351335823558189
-14,1262683303365595 -5,5481333446776961
-1,2153199914995452 -12,7915968715655346
-2,7168496454008371 -14,2331243313830829
0,4899825552428729 -12,5880479034748678
-14,4188401276677780 -5,4330559188834950
-13,3985865786924929 -5,2722700419744184
-12,2896560497015397 14,6732955874199948
-0,3437706357435011 -12,8217488129762280
-2,0578110447917664 -14,4797609601996129
-14,9177040744957985 13,7726600981878349
-2,6310631030057685 -13,2514727496589373
-12,2319976749515718 -5,7393495368218748
-14,2324763336129720 -4,5673391671171606
-13,5665536659110479 15,8378594614065697
-2,5849409869989843 -13,6111834556829301
-12,0090617541338034 -8,4224973477159502
-13,2887233922664478 -4,1527993816213140
-15,4133140430195965 13,3084607535123816
-0,0148879619121938 -13,9799714901668928
-14,4497240796003137 -5,6279438475741426
-0,9733288689629730 -13,5257851269928082
-12,6296526670146960 -4,0748922582172327
-0,1595862350905026 -12,3767270929902065
-13,4196436492207436 13,5388945037807762
-14,9087054720972194 14,7320314138555997
-16,2881049771430355 15,3796702563282430
-14,7614404339215515 14,4333214968067676
-13,6909704008974220 15,5892865933272748
-0,7205997206380350 -13,3772083324889710
-13,5155594278440265 12,7585725139855786
-13,9840898151750608 -5,6750905567019183
-14,4089390925142364 15,7867245636576534
-12,4378697318823015 -4,8702016059085134
-13,9402017918218597 -3,7947047764634982
-12,8856188584931619 13,8183836944128124
-15,6715480374891190 -5,9946102610278542
-15,3896355725255418 14,5545356922657412
-1,7823503853363123 -14,5689920072293653
-12,2680038098142408 15,2424124176647808
-1,2600647407753458 -12,2062329581543274
0,2008735624160058 -12,2680196231408054
-1,4421670278763306 -13,5717392049406325
-15,0695559588490156 -2,2174502640449401
-13,8485447423518533 14,9080613260078927
-13,2550486052453120 -5,4171003727316576
-13,6514980955816814 14,4670016273857378
-15,2505199431738507 15,2529751718712205
-14,3254916389586739 -5,1323588933586022
-12,6631302476731058 -3,2386096805278983
-1,7716696598216344 -13,4507597950480537
-12,2949371883162701 -6,3328248822323721
-2,2214433571833254 -13,7939526599418141
-2,2019241304156822 -12,3433070626807719
-12,9913487913226557 -3,8620658336026494
-1,2740169205018848 -12,0428325061248103
0,9386342467255857 -11,7232198630913658
-13,4826264981031798 -5,1459437455137502
-4,1475247554800223 -13,8318629764955787
-14,9908220519237219 15,4041116113176884
-13,2758379031195091 -4,4002494745613605
-14,0366111007115890 -4,6721300015496920
-2,1266183849670437 -11,9727335934586723
-14,2175462443382212 -5,3105548539536827
-0,9391648826571686 -12,0932846143865991
-13,7370294284434742 -5,8727764610206066
-14,1239054091581853 14,4484797917302430
0,4925240868987484 -12,1116655327749108
-1,9570960994815272 -12,6158183536744009
-1,7527316239023687 -13,5729707008767626
-15,0186258667064223 -4,2169214205615937
-1,3502274714124152 -13,1820290631099528
-2,9526828561567640 -12,4662321883592160
-0,9575199417968648 -12,7462220964869317
-1,1638143730764643 -11,6417226183907978
-1,4293414746850281 -11,3908872896096227
-15,0559532390374695 14,4619079411644549
-14,0569949552899320 -5,2849809711661457
-16,4715442345584613 14,5838903367025168
-14,2474431353973188 -3,5257803400172238
-13,8640835879110682 -4,2497662532508951
-12,8766304072118913 14,8263506030360972
-13,8431264920360526 14,4165590092146854
-14,7197206194608423 16,3137817825803033
-13,4058556851696231 -1,6856226619627259
-13,6005144827963047 -0,4593362019106122
-1,2822218982469447 -12,0268868006599572
-13,2085200000136744 16,2795844489406747
-14,5459012324929127 14,9085320939738573
-2,2961367917209325 -11,8299892444430146
-11,8539607966079554 -4,2147585179907257
-14,2005336412142888 14,7703026648131743
-1,2571432152213335 -11,8617179453230595
-14,9946261807859909 15,4847765661076107
-13,2443670029903711 14,7565741468620342
-0,0186718962515235 -13,2620969051837623
-13,9958509774289901 -4,2072566088568006
-1,2007056896150488 -13,3646387905911599
-13,6964685645485051 14,5536327454135712
-1,2548204909701155 -11,4473343308886548
-1,1790026176542141 -12,6498358436944560
-14,8559108094665628 -5,6408592861908353
-14,6395662821202226 -4,6587453588238104
-14,7267792602987200 -3,1064303538629110
-13,4232451700659094 13,8548449983033120
-14,4582116389105018 12,8787940724725978
-15,3342300335552437 14,2364758445349118
-14,9226257703231653 12,3173614406898597
-14,7838379319202069 -5,0037825008491525
-15,7457188931196796 -4,2492782278458341
-1,2074022250708489 -12,5164486506410420
-13,9712026095068538 13,5241822387326103
-14,9454061265770868 14,2063211982504694
-13,6053421890064588 -5,2286771798574350
-14,1646942805116538 -3,8474405094829649
-14,8539114757770463 -4,6532952970080617
-14,4993630779731149 -4,3463502548210773
-14,8591610306531692 14,8066566866011122
-14,0246459908892671 15,3385077261389604
-14,7577834984496636 -3,5873980293347731
-1,2426624641549118 -12,1692942735385774
-14,1704691412909618 -4,4023375333597938
-1,8572615222736018 -14,8536014742588875
-0,8375916047555824 -13,0734760180173186
-15,1763462539878073 -4,2940805936561599
-12,9160115572611982 14,6823793364599613
-14,5235689341792895 13,7430956538998359
-12,8735117935054664 -5,3113783335328435
-14,1012300426497692 16,0941063656319443
-14,5390286907054413 -5,8171070170018275
-13,5979852418616964 -3,2506259996054903
-15,4451999614608333 -4,6251051202560483
-14,7665117574642970 -4,9187201937385785
-14,7911445875078886 14,7508485283930231
-13,4851206263003558 -4,6660811788379535
-13,1795469717392972 -6,2757081988546926
-2,1703988060405228 -13,1507051825987187
-13,3750809433237716 12,5301829756752401
-1,8560335007175042 -12,2227199799266177
-15,8269985911535240 14,1880151714383409
-1,3803511624136693 -11,7341762567818311
0,2184255699752293 -11,2056395733633760
-14,1264267879610834 14,2208249036053385
-15,3920715859749571 -4,6021080386538138
-0,3684358157048455 -12,9825410217236055
-3,5036072136620007 -11,9099420762925430
-1,6943886668164809 -13,4575498855022033
-13,7652284195763652 14,6481946643395471
-14,8096537840501465 14,3321884653728606
-12,5416156791478333 14,5304441535980189
-13,1572494599195657 12,5181781935191694
-13,1263149447333873 12,4751394639627904
-1,0422404849538400 -12,8534105227598605
-13,0932748404922439 13,0437293198818196
-1,1712501185880659 -13,5732032713957373
-3,1138129673682506 -11,3326120234334144
-1,8629397746693250 -12,6963569448764080
-13,6017280717714542 12,9725866606935014
-13,3621274359892404 -5,2036445497999821
-0,1310413122927205 -12,1409094357303999
-2,9024225133740087 -13,7365468065550012
-13,3232157556800654 -5,5836021394512851
-13,4901225377173954 -3,5695304467135154
-14,7465694597863965 -5,8373229629081704
-13,6983988134986774 15,9416528156232715
-0,9839326079946364 -13,2878275520956208
-3,0245116215970045 -11,9973097271708475
-14,7185712736922962 15,0586619432340019
-1,6947651073448067 -13,0468192131773648
-12,0517041902778974 -2,6586693244793054
-13,7311218016812617 14,0562469650272632
-13,9106255812940258 -5,6924117776623779
-13,0998804753178621 -3,1539103575004015
-13,3436276524754796 -3,3380614199813152
-13,6108765376068170 -5,0012193586749722
-14,6433369240982962 -4,5526427138093197
-2,5466519074261020 -14,2279356163315338
-13,4463339901073695 -5,0005020705365144
-0,8449185950758809 -12,7802014781156963
-2,8137132892410515 -12,8660967391107608
-0,9185229077755186 -11,5286752048969046
-15,7644067123257408 13,8529738257398041
-16,0109752071135034 14,2027797735833374
-14,4363105162134904 13,9892489357600436
-15,4238732712237177 14,5594561550662984
-14,0933724540666443 14,0894479210143171
-12,6357783123473961 -3,3297989203836984
-11,7142013967406626 -4,9736955932994587
-1,7208839198170331 -11,7714284354870227
-14,1462798253177287 -4,5078812283814553
-14,3290758132942901 15,4983574719152024
-0,5471281550083552 -11,9909939616817294
-15,1258682418875505 -4,8212349554359006
-14,2898974798507012 -5,0617043391185286
-14,3794906395334969 11,9922353949297698
-15,5652851613648870 15,8141293061740615
-1,3605037748995781 -12,8804700499309455
-1,6540473754969154 -11,9203257172853423
-15,2048379806954390 13,6802133582492935
-14,5082538884534191 15,4188876499899621
-2,4794265630820949 -12,5794816569666139
-12,5222243784932132 -3,7633837068521641
-13,5540611538083979 -4,4710661240599343
-3,3514713534647109 -12,5157266050339739
-1,2115544963784370 -12,3503105341149002
-13,1124589018318698 -3,8976878025823263
-13,6548070105427186 -4,0235017933770338
-3,7690517543607793 -13,1903512770823692
-13,0019893762034062 -3,2359879440236581
-13,0703738739569850 -5,4170665729671779
-11,6645064680040775 -5,5619088302756285
-2,3964900149465533 -11,5436797585987154
-14,2654909694700951 -5,5132440414902160
-14,8270484323259684 -4,8090580298211991
-2,3856715927634569 -12,6494577837171907
-15,3179462022094963 14,5742400880347294
-13,0076376339877164 -5,4079001689487409
-12,2155447953056715 -5,1959033594697708
-0,6248548435791124 -12,9845739676487426
-13,7146830454438611 -5,6729935308399302
-14,6492076763583388 15,0315030980454516
-13,5318544275565138 15,2601229722551555
-14,0523540189538547 -4,9117546878608991
-2,6807039659046294 -13,3374995840313382
-13,6615669859137085 13,1139939725826018
-1,9274119076364724 -10,5210860107938942
-15,0012209840449877 14,9353715083106966
-14,4505443892351053 -5,6134420065954842
-12,8369217108712093 -5,5491863121010274
-13,8913384102969673 13,2671303894511432
-13,9899211340362122 14,2976816452059499
-14,2216282277146799 14,8819990581802521
-1,8908160354651191 -13,2990951321748430
-1,2202108072395024 -11,5397241063115974
-12,5516964692597188 -5,1294050386540109
-13,8414131025798355 -4,5332100850350630
-12,9470434461220307 13,7633943430062580
-14,3717696726211948 13,9234588966722974
-1,9195966733196763 -12,5402615115399652
-12,2981093033720867 14,4969817631684066
-1,4157962153452062 -11,4162547597472717
-1,2248024173107439 -12,3885705133658632
-1,5877608512462367 -11,4850007855850613
-12,5179291725149238 -4,9952848010538480
-15,1754096207593552 14,9794266655052297
-2,0256921268257182 -11,1631888419180694
-2,8208396436725840 -12,8985205444263968
-14,7084717760704660 13,8413861552021373
-15,2764426068699795 -5,8434837358021605
-13,7648056214346273 16,9358109113905542
-14,7108277358688806 13,5123587418916014
-13,0321741048122153 -5,1193892252445536
-1,6896528811381990 -12,8627199765435432
-13,1428558766135470 13,2976136641270219
-1,9593850362217768 -12,8645452626495445
-2,7076132073500823 -12,9633103840903132
-2,5782065223110395 -14,1668468592081052
-13,0542841353963546 -5,7132960128452961
-12,9418731608212543 14,1924479243833037
-14,1152936598356202 14,1900415001318798
-14,2786142849775874 14,2703167141749478
-14,0014804051147923 -3,5097292586576994
-12,8571451240713426 14,0212625412475749
-0,0536507865266396 -12,6624616094704994
-4,3892248449711602 -12,7350303051703673
-14,6546343322107671 -5,2161580879236444
-14,2237589468216896 14,0265142904103381
-2,1029249135407322 -10,7390075006264603
-1,2503248266251594 -12,5816681493997677
-14,5343294503718230 14,8708547494916363
-13,4489099098714338 14,8879107017782069
-12,5779680462921757 -4,1925217920862830
-12,9806718502328238 -4,3084534249368716
-14,4523801527819842 13,9512511605127916
-1,3866374837912940 -12,3937000815115201
-14,0289717472610320 14,3654131520013806
-14,7226874615194347 -4,7833149555864543
-14,4647043272754665 -3,1765820963142426
-13,9479418454854560 12,8514621104147029
-14,3438382224674328 15,7503116117628359
-0,5568316256268938 -14,0216781653368319
-15,3544397086789264 -4,9350200959012627
-12,8869257053156883 15,9231711188418252
-0,7261354285279535 -13,2839037426702511
-3,4908594367691710 -13,5465225273053846
-13,7862352110363346 12,5082989529645126
-14,8441606326990527 15,7464846504980471
-13,2959649508083277 15,7730007853468219
-0,8178268022626273 -12,8268820041752942
-13,8442932906854015 15,8735937360486439
-14,5699421059242749 -6,5702405148578498
-3,9636405727965376 -12,5363478081618709
-15,0757574175478890 12,8363284674035558
-0,5065721837851888 -11,8736118906004631
-12,9966327675013833 -5,9333436815904292
-1,7977084439342830 -11,9623303570192814
-12,9453588127627697 13,4893762114115532
-15,7207863297636425 13,2208267491075038
-14,3683894757110391 13,8548119775025782
-1,8732786880859398 -12,1589069913525556
-13,8525905681292940 -4,0516032876649639
-2,9398669703967490 -12,5370750018647428
-13,6783817513123136 -5,9884885169179904
-13,5766642629608167 13,2722204766543506
-14,9968921281506287 13,0316592655044552
-14,3462268090926539 -3,6723441203487135
-14,5552002744205105 -2,6298372518039566
-14,1198138712235686 13,1594166711408249
-14,2467480769181218 -3,7747553884413367
-14,1218506930401109 -5,9533986374782781
-11,9705419579053967 -5,5625094700215110
-13,0414806943709731 14,5447873290199325
-1,4350085837390700 -14,2446722772501548
-2,5668355128683156 -12,9713920874408242
-1,7357254358667262 -13,8669848520529371
-13,3009358282826682 -2,9224307934544931
-13,6256828540633084 14,2914433404430508
-15,5699103740847953 14,5237196838108673
-15,3766972111374933 13,7439373230259232
-13,9941126745408830 14,9361311251396991
-13,2706967746468685 -6,1064817100257480
-15,9720549293611427 12,8694618470799238
-12,8086415102339384 -7,0442423561375316
-13,7095659908911820 -2,9887914074177067
-14,1365984593596252 -4,8465790181057162
-1,6786000981436768 -11,5563316218929373
-14,7839745491351611 12,8652315883568953
-13,7181965774334564 12,0681478925622443
-1,2847549990780778 -12,6438003533287517
-15,1405603693500783 15,6971168737443012
-16,7399484956106086 12,4310640432551001
-0,3356445329832998 -13,9623513717580376
0,0710729769903184 -12,3728172760601183
-14,0331552506603163 -4,4317514775024458
-13,9536149349487122 -5,4870805605486197
-14,8627679610319205 13,8882476934614605
-14,0615788281930065 -5,2343874639013475
-13,1215731937187545 -4,2818879036284336
-14,6071333717461833 14,2272362873795792
-0,6158446438492664 -12,6800573963352949
-2,8243201385208452 -13,1736926013688525
-13,9247280937797164 13,9194211301908002
-12,8936243495026623 -5,6658306840401194
0,0138081990146550 -13,2504373996726983
-13,0087492730014560 12,6424930638326067
-14,0600554083476013 -4,6815827191322761
-14,3577378005981302 14,7026659203911052
-2,0417120602364029 -13,9301856704723388
-1,3310666529716408 -11,8407047515131509
-14,8427504802553241 -4,2700242708691425
-13,2747976302380071 -5,1496698695914001
-15,1528843343233994 14,2749740196647821
-1,5145642532498325 -13,0044376509818225
-13,7553165478722370 -5,2680768379541476
-13,5409764045065568 14,7359580649064235
-13,7101117675997575 -4,6752085105817534
-13,8253441596434108 -5,2564047157030247
-12,6389893588384030 -4,9334653922225282
-14,1570689420221001 14,3982799444754104
-1,1676459133708814 -13,6217532055952208
-14,1087336162095269 -6,1758743230261413
-15,2390147471665802 13,5820420926526566
-13,7545440706846662 14,0539435197230151
-13,1636725871030009 16,1903460610304855
-16,4036494085812272 15,3811012047528610
-13,3553679516257287 11,5457350153182912
-14,1562869015614154 13,9665204097566651
-13,7064439071657436 13,5935234919203793
-13,9734718044850545 15,5513750621987903
-12,1580818323263848 -4,4439629947707093
-14,6464207293506892 -3,7144252361034127
-15,6465239432750742 13,7513785443983370
-0,5626346552615015 -12,4948072214662744
-14,5093887730140843 14,0274824150813213
-13,8854122698518179 14,0621840578711943
-12,5325171051651871 -5,4681863695575252
-14,5901004222365671 13,1614625258339508
-13,4965332578744484 -3,0022851885776625
-2,6969123343670072 -12,0435832023142879
-14,8334214227865822 13,3964740420002624
-1,0632526349934897 -11,1699102730068240
-14,5857248520567850 15,2889086774923229
-13,4283827603915356 -5,3204070245254078
-14,5671030872547895 -4,5177222462403686
-14,1036430953632852 -3,6243243040096695
-13,5726973229925836 13,8435893691600604
0,5178385140970909 -12,7057807599166548
-14,1886966473788902 14,0737045157401752
-14,6819442439216079 -2,9690766684227947
-13,8123625419166114 13,2575338122395756
-16,4229237411101323 13,7454746301260222
-14,2854381883886425 16,4816572659286678
-13,1903329539959984 -3,7757177927544792
0,0749112922232076 -12,3145935288003443
-13,1181899947346707 -3,5124833034674321
-12,6321078036012562 -5,2890946894632771
-0,9054822712783022 -13,3495932142988103
-13,5221867250155583 -4,0991438970313085
-12,2059278416098600 13,5736510325990043
-15,1351731065001740 13,6987755045136161
-13,8675134737431822 14,8927690501621033
-15,0774503257963861 -2,8168838565976322
-14,6824424385669445 14,6985340301393741
-13,6882571423093697 -4,4956752089531387
-13,8817748320131731 11,3848602297863177
-2,2603674387272434 -12,4256232550777366
-14,8306890755330194 15,1158682679586214
-14,7006444533721528 -3,6991154481358306
-14,7822452154044548 -4,3815368611660057
-2,3290948753256666 -12,0777816782503802
0,9363828999681454 -12,5377334657299695
-14,2982650217331635 14,2809512155343654
-12,3506252920912960 13,8003411366085817
-15,4981186081078057 11,8601600032309538
-0,2418053371846720 -14,1147313085137736
-14,1267773623105199 13,7508084078456321
-14,1618074073329918 16,0356084291717735
-13,7777854737106296 13,9513230131578219
-2,6217723928260228 -12,8564568506231449
-1,7212325320254280 -13,1278961255849769
-13,7820275966333714 -5,6618473648746166
-15,4059468372321504 15,2296692849850608
-0,1969671554490480 -12,1988142088756550
-14,2258481374604813 -3,7899123927375893
-13,7573371317552624 14,2826007246161168
-1,3448848199002519 -12,5851140252025271
-1,6254245216772731 -12,7256131671834147
-16,8122536420268318 14,2737133794941951
-12,4770072626133768 -3,5144020439149815
-14,0264230741545077 13,3183618081789437
-13,3090794886060699 14,1766719000273866
-1,7368273632190019 -12,4085896525674784
-1,8425338336593327 -12,1324338900660340
-14,8676409384045201 14,6791384374296605
-0,7615882207537074 -12,2864716880586116
-15,3961687202979540 14,8700209671799044
-13,5608873675018113 -4,5235841767802709
-14,5315155922345429 13,5602196830940507
-1,6698425623841071 -13,3728031817194761
-2,3511552248654741 -12,7019409377727186
-14,1535513901230612 14,8940905031571642
-2,0276082165950711 -14,3635737958845802
-13,6703691124074709 14,4546554494119892
-13,7233586482603229 -3,5626118694380491
-14,2679538996873649 14,4688556015766245
-0,6564994945368040 -12,4468972025137141
-1,6699918856902569 -14,5293347406843854
-1,9237636847757460 -11,2758900881351156
-3,6674203308048940 -12,4657480331148225
-15,2404581920861091 14,4989212310065465
-14,8882194893253654 12,7346286534383175
-12,9922082967236889 -5,2091994471984231
-1,0235271604466738 -12,9062482789172250
-13,1388656423903729 15,4580234622973602
-14,1348112107182935 -3,3959020848377190
-13,0547585563211221 -6,9946081584943993
-13,1168982777457259 -4,9923500011690196
-13,2306801953213728 13,1518015038767366
-3,6692536542296255 -13,3268440870153064
-14,6284253009583640 14,5515746273687832
-13,6748087764651256 -4,3241248471877558
-16,2086539987113092 -3,9288863041162374
-0,7992495557305184 -13,0860509884313156
0,1144679160014013 -10,9113467674024740
0,0544901261685544 -13,9466204419777569
-12,2983493135861472 -4,3406503618366701
-16,4974421023267652 15,0840637847948731
-1,4413244397622453 -11,1587087964071525
-2,5341344712218827 -10,1380985400849362
-14,0258849019327645 -2,2481875542972016
-14,9603609151006420 13,4062470663753128
-16,4051779256477452 -4,4729530307152050
-15,3929835531911205 15,1034261171456201
-14,5105606332350145 -3,4456033442259386
-13,6235715785601759 -7,5219589625546863
-14,6895518607323403 14,2174230574426144
-1,0466860078195261 -12,6760615476642755
-15,9355632215233509 14,8233313736950993
-13,6012274830091719 -4,6323132738520387
-0,3034409090482326 -12,0878524966519993
-16,2443333425711671 14,4836042376908036
-14,2016310070234546 14,2493416157804003
-16,0229943185456634 -6,4703667216892056
-15,2549324103216080 -5,4473990072660623
-14,5559521397998726 -5,9323940848307943
-14,8209184892554191 15,3898307533698144
-14,6672571698144178 -3,7130656690350556
-14,9595731260723124 -3,6882943403495658
-13,9741670574685095 -4,6943838612587765
-13,2081205312743428 14,5908933099871998
-2,6064694152989523 -12,7385555881015922
-13,5393423268995967 14,0265204358921860
-12,9889279322614097 -4,9844081266247500
-14,4921895986064388 -4,1490247311297734
-13,6325104911099544 -5,0258015131932892
-0,4217605439351857 -13,0743303211809465
-15,2810676421264890 13,3696539297379662
-14,9866609434090012 14,0936243660632723
-13,9139727950093768 14,7964768261737571
-13,5069722613323169 -3,7333938748507443
-12,0492715087186415 -4,4257271261131494
-14,2490913619445454 -5,1649067703798668
-2,4209861885329329 -10,6166208803456481
-2,5743085486750337 -13,0196252049011978
-15,8927364314515067 14,5651867167676965
-14,2144280385178732 13,0577155914405143
-2,3320473434818298 -13,6746965500489424
-1,4729746191853581 -12,6146230024462174
-12,0315086800658904 -3,6266590504045140
-14,1965854949484136 13,9999097012340687
-13,2406891679927785 14,6232633088657593
-13,4206499863819122 -5,8430850612818084
-3,4183681599247877 -11,5253622721067686
-14,6645149025270278 -3,9164028178548138
-2,6380118820033500 -13,8547554226265177
-15,2326710473528895 13,6837795497872001
-13,6948911135533660 -3,3055462843682095
-16,2613513571221517 -4,8541112118713476
-0,5240621631496374 -13,8475944098554873
-13,9776309409932811 15,0495176916495108
-13,3060767221539304 -2,9131540565452703
-13,0180967770107188 -4,1467334077809053
-0,6182212086676933 -11,8817997648261535
-14,0153121509013072 12,4980941927942624
0,3504520294203115 -12,6446188264622847
-0,9850272447488736 -12,9823231244115043
-15,0947056733317471 13,6683061909204699
-14,5925622388478207 16,1724273207011677
-14,4121685951176577 13,6136610500985320
-2,3741831028738130 -12,6821125741296346
-0,4776315159681509 -11,3972049537982763
-12,6939149262817459 14,0873642792959881
-14,4336298341713096 12,9755569820532699
-14,3802677595626047 -4,4166723092145794
-1,1006358231935067 -13,3184019011903807
-14,0066997269762012 -5,1481412690162314
-13,5058894788408193 -3,6661321731628571
-13,5796206102974857 -6,2670265133650593
-0,5150941254509016 -12,7737695605011154
-13,9017454042652790 -5,1467986136582065
-14,1851514723157575 12,8015174621851742
-0,1103994054918018 -11,6943524285452938
-13,8342466416779413 -1,6282098376255307
-13,1975484062897301 14,4806813762141005
-13,8741084037648825 -4,7496062804731221
-1,5192303113554080 -12,3498015166667781
-15,4944523424563911 14,1855045921389245
-15,1960427522178936 13,2087482678362402
-13,7516962025560439 -4,2811305756060980
-13,9175469286175577 14,4256933226066035
-13,8589828160502826 -5,9988251468339433
-12,7870603649592542 -5,0513140019172589
-0,9395887133553746 -12,0602811082014210
-14,9311019486420165 -4,8660122785483297
-3,7938972778449354 -13,9982431178954698
-15,5819872538059983 13,1267104365350473
-14,0281713130532371 -3,9704157247190812
-2,9065607444167947 -13,0881592707175898
-12,9734612099614477 -4,3763338087012569
-0,9203134321294961 -10,7659584791928822
-12,9859645493690135 -4,3032586477500132
-12,5783278971204044 -3,7145336493104368
-13,6419383437053341 -2,6842108268007738
-13,5920926570898182 14,5475351609522647
-13,2960100453089023 -4,3717690113508265
-14,0904194799725460 -4,6450846652884055
-0,7785401211981815 -10,5115758299952002
-0,1673006302387843 -12,6156877692687992
-1,2863952760764921 -13,0911502799803525
-13,3067504618397656 -5,6982401311212039
-14,6604833505962340 -4,3984811827292889
-1,7199707185976920 -14,1735362859324621
-14,5447880258759792 15,6539643352381539
-13,6162940093216243 13,5905230149538525
-14,5108925588841551 13,3404411969114296
-12,7170229734160980 -5,1831642098447794
-12,6010191939336558 -2,7988157508872176
-15,3674461897090708 -3,9017564898974078
-11,7580094993958593 -3,8250820273011641
-1,2453908715895696 -12,7374973094487505
-1,2466337892700405 -13,3414891362232240
-2,7642044209452901 -13,1852044754692272
-15,6372491994140930 14,6296220398481829
-13,2386748283956770 14,2997229296193922
-15,9826451425546416 12,8955055041240527
-0,4984133528934663 -13,1142806300922246
-0,6790959571225925 -14,4988331408634448
-1,3822900229335908 -12,8174630907963056
-14,9478767473416685 15,0978603956310149
-0,8946042592309986 -13,3823245008281013
-14,3934670792167125 14,0026154190664229
-12,7584267515444534 -4,3869968664595733
-14,5914460436210067 -6,0221089849257634
-15,2624920637388417 14,7783174844573413
-1,2016966064577823 -14,1475301133852120
-14,5583714334036767 13,5428508567835557
-13,4884351271322078 13,6250038181062081
-14,0155799335859541 -5,1575556734337766
-14,6868309020936696 -4,7954203152325032
-12,9098250519830575 13,6438708764003760
-13,9268723081884893 15,6288956594324890
-0,5897569505293433 -13,1542896398704467
-0,2270728684240286 -11,6907833731055550
-13,4388910890098181 -4,3933783751133388
-15,0209589137154342 -5,8786538747164885
-13,5662492512264699 -5,6717357514880264
-12,3799903899167916 -6,5075772755601822
-14,2592930423538906 13,5252834521905676
-0,7039476695658625 -10,9342921507761446
-14,2785155988067327 -6,3644145529972018
-14,9101169210454341 -3,4832018456660530
-15,2891906426367381 14,9329958614428051
-1,6219001345852826 -12,5145460648101654
-0,2867367688142206 -13,5459136506634046
-13,2811829852527996 -3,8098491763682922
-2,0636476928805996 -12,8654109781908712
-13,6900093155459235 13,1706426775886474
-14,5355601629719100 -4,9549214721936075
-14,2721008834449758 13,9680745408528573
-1,0905110130909015 -13,7626031674227320
-14,0554262699800390 -3,8811227845510050
-13,5851955045671282 14,9282922769011748
-13,7169702924125865 15,7191153410287843
-13,8731791029882867 14,3724592544066905
-1,6918857523353046 -13,8161513937298466
-1,5496767797240270 -14,2020895323748366
-2,5246398031404969 -11,3105837365735695
-14,4466475958621707 14,5054244446959313
-0,4934106739538197 -14,0887337089920166
-14,5133074651924225 14,4502258513301705
-12,5982723161407826 12,0602194234958606
-14,9512436203223178 -5,0899022235058746
-12,2829855407269104 -6,2748825173934106
-0,5729034224200492 -12,6539399098435563
-11,4005031584782213 -2,7527629502402009
-14,4592441970480987 12,7926273040404688
-13,0356363762876466 -4,8624662869804647
-1,8234945366288950 -11,9117238982413589
-2,5171135993044516 -13,0507556096466146
-15,8620329433038521 14,5972879357015533
-15,8990918905162637 14,8243995662663739
-13,9007779633982267 14,0836032299098850
-12,9015532285365992 -6,5780095989592251
-16,3332563665013524 12,8170682400480889
-14,1592509265937991 13,6191333445442417
-13,7143040172880006 -4,6661738402640003
-14,9715812187537018 12,5943711302110994
-13,0959528088573460 -4,8900502292271995
-15,3781747204643953 -5,7680579604372477
-0,8081840173113024 -12,4078197949776321
-15,3776882195157008 14,5512772303777602
-1,5692196311268478 -11,9443253110098482
-13,5953729656456392 -4,1038195643516735
-12,8211660630383069 -4,8321450048183712
-1,0953295389365267 -14,2141016030877001
-13,7747146412737624 -4,6122679460774556
-1,8293640293022417 -13,1724649427516258
-0,2464158173150184 -11,4793767285969590
-14,3565014766152679 -3,2361595880805774
-2,0393976028518028 -12,1041961524145254
-15,6073986987972599 13,1084992086779568
-14,0799490423160201 -5,4190206538763253
-0,3921579946510405 -11,3253352134851397
-1,9139148455492629 -11,5091125300579691
-12,8475821565019181 -2,2466203978516552
-1,3868538480969863 -12,6849762289563337
-1,0975495113438976 -13,1682691643434033
-0,8777192530525152 -12,2003745127449648
-2,3073417545743169 -10,4892111345051546
-13,9039175203067629 13,8456220118366016
-12,0916597441765390 -4,4381541946633281
-14,1592520385419398 -4,4289316949452289
-16,0274805970225529 13,7430315825820983
-0,7750585039973364 -11,6680175653449041
-16,5185671383688337 15,6617873061352224
-14,7956582214065406 -2,3291955796527040
-14,8054267157740753 -2,0206444856656103
-14,8343792897363436 13,3810568352963895
-0,9150310575009873 -12,7433065544145467
-14,3390710926659981 -5,9914258161794596
-0,0586581866859663 -10,4357447165973785
-13,6656855383696456 -5,4338772675890965
-12,6998233766204951 -4,0429874804404644
-0,4614339162310201 -11,2292818491221613
-15,9756781037502140 13,2757255981411291
-13,0004864409949032 16,1494894333263161
-14,1397231717967049 15,1067179253723083
-15,6993071807565006 14,9124229529334968
-12,8489370430113397 13,6911733901495669
-1,3198118964593535 -12,2562321970590595
-13,8490037329007691 -5,1888456040934612
-1,9378137998589269 -12,1286935447493587
-14,1497809916150175 13,9969008540824049
-1,3646145778701586 -14,1747091367532896
-15,7439462404641493 15,9861848415747545
-12,7032536851362234 13,5716245904999226
-15,7131096021467922 14,3561071727418312
-1,4551389710091245 -12,5411990040136967
-15,1915362787854935 15,1829581050384359
-14,4066466281897743 -5,4407857064325684
-14,9818748294742967 15,7017953242761532
-0,9097588768474327 -13,8821753496000824
-13,0609035096653905 -3,4726018419427800
-13,2223096461296077 -4,1091959091592090
-2,8672492715891931 -13,5373152020014906
-0,4161738543353333 -11,2800033016615480
-14,0463698159743089 15,0024757593782940
-1,3819751105209226 -14,0301515262390701
-13,5863250662444432 15,0378839918445806
-1,7005244874601328 -14,9154008256679340
-1,6809823012882230 -14,3121999804774731
-14,2770259356663907 -4,3528178059500213
-14,7204770523773565 13,4189617096973492
-15,7842818274310996 12,3881687012341768
-13,5026926545723995 -5,5344400612886160
-3,1928546398420128 -12,4322782032801236
-13,8384221505386993 15,8493741142961149
-14,5205590379742695 13,5429673654248948
-1,6067074486367725 -11,4943689562421429
-2,2439091721689870 -13,8539150056730858
-2,4257659133435272 -14,0503574202313697
-3,3674595726794605 -14,2266184227570740
-15,8547192359595517 14,7683480048021174
-14,8982465225500533 14,7420599068469738
-15,4454162046176116 14,3813185551551186
-15,1582218769555936 -4,7183703949970131
-14,7942952596409878 -6,1469654668221931
-13,5070388668401389 -4,6459049830282737
-1,7462940851054212 -14,6521951526747909
-15,1766334173033695 14,4926935976428055
-14,3383204801577442 13,1053999266214216
-0,7751698534129242 -13,2565929149524369
-13,2793001207329322 15,2891791485656157
-12,8074150898358479 14,3031766474620081
-15,9582739738175388 14,3941986758875764
-12,9805127234623487 -3,7121863476869992
-15,7634786838947090 13,5117589772778324
-2,8915125251704268 -10,4419876179378512
-13,6896997505922098 -3,9571606987604198
-13,0620961349029798 -2,3293772289151065
-11,9802062039143813 -3,8451516566804602
-14,4250095347976490 13,7182559138187976
-14,0231794929267100 15,0365167973544906
-14,8150773787918322 14,4843822646330871
-1,1120886571583801 -12,1258519841429777
-12,8953009533755036 -5,1234265807707287
-14,9852267230947742 13,8950305973473487
-1,2795270092736137 -12,0425853080974079
-1,2924350946817620 -12,6452261093396015
-0,9797755336618107 -13,7837937588212576
-13,0002443652250683 -3,3695738314623878
-1,4535225258489157 -11,5802024145133196
-15,0759761947195887 14,0579874446940565
-12,7762007756617688 14,6576302208089224
-2,4750844808565979 -12,4526716744178039
-12,5292543801790153 -4,3299269731210677
-0,5507308552669968 -12,3455289486641551
-15,7066610883524422 13,5807498317500794
-12,4280185581535285 -6,1764498392615934
-14,4324199000917854 13,9531992089597381
-2,5888825188386351 -12,5769448146425553
-13,6309337092860954 12,9871873231034414
-14,3511089423800264 13,3025176225454160
-13,1070724413888051 14,5269714610840666
-16,0198939920392149 12,9744274774341317
-1,5611153841442194 -12,7014146257567671
-2,1985043440046477 -13,5038539588668058
-13,6284880534414850 14,9543799578342593
-1,2035888873886547 -12,6511458868559092
-12,5421763984736607 15,7003242091921926
-0,8813524780309325 -12,2219504141045849
-2,3622180625855989 -12,1713703256501091
-15,1577139405876054 -4,4643342048441292
-14,8287999923932396 -3,4414633040010436
-15,8317546928848945 14,4199048412924018
-13,3435825865533122 -4,2292119049310619
-15,5361637703062669 15,2808285303095186
-14,1073531106651640 14,8727722156375570
-1,0561206316327296 -11,0568220430265267
-1,8177668901504511 -14,4701627741017091
-13,5299286324645092 -4,8427399744984090
-14,2071920605691417 15,6499842821353976
-14,4131980268285549 -3,5835792130739650
-1,3163985171547572 -11,7017288252240395
-15,2187005292463660 14,9534275329417543
-0,2624993809757339 -11,9467594042883984
-2,7727366731000807 -11,1586764603670083
-12,8285947468752646 -3,1140353520523787
-14,1840942762826963 -4,0060125875885397
-1,2661363836441870 -13,2308306818412369
-2,4130363525628487 -12,7129771039729373
-14,6223561083825224 15,7964426235788515
-14,8188510387781154 -4,4775807014853699
-14,5550913914049538 14,2927385198526764
-1,6536998838812387 -11,5214323472998572
-13,2946218398478706 13,9335273639742159
-13,6548069339191507 13,9199880902762629
-2,3662999614846845 -11,6119800106629363
-0,3088670503037740 -12,5900499889260384
-14,6575731408113796 13,5489991165758532
-14,9827136969057459 13,0607517186174089
0,0601258004445013 -12,5821599487859004
-12,3766775199994061 -4,8582234131480044
-14,7868639427329072 13,2801821612171711
-12,8295366220508704 -4,2085819170917853
-15,5677842128019783 13,8672257018676106
-13,8976922157109826 -4,8187660864179485
-14,2172858969282068 -5,0298502864558063
-14,6860366486494023 -3,4057017587431324
-0,5453268226067801 -13,4308131121369900
-16,3697800403013858 14,1195535219109924
-15,6577575952629164 14,7289174846423965
-15,4983768939468245 -5,2582926964841965
-12,4847461672094049 -5,4547497201017467
-0,6743494163519277 -13,1798019707318215
-11,5624667969970769 -4,6610333529708212
-14,7827646090541283 14,4062606763019136
-14,0786133212935276 14,0872848246316789
-14,3651903569847708 -3,6961206952295571
-15,5665576000649519 -3,9619599700607044
-14,9329727237908898 -3,1649324178086360
-13,6644255891023612 -5,9866645394598281
-12,9649296646701071 -5,8339614861483415
-14,9910081609774526 14,3246629928022848
-15,1050818522938108 13,0893483866424294
-14,3734353076765853 12,4381073494313927
-11,8183223244388067 -5,0307442082177216
-0,7846552724172983 -12,9838496080653858
-14,7628125613481700 13,4364112584278015
-14,8596694951005190 16,1468868230386313
-1,6297783849111622 -11,4434393383855078
-15,9013485911448491 13,3908855143452659
-14,9036584092595117 14,9898329700364421
-13,4037104512721559 -4,5375883997710185
-2,9468993030341948 -14,1527561348514208
-11,8855801583636893 -3,8200167912340857
-15,0868543101096382 15,9167444067882471
-13,9810675112853833 14,4804387914618751
-11,6149396669612059 -4,6221847892092045
0,4680114295695978 -13,0854345631480076
-2,1857902859858758 -11,3528702012708145
-13,8775083491271882 -5,9004011638990423
-0,9731899720745197 -11,9553038728853167
-1,7060167554674059 -12,6490240795686084
0,2571813326059464 -12,1759540568857343
-14,0220169739815734 13,2729469126661836
-14,5154116074555546 -6,3066158995404216
-1,9744304430562463 -11,4450496217360751
-0,0963055843890457 -14,3558035857036597
-12,8047077328992156 -5,5967704940695508
-14,7941663629922040 12,4033583469996085
-13,5932867315552173 13,5985072439012153
-2,1443699227201902 -11,9626675032994481
-14,4377590487896761 15,1393985869026704
-13,5684620624774723 -5,9127035167903426
-1,2542268286940410 -12,8600102087124313
-1,1510274779904854 -12,4281363303100107
-15,5415071686655537 15,5731956518303036
-0,8812844640808052 -12,2300207773771419
-12,4907082630693633 14,9501683038860165
-14,3111176629849641 12,9509583418825258
-2,5468202818097785 -14,4026344391004670
-14,3807509225284367 14,2556944975012474
-13,1249079586840818 -4,8250125859543633
-14,2338516628250122 -5,4304727429679200
-14,1311920366883665 13,2704174162211039
-15,5601923305903913 14,9640016713320687
-15,2667407095661041 -5,4676217445500317
-16,1871037936214002 12,8634360352233124
-13,5400987160105153 -5,1605341780114555
-12,8234559052331036 15,8701011716234852
-14,8648950334262899 -4,4512921191291213
-12,1859156190629605 -4,7708954673505417
-14,0820446000126633 -4,8108538341493272
-14,4852758397777706 -3,0294568053447213
-13,4391765589720915 -2,3875832388691891
-15,8852106872678522 13,6977997225743238
-13,2435191348610974 15,6106492980257521
-12,9644817335772213 -4,3871849150780129
-1,5272216750488654 -11,7976241281213827
-0,8227386521026474 -13,3820685062544733
-14,6290511572092541 14,4104812188023939
-1,2917983402717534 -12,5455274899065117
-13,6442182291294181 13,4971897129353700
-15,1636371477269449 14,2360917976765649
-2,9813327798006499 -11,6751144117620651
-1,1116105912293874 -12,2379598129055438
-1,0667862154187562 -12,6209090616141513
-13,2162433014572134 14,6196889579529063
-15,2812656317210269 14,7021844636703225
-14,8245548709499406 13,3601936155904628
-1,1906448399808489 -12,3610451737545528
-12,0437105264039594 -4,5158394587846731
-14,6246615862095766 14,6332034190728351
-1,6856082798782626 -12,8557847582777214
-15,2843077833666303 -4,4475295934378032
-14,2026457342356132 -3,8955061063306560
-15,4344797690620812 -5,4315045113194156
-14,6137532950495963 12,5241134033691903
-14,6775345326359012 14,6925115945916200
-15,0314842513623219 13,4339786720661483
-1,7320693547092938 -12,9776082678968265
-2,1352984595481734 -10,6327567317654221
-1,1037442036899558 -12,9299954659241507
-14,1930822628057456 13,6714695262859660
-13,3723253726600859 -6,0364154177674765
-12,9126449504441361 -6,4902638771018886
-0,5818960651317939 -13,4855615177022976
-12,3245462818747580 -4,5972689382458993
-15,6882584181664591 15,1883179811468505
-15,0746753476633817 13,2435218219776871
-1,7412311087422587 -10,8398442455268587
-12,1475053717331658 -2,8434236867300142
-14,2485039173009849 13,4740669633564902
-13,6935741862235130 -4,3366295864092645
-14,0674194679203843 15,3111382118295953
-14,4091834468102391 13,5896646760683524
-1,5962921161768913 -11,6887269253620509
-13,1018187542759446 -6,4313702983349907
-0,3820493167183072 -11,7657322910006190
-2,2599006492647202 -11,1423226316336095
-2,2103842862496719 -12,1309260345654639
-14,9022390726816099 16,3029420812161128
-15,7781999750830586 -3,2815739805963950
-13,0354529862506769 -3,8030999961797489
-14,2985904848801386 -5,8530395809026503
-14,2383834215308269 14,9495022135220381
-2,7063472225993066 -13,1010967674481211
-14,2353728668022246 13,7040209735791070
-2,2215840111502114 -10,6966389129107071
-13,1311489271626201 -4,8747303072036274
-14,6549440468641823 14,2146136632724431
-14,3234782828749285 14,3063656968597819
-13,8882375490427119 14,2143131189420249
0,1774943862607405 -12,5879360383976575
-1,1936088599921619 -12,5597996711397712
-13,9685814482736248 -4,3330798649068152
-13,3829816509668831 15,9100191497604477
-14,3487731577756694 15,1641550977935520
-13,4108272036995011 15,2300072970225777
-0,0998902669043469 -12,1157389959278525
-13,8138851749680445 14,6468250621909437
-12,9856903423948307 -3,3879585226071938
-1,7612602979361582 -13,0757963035194980
-15,1965039078248214 -4,9529322230111719
-14,3835627668091739 15,1868186634627360
0,2214200197558960 -10,1855723213465961
-17,1912923829298805 16,3933896218430064
-2,5471489472192932 -11,9660834958847389
-12,8011856875184300 13,2752669356252611
-1,7843833832088674 -11,4367748290027151
-12,5917157701572648 -3,5998697366609838
-13,4853239697538605 -5,0460791322982299
-0,1789811597060200 -13,1587611156882751
-2,5430378833901974 -12,8331324274755030
-13,3420253490488925 13,6918133534357462
-14,8145624425804669 14,5433394523685493
-14,5660883213497634 15,0880169295906814
-1,9973114450826879 -13,2721565246020887
-1,9993748909407856 -12,8658448086784336
-14,7560244504264304 -2,7796236937189986
0,6528505017141013 -13,1417734725566593
-12,5584488794289033 13,7390745242353471
-2,4247345620074632 -14,0542828627913288
-2,0364879711718231 -12,1391715984730553
-14,2250939087295833 14,4945627345676460
-13,9549955491023407 13,5376775974381367
-13,4389923875260120 -3,4432404066857050
-13,5622548479954492 14,1867938679565135
-1,7662633270158483 -13,2358352401128752
-14,5386088007524563 14,5018200677570306
-14,0140207635372054 14,3296259965622479
-14,6960269869140969 -5,3818857721463935
-13,5747782397419350 14,8540528363829836
-14,8923542716556057 -5,5866965190950255
0,8569333158721086 -12,6588169096544227
-1,0556373658655582 -12,0430906210331639
-12,9809960228172461 12,4203122556006864
-13,7130002389168428 -4,0847890407296390
-15,6422998018971562 14,1454566023389301
-13,5392040363935848 14,4796247649717102
-1,5014872872786094 -13,4842462726762751
-1,9877126181619367 -14,2468019121974105
-16,1732836775209066 14,0283725577319096
-2,8488614212313665 -12,2915020859721711
-2,1328462989303132 -13,5148398680016655
-2,1556264799122555 -12,5076580684359033
-0,1082786999687075 -11,3701041414843971
-0,3043859442900265 -12,6637928479617443
-13,8338134919425677 -5,7440964677104134
-14,7333029624816820 -4,5272034077536256
-14,4798770677160213 -6,5235646806612992
-15,5618689255175049 -5,1758124034315163
-14,3866396678073230 15,2038154374697605
-14,8464512921079521 -5,4546370060347540
-12,5824512332793095 -4,1017107073852825
-12,7291152860142773 -1,3521990969366025
-14,3192180627334373 16,3571101819977898
-1,5444563069144253 -12,4606562107286560
-0,4036235032922322 -12,6640373798770511
-13,3800554615779888 15,4353356794167897
-1,6823529482314041 -12,6861270450624151
-14,5153814739200282 14,1537025772213969
-12,8932028068235081 -3,8451660142752719
-13,9754177037927718 -4,7918451460294751
-14,7901633939037875 -4,0174035723738877
-13,2252860184414178 -4,1296386474378570
-15,5204486520303480 14,0111109565662115
-13,6797831981005285 -6,1127569718392323
-2,7439143348074029 -12,6877748069969218
-14,5463388751221530 -6,7766290466205987
-14,0747919936204493 13,6444215162123594
-2,3389385584036164 -11,6829566564983196
-2,5899998237983572 -14,2998981986205607
-15,9078458288500961 13,9357035534559284
0,1736242844051989 -12,1573863506665862
-14,1263214847211120 -4,6380521864057469
-14,3540844481622951 -4,8861480379436975
-14,0255063028669209 14,0735687903701407
-14,2900722445940964 14,8791794787689451
-1,1451979149228986 -13,6486096068643956
-14,6524650559677951 -4,8069622325989387
-3,1060026296661003 -13,6308825578406108
-14,3084402387621470 14,7499575186825460
-1,8970608534174067 -13,9543930035611403
-0,1516261342142904 -12,3420885066697039
-15,0474121471449713 14,2996908018455215
-11,9289964462195748 -6,2998609613218521
-13,9849318155850479 -4,2435423703878055
-12,0543727782028327 -4,7555526716918175
-2,9761230491258326 -11,1157284083045997
-0,5218726607470976 -12,4346771765830297
-0,4645185403442487 -12,6076961471327831
-12,2209759858950235 -3,6811488554807452
-13,5895765999820064 -3,9704090662900606
-13,8014709044463917 -3,8047044908967291
-12,7740655569342927 -5,3065251397903586
-14,3949905711604469 14,2243135490723844
-13,3760690021434563 15,8907214152267304
-13,4931650386608126 -5,1828591601571166
-13,2938182892414911 -5,1134624567767171
-13,4903523031335251 -4,9971182616991578
-14,2593537407097966 15,3470731254103665
-2,0239467106485929 -14,1682652741147681
-1,6345135681305378 -13,2290639113172084
-14,2152270719815625 13,0211806051831296
-0,1497284907606484 -13,3867008736583895
-12,8141115644114389 -3,2593483968718902
-14,9938814311976163 -5,1628215123314902
-2,2095461447730957 -14,2337953440063387
-1,7965629268412582 -13,6398105442212501
-2,6945688368710217 -12,6049428152011593
-13,6015022769833340 15,3982582681625484
-15,2033334503263013 15,2498538347046875
-1,4253581761704239 -11,8721754883244230
-14,7013046122397917 13,7650211851388917
-14,3868438887956902 -4,0605333995992083
-2,9522622256298368 -12,2936670009098723
-2,1956799596956253 -12,2956214844075689
-1,3786202392397333 -11,5445317158424050
-0,9529787214337452 -11,9918392381293124
-2,5403609193450896 -12,9648836922683497
-1,8413726410508260 -10,9826381661177983
-1,4836964641882369 -13,0902512049409694
-1,7872625801815789 -11,8551518293893086
-12,4092158998524145 -4,2441649620181776
-1,7595175422601925 -12,5219685381826853
-2,3041179875682571 -12,5768758926488378
-2,7596543508815659 -11,8882337662165547
-2,5024019554049302 -12,1778355078999230
-13,8835135464898709 14,3305354509589655
-13,8505871536629375 13,8008136317033046
-12,4534651071935532 -5,2816749655828366
-14,2259542809104165 -5,9465705095415711
-12,9446256702784801 13,4149747420544205
-1,0134123865499629 -12,3819624101291179
-15,1191873984235503 14,9699942275445466
-15,2799032805886075 16,0365366258322375
-14,1446747922384457 14,2022246396122362
-15,4890973815927744 15,1380219230368294
-14,1606459148108552 16,3237711581463039
-0,3805182899172632 -12,5542029903223025
-0,8214288120071848 -11,9506541806178070
-16,6774503465622495 -3,9935200304731477
-14,1192986225582562 -3,5836955983689442
-13,2971838981260273 15,1527080711288242
-14,5692826003064759 15,5768215166129238
-0,4468016543633269 -13,8661033190637948
0,4809226013142165 -11,6532862853381456
-15,6507868162613395 -4,9060914348731535
-13,8869601583564748 -2,9916147657138970
-13,6310464161992151 15,1342340868873801
-1,5048058137164122 -12,6307564773043524
-1,9278447074413869 -13,9285648538477869
-15,6479748059747816 13,6393977258299035
-13,0776136413725084 -4,5458170244866709
-12,7576098886036018 14,1854262601500647
-14,4277764662076748 -3,4183816569675316
-13,8208063917104518 14,0474451131935645
-14,0944680379913265 15,1381107474918970
-15,6561278219211921 -4,7025125418345155
-13,7400082078427666 14,9931857244438635
-1,6821606320531974 -10,2145200977299844
-12,0411023421736516 13,6310039454322194
-14,4408320101637138 -2,9261334851059706
-13,9255417471871201 -4,7108318871396566
-1,5741318074210837 -13,6792695282713446
-13,1991956269548147 -6,0399940900405404
-13,8388452632072649 13,6344645492130230
-0,7151824485974859 -11,1028010421815377
-15,3054579149838936 14,3895390578916054
-14,0053375097446846 13,7781768152882780
-14,2659245429240649 -4,1515335509633315
-13,1250763604507092 14,5446269035679538
-12,2484705023642100 -3,9482960202684136
-13,3926205875553830 13,4180094600310511
-0,2213100214542452 -12,4963306914728811
-12,5406075975544820 -3,6116425823588481
-15,1661648192676122 -3,9786029000425511
-15,0658321186863873 13,7247668289215756
-13,6651950842603309 -5,1704788118001339
-14,5950024479385849 -4,4510088712774802
-13,9769074112625695 12,8148978886834950
-0,9822266048446944 -13,2949785544775736
-14,8049068987585173 15,1925478206492670
0,2932799549000042 -13,7866098175098202
-0,4096670779011897 -12,3817227757654571
-11,8384727288891263 14,6731559599073105
-14,0850712903840840 14,2831169773924831
-12,7268889178232758 14,5050904215593413
-1,4920515566626822 -13,0166577859934893
-12,5456588371892330 -2,9286393537099120
-12,5218915464420668 -6,2919865998430708
-2,7854088305875759 -10,8877087445361127
-3,9330376004623067 -13,8629102727714155
-0,2071293058788504 -13,0180868801379681
-1,9199541569325218 -11,2757690127159833
-14,0201721781845876 14,4005219046729831
-0,7560990594362511 -11,6988938020285573
-14,6467309551261948 -3,1261302830270967
-15,1725076253208222 14,6872081373906536
-12,6783260920668948 -3,8569465325518988
-2,3165602288738314 -12,5202490195269878
-14,0373060151635531 14,6007030116021923
-14,2917633627121106 13,0915971819870496
-13,9234024974948571 -4,5749456162391589
-3,1611934008970470 -11,9346190841714339
-1,4622673683210390 -13,2310168372061749
-1,4115766155031355 -13,0533823344069120
-14,4729177460825174 -4,6479824017829898
-13,8763717753403686 -4,7111120515180449
-13,0957669807459745 -5,9397065454029283
-0,4030376223171908 -12,0086009635644135
-14,7921709843619826 14,9624387516547870
-13,6279423098379500 -5,7655783357832053
-1,6210207413940105 -13,5257789057334339
1,5059808088253952 -12,5792385766869401
-15,8642691252913970 13,1497772408290352
-2,3876824356137094 -13,6059306314481212
-14,6476199977702350 15,1127904128498791
-13,6933209859702743 15,2382677039775150
-13,1601082336649622 -3,6405114964590650
-14,1293789532505851 -5,7979900331989622
-14,8885144090393862 14,6205776221878985
-13,9159295399881984 13,1752956987985055
-13,3022765664026892 -5,2420573107271338
-14,8175593433304851 14,7677908063886854
-13,2147785842021008 -1,7277033381130154
-1,8730577235639279 -13,2615856321441097
-1,9220164343468102 -13,7558297746034697
-1,2369772543774895 -10,8422008718405962
-14,0122221068941997 -5,1620410587125551
-12,5188332451594011 13,3911609901693023
-0,8733514468222411 -12,5289488281926324
-13,8208257221103743 -4,0664696045828963
-15,1537903617502732 15,5846670550371833
-13,2669161194652379 14,6689828670724953
-13,6292313443254915 -4,9536717341797285
-1,1323238571745398 -12,4743417020093901
-12,9079285073419925 -3,8726352089475595
-0,9595094018548115 -13,1040758086777416
-0,0306811510518845 -12,3516233930266957
-13,5654354410622684 -3,0285585063439409
-0,3866163854785951 -12,0740754198726243
-13,0998831297760159 14,8519745600355932
-1,8941821034187081 -12,4848079927625868
-0,5929029558047844 -11,2240958869085254
-13,3909248917166330 -3,0793042038662168
-15,4914800745685017 -5,2915173984071657
-14,7132220653603536 14,3614051555510187
-1,2617333872079282 -10,7450095543891031
-12,6341916246306472 -5,9234231881233947
-15,5790091511651987 -3,7562719800173885
-15,0390323185720902 15,4756574001144287
-0,2921254667768607 -14,3030780215513040
-14,2058825360363361 15,1688451585170867
-0,9308555542368905 -12,6682370795741708
-1,8208520185535741 -13,5826710336541900
-14,6334086642901564 -4,2517673355577257
-1,0407995477073784 -14,0392771800160236
-13,5142319138998772 -4,8208249887746826
-14,0036216003514546 -4,0847066643990759
-1,9319608942340531 -12,4395770280710298
-13,5646339790650874 -3,5574479894006261
-14,0592467313943992 13,4201186094167948
-13,3030862133830627 15,5889175940636662
-13,3135110455794177 -3,2674952836547071
-13,5789801116043307 -2,6547694197402647
-12,9940380405940665 -4,5247907426492961
-15,3373271908285318 14,1367967132774819
-2,4053430809903706 -15,1228786645658371
-2,7583409653651509 -12,8889473159335530
-15,3977710483607133 -3,9547297949773323
-13,6635861908746854 12,8149073949500707
-1,5119528576073491 -13,3849415748121547
-13,0655227596795331 -5,9602802517028914
-14,4177844562082420 11,2678749570695942
0,1737996234671564 -11,5695708957783001
-0,8768280396492075 -12,1518599573099451
-16,0078219669151913 -4,8194704117221869
-15,0100886955303725 13,0334915776914730
-15,6599839700784464 15,4527432776295797
-13,4279099975955099 -4,6348552128426563
-1,2691124758013614 -13,4571921601563957
-11,6009679160474928 17,0340272225086800
-0,3661358095414111 -13,6975353306831007
-1,5476313878534342 -12,1045970367266733
-16,3066434585240856 14,2249951487379001
-2,1589280038878060 -12,7418804940784742
-14,0142200420934149 14,3158415272773798
-13,9917030846220456 14,4152748356758185
-12,8208195733259345 -2,7581813895850278
-0,3533193917377651 -14,7152469146101765
-13,6585437658372690 14,6996354859665956
-11,6516381101767266 -3,9647320013657836
-14,0122222870002791 -4,0684213513584133
-2,8042443924919551 -12,3455177410701697
-2,0079533635529314 -11,4163948797730992
-12,2149692188796219 -3,3244581368251245
-13,8693902402151892 -5,0108160164776514
-0,1195586624135920 -13,7551355918247733
-12,0989094901387695 -3,8752318940472206
-1,8795106595964524 -11,9549772643152981
-12,0232439908193367 -3,3763870459677521
-11,9029094146437124 13,5135218279684342
-2,2326649731613637 -12,0766963028522039
-2,5591684094348572 -13,6578931387448108
-15,0948874432428415 14,5881719488265524
-14,9085340467711838 -3,3334541693894559
-14,2776161451466681 13,8974754552193680
-3,2738239863182050 -14,6466723254797113
-16,4569637529121451 15,3140495949576572
-13,7660709512835933 14,1043460375756347
-14,5229388201192506 13,7699868300400112
-15,8813014138832376 13,4873754654348215
-1,8259702445079653 -13,4925558868587707
-13,3034936047601740 15,0940555136879055
-1,5372566986291043 -10,8205485041355409
-14,8278201148083753 -4,6863440175068094
-0,4887150448615744 -14,5549558873285303
-13,8824185438099761 15,4404909243950339
-14,4949437995901587 13,7671726505426690
-13,9064978696088826 15,2029185899803974
-13,8564550922245857 -5,4366250225884993
-15,8457031955964656 15,3252312047797474
-1,5929981891211080 -13,5315541342275196
-1,5846609454530369 -13,0577019469232134
-1,7667717320309402 -11,6394673902048247
-13,3882660900890187 -5,2096875404963461
-1,6630816002726272 -13,4704658169360432
-1,9302912910169603 -11,2114864026720724
-2,3551865516275394 -14,6848683874320631
-0,3627203990817549 -12,6630442332275113
0,1221434497061642 -11,3778314367154394
-14,3159549707898250 -2,7020658537886053
-13,3191270043092160 -6,3398705798477080
-1,0210515662540058 -13,2163678646773590
-13,5039601002840755 -6,7470284491125891
-13,8833433341190577 13,0926328933657761
-14,1308971417124685 14,8813621133005434
-2,7379351000676690 -12,0483002670254731
-14,6600446423246513 12,8142497215054370
-0,1383026775122667 -11,3863409029404963
-15,4602141594675135 -3,2706046544859282
-14,1622254705601023 -5,1546939271491414
-0,3734621127992233 -13,6046274546406121
-12,1815089498695137 -4,0372896936429665
-14,5764610184760439 -4,1859106116312752
-14,3923916431198577 13,6259547967134740
-13,9218447264206464 13,2005404161823385
0,1479654936709927 -12,1063208556993356
0,3931176379262533 -12,3331952256428306
-12,5361130880764904 -5,0105862211975785
-14,9912870535199154 14,1404109745118998
-11,3866369040072648 -5,1270714774533204
-14,4461298669348679 -4,8784598285547940
-13,5440467278527166 -6,0561054696546863
-12,7287261197047012 -4,3097211322484039
-13,2874441454393075 15,8237302833189801
-13,3461582426138090 -4,6301967483135638
-14,3650578219304315 -5,6163217786433890
-15,9902158217531980 -4,2050351725650801
-0,5308134308474689 -11,7464564583594644
-12,9216115502047657 -6,1767925823876197
-13,4466500217646185 -5,4802395765135659
-1,5218563347621066 -11,8317166541309753
-2,5484217445480386 -13,3247120623076825
-15,6185842100626306 12,8913439540953263
-12,7453839581037318 -4,7026265561638434
-2,2748137446302090 -12,5917580136969161
-15,1137011188795558 14,4915724498253908
-15,8244042768426709 15,6128130419868771
-12,7620491377044782 -6,4895136467696695
-12,8422421176383779 -2,4363315415099192
-13,5021844608931172 -3,5393234957227264
-12,6747509615255662 13,4643815562981519
-13,7193304597980763 -3,7696809367426880
-1,5583575080624197 -12,4974122660881566
0,6145362191686985 -13,5718518360616951
-1,2309180015213170 -13,3706166264879904
-13,6410706293170598 -6,2598978501990352
-13,3249564642183742 -3,9278111827949704
-13,7188392429701782 -5,0829115338804778
-1,7281709778880077 -13,6902742887766991
-14,9954337587767910 -2,6900450947630334
-13,6687689303705255 -3,5772572526599067
-14,1830076902513174 -4,5459579351103150
-14,4997997953988360 15,1078914337633510
-0,9955094184079940 -13,7831692359694262
-2,8923572759820342 -11,9139183972735871
-14,5703263099220948 -5,4941734200759900
-0,1678864243693428 -13,8599722082661199
-1,2077332903155804 -12,7292591761730289
-14,9183180744489547 15,3749236125426023
-12,8507425517268139 -2,6960367896663007
-1,1953564610934317 -13,9395798826647948
-14,9924020087334320 12,1057384358357716
0,0165819911977378 -13,2916727941466117
-13,7077257500743013 -5,7970210738399057
-13,4479521257870545 14,8343640527838598
-1,7694214344240196 -13,9086098553242792
-14,1666036271793079 -3,8787233541121440
-1,3003855635567978 -12,8368138264163321
0,1210619179518135 -13,0080680203553207
-13,0022139039631117 -5,4984469591051264
-13,9764870224479516 15,8033279250598646
-0,2963554850844787 -14,1804551684032365
-0,9648504759974695 -13,2159951841066636
-2,6943759365272211 -11,9678590457628449
-14,1303815548262364 -4,5673488220323728
-14,1253680142699736 15,1823668268734107
-2,9157961078614880 -13,2069129437638200
-12,5995081866578609 -4,2935577434003243
-13,4366654742140046 14,2362258431240356
-2,0493645072050128 -11,7606080976822884
-14,7925350003159686 -3,7541758649017827
-11,9936171205503701 16,0397892788205993
-13,1512078418067198 15,3228695848344696
-12,1243108217120970 -5,0979113013849631
-14,3823568668346446 16,2920397087275326
-12,7887265579743339 -3,4337464192466163
-13,8463026198568766 13,4631027359393709
-13,5657563618184174 -5,9996623091985679
-13,3691773349330738 13,8249887930950148
0,0473303131899985 -13,3340910709586851
-14,1302108823927561 -5,2357427606141274
-0,9073814307231889 -11,9194981013351029
-12,7327091519632738 -4,7298770535468533
-0,6243662051423089 -11,0540003383557526
-13,9083214073575263 14,8288254323789079
-11,8745634900783958 13,8157331395936787
-1,4849808279044501 -13,5034463372853377
-14,8383985279553947 16,0880141684260032
-2,4800237382651460 -11,8810705674716459
0,5519331565808856 -12,0009397778192497
-2,1361496447177464 -13,6735621174057691
-2,3811623732285874 -11,7904127545107116
-1,1692596383313518 -13,6723508583556939
-13,0781215146812020 -3,3168755400198426
-15,8534908462038153 -4,5526042176010559
-15,2964874338868189 14,4773852577898463
-14,3146492241456613 -5,8819086011454971
-13,8181397042811955 -5,5550326280672344
-2,4238731686593602 -12,3399070807335658
-15,5931124390324118 14,4952994835819879
-2,0003959996973495 -12,1002867282923159
-2,4528311980551742 -11,1191005342210705
-15,9522835114582637 -3,5399622456281286
-15,7933545446055632 13,4007205526235875
-15,2237881424219932 15,0851592967593575
-2,1860060025049521 -11,9262830566777183
-14,0468029107039989 14,0560932925835456
-12,5678347723095030 13,6033687413739344
-14,5379617926109113 -4,6811485449234036
-14,6135411275842024 -5,4011936534771721
-1,5046698278018844 -14,1827136181386546
-1,6715831232565965 -12,9701829109607925
-0,9586346163259062 -13,7810494325903790
-12,3934768005187870 -4,5969983958120251
-1,2365851585373577 -13,2534043810253124
-15,6531416347515471 15,4226792243989266
-2,0035083076783886 -13,6197974275886704
-1,0610086929383056 -10,9748915792379158
-0,0732576743968911 -12,8564851261004467
-1,3128111425824778 -12,8193850300617189
-14,3134829503463870 14,7232292581732214
-1,1293082164309962 -13,1587303856506583
-1,8557207931051463 -12,4235310260910889
-13,9501461820086909 -5,1253308317670037
-14,3048244139150409 15,9218986401361846
-14,2708476331327603 -5,2049692931675233
-13,5521009446328602 15,1666017058194615
-15,4514627938618432 -4,4943739196368693
-1,3328336379695085 -13,3268681716542279
-13,6489753048051483 15,1785242338534694
-13,3204636468635034 14,6383313010171179
-14,0369490310782297 15,9798122724375613
-14,5150264836022345 14,6289025677702149
-13,4297069903485085 14,5483707805850955
-14,0868191376882450 -5,0210679373304457
-14,6046294275908792 -2,8207702741526925
-11,9637209761087711 15,8003190514621732
-14,0758925361830460 13,8118660108737803
-14,5266154668663230 13,1043479261529683
-14,4470954076042979 15,8557234775484126
0,1323883471632765 -12,5858515413966607
-13,6532950769731869 -6,2704934406112569
-15,0516839252166008 13,5907976452479140
-0,6068157418458725 -12,3259978696611920
-0,3917514232950010 -11,0881142625784310
-15,8078230214587450 15,4786525526666576
-13,6577069631409582 -5,7496221348376331
-14,0851009809519745 -6,1231992073000123
-14,1236443375822738 -3,1049020485728027
-15,1772832617557327 15,2301938164390549
-15,0433611552554058 14,8356773803291464
-13,3264576480345056 -5,8177794210510410
-12,8825923888905614 15,2390529247278899
-3,3015853722767954 -14,5226197125432073
-13,4830089739014500 -4,8272201065938081
-13,9057236244667735 -5,6409951926643949
-14,8864817667678597 14,9102781122985171
-1,5367873062087281 -14,3015908793421005
-13,8541372312974556 14,4334282734931847
-2,6634079910316846 -13,2846720162951826
-14,0202596863703732 15,5294093917197866
-13,6741672271782573 -5,3048333256639504
-14,5447022562612300 -4,6957228231273049
-0,8338420619794850 -11,8578527166733334
-13,3921213347969719 13,3064815972624402
-15,0835231291943419 13,4706958831726666
-15,6707424783061704 14,8378854787982277
-15,1083246003826002 13,8294717412785193
-14,8182742757085162 14,3749314567485573
-1,3963793320708000 -12,0442504992540975
-11,8812351463723473 -5,0371606750740563
0,4659237017584710 -12,1740512477322866
-2,0382113723243616 -11,9011491827092151
-14,8500735475754002 12,8299385290358039
-14,6669857009336564 12,9715957074560624
-0,9326356053529313 -12,1381165141812897
-13,7085487645189854 -5,4163264821092625
-14,0239397384641844 -5,1753406570339378
-0,8012763818469063 -12,3785762403827082
-15,7024070584859050 14,2127135398129738
-1,4522202299569071 -11,5976422263034902
-13,8186745690200379 14,3975100506705491
-14,7226359077672679 -4,1926278874240843
-13,5627765296870866 13,9278723362371171
-13,8660792251930900 14,7214654651004544
-0,2865073844948420 -13,0622915635180235
-12,6579030511027550 -4,1736045859600699
-14,0526633321567616 15,8986156274377546
-0,5979800663671837 -13,7616811276652697
-13,4469916075344234 -3,6742713471414721
-1,5759718523399291 -13,1013449066765908
-2,1263911554484878 -14,1406604528813986
-13,7368893732016879 -6,3179442813534870
-0,7678314461849705 -13,5092773456758657
-2,7496948119736957 -11,9224868304736589
-11,0009759694602991 -5,2728619064867788
-3,4185747497906487 -13,3462087203269206
-13,7504091629859744 12,7338292081103184
-15,1739177220510655 14,9921799914401763
-0,5264095300563042 -14,7720274371621088
-13,9878564829314271 13,3226511697190269
-1,6938675636208143 -12,2484852949857945
-14,8125526655477060 -3,9628565381549379
-13,9970789732840384 13,4184551783645816
-1,4695234802355899 -12,9249175705475992
-0,2313445476205174 -14,1279811855526045
-13,2608213438123741 -3,2999935114748680
-13,3763496166661842 -4,3099642748932379
-1,2807199220700232 -13,4169676558640081
-13,6682802756070547 -4,2684100880968412
-13,0563219126016268 -4,6845990984928427
-0,2969685399996658 -13,8955533601384449
-2,8549686869101576 -13,4044984093813166
-14,3741802316909357 -5,4734034196586876
-1,7577479407701064 -13,9835220198324883
-14,0643314035416793 -4,2873701208042858
-14,7076680785385587 12,9381026730667301
-0,6423608138552063 -11,6850479811966039
-13,6662544168400863 -3,3762996517526451
-1,8003275355036172 -12,8608021657890941
-13,4076495940436669 -2,8180841743740981
-14,5797614633185386 15,1841053594280790
-14,0639275346341481 15,0534840779182684
-14,5040191020638414 -4,4654134664118459
-15,1283751620715474 14,6234697923358699
-14,0136546532735693 14,7460870361624679
-14,4558033651492313 -4,6180999027396918
-1,7170939674972918 -12,0488385800417745
-12,8790779872129715 13,1214339608135564
-1,8628769996888432 -11,6476066949254999
-15,7196842189166475 13,8953469194848420
-15,0293850237227087 -4,9844704635688215
-14,0909316820629069 15,5002084160180669
-14,6117718531779595 -5,0931799603851919
-13,6045731311385154 13,6204911284397081
-14,2313386444816921 -4,2221441972076361
-12,1355805481307311 -6,2151359294920008
-15,5569495082955136 14,5412034280813014
-0,9348496648303405 -12,4211869919335260
-0,7624140670924823 -11,0953874060015156
-12,1905600911554544 -4,2434302677046745
-13,5980405237757207 -4,1158736932522597
-1,4808384863888480 -12,7598518140760078
-0,1586486764084589 -13,9559524111882727
-1,3880093672542906 -12,4152667753752279
-13,2621751050220400 -5,7340106740033630
-14,5041575955853261 -4,6436569289714233
-13,3001915655187410 13,3439096640383710
-1,2653779778330849 -12,3645327928809206
-15,4408987266802917 -6,5441381196432040
-1,3272085203788953 -14,3428654053473466
-13,5973067559858780 13,3905475375749745
-14,1754512631289238 -4,5675068242992518
-0,0091528365772453 -13,0697552075671677
-13,2999164681652946 13,7302620810394984
-13,0645887352910499 15,0323517727910332
-13,8109447283157980 14,6738884741062900
-15,2284570224798284 -4,5591143653475967
-13,2211956170462894 -5,6011839205285243
-13,7913238957609732 -5,5672845979848491
-15,2830895428435483 -4,5223162173281217
-15,6831808596813485 16,2519105276063165
-2,5794623601005879 -14,1873626409249489
-1,4790215814742773 -13,0310476616759150
-0,0668122768950661 -12,0156760762559802
0,2204171144828200 -11,7749498431021618
-15,2812531299885315 14,4638744522196454
-13,6761559248828579 -5,4200383448644978
-0,9550775643453485 -11,7590487998878963
0,6536062096358823 -13,6066598510702867
-0,9417955954509135 -13,9385454561867341
-13,9995154000076258 15,5314863993140300
-1,9875943851268993 -13,9914777420656140
-1,4012856436515186 -12,6342895844394416
-1,0981174544627912 -11,4236158728566188
-13,6755975904773859 -4,3807657905076871
-13,6178225106931965 13,5390177318845293
-16,2015788199777013 13,7741251913002269
-13,4311497289521586 -3,6909548909860956
-14,1612709091726430 13,7516700878593401
-13,5703217332481980 13,7502372437160645
-14,8576000796312577 -4,5130150711466737
-1,0001200300713444 -12,4901293489280416
-1,2353058292804313 -10,4411202622425883
-3,0276648971338513 -13,9244377094443994
-1,2770109650777401 -12,7731840540119226
-13,7570713347688240 13,4859157158063212
-14,1034131605663031 -4,7182306911932406
-14,1091519389761419 13,6531382159367283
-13,4335898800447122 14,7321732247030184
-13,9096255044805286 -5,4516019227287451
-13,6441297129444763 14,5881795838555135
-15,1098294891661613 -4,2349007398726526
-1,6264730577511228 -12,4710754163210282
0,3328534609226113 -13,3393240890913045
-12,9438797444127154 -4,9588178965983367
-13,8582612978877631 -4,7835440729392928
-0,2127258163849040 -12,0136191358040811
-14,0085362075232478 -7,7346513089754065
-14,0401395121530843 15,3595987301605774
-15,1285915147907524 14,0180556397161684
-14,4152374314951608 13,7262157272393814
-14,5112391608037417 15,0560538202827754
-13,1935046094518871 -4,2380253108657540
-15,3136222389886285 12,0608252860701963
1,4216325454597678 -11,9847708133341193
-15,6325949224757093 15,7108623730670676
-15,7935280226640149 15,6727066454865049
-13,1508576728040101 -4,7499524315463768
-1,5530611636885427 -12,7335540614036002
-14,8358597674618249 11,9755832427729505
0,0400745505690117 -13,1017864770619621
-0,1048570102920061 -12,8316412234966446
-14,4331776656147941 15,8248878321499475
-0,2305187595170353 -12,4929737414875408
-15,9554208170140743 14,4580997915712732
-14,2234768165848386 13,6467923373107887
-14,0191714570798354 14,4332942577923440
-14,5789526185031093 11,4743198566516948
-15,6249203745915679 -5,5147804673692544
-15,7613460120175972 14,6209151332705787
-13,5987542022515502 14,6723885544185890
-0,5137530942537247 -14,3634565536615888
-14,5617041083192511 13,6049309019906897
-14,6131101014913956 16,1455097389165125
-13,3352901681444251 13,5859609017518785
-0,7450720003154899 -12,8795834863205485
-13,9289700742974070 -2,5000770584480141
-14,4014804076636178 14,4489596777952265
-12,3867713442064957 -3,9445035272926412
-1,4080408533194579 -13,7341102853321377
-14,8663189682901606 -4,5094895869741549
-14,7733863795441405 -4,5346976176443157
-1,6180342809551431 -13,0891311801400470
-14,9113918701568409 13,0290842580187114
-12,6826302994471813 -3,9353749432255043
-12,1621683771709090 -4,7946572844564344
-13,5676678049593491 -4,7510704903516139
-13,6259829485800612 -5,4510956007321214
-14,1979482407300850 13,2040405109134777
-15,8018794564348521 -4,4624904414094146
-2,1682882191623194 -12,9100555651211621
-1,3592574320384865 -12,2970478878885778
-15,7169535207134121 15,8678123277832253
-14,9895949712475005 13,4056041911972255
-13,3303943126216833 -1,9010516191636166
-14,4005688190073879 12,0123015410491316
-14,9987278957714398 14,3471721485633736
-14,9035324722790339 -3,3237251920166453
-13,6287377043582012 13,2010136092485535
-3,0884382429166779 -12,1869996042104667
-12,6832680944399332 -4,1340413136639667
-14,3799257119329784 13,7531992363501736
-16,8930131311404423 -3,2975530246071783
-13,0868791124171935 13,5294033879480473
-13,9927188616410483 13,5996427653520655
-2,9144226094539629 -11,7710656857783320
-1,5556542861340712 -12,6002996449533260
-15,4158706554613509 -3,0856095856531791
-2,1167455707135288 -11,0295844208643210
-13,2554560364881606 13,6861175505826793
-1,3541297932569965 -13,1542584185461049
-12,5198835672767235 -4,0772327214119093
-14,2958729371478572 -4,0622190298841829
-13,2996913918517325 -5,4783072775549595
-0,9560446100552096 -12,6592040392813914
-1,0687512994082975 -11,7445129848477983
-14,5318577106079676 14,9410753260352411
-15,5416406490995271 14,0776240127479149
-11,5816199545578957 -4,3378020220534061
-14,6375714493963169 -4,4005058650578910
-1,3582245902543164 -12,7141981974671356
-15,0669908737928004 15,1554340871845490
-2,1172668313535312 -12,4803629020494675
-14,2964665823750359 -5,2276649004674711
-12,1203771352120562 -4,7455400029748400
-13,9306089288690096 -5,2951586250745803
-13,6677960165730230 13,9409217059111352
-1,6345812475423251 -12,2599033164286286
-13,9879977883236641 13,1396940686124282
-15,9527829980765823 14,4967855835057335
-15,5960187612250554 13,4933522437764548
-13,7016699744468031 -3,7852841509747823
-15,0544691690687706 -5,1903487504827233
-14,9175636815936130 -5,3569910179499365
0,4535747547180544 -14,1730580854931958
-14,5685191800394982 -5,7826855712912417
-13,5199251594049077 13,6757866826382806
-13,6656915327584692 -4,5781622906414761
-0,7240340120343748 -12,1257350437523019
-1,4255831568566260 -13,0432203007532426
-13,6733192413601898 -5,8947580212690669
-14,8035096412878726 -4,8521720917445323
-2,2795579099105758 -14,0097280098667287
-13,8448674557310358 -4,6671382653802578
-12,3913406872931251 -5,1900566682167559
-14,1312782221484206 -5,3286527934378070
-14,1055492128140614 -5,6864162200355493
-13,2402114835471192 -4,5422690167006152
-0,8827058577489298 -10,2254763791247907
-14,4639546304314024 -6,9028250870883578
-15,3877885901442895 -4,7399711214221503
-13,7984078783841646 14,7421717522498614
-13,1015410629957643 -6,2077693788918058
-13,3191718205283607 14,2591255049899193
-13,6574877325985984 -6,7407062244435636
-12,7758651219295984 -3,3300580702225764
-15,2345544487755085 14,3045761703926271
-15,0707582597807157 12,9392998630713763
-13,9300125812885778 14,0565842473013767
-0,3766549188477220 -11,6282719581029621
0,0553471372767798 -12,2049584442997148
-1,4507690031215346 -13,9606715405397743
-1,2807088210236117 -14,4016111950937500
-2,3110416833767200 -12,4534229517924668
-13,9800821617940141 13,7097036780250150
1,0449398371442338 -12,1447330606720687
-1,4867853551928407 -13,4179819186699056
-2,1239000340250320 -12,4815932963457605
-15,2680239932993427 15,5561781171953726
-14,4972960120609695 14,3242758086633888
-13,5121051797916909 -2,8461556114546402
-13,3644550811574874 14,6001486793458497
-0,5894930771541568 -12,7491114896708826
-13,3105694079429302 -6,2382422439685765
-14,7289864142059646 13,7846729053429797
-14,2660331161641878 12,6629671505404033
-13,5615064926251421 12,5345244979699828
-13,6645098429919489 -4,3643531808034837
-13,5852090481068064 -4,3486105554174515
-13,1974388351683238 -3,8509620089796419
-1,5262277596131533 -11,1646775256480151
-15,7213199256258367 13,3933718849058252
-13,2718476424947802 13,9021284053664207
-0,9306178586800501 -10,6372440034494158
-15,2228940672031321 -2,9689845795695966
-2,6970588486346481 -14,3287202943011334
-15,4951946064529977 14,4108366729316018
-15,0748180023840135 -3,4670779973351493
-1,9870942362093518 -12,9907260851489816
-13,6548430576104654 -5,0689158556875142
-13,8370384736543297 -4,0901245650465334
-1,3686761766717546 -13,2661558981219638
-14,7701499351746559 -3,6967968173111143
-12,7184265498832225 16,4765459377851542
-2,5335118257867011 -11,6291301105139500
-12,5302030130898761 -3,6680179701351632
-11,9043822756887785 -4,3299509338629099
-14,8211507680158370 14,8742082865525198
-13,0389801729229902 -4,5552811554933372
-14,1195773752379647 -3,8955318604439881
-12,9718156900085351 -4,8272680224400863
-14,0703392538467735 14,3207459420461447
-14,3393830370986848 12,0077965799108259
-13,7150801038897434 -4,2293730857773859
-13,4819779542957630 -5,0017526813661446
-14,4494912152079262 -5,1852156491695487
-13,6851772291085201 13,9162041370191147
-14,2589724368120319 -4,9082605866526583
-14,9186118425662908 14,6246756641173103
-1,3613142481764513 -13,0980222009857936
-13,6883397783219483 -3,9853993190589945
-13,3947494712769402 -5,0910308604167227
-14,8324755718684713 -4,2691591680015959
-15,0400035646394912 13,7035160750346243
-11,5023791828137689 -2,9685750683360137
-14,2502188513134218 14,0212474612564151
-1,5969910289546554 -11,2111846800174462
-14,2544922991883531 -4,6307483415638844
-1,3606099640423841 -12,1198295987298721
-14,1141796806741002 -4,9754716382191644
-14,7047463192883097 13,7864831290845000
-13,5814007789421520 15,6098340772082178
-15,1955999397183383 -4,4242823371266855
-13,1987623842686137 -5,2784711450834738
-13,7203874897348168 -2,9837244113700301
-1,0588535158313674 -14,0710370273024914
-13,3545223081914468 12,4879761161424696
-12,9085123100656514 -4,0937200526214106
-12,8667122437697969 14,2063089787343522
-15,1214671955016886 15,0147903657239059
-12,9919204965852089 14,4711676062593959
-14,8150993933648571 12,7626427771445741
-2,2380585319174973 -15,1718142257906283
-3,1886059097105792 -12,7777644411329039
-14,4527394282251009 -3,6254676130465082
-1,7704309277281667 -12,2211209275785517
-14,6596334358141913 -4,5432341813844488
-15,3600139529105100 -4,9192485242425459
-15,7025511957326707 16,1222274641808738
-1,6717197284030971 -11,7218531626954476
-14,6665980038435002 12,5396779740896491
-15,9200312495395071 -5,9412024971373381
-1,2798258326730885 -11,5685694348500316
-13,1260232979962996 -4,7321236687980797
-13,4714794385669325 14,4631383024504263
-12,7686788720067614 -4,6140125529806566
-13,8608216455403408 14,2074924387880834
-13,2359762044913349 15,0498117727929888
-13,8658267599608713 14,9714791141733681
-1,3225818195997980 -12,6405526294049473
-4,6311470096472114 -13,8556086923725505
-0,9545896876890371 -11,7807744227897970
-12,3769270093466570 15,1951872910566923
-13,7857721405188105 -4,3069709764358759
-0,3391913460156297 -12,5078053761771528
-0,5863176446606119 -13,0036513533608922
-14,1839148920420612 -5,2570618900675283
-14,8802269831328005 -4,2414540315394609
-13,2560130910366141 -5,0312650233845559
-13,2836760162623371 13,7222608535628794
-14,0852363896785349 -4,6531114890309757
-13,1452547270854367 13,5859475550918312
-0,7319463145317809 -11,0867236841261310
-1,9977701170525894 -11,3219102629582444
-13,8479532771874236 12,8384546581220587
-0,3971892734158620 -11,2166417858543053
-13,9400705488266610 16,0850449112756131
-14,8773787417203991 13,2307499537077291
-13,2889452570891926 14,7010999515136085
-0,1443358439580293 -12,5965332558495398
-15,6804180729518290 -4,3058061186782162
-15,4796742867971986 -2,4453458405103361
-14,5906997396926048 -4,0618127398529742
-14,6631214463547686 -4,3658181849832305
-2,4104296865720620 -12,6296662106985487
-13,2623094223713824 -4,2513701756482689
-1,1758164996232967 -11,9067046179023688
-14,5042288230364758 15,8322798783599037
-12,9915046123020606 14,3753597234635251
-14,8856179697328965 -5,2098831410636972
-1,6730209974124528 -12,6606824501960347
-14,9129337611450428 13,3640777475807173
-14,5350501208687000 12,8628780239845568
-1,4588553275119984 -13,1270198035398433
-1,7967940987387698 -13,2751902679888225
0,5190196489584344 -10,0873925187596747
-13,7041732271490986 13,7498901326376579
-15,1097348251413504 14,6351709040233686
-2,7169536183365719 -13,0106139566055532
-14,7715616964719221 15,2868015434659714
-1,4038904686162323 -12,2234038408551786
-2,7354279442233569 -13,4202086037179953
-14,5649375213259891 -4,4932444344766997
-2,8152869109644527 -10,9367466848413333
-14,9849285962470162 13,7798770778223449
-12,1797163057503841 -4,4574153131866137
-2,7922901270555269 -15,0946236558039395
-13,9458600697928254 -6,2636387182812472
-0,2191086058725269 -13,7473863487627437
-0,8551609336870952 -13,1808741358419237
-1,7026213767378175 -14,7108445413637128
-14,6998600125688981 -6,0496507002118909
-0,4434963886812724 -13,8070043155428461
-14,4206293288599952 15,7005583759489458
-0,8417203646572018 -10,6454665977240222
-2,1888924349588441 -12,2560722684105201
-0,6767489700213072 -12,1538228776024191
-13,4486373556830312 -4,8373760156129544
-12,3698954740379961 -4,2605483662031043
-15,8949102474095731 14,3254137589229220
-14,7074898713974100 -4,3272499842263308
-15,0378697290019918 14,1838530383500316
-2,1764465856583115 -12,2580594627155151
-2,1862215919961034 -12,7165390936400939
-14,2971191456615596 -6,3675470388237301
-15,1461916753693586 -5,3459480613789250
-15,6851616853625888 14,8987929691676584
-15,6089363805867887 15,1609201489730641
-0,7713429895650045 -13,6745937142553409
-1,6514595643284444 -11,6934774234067209
-13,8884470126492303 -5,4253922953916200
-14,9030717740056424 15,0974172624537566
-14,2503079905034635 -2,9128596196046415
-12,3769073939420213 -4,2639090942311038
-14,1275236469811070 14,9089167107515976
-13,3443144720541547 14,5395262625615551
-2,7674788055427122 -13,4418283583284435
-15,1272684317898971 15,2261652035346184
-1,5966573214781088 -12,1680481539097283
-13,5085210078684064 -4,7371573782321805
-14,8292613890657847 -3,9708116066376804
-14,8758426653286637 -5,4073666632985828
-1,1703300560564043 -13,0212170896200519
-13,9279025194644603 12,9817447346146650
-13,9208480734141009 -4,2867703324485991
-14,5523596890906326 -6,6200202055836028
-1,4797600364571732 -14,6425236871253972
-2,1638881179361906 -13,5492532576243558
-1,3318431905346593 -11,9489234123955139
-13,7987809126998489 15,4944812395958333
-13,6945723375893653 14,3937160069185754
-12,4430661901995929 14,4726361835140569
-1,3995077107162845 -13,1570892686777956
-13,5531187705481120 -6,4432497992756455
-14,0359077134998493 -5,0773810597482187
-0,9779708475167725 -11,7633200953030723
-13,6115916074842236 14,2975372727082153
-13,7184054459194620 15,1091120653483664
-14,1098131611593303 14,2171120631374546
-3,0000241556765568 -12,3581917175264877
-12,8126961029583057 -4,9022629279273655
-12,2088119833774229 -5,0676750358839096
-14,8705654350695617 14,9023559474653862
-13,2423797941146724 -5,9255883303941363
-0,8749191460603564 -12,5107314420546700
-14,5671907473177864 -4,5749401332118254
-14,3885262691597706 -3,0917072564292725
-16,0275297247796900 15,9352839894070932
-3,0517928300667676 -13,6089413838924749
-12,5160350665639548 13,7745892435649093
-13,7473823121936594 14,6450523596186599
-14,4866718947501454 14,6704436694452696
-14,1416029827052210 14,0481050449805398
-15,1032626899215643 14,7475974696746537
-15,7353936234074379 -3,5461452239894502
-13,0514494939093169 14,9281143241013652
-15,3206858149506484 -3,6772504345632280
-13,8445936857224243 -4,7039127009827881
-1,4239208297034789 -13,5878163197303330
-14,8149293810034699 14,7002069420328780
-14,8397617151359515 -3,9916665823833823
-12,4353240991684597 -5,0722335548508246
-1,2448317915400431 -13,4095208998964424
-0,0675386266877456 -12,8179378890444298
0,8298881841523955 -12,4614144344299085
-13,9565525024965957 14,4482631071983896
-12,8540274776566079 14,5378873238279400
-14,3946560366940055 15,6669596403191367
-11,9954936601482860 -3,0644044859941584
-2,2357770089358167 -11,1194135568786034
-13,8305668508325592 -4,9036889992997414
-11,3593422488822515 -5,6549821050839508
-12,8165192069303941 -4,2958486136785279
-10,9231040107215271 -4,1195771931161964
-15,4203543818379707 -3,5490433974009039
-0,5222636621746575 -12,3786635173178414
-12,1588553038859324 -3,4337693104284770
-1,6677856108606404 -12,8524975651217161
-14,7899539945065861 -5,4562542577521222
-14,1490254133968847 -4,9546969135777159
-2,9330642634243933 -12,5716385068401220
-15,7750035936080266 -5,4976208065591061
-1,9251235409586709 -11,3098741564402161
-13,6558178269680806 14,4741984488021558
-13,9193485363576706 15,1759109500449654
0,0111364085481438 -13,4159633619394558
-12,2987942921875746 14,5215600580097099
-0,2659371454434067 -12,1267922934061030
-3,7066375095551596 -12,3362949345553332
-13,2671101705956591 15,0171412515377440
-14,3878733481567256 -3,4148086877515977
-13,0176236606216467 -5,0468951174397434
-3,4789907092769892 -11,4707001411213820
-14,0989837353247722 14,1220559697454391
-13,6802452076847558 -4,5981985460380539
-15,7687135763967010 14,0336425867853265
-13,3912775452715014 14,6858452044716721
0,3693154970220565 -12,6563586206586258
-0,8987484468334067 -13,7553706512912264
0,7711051144798864 -15,1639443688544056
-2,2700733915494196 -11,2732033904064526
-0,3534785963252682 -13,9161985775727235
-13,0911726341241526 -3,2818748506714752
-15,2578045964945037 14,8590538092565119
-3,4647448767842550 -14,0629017945233858
-13,3944909599873867 -6,1302725272300718
-1,0223052750523418 -12,5289650447667498
-2,5186123106568248 -12,7319805378864608
-14,4301175687142980 14,9407558164467584
-1,5520430650848340 -12,6106995795128469
-14,1572933428803687 13,6044985745969651
-0,1574912829196309 -12,7466427772676791
0,4077472621288902 -11,7354206117947619
-12,8102134396259668 14,9793596884119857
-13,3671453533235365 -3,1393591860025278
-14,1719153400449311 13,6952691927650356
-14,3102201593313278 -4,2639297862029304
-14,7161186759497422 14,5607857914075876
-1,8302451961906909 -12,7520126365176729
-1,0467387044587935 -12,0182158757330093
-13,4439769209480300 -5,0631834911632740
-16,1023715977025006 -4,6528431406599369
-0,0504408882484961 -12,7564432517985935
-15,7980558016674504 13,8170929310230353
-13,7275235467865233 -4,5427176189225369
-1,8115694801116349 -11,0841899607729619
-15,0328315263187129 13,2084229128132531
-13,9704153635392387 14,9524253204823925
-1,1542171830206525 -12,0032854792602937
0,1063700847612539 -13,0632452252789264
-13,4072792210450373 -3,9831691883037728
-1,2445234504242684 -12,1509286889867205
-16,0872066025636791 -3,1065147985502950
-0,0468044324987213 -12,5973528297022010
-14,3109140450380536 14,3113343745492809
-14,3871449170067631 14,3947061199470223
-15,0091113823459885 -6,6858130764789871
-12,0739676486523742 -4,6147884298602531
-13,9323021194459091 14,6881956174854675
-1,7135557439920028 -11,3389306061249862
-13,6023943653950106 -4,0964099743229481
-13,0336617541350321 -4,5924812382987339
-1,7078097433121717 -12,0291775675537860
-13,4377639869615990 -6,2586370447434438
-13,6879250246982629 16,2974603567029952
-2,2846605531095552 -11,7425374399817244
-2,9500761787475147 -12,5193168143176141
-14,0294340380413427 13,4781060992620194
-1,3303841641473215 -14,5865720936932526
-14,5518009229940581 -4,0745754986484792
-2,1522967363479806 -12,3273440979812658
-1,3858621662112509 -13,5823060766460362
-14,2635242041161909 -4,5910580225023638
-0,8948069066266733 -12,2691678537439248
-11,8299061394981955 -4,7351853659934422
-14,6184891246492494 -5,5886076388817196
-2,2010339948946487 -13,9940983889462132
-2,7903370551989206 -13,5689179793587762
-14,8218199921933316 13,6941904754066002
-1,7388094145360413 -11,8513972109254695
-13,6234929139664747 13,8960905406914943
-13,3963198531278280 -3,8140470432605760
-12,9054685730971030 -3,5680504948878928
-14,8410879086351439 -5,2890394689168501
-15,1247911888735977 14,9841455559058634
-0,2491684295107151 -14,2936757100354903
-13,1099747865731970 -3,9488694316063211
-12,8656202099492010 -5,2444885767555522
-14,3258138693194574 12,8837140104845798
-14,5538123557743919 -4,4233112346397450
-2,0582920228074402 -10,8585215970417206
-13,8045831432191370 -5,1871558694605620
-13,1452085738340188 14,6769009921888554
-3,5190876295961355 -12,8988490650067025
-2,7665130876981285 -12,0082541248296426
-1,5820543154064626 -13,1042173770038293
-1,7891340147581325 -13,7732607573314851
-1,2785138672673746 -10,0573866437203741
-11,6006347204200893 14,2609031140998699
-14,1250425991949147 13,3712198767658830
-12,5081583957919218 -2,5286927273873325
-13,7019355377709164 14,4758758613570748
-0,9680910894716378 -12,2050849450036587
-2,2890142711047421 -10,6484268348247610
-16,4725774605511894 16,2157950436163745
-14,3383021514973201 12,5480423762117645
-16,2765105225193345 -3,8724293351103505
-13,6111839951258062 -5,9724485689674305
-14,8270488643484555 -5,3296775579682061
-13,8583883998807771 14,8461643791676732
-0,5083833975139201 -14,3585672063143921
-12,4314326482460356 -3,5378667834699131
-12,5659651116582118 -6,2255638786616396
-1,2257044842959752 -10,3827545404296391
-1,6489099328476358 -11,7297414924356787
-14,2361901487455604 -4,6771879494833133
-15,8877781873907900 -5,8565222555209271
-13,4993113311197952 -5,1491314497103904
-14,8925094454636433 15,9118616691197055
-13,8432575903555133 -4,3898953471260977
-1,8513879750848046 -11,5377435128255232
-14,3105925537277390 -5,2232080243704324
-14,1474273116167488 -5,8511370761724288
-14,5255634473285102 -4,3692675654806132
-14,1367246161332467 -6,5766863463571381
-13,9571866827935498 13,9479456864058644
-1,9173737014641232 -13,4217652655867674
-0,5431422566135816 -14,1042252269068467
-14,1247595678632720 13,2695066597438665
-12,8604297469906967 -4,8310363922932389
-1,7619067121140022 -12,5991633531972198
0,2594880129115262 -11,8210093657778046
-1,6286302302548037 -13,8853556861982916
-14,3560842713634127 -4,8454668054277521
-1,2301435701796359 -13,0923248985252982
-1,4101058442974401 -14,1594619239550461
-13,1381742845843483 -3,5795529889839988
-13,7194950724133768 14,1011449745626720
-1,7287022941911387 -12,6413156535469255
-15,3271129791261913 14,2149576665113155
-2,0309765710497620 -14,0390942538090080
-14,1618561098915006 -2,4108901185804301
-15,2194593604532766 -2,6129692337133270
-1,3178438573680009 -13,5042463349726010
-14,6985379230020143 -4,6488168649732335
-3,1428076282081241 -11,0236547208453892
-14,4560716532435709 16,0307811335801205
-1,8484367761248912 -13,2195054026939740
-14,4865500677132548 12,9747323545304081
-13,5785758583190450 13,2977436155062634
0,5946351273773272 -13,5446482164796862
-14,1894346798531288 16,1459281807223292
-0,1283954907726037 -13,7762637136757728
-13,3236939282252429 -6,0734726475100347
-14,5446448016066494 -4,4936382422919898
-13,7573109538520413 -3,9503308879624170
-14,0289000086946487 15,1652394655500267
-16,4497360492851428 -3,4895936325987762
-12,4935507060079747 14,7971018293769916
-15,6682185111941763 14,0188373764268910
-2,0993447229893838 -13,2158912483281767
-14,9752700239431125 -5,7007974110150972
-14,1223027085310946 -4,2218380251323770
-13,8326841283232778 15,9129683710105887
-0,8034886841231021 -11,8824481907709867
-13,9243068982115545 15,9125642131849752
-12,4576582110733227 -6,6149479757453804
-14,2651223154502578 14,2462943854418338
-2,0757659113351119 -12,2722476904735629
-14,0239737534818332 -5,0304714173886955
-12,4875580953688683 -5,2473388342012850
-13,1229792431680199 14,1987216934329421
-14,8730362441623196 15,6816330500907455
-13,5650638656232978 -7,3841841661137178
-13,9984640546565497 -4,2808667959532398
-1,7687289241913151 -11,8990069898129036
-14,2655746476302117 -5,4087706171494778
-15,9009179016098301 16,1137471603526095
-2,9840908859415176 -12,3565247179592834
-14,4079867823222081 13,1912895329717745
-13,6275660373839553 14,9515822190376788
-12,6388698707136005 14,3363819113894166
-1,5007667317520417 -12,9301769875901762
-13,3066486964413819 14,0770932807251867
-3,4511545514336364 -11,7107002953940889
-11,9497774168397370 -4,2636621475834930
-2,1360287782516707 -14,0882358526002971
-11,9490927508597267 -5,6625527715719963
-14,6013298800771665 -5,8782870903907334
-13,4564913861990512 -4,6047897686178976
-12,8504483211137153 -5,3480330316634177
-2,5954404269833979 -11,2038019256358954
0,6807591030772833 -13,4899884238694145
-14,1411571105519229 14,1009810782563285
-15,5185654451256134 15,6160475012103017
-14,5938276733926315 -5,1414640539955130
-0,8626017867538968 -13,5898359459320925
-1,0444380377105538 -13,4600580519432942
-15,4612598631612954 -2,7683824694128321
-14,5765854062065330 14,1255460033304168
-13,5970818832013798 -4,8437800116886844
-12,8159174998302579 -3,8615716455644193
-14,6835235238809894 -4,8604816980411796
-14,4918327265797160 -3,8994523127801184
-15,3336263252680833 13,8460699942327867
-12,7250896835662655 -4,2240466262781355
-13,9463590008681511 13,4965123338634889
-0,7048959218849778 -12,0167962577550114
-15,7357810772657327 15,2664674184781948
-2,5195038961029756 -13,2724772262474353
-15,0397905016465181 14,2023808843750352
-15,4700810129354380 -5,3076230806255840
-13,1629885529539230 15,7522042411551659
-1,9686539457003300 -12,8987176960931631
-14,0273075875410029 -4,8779500525130981
-2,5864106697361695 -13,0830154158753498
-13,2407661605873077 -4,0430332095681658
-15,2857238829816797 13,2464313343421640
-15,5466355581745859 -3,2256329372902828
-2,5703154322987842 -12,9736024137054020
-14,8783086322414775 15,2012476711002851
-1,9124790112696937 -12,5389821636411298
-2,0982091037280433 -12,3727905699204594
-14,5077954214719096 13,4148925320284462
-13,2334458236960337 -3,3170116404348917
-0,3668421579658196 -12,8627621405646035
-14,5383415857224136 14,9741677700299487
-13,0274498693808436 -4,6725815265974973
-0,6932439126856654 -13,0070324096945882
-13,1869144400683389 -3,2781693564265586
-13,5319054028357133 -4,7659832015227668
-2,3430868175495765 -12,4011976391628203
-2,5626463716601786 -11,4905609736322702
-15,7009292323803642 15,9937545391000029
-13,3557354205748222 -4,3498369696273729
-11,6065416108160466 -4,3044217145973391
-0,4611061280285316 -11,5602714491941860
0,7658848087102506 -13,6140728334931698
-1,9195386291735472 -12,6023516874252852
-12,6837336691210822 15,5589510957363277
-1,5309961057623185 -11,5948624501331157
-0,3892207200005737 -11,5154857617488844
-15,3809809620495450 15,7148167657037270
-14,0025312362315493 -3,9693921526842741
-14,6491330738858601 -4,0754018535663059
-2,1139136998229309 -13,9326428795446695
-1,3108566724048325 -11,2653402582110402
-15,7912994708547654 -5,1075605402071469
-14,4644093432992111 14,4848457789818585
-15,1373126390132011 14,5297275391884035
-0,1604563103998395 -12,4343644881363495
-13,9642162609340552 16,0544729026524244
-13,3611626252296816 14,1507672142354224
-1,2885375357662894 -13,4596073780524979
-14,9185823763297307 13,8905614974339500
-13,3874482834201789 13,7679346262382758
-15,4179558438764399 -5,2064730273985358
0,3380530850930310 -11,7238864997929930
-13,8222806315461781 -4,1158639585883545
-12,2529822410935765 -4,2296135711932896
-0,7672056246154114 -10,8109043991151577
-13,0571880380988397 -8,0938646720901630
-0,2878181905781954 -14,3233959888702032
-14,6694861789184916 13,4934068887447740
-14,0813676328472503 15,6479753920549811
-0,2550572855222983 -12,5007174281436324
-13,5790851545167950 14,6071201437525957
-14,9238513279642095 15,5178153740207243
-14,5720746792639382 -6,1115029127011784
-13,2445918243946270 -4,4291113205306152
-14,1248037019648010 15,6149470459621220
-12,9845292717989658 -5,7470694914750808
-14,2620534181796152 -5,3092576011743109
-13,7652535146935477 -3,9217945083152843
-11,8258459611105415 -3,2925590411286603
-15,8980781810001801 13,7271117884817730
-0,2920983737554030 -13,4453945493868297
-0,3449449017201600 -11,7142171368214569
-14,5171680057223558 14,5797108107670272
-2,0472396772676262 -12,5583220129337949
-14,5926504029731134 -4,4929552871104814
-15,6064765768569078 13,7361931917067803
-14,1209814845382162 -4,8950215104165000
-15,3423178724814875 13,1707788509355090
-15,9189472510377001 15,3526176180631406
-15,5274982306192335 14,3100258127620279
-14,6164288034835135 13,5587900720732151
-14,8376948642677799 14,4581519808452992
-15,7995206690811383 -5,1689825167293897
-1,8622559147459927 -12,9576192288170144
-15,2362974697537332 -4,2996711411134640
-14,4143610999402139 13,4225118753052293
-2,9475738902259603 -13,3166253467764530
-1,6887101860294886 -12,6566822071914800
-1,7714733388405506 -13,7588000960616217
-2,1017933920586378 -12,2149276693374098
-1,7794703998820134 -11,8953974532405766
-13,1836418562682809 -4,3369938804841865
-0,6756775742749509 -12,6652111620658729
-0,2857937578111898 -12,2647540758692646
-14,0339738719132114 13,8997915137545593
-13,1138776661258447 -5,8645970363153124
-2,4768508402636225 -13,3263010031261953
-14,4628442987475854 -3,6428968781911011
-1,5061186590997282 -11,4182315689253322
-14,6887115367638295 -3,7891116629754866
-13,4546022849930331 13,4304800358329288
-12,6705436646303191 -3,4610144037211432
-14,3550561101374612 15,1438729169417954
-1,4915574537171903 -12,3369059223446271
-1,0612741996011541 -11,4345931973488124
-12,0601766136534589 -4,3023775582646318
-13,4019712296721636 14,2779545132764500
-15,2118292194119693 13,7248735603152134
-15,8048679031736725 16,0055922004816757
-14,0350379828115663 -4,5717880243820517
0,2123430291925239 -13,1027730107281499
-14,8575469287336048 14,6344275574468927
-14,6959545413435766 14,5267182525973269
-14,0911071136782517 14,7071416502710992
-13,0455622954506154 13,6406451046380397
-17,4223450394676149 14,5693609071311680
-13,9330062772643224 -4,1533544813331220
-12,9490180819849474 -3,1202712670386896
-15,2095809102907165 14,3662335502882872
-15,2915447671304570 13,9361179760666580
-0,9395346613058184 -13,8015924491367787
-0,4616404559930891 -14,1939395931292296
-0,3960080821413656 -11,7364976106527283
-13,0585602924029942 15,9566203067895351
-15,5931528095110767 13,2117020837959949
-15,9622234533777316 14,5735444555607270
-15,3610775955563206 13,8338415623052882
-0,6408824667940609 -13,0527637149594735
-2,0722795171041390 -12,4853462432286619
-1,8688185090110692 -10,5918898897067901
-13,7920934353037925 14,7324659420561606
-15,6380069184121080 -6,4237573307377147
-12,6381692304533111 -4,8218070686451897
-2,1183804618960629 -13,1636258804323667
-14,6741823151353739 -5,4661800786074757
-12,6004459844881485 -4,3494222010910519
-3,3814894927700077 -12,7295008554913665
-14,1702836681329991 13,9741989940900435
-13,3496646260455964 15,8256548614074291
-12,2759187812671087 -5,2191024916832944
-1,2084682977896004 -12,9741097576935704
-14,2414136633506025 13,0940090118970058
-1,4991288748059366 -13,0320457970772399
-1,4586210063855554 -11,0711082440246287
-1,5666978169484276 -12,5333531493874091
-12,3739675691486646 15,5022508940542121
-1,7208532235305278 -11,5006615123036955
-13,8684584171561145 -4,9673616430639855
-13,5016257976179297 -6,0390262383968789
-14,6997140932928634 14,1773452876385999
-13,3774556808716056 -3,9639738909420723
-14,5405038892010712 -4,5517435775612283
-2,2092017950251268 -14,5950398384766444
-13,3671459245999937 -5,2643861448129412
-14,2507643070727106 14,1612896183845933
-11,5171276729971446 -4,3868109544877045
-1,2517753507082734 -11,9655479330689065
0,1700456939782451 -13,3006837090915138
-13,3640186990271204 -5,4339710755885013
-13,5003659357683024 -3,9644076906116648
-0,9242743829915154 -13,7478688312921840
-14,6747778005018645 14,9753944985423253
-1,8761145055356654 -12,1426576052938717
-12,8118624868342046 -4,0217001274282307
-13,6914057982246433 13,2498590383659387
-13,8287852705900054 -4,3600908346052938
-16,4902172333117036 14,7540522979345852
-12,3421630442357149 13,3657273805557857
0,1499813264949310 -13,2669097629914869
-14,0310219840126731 13,5057193021787185
-14,0551424793979916 13,9112621014807640
0,7118674395632394 -12,2814030812597288
-14,4816246529876107 15,7496403778715575
-14,0626295640341468 -5,5325747799180149
-14,4517357993830693 14,7031036479067048
-15,5932787141535592 15,8528977596136507
-15,0040032068292941 12,5537284203078308
-15,4051425196643770 -4,2092015512508016
-15,0778881137162521 17,0129545723434248
-13,4288921847330709 -4,9082250257341746
-14,7394317479885899 14,8610047483166241
-15,6726696951950863 -4,3604377746030094
-14,7378406392186552 -5,5948666693704201
-13,9963068014379530 13,1791484485915049
-14,2488844971109003 -4,4071862464775915
-15,4514994218999426 14,7996373121264462
-14,3407829195033560 -3,1520526292225051
-14,2638554069187098 14,4172109744947807
-11,9773737630913928 -3,0029792684356957
-12,9128771823625819 -4,3795736039979616
-12,3418839646607950 -4,2115798999562628
-13,9779849057743206 -4,5479560365684231
-14,2290559991037853 14,6985936631022689
-1,1795128332754821 -14,3362775948861341
-13,2346335829108241 14,1083204167144345
-13,2810716004636458 -3,9769918383555307
-13,3123987698497963 12,3706244897568300
-14,5790883742903077 15,7590866715056031
-1,3834140379411801 -13,1868986640896111
-13,1157906206746926 13,2199736206748675
-3,1715805258436269 -14,4485118830312231
-15,1005934144260063 14,0211892498157056
-12,8882652204487229 -5,3052385368939650
-14,2869154727159469 14,3404664971006977
-2,5699564464559499 -11,4668841228204350
-13,6023503069658691 -4,5014211141079841
-0,4974424735749768 -12,3320884526321350
-14,5716513638703358 13,3279929490610556
-15,2652659906990262 13,5918575034096047
-15,0625354037802044 -3,5981735982878043
-13,4234917940231000 14,3186620686329515
-15,5417259154226386 12,5372399202298492
-14,8424184016227994 13,6686607596820870
-14,3610373898276578 15,2660311146992456
-14,8366433596757261 -2,5171852296678106
-13,7803236889485294 16,0403550285975207
0,1790169146929119 -12,5506017801826992
-13,5448258405869080 -3,9907124312502522
-11,1215904251639586 -5,3725104706971756
-2,1284880819528214 -12,7236188115175715
-15,0960206951819682 -4,1475177129302692
-0,7311235727628740 -12,5645770983811875
-14,4155447616661725 -4,9013961409395881
-1,6409567305717934 -14,0206354884691020
-0,5351320854652682 -14,0974089074876616
-0,0184499282705328 -11,4329301282221376
-13,3925226763361582 -4,2203568335555826
-14,8904003252165218 13,9223996416696210
-12,8672798669964230 -4,8487723144028871
-1,9326716537498794 -10,9337175600449541
-1,0670433596956923 -14,4497910311750246
-14,9617381380574539 13,8019941515848164
-12,9365075122965294 -4,8504832363404358
-13,4113263493902082 13,6433810218398399
-14,9266013227033518 15,0071376903052442
-13,8286156342719977 15,7671952940956537
-14,9015801351013284 -7,0739953292145659
-13,4568170998186183 14,6839699901428755
-11,3197426140829247 16,8115342662453102
-14,3455192913377694 14,7258333278436400
-11,0041666631097321 -4,8944091990444489
-13,2903859099539847 14,2973751975808323
-2,4919058108983441 -13,9474312304026089
-13,9984849490773939 -5,2633669961837652
-14,0201376992278952 -3,6588052405063163
-0,2972823562536449 -13,7377582125710767
-0,3796396488151934 -13,5711351746394975
-0,5130196064903975 -13,8648341948325946
-15,7111054359991247 12,7588717827974065
-15,0945094627293912 -6,0245928275048328
-13,3180957311110166 14,6550812894072102
-1,9689436956328408 -11,8626172907341676
-0,2232567555464307 -12,2740057291709430
-1,5944833919741823 -12,7387109156483724
-14,8084773177189053 13,5490128030486083
-2,8425340487472894 -12,9613300888127494
-14,1163031000000494 14,3271993238056261
-1,9262198165168933 -12,2124205825894752
-2,5992085554616589 -13,0862943702308208
-1,0254491171257958 -13,4605942245280499
-1,8403346743032249 -12,2894746374716171
-13,2375007281515362 -2,7797610956881789
-15,3947851177180475 -4,4619561829644638
-14,0532204610041767 14,3699195071926695
-2,4173961836274356 -13,7695448142307644
-13,4310357918109275 -5,2233565952881360
-13,7143234000775891 -4,8955796560541733
-1,9609589499166666 -12,5172013899839776
-0,6322620492319823 -12,0228191636558730
-0,9364194975655284 -11,8129949052846257
-2,6274908400614851 -10,8970420504034919
-1,8543494720352449 -12,1763821667369836
-12,9417519254077877 15,9356196236425287
-1,5945322130408022 -11,5045400920312453
-12,5662511171672993 15,5452520420223657
-13,8743439150300603 -4,2139319905399963
0,3937274423515205 -12,2127369242935107
-2,4746652984032540 -12,8675616664650878
-1,0219182548894656 -13,6239560896354135
-0,8785774409662712 -13,7898895569105964
-15,7964023454223135 -3,1058682505309338
-1,3268454666714631 -13,3305784634644926
-13,8885788361370057 -5,3260232050898644
-12,8378822709099918 15,7937191415267382
-12,8705303455650419 -3,1419132945398722
-13,0207404865168250 -4,9903715289359738
-15,2186041201361757 16,2658182627001899
-1,9318185516989104 -11,8513506009341576
-0,9784730486526798 -13,4241824831322880
-12,8149446124634441 -4,3154021524437907
-2,1599224006437701 -12,2200225595538416
-1,8129438116834993 -12,5627531110658879
-14,2632258309960314 13,6631671862630757
-14,5846871280643668 -5,3991545132619283
-3,2328559977937612 -13,5867119115198651
-2,3709490814587300 -12,2293963396964447
-1,4671760533169160 -12,4123809874206348
-2,1822402743485192 -10,9906739158795688
-14,8446768661928790 13,8489058687461508
-13,3184687008629048 13,5540999926842467
-13,8685271845000653 13,0997740104319949
-12,4756051738890434 -5,7117731754363152
-0,3767988502062261 -12,4612715774903311
-1,8260014898077095 -10,8108895893717474
-13,9525718965575809 -4,7732912747959677
-0,2033761622828578 -13,2381550542830588
-14,3334130345889808 -3,4266869595378235
-14,4419390294203609 -5,9168510074098926
-12,6425502136915018 -4,3876360985251219
-2,0565078724136701 -13,0428003242431032
-13,8091820484163641 -5,7855646668471774
-13,3119532056201706 -4,2935480117304188
-13,1860821084305346 -4,6765425801931455
-14,5106832187865358 -4,0542877557540420
-0,9850499670908026 -12,2883123035353687
-12,7786632580430979 -6,1818444567029367
-13,3260642622748939 -5,8418363135421121
-12,4924610665197768 13,0717473669264841
-16,0961540936378356 -6,8735960897055230
-12,3231793089082906 -5,0694885406436292
-1,4154161332405066 -11,9909236089548745
-0,0145944431154132 -11,8012885599868280
-1,2068187207479757 -12,6530230981222473
-11,9174929200244506 -4,6336301308715813
0,0565340570645589 -12,4766356023420091
-2,0382844863565444 -10,9016497626018385
-0,0375523696917091 -12,7419675012634919
-0,4884172360020167 -11,6868671377246152
-15,2700704291798459 -4,9445228532391852
-3,7189352266182838 -12,9578945324023120
-17,2598313746279359 14,3271751422849238
-13,0352829629274005 13,5068189305525834
-12,9915722730359242 -5,4201630793710853
-16,1048244451765719 13,3119117194430281
-1,8708672025545507 -12,6473458749366880
-14,5229612479562817 15,0111112162549905
-14,9014945702841892 13,9636602844955924
-13,7286616414742451 12,8065320440282235
-12,9921851939408857 -5,0566680281462233
-3,1331813895247724 -13,2414038787036770
-1,9002059320609685 -12,1153427254307964
-0,8467669583150258 -12,9638296527188999
-1,9581191333564216 -13,2056110867454226
-13,0842872033114990 -4,6876370193260977
-2,2830263573255127 -14,9708418031417576
-0,8141920882572132 -11,0309852101336077
-1,6701765847950736 -12,5086964956429210
-13,7140984371922379 11,6679050160896534
-1,4687311253809743 -11,8516927573672497
-1,9000741656622857 -10,0324564189803134
-0,6446080849534048 -12,8937654767664842
-14,0222206548127399 -4,9337720049079481
-12,3302065653113182 -4,2153559324739387
-0,5231744679763516 -12,4837813095752921
-12,9449625281717822 -4,5445552479538236
-14,2032477059282538 14,1643540252947648
-1,4105160124334508 -12,1004697023494607
-14,7450591312513861 13,0911353419686964
-2,6347913520939743 -12,9604274424867008
-13,9768212493269850 15,3100356334099565
-2,7781105475532235 -12,1195083217978610
-14,5972269306523135 -4,6482098861993864
-14,3401352782658638 14,9054099748045683
-12,8541988524955286 15,1334395149637508
-15,6069782921583258 12,9842917867163692
-12,8580234069414736 -4,0478970928920308
-13,3085818239283746 -4,6384399722385439
-14,3393887222656957 -5,6214815025558460
-1,9536455509843837 -12,0415252478081118
-14,9986226857299911 -5,6019760315094365
-1,9448089125683758 -12,0339627650226930
-0,1331284588088171 -12,1772115219550248
-17,8525302240479391 13,3193718467705970
-15,9294648244199752 14,3862229608079986
-13,3809554257431582 13,6325556650861497
-13,5793322302472035 14,9873760870301318
-1,5970178840302434 -13,0569806762277487
-15,6284964143961496 -4,8777600378985122
-13,4066510802678440 13,3288887316983633
-15,7348213873383216 15,2190944862303450
-15,3847653583881918 14,6516576894391441
-12,9835200751944342 -4,2545126460342786
-14,9004628125997378 14,2450680514288255
0,2745319922390257 -11,6050472773064648
-1,9543777209793332 -11,8439839212186708
-14,7784818819650088 12,4935570165292535
-0,9377031728393781 -11,3887155872952075
-13,7278030876407122 15,4123935164272954
-16,2071285110704544 13,3123668329595919
-13,2497841003914836 16,6418477778098577
-13,5978780506212082 -4,9935718875533164
-14,2502831211003116 14,3881856835226820
-1,5744012469174564 -12,8277773776028745
-13,9954588370463053 15,0668789341976392
-12,8349653967696309 -3,7018087122220003
-13,2082026295231376 14,0798525547808584
-13,2458542334066536 -3,1814265438915599
-14,4530889293731537 15,4182122222498403
-12,2842695992469295 14,0001687292321062
-1,1868342823384430 -13,4493661378511948
-15,1818808785009640 12,7722492604601801
-0,1720168313821013 -12,8619219135906935
-2,2456734987683200 -11,6582061520536993
-1,6886876021691861 -13,6213070466324044
-0,1434171177220125 -11,9749951281672136
-13,6076512178166720 14,8463037273413061
-1,6169769389468189 -10,9821456892292222
-12,9257554664207674 -5,8687462319751269
-14,3651460781061626 15,7348421442846735
-14,7830243518564011 14,3586737618440186
-13,5677891957946386 13,1082161816107803
-13,8604488127414935 14,4177663022621392
-14,2375904884665854 -3,1069724772470195
-0,4002264792246437 -12,5192279607123655
-13,6868363966268554 14,5270844833742547
-2,7749622597212991 -13,7970431131755831
-1,6574224916773403 -14,2326985341521670
-13,0864710058551523 -2,4739484402590777
-14,6925441705067197 13,9953449345151100
-12,6658152941238917 -3,0534540052933679
-15,3066169080560748 -5,1498777286665600
-0,4046764236171860 -13,5696790365541204
-12,3578551311954072 14,3711301141831136
-16,1806611607387154 14,5058824129208208
-2,0777891106975073 -12,5798211042759807
-14,3266567804154334 14,4829599313234958
-12,6465898361871094 -0,7310699274011281
1,3075432594149059 -12,1978822126229218
-13,8349701248190957 -4,1586375297954250
0,3194534838814496 -14,5847808075482988
-16,1990706154942607 15,2239962678300351
-13,6256549495699595 -6,1036323362611427
-14,2259223775009627 -5,5743710610679731
-13,0653087881441810 -2,5343665280664966
-14,6546750068181861 -4,8450231292787240
-14,0849080389780354 -4,2774620818715743
-14,3622450323278681 -4,4989710661628290
-15,9948540420213394 13,5048183803825683
-15,0249351767293753 16,1438437721140886
-1,4137048200117648 -13,0693001412195464
-14,5312550593711656 -5,2616633795640420
-0,3387125801058803 -12,0641070600388041
-2,7331157811097775 -13,0325398945395925
-12,1188548541652477 -5,0355093515246194
-13,2689321001759168 -6,7402792706883066
-13,2258244767990618 -4,8577008194259239
-14,5325496327430645 14,4153058037664827
-14,8084109367089809 12,7799043472742149
-13,6026136041943211 13,4300750093993742
-13,9185437484520413 -4,4875813220127085
-13,7711212895830730 -5,5615545787181055
-14,9388518284680529 14,0587045928769960
-12,3959790933462006 -4,3803895862751263
-2,5413126801875650 -12,6266805855356861
-14,4249404871763023 13,8362793431800135
-1,9442290583463309 -12,9831500575344982
-15,0945745563906772 13,9521921860345337
-15,1530383188888678 -4,2135286990641463
-14,3876872067904564 16,7964433267554298
-14,1165573710275272 13,9168374482929433
-0,2009906550453744 -14,6795702188197659
-2,0038160350927057 -13,1411198078456675
-12,7815621427168651 15,4567939108099175
-13,1725266165900710 -6,6000345483655716
-13,0128007894809858 -5,2594272333433238
-15,5129068636890555 14,1836798802036803
-16,1270415921162780 14,2466477124073503
-14,8240690730975206 13,2806732299223853
-11,4726575501215660 -3,9269650915551306
-1,2962034265657181 -13,2167802601218813
-3,7729164038429568 -12,9444149022867148
-0,6612985671618564 -10,2594148271224270
-13,2895043231149224 -4,9306238118074326
-13,8756557698840535 -4,9548685256745459
-2,6660341043499143 -11,8876378186441176
-13,1504976898206110 -2,6531967991216359
-14,4389310902528667 13,3290469524831732
-11,4075418400288733 13,7689393101124473
-3,0117230803576520 -12,8733968654797639
-15,3854045317715151 -6,3863863605296913
-15,8882496549256622 -4,4260279206811450
-1,7169393356031857 -15,7625982619982583
-13,3338073663164121 13,9656100383670285
-13,8679111783741913 14,9835061495225883
-1,2859613566365982 -10,7479560568392571
-14,3277697654345744 -5,0774261805282777
-2,8262778111797564 -14,1006388541419163
-12,4996649252785073 -4,0701866252371905
-13,1320425631940569 -4,4324064441473530
-12,6285945481968991 14,2307009217017981
-12,9984935023263990 -2,4657528898823329
-14,0468684472364487 -3,1492109388293876
-14,7444891109460450 12,6098786175404882
-12,2562022329288283 -6,8320867780830321
-13,3521642740289863 14,2207573269655914
-14,0048423932061823 -4,1442927232708042
-14,2229956767144898 13,8281949173124108
-0,6695801773456750 -11,7799473841489277
-1,5070468150491974 -12,9151819610990142
-1,5785810554310402 -13,4518659461453147
-2,6381694128807389 -14,3742295279646708
-1,2514133975047632 -13,9512730913406049
-13,8440332467943428 13,9398825754968900
-1,4404671686724793 -13,1430107401670444
-1,9088604537711746 -13,2523097529073173
-17,8654400932793784 12,6472464395349462
-13,9697384731189977 14,6526830991414148
-11,9015807603715764 -5,3409445368190669
-14,0159115786228625 -4,4036269699901611
-13,2888276935638832 -2,9247806588441865
-13,5695710282174868 -4,2357839515180800
-14,1184016212323264 12,7851927817796156
-13,7332728697462834 -4,2537996349098801
-2,5434422934721566 -13,8903659670169901
-13,2359791561432196 13,3860503419331387
-0,7225618507780341 -13,4164443227356962
-14,1283418578285414 13,6140128176649142
-12,5115687441209786 -4,7210056370329392
-12,3119211123894754 13,7492847473570858
-13,1391550395645975 -6,5785611541914246
-1,3318146103348762 -13,9266968710730747
-0,2989692646709843 -11,9158337493922240
-0,5829645980577199 -13,0751960614328091
-15,1699175387953300 16,2426383135610273
-14,8072108477966999 -4,9185908257924407
-15,7639014265897277 -3,3171004071976884
-2,1539720716964426 -12,4334816419323069
-0,6094870370181202 -12,5515388979556040
-12,8566987794808867 -3,0175685565312733
-14,3382834091878433 13,0955507718251383
-3,3634547409112368 -11,8815223902281026
-2,8624799100548981 -14,2887441854670669
-14,7876407917358268 13,0272831876747173
-13,6601454516963745 -5,5434627899518523
-13,8079212523526227 13,3785466052672124
-2,6983151249257187 -13,5394415155793233
-15,2775205856786389 -3,6314310874046454
-15,4077201170773908 -4,5952383982856428
-13,8624978171152691 -4,9054184916079278
-13,8167319856064825 14,3078824217661325
-15,0019820820885297 13,1374555386670373
-13,8997658606339787 -4,7692590114010445
-12,2088610033018288 13,3975218446254658
-13,6595651216401404 -3,2520956800962963
-14,5416776212394918 -5,4642438786140799
-13,6645844966835330 -4,7198517764943144
-2,3335063064724979 -13,1538537228557892
-13,9041881581736355 14,5408145560481703
-2,6133714309386096 -14,8554820552671103
-0,7610475889865291 -11,9530688475220899
-0,0222492362159477 -11,8885632343171412
-1,0483799151427080 -15,2779667399590906
-2,0474871911599082 -13,3935117895509848
-14,7074672413674641 14,2336387851907080
-14,7453520693734710 13,9798487684189858
-0,5050053195741889 -12,0102287085875172
-1,0129165954883339 -12,4826399852359948
-13,6294737367848047 -4,8481944704682629
-14,3836105289942076 -3,4926708162237343
-14,7309433220998400 -5,9417394334808469
-1,1883929124505332 -12,6186321586422938
-14,0459990723848964 -3,9057285985628321
-13,3917928442601060 -4,7047114531248138
-2,3726075104556239 -13,0291992345125820
-2,7809072979232532 -11,3432524136452280
-12,8084860418722410 14,1653716985084426
-13,6086658526479134 -4,0693563756837765
-14,5910747289092502 14,6901638480774999
-14,8496253268170566 -3,3923030731867128
-13,4159177752806205 -5,4055383957841858
-12,2797779859463514 -5,8643468600258446
-12,4194391438505907 -6,4085495334024429
-14,8226401408037809 -7,4697304732999008
-0,2693088387452207 -12,2875845845395464
-14,5814953452062728 -5,6758229555908652
-15,3847072393099538 15,0115858377253737
-14,5713217297290942 14,3313183806499556
-0,1363218458496245 -13,3483569423353376
-2,2663421907258106 -13,6280950409146051
-14,2550978110410345 14,2239944699317586
-13,2889936643720965 -3,2194987520027216
-15,1728484035904483 16,6700295797016622
-14,7709390130086540 -4,3441245762628311
-12,5510873279168713 -5,1839094840425286
-0,6878336368158990 -11,9311822697885361
-13,8366335079606113 -5,1632982527267073
-0,0239063687259187 -12,2058961296452058
-14,1086707382764232 13,7906682136005827
-13,7045985634733523 14,2545820460246393
-16,0312830380830924 15,9423725082640395
-13,0483860577019737 -5,5199706731627325
-1,7920809279420320 -12,3212920231903098
-13,2330997045027310 13,8676334647064046
-0,7476933611623994 -12,7791065008614595
-2,1521822478701385 -12,5162704425676292
-0,0490431011386747 -12,0209649365033187
-11,9614433844927852 -6,1693919435137250
-2,3567144223189223 -13,3907409598207714
0,9443913990872574 -12,4028095052385883
0,4460191468653834 -13,6490320927964390
-13,0755482001770051 -3,8147822365036639
-14,4192357958772615 13,7620422228934913
-2,2308061319825399 -14,6733074307953864
-13,5789380860801252 13,8011127977040662
-13,2190475481018694 -4,2523141859685323
-1,5763192234058150 -12,0887857889249055
-14,4513763344392352 -3,6436099582357619
-15,0889383494171376 15,1208395973431209
-13,4985054726969782 14,0380128384223770
-2,5687213348165403 -14,3126508789606142
-12,8457425061318240 -4,8326312483201281
-13,9356460485239921 15,6180808307150851
-13,9926007061836088 14,6502583809984088
-2,6857109009460456 -13,1201226826716812
-12,3676247849116958 -5,1709436592999545
-13,5601908472268189 -4,3108545373296634
-3,1857747345831826 -13,7851646164670818
-13,0963273513029179 14,1091838116059378
-14,5826966271882768 -5,6087006814575844
-2,5106527012900659 -11,5581679247761659
-14,8212299384917667 15,0167572425531013
-14,2111272161097659 14,4401901981238368
-15,2174562303088550 -4,1550804139411444
-15,2702108831517958 13,3373467593355066
-14,0931240927045369 -6,3027874860249282
-0,8085016984574545 -12,7933918825143333
-13,6529970125211904 15,9352105380275653
-1,2951151382430577 -12,2172910493344755
-13,7079805469684537 14,2288102325694918
-2,5983714209978452 -10,6046924480526084
-1,7616197376286649 -13,2729611735611304
-0,0784118455229361 -12,7957851321155580
-12,2047453072752301 -5,6757056864596480
-1,1632414992144877 -14,0420447178460712
-12,6953146339598053 14,7244681986392756
-2,1656179664989352 -12,7579773352974648
-1,7905838985713252 -11,2656327095879352
-2,5762379101761965 -12,4986399987345500
-1,1148645981560947 -12,8180478603954811
-14,4888740180515683 13,1644648238364077
-12,1015521594263635 13,3156711270924859
-1,7375215830118582 -11,3439979251591403
-0,8711200649101110 -12,0707925368888347
-14,4400428379212364 -2,2186005545678733
-13,5286556463045180 -3,8861089871244401
0,5567007109520077 -11,5949729599596569
-14,1686118980840554 13,6017903527217268
-13,8220403453090182 16,6269828152139425
-13,7417041865823286 15,6583635948574695
-1,3787590499096780 -13,1810559406740548
-14,4383415903206895 14,1568003498319595
-11,9619246359006688 15,8921457916937197
-13,4202819190535845 -5,3491861126024318
-14,2422602117135355 15,3324841455414358
-13,6895786689034900 14,1001143595807541
-13,8753541082488372 12,8059719363547035
-14,6806244954241762 -4,1424953450414144
-14,4028700321807666 14,1162561169555865
-13,8010687360608895 15,5183852791579522
-14,3297877582621833 15,3888646469788402
-1,7362911120442541 -13,0325540237763775
-13,4309021603729271 15,4307993508158354
-15,9594566875523949 13,4324259963230421
-15,2271301841729443 12,1853099773358089
-14,5068230343835367 14,9651226673642057
-13,3888472200926749 -5,1108928301678613
-0,8568288932914773 -10,9647491889672164
-14,0914993718002162 -5,5428620758706257
-13,4679015434536673 14,0486968775813761
-13,4861047417460576 -3,4001988654741222
-11,4907133802826333 -6,8032873243110714
-16,4095699622896731 14,3408960540294252
-0,7394152419794963 -11,5256504441383498
-15,6365001963023840 -4,8240409011550849
-14,9299834865169281 14,3250740574294948
-2,5403458324894039 -11,4728391070197020
-12,7342511360395640 -3,8660532513836108
-13,3586415926992235 -5,4639996823571035
-14,0059607993049404 14,0658001399740087
-0,1477594993580333 -13,1454580286130014
-12,3689920209351705 15,7920544144431965
-12,4516573561672601 14,5965700836370136
-15,6916065825794746 -4,9258000671380380
-12,5682598029804105 -6,4106819769012207
-13,2156042372765317 -4,2360943747658837
-14,7457695852660393 13,2934088575562495
-12,6667924592793977 14,7124068309078098
-12,1332542066288571 14,8675467579068883
-1,5637556125621193 -11,6813113684198768
-0,2246638014720352 -11,5115580232807311
-15,2287017613145785 -3,2524613963131461
-12,5907860311883351 -5,5129339089205036
-0,7237519599008172 -14,0846164454305516
-14,7757772728905881 14,8711658619647942
-14,0589008299903888 14,7156507943407977
-14,8817805850879168 -4,0487180305912025
-15,3044790879321724 14,5166967368392932
-1,2048944780610424 -11,6247632936370522
-2,0860341935724485 -12,6636149399152149
-2,3043832627305383 -11,7927068275317328
-1,8551939916756917 -11,2769591974951222
-12,3272316827502788 -3,0465453627497290
-1,2126920623095299 -12,0574924399927284
-15,8470887287929720 14,5931057867004039
-13,5123553966607250 -4,5354376542814299
-14,7112981585473914 -4,2190714944016916
-14,2137245072241889 -6,0752221090174716
-1,5624018243345279 -13,1809512701327538
-13,5416356206012942 -2,5228513064433935
-14,6441334401611911 14,9738986757721104
-14,7411443703835090 14,4325268384757042
-14,5815289807372732 -5,7928181393201266
1,3815419796493802 -10,8150120336543907
-13,5545165624771933 13,0304284264235442
-0,1209124260320698 -13,5834076234607259
-14,9578948862075602 13,8707251121300761
-14,4784597984382390 13,7146096373139024
-1,6479779727957518 -12,6325160414501916
-2,7097945472173808 -11,3123491086414134
-1,2330775879565017 -12,3568253802093011
-14,1015732428155651 -3,6113776785847120
-15,2812364148860667 17,0173549158111861
-12,7540064104771016 -2,2446324410937635
-2,3003642276025040 -14,3017053242956216
-14,1938128632585254 12,1914572827228156
-14,9020807436060814 16,7954643834452213
-0,9098356740303782 -12,8755807420719215
-2,7864582719898054 -11,3620332543804015
-1,0344063906352750 -12,4503092505148327
-12,4292691796021266 -6,0003509232700019
-12,9786790219431403 -5,2201810358445950
-14,0534528966069381 12,6619059984007549
-1,5913161293248976 -13,2305080738569316
-15,1524665421965086 14,3554757751306088
1,0966666696766181 -13,3307201525070784
-2,5072611263551909 -15,2180324711873336
-1,8066773353349603 -10,9195917043249402
-16,0815710578113134 -4,8976843641870538
-2,8137542159540496 -12,2330148130404783
-14,9034282120283201 15,7494507711330183
-13,5125589052891986 -4,4135335400744964
-13,1048573601154459 14,3941225617453483
-1,8380166624808667 -11,8845237425466888
-3,9389763158571891 -12,6232510700685960
-14,4061120662011479 14,0357525336732358
0,2608449337820846 -13,2864479557249560
-15,0495994629812166 16,0047394792032200
-12,5889644908179203 13,3465576715876999
-2,7256041699181508 -12,9286391436145980
-12,7210035151887642 -4,2218773197815445
-0,4781459852055152 -12,9911562589344687
-14,3546558711441268 14,0840189078035039
-14,2783282245857261 14,7340233452492448
-13,5728086445142253 16,1407976928890378
-2,4029766128806300 -11,9095678590078311
-13,3947420490207758 15,5806326874216712
-0,5913914729432608 -13,3363572414156817
-1,5565073154171003 -11,4381567836382274
-1,2323322330943756 -12,9939368114387293
-14,1879727262472155 -3,0300442045275191
-13,9858091631578265 12,5990422820492824
-15,3044480899268009 14,6801315567698456
-14,1846709110136935 14,4766219491595365
-13,3554005212303437 15,4355306770844471
-12,7798193548312167 -3,5114127284195442
-13,6681372265117691 -5,6967003314822220
-13,7584537268220686 -5,4159279962286053
-13,7336080376388558 13,2965631193474199
-14,7811691732152326 13,6512721465781350
-1,9433663353149173 -11,6867093148027177
-16,0524765677265719 12,4204912645036618
-14,8520700003559956 15,3252061858768354
-12,8810952530802432 -3,6837324015982924
-0,7108077220973874 -10,2746574466374430
-14,5526978407732734 -4,8404377373577736
-13,0126687234637028 -5,3691695453769190
-13,1405091540826611 -5,2126152557797596
-14,5756882957015943 14,2556410905184006
-2,7844759542857016 -13,1877871156709841
-13,8520276507950388 13,5208621082669040
-11,8954719341187989 -5,3093385045360790
-0,5911922516549459 -13,8697586654828342
-1,4415914856880907 -13,7955996473453126
-13,7030149042794882 14,1484142792703835
-13,6335666990981856 14,2674140242954550
-2,9723668083459067 -14,9576999844694001
-3,8242751061010742 -14,9977272178572587
-2,1414550519055497 -13,1396602145684422
-14,1222947084790320 12,8457124325260210
-1,2719223864351348 -13,1429286111512944
-14,7966379260211376 -5,3229249851279556
-13,4102000485162076 -3,9988230694654212
-3,1044397638014409 -11,5399828294032361
-13,5902644394543941 -3,6290099539702689
-14,4902938757817381 14,1533385213237413
-14,0333452026353172 -4,9337390360308389
-14,7974677331033391 14,4554224531742435
-1,8961780588998252 -12,5774822132063484
-13,3754157977453634 -5,2282973941625652
-14,0334201087646946 14,0531019984908454
-15,1565740936521340 14,6471803642464025
-14,5745425790311689 15,3032377109604880
-13,4204303253393178 13,7844413079424815
-1,2253795021458236 -13,2905785365929603
-12,0566683150769371 -5,5842691316816326
-15,2696582789630693 14,0986382135413404
-14,8654443999532226 16,1357252116394321
0,4972089014444561 -13,2055579181287381
-12,8559214717581796 14,7373384648862835
-1,5552382253074777 -12,8858440095107571
-13,4141206217787854 14,9255782581129655
-13,7201482248548245 -5,3044635865871772
-13,6235000028273472 14,6497396136039324
-2,0131113386357202 -11,7994924200962341
-14,0305886762600966 -2,9790052014093105
-3,0062569202716070 -12,5786175371458384
-13,6194568128456783 -4,7325344630440922
-12,6440159954910243 14,1819950902884298
-13,5981034198726594 -5,6131743591474059
-1,5307911039119815 -12,7826692790861003
-13,3436862323931162 -3,6522831305906376
-2,2499919189771944 -11,7394652993630526
-14,6666759447621651 14,3319020271118784
-13,6706916254518269 -5,9087689475636749
-12,8214530520895895 15,0734995386184352
-1,4202648819503640 -12,9428460993176841
-14,8279610818283132 12,4705491672183619
-0,3669710913696138 -13,2027545789389471
-16,2543573335619627 -3,3742703802529959
-13,2954084892128606 -5,4571742435814858
-1,4170287382028963 -11,8535467236736931
-1,4285733697134233 -11,8469606513227905
-2,6339592010367285 -13,3596655303299006
-0,5367753865862940 -12,8141913397190415
-14,8839862415157853 -3,8221739835440909
-0,5387666908690377 -11,8501842957598278
-2,8646225931769784 -12,6462553058034199
-14,2503638405581192 14,5572933539267044
-1,3510607866008191 -13,4546055050284163
-0,8409252750402109 -14,4828000599783007
-13,2891033441832143 15,1521025263175773
-16,0939023879122658 15,1856286073844924
-14,0958149214932540 -4,6812267217292991
-2,0345745852731585 -14,6669748943413012
-0,8069202862760633 -14,7040710576548133
-13,8684720928355354 -5,1395643386784569
-13,5966008204198481 -6,7632888634145285
-0,7091018181226819 -12,7106896740853976
-14,1337397370440225 -4,4638271066050379
-12,4067717228068322 -4,1273811061901853
-14,1520180402482971 -4,1286815717411898
-14,7603260732305746 12,7537410098356290
-14,4526060431891814 13,2095229143435535
-13,0052415423405634 13,6899869644586545
-1,4545098440273272 -13,9158517765205101
-14,3410775203949363 15,7117322670298236
-11,9928167400884789 -5,2268303408697792
-14,4563576963195128 -4,8593755299553480
-1,3659532002259656 -13,5292035777792563
-14,7307839032178070 14,8320687732221419
-0,7473220586003826 -13,6946335803486079
-12,0034982980311167 -5,1233887737415396
-13,8025125319349691 14,6118829131072410
-14,5586208061193254 -4,2239975546385491
-1,3698632440128506 -13,0827603923694618
-14,3954135492816224 14,1514843115813811
-3,0252684897731488 -14,6698272343908496
-0,7090002504239553 -12,7389814986682133
-1,5979074980557491 -12,8208777116140205
-12,3295887848080685 -4,9150290630244475
-13,5371659108813756 13,6276522345921460
-14,9642813200607918 -4,6334144011392704
-14,3717547613692993 14,6472632545987196
-14,0765800763219975 14,5946650720557045
-0,9267753697040729 -13,3322683261498760
-0,9062710307650167 -11,9003046253592775
-14,0069498965592754 14,7084380942561967
-1,3870556811184860 -11,6518511718195050
0,1744565323188869 -13,0473893422582297
-16,1272965568164679 15,1432980029935376
-16,2780973046462414 15,7664083204124132
-14,1867692134213019 14,7204893364423626
-0,1271790351255242 -13,6944708441479470
-14,6400829390200400 -4,0834415823275370
-13,6117006224602335 14,5961616981822697
-14,1929873555697519 -3,5045188124663320
-13,7883276231117442 14,0186148147427598
-14,6987585272302237 14,7672329193680945
-15,7135654306945334 -5,3828633925711316
-12,4503411754633717 14,1470524405182090
-1,3433905107732478 -12,9482448371135259
-1,6104021773440551 -13,7509742720315167
-13,9935912941057303 -4,7235437315797943
-13,0814194198311746 14,0570535484022052
-13,0289397008021250 -4,6502313596969502
-2,4647933167672655 -10,6696724704051658
-14,8630436206599743 -6,3014865383578957
-14,4413398849625096 -2,4338719331219969
-14,0586509260917811 14,8765307444915020
-17,0878941438265919 -4,9961454682819646
-13,0825957957313435 14,0740502231539306
-14,7119416390429212 14,5082541356252630
-13,3037876599434579 14,1037436444313329
-15,4702622214316001 17,6352714000247168
-12,8584372595429954 -3,3964973561160710
-13,4505836899868285 14,3991388445327697
-2,0670356278389246 -12,8624063772984751
-2,0374866614761586 -13,2707255585855410
-14,9747633766637840 -3,8231920753300006
-14,0040649625613138 15,6128758743751472
-1,6705287794391488 -11,7993432390699233
-13,6056731245887033 -4,0334775360668278
-14,2998198866014778 -5,0316687393201356
-0,4862338986005498 -13,8635055478860014
-3,0357023918199175 -11,9343914259694479
-14,1021560812210343 -3,6391009415287425
-1,6865917432249018 -13,4761964467225681
-14,1578287642440195 14,2986294324078393
-14,3809896902540935 -4,1478119382542911
-1,1566725951032291 -12,4353660328924853
-1,8380847185264348 -12,9572419011459470
-1,0014780151378504 -12,5900832940913752
-0,6720675185118334 -13,4701722471214733
-14,7985256425285545 13,4587362710660834
-14,1006532484356608 -3,9148813052486959
-2,0438242969228382 -14,5994672069315534
-12,3040978793164015 -4,9173479927400479
-14,8880773527042543 14,4451508154320329
-2,4917180061733926 -14,5932201735165776
-0,0861417225132408 -15,1242619403568632
-1,0300210757405410 -11,8265128937982382
-1,1854549832782375 -12,3767983044737431
-14,9420195811485659 13,6660052733643376
-1,3317311630294546 -13,7896585962015958
-13,3986953456093136 15,3616577231762967
-13,0910393400300613 -4,8291348139242940
-15,2857719910377856 -4,4775750918766342
-3,8979234416413657 -13,4499771851441903
-14,6152099649784830 -5,0868266742295187
-2,3278456021405849 -12,8753750132584255
-12,5343653804052995 14,7940252072461060
-14,7753912664083789 14,3765770421823795
-13,5209663144808676 -3,4861030891245570
-14,5649653198998088 -4,1312920400143884
-13,1655797572710167 14,6823694174597623
-1,0206176836561351 -12,3873920178177723
-13,7000141988443023 -3,9297377622052299
-13,4574054461716965 -4,8508169072566405
-13,3819637495245267 -4,5448017655962873
-13,5765326451503370 -4,7198268260078189
0,1733485232316083 -12,0956346534183705
-13,4898098481378437 12,6532698894989810
-13,2194136804071221 14,7383910612093540
-12,3757330173043218 -4,6779174974305588
-12,9088715632934896 -4,8637697978891277
-13,8053824562801850 13,2992816319127751
-1,1848543869321322 -13,6893703807918623
-13,8198263164516444 16,2090357675887304
1,6479034838081259 -12,3526940551530906
-14,0959353417253226 13,3835062906325799
-11,8174291920639138 -4,2681799461261152
-13,2494821858579357 -5,8181184288079404
-2,1137914603640233 -11,6497209095459411
-11,6679120336852993 -5,7475676153776956
-13,4860635556178359 -4,2865517434860125
-13,8771261314513907 -3,6658777547424863
-1,1897549873619837 -13,9466440331555042
-14,0676133843169602 -3,0825997611379905
-14,0177599156958941 -4,0400067909244708
-12,1754014531474475 -3,5861567223058213
-1,8330009248794727 -12,9756119471667404
-13,2312550089803231 13,9396423798261893
-13,5756500056134470 -4,4261852346661019
-1,5818326870714847 -13,5510249236256826
-12,3526128844113021 -3,4158979087758867
-1,2191016394590910 -12,2249843967644889
-12,7595231560650486 -2,8746412631244618
-13,9086484286541587 -3,7279388682901802
-12,9551790229472310 -4,4519942213829991
-15,6087533026371990 14,7830672747775491
-14,7396430725219520 -4,8881394978693358
-13,5544850094387215 -5,4084744483276257
-1,9045932609380758 -12,6454953859712287
-14,6787383219686980 13,8028046306367536
-11,5788833716852775 -4,0448660075129714
-14,0838388823992080 -5,9303006206887598
-12,7710551360638114 -4,8255096753273730
-2,7790946487039232 -11,9755408439382904
-13,2867260585516345 14,0421987293185229
-4,8194670619505766 -10,7373149648448525
-11,7263839926384392 -5,7698010020465862
-3,4055134742732469 -13,0957149048711070
-13,6108928134671476 -3,5605930378850283
-16,8450120155740031 14,0328635929606431
-14,2170346437626662 -5,6334939667903834
-1,2527014105872902 -11,9048152176871618
-1,1267157739484448 -13,7744222054158829
-14,6096840427262791 12,3153817140406243
-15,9840757508719520 14,4407940148948448
-11,7773303247820280 -4,2087207580295667
-14,8012355423790858 -4,2394194907106924
-13,6883278467601102 14,2642792267306895
-1,1548700100081963 -12,9219616761230576
-14,0972708361664960 13,2437995784177289
-12,4628639670593309 -6,4385566536316832
-14,6335527248777950 13,3014054593205611
-13,3382855230411224 -3,9418569709637867
-12,9503497051478327 -4,7117890236591986
-1,8282631139415082 -11,7751225351563988
-14,6654339389241510 14,6570557104966586
-14,2741945031549147 -3,4859614243279764
-14,2559099168762220 -3,9980040424050958
-13,4080146646891816 14,8221939002454022
-16,0747963908876805 13,9016542722871161
-13,0427290466913970 -2,6508541478294694
-12,4235830402673368 -3,7207701207400508
-14,3906103362994475 -5,6469504106679294
-13,4146588498208938 16,5962396292451082
1,1439801983643956 -12,9455965906297337
-14,4877154216671773 16,2351239437046537
-14,2737564205763849 -6,3965337894503378
-12,1165634128955571 14,0919748877066162
-13,6614606631678566 -6,0966137544103702
-13,6381677228612759 13,8745772451654030
-14,7723845219851775 15,3554194703214524
-0,1785191437803679 -12,7318597134453046
-1,2030607128659729 -12,8932939856259807
-13,7764121699917581 -2,8728877628096643
-12,4449289203125826 -6,0587960797973324
-13,1396300916641664 13,3035907878366579
-12,4124882779637566 -2,5069731541895992
-14,0115236576017566 13,8090402197797886
-14,2222440217657748 12,3331810490917206
-12,3409529973388157 -5,2205997879101158
-1,9439153953374633 -13,6156674716053949
-12,9784162621421899 12,6717047432051171
-17,1435664233954448 11,9684772541295352
-15,2322649982461584 -4,5684616445918422
-12,5262332797869309 -5,3849697810529271
-13,4328784534666337 15,3608801352947228
-13,7332595937526083 -3,9363413317372902
-0,7724527582309062 -12,7286537468809033
-14,7992291717918381 -4,9166557150048735
-11,1039740911041207 -6,0132217422005896
-0,6583487747399467 -12,2609575181527255
-12,5609683457644525 -2,4913766682934297
-13,6128148878184572 15,6689661386445778
-0,6495593213780476 -13,3504247712963107
-13,1659270435257927 -2,9299414730481379
-2,2256544205536777 -14,6264556007008366
-12,9777814466547206 14,2281457445863300
-0,7612725996582367 -11,4991632374906203
-12,8655318960838692 14,4207754299404147
-0,8571748899705398 -14,4469141361519799
-1,4971893558739358 -14,1497537009015897
-14,5016115123901983 13,2987577420555567
-3,4861641872623452 -10,2827788297859044
-12,9684733939285639 15,2238871082616889
-13,7977194222205934 -3,9457321673149401
-14,1598276861831636 14,2494149777563290
-2,4396092956333977 -11,9533988349220781
-2,7986902659187729 -11,3760334612916978
-13,2096956746311118 -6,5256677695850058
-1,0018945901904091 -10,7030654396926241
-14,4686909450357195 -4,1518811095170527
-13,7617135721292936 -5,8923917437597035
-3,3155514069723306 -14,2608103210625305
-15,7675350338616500 14,2025208922519131
-1,3351915992793026 -13,0628428790556423
-2,0039691693548556 -13,3562267207681948
-13,8955956164180314 -6,1151840345832493
-1,1654757449928776 -13,6709387984176249
-2,1472283297707864 -11,4219737834200874
-15,5378583549397380 14,9467327819936919
-15,0957204522317490 -3,4262826122295937
-14,5142409812809667 15,5398064953807094
-13,0414695646259524 15,3559937021793118
-14,5412584485710497 14,5229761770582240
-14,4520781958586397 15,3913612504340733
-13,9218631897906278 -4,5069173629593706
-13,8938488980154897 13,8819254286642391
-2,8962006897723551 -15,0379912955126365
-14,0008906765483463 12,6041955516557582
-13,9804239387906470 -4,2568098076651717
-12,7271621662150096 -3,9403892099400277
-1,9813293225066926 -12,0776505241384591
-13,7524444711322911 -4,9969032317448798
-0,7277562515218519 -12,7453140159081126
-13,3607081456636241 -4,5899932105294727
-13,1406754516633981 -5,0126919352793777
-12,8733090841804838 13,9166418297963617
-14,1258546991021738 14,8412937715712072
-13,5372368783905035 -5,1782080543263946
-1,1166871885359142 -12,3082546198596443
-10,8808088006209811 -5,4698787816517163
-14,4851738252746109 -3,7746112971953956
-0,2727703323358504 -12,1211057664601594
-5,6994968978321623 -12,5992587117131549
-1,5759068223850641 -11,7329848315668404
-15,1428547023931479 -6,2612426909242913
-13,6862090967339505 13,8429460463926812
-0,8539243397364559 -12,9821740571601723
-13,4582116307568160 -5,6135377368329555
-16,0574981010892692 15,2413979317553547
-0,9449823215415804 -12,2969763844755402
0,1997598108376015 -12,1680612598582165
-14,7214477364861374 -3,4681485925969726
-13,7018087547781118 13,8353856111519686
-15,3434018693934764 -4,1334350787597050
-16,0043762194963968 -5,5449669796673486
-11,9622257473007370 -3,7960912550195123
-12,6266879201294415 13,3162904644790103
-13,7489874455490675 -4,3134505261402891
-1,5242496758133064 -13,1386336880090084
-0,0790380226497382 -12,8012692256704383
-12,5075898877843414 -5,3600411067889766
-13,4185399809730104 13,9054591158609515
-14,6369310283548391 13,1654300759052614
-13,4375504872018450 15,1545021903341350
-14,9375581717059465 14,0438509629270847
-1,2193422282662230 -13,6262953946540843
-16,1656799772684501 -5,6936958008560588
1,0351847270512340 -11,9458797248921815
-16,8809497651588813 15,6622004570984519
-14,7766622240345846 16,3847534310767280
-13,0406511312474365 15,0595515328860579
-15,3796731481252458 13,9574952993053909
-14,9461515880621718 -4,7292346116670432
-13,2745795675190106 14,6056016565900784
-14,1319567327573701 -6,2039172082629461
-13,3191820072640432 13,5167878547793379
-14,5495569974892671 -3,6929914140497506
-11,8146735604738975 -4,6186789458304558
-1,3562143205653236 -11,1384883124174081
-3,2318165460943753 -13,3782628114134070
-15,1032769752997744 15,9780751328607593
-13,8247996755842806 -7,5270178650812394
-14,0886058614513381 -4,3211538950287380
-15,5152655934427166 14,6822891629911219
-14,8759915056731149 13,7793451217042175
-0,3953766867017121 -14,0144288345859920
-1,2651568602219285 -10,9791355951550536
-12,7150124323222844 -5,7029558050531701
-13,3651399146975454 -5,8905629872748850
-15,6833892123473220 -5,8739908048224176
-14,3168076976580085 -4,7422023842295928
-12,1014860213492952 -5,8767809924088477
-2,0031659634847370 -11,6447886455730156
-13,0909825212797308 -3,9294459307159828
-1,5242233268687688 -11,7892701193736986
-14,6916366793669138 -4,6640717870586998
-1,1870059996105198 -13,4795116037471931
-14,7317782333065157 -4,3382664578328454
-13,9838424931184537 -4,5844439248849458
-14,3194152970336415 -5,8556652186486664
-1,0184993922622565 -12,1828264344352153
-14,6190482391954362 -5,5106754162201144
-13,6273082806010688 15,3797971103259847
-1,9185010197386614 -11,2177730852680195
-1,6541064734539996 -13,0224462245596193
-12,8078624598875681 14,9843398093309226
-14,7323921319722473 -5,0745460397608984
-1,5099619601485812 -15,3651805103949428
-14,9493581806595941 -4,4571988286578446
-12,8136440824841955 -6,1881643830834134
-14,8155877430373266 -4,9980842519220641
-14,2139209008164400 14,6990687089939573
-14,7095478909424866 -5,1412101851593608
-14,3639882231215843 -5,0988713667268923
-13,0493461163092768 -3,9188315557353377
-14,4504469064382075 -3,8274695906043061
-2,3443685878762941 -12,1190531074855752
-3,1117528176872074 -13,0457850524191876
-1,6198934250330701 -13,0772666239509263
-16,0852202115515404 13,4658368355560558
-15,4704988805815002 -4,9727833254142295
-0,9214725476214790 -11,9691249330562446
-14,1446114269297425 13,7875494271707328
-14,4376747811125092 -4,5228830497087875
-0,2395337618820634 -9,9202141016674261
-4,5522907841686626 -10,5037865624742039
-13,9504998255240498 13,2226476395294448
-14,3599633774864586 14,1882453043346413
-15,9241899591243072 12,7314390128837207
-2,0050199364253745 -13,1016473647342853
-12,2792799137398649 -4,4401730168613360
-13,8858945945863166 14,7329940295627182
-13,2269996309104094 -6,9728301045215311
-14,5822525065148927 -2,7101656848296596
-13,7565252667464257 -3,8611024249353831
-1,2625424520482531 -12,0190992612313341
-14,5688035220724110 15,9623525405538516
-13,9125339812040494 14,5920710536821847
-13,7749868866671061 -4,9024953224015011
-12,8689543685480441 15,3734116416091489
-3,2154245889005550 -11,5064796324023533
-12,8426864678423200 -3,3206544747466964
-16,0550004910523150 13,9483016820848391
-13,0980932780038231 13,7403373303385710
-13,0086167814224947 13,6606898139809978
-1,0941470764969563 -11,7590652263830062
-13,6757765806659481 14,8260729371763897
-1,3638330650046921 -10,8076295412116377
-13,0985145220548063 -5,3574421628279403
-16,3516859644421260 15,5445216297397781
-3,3536709228081794 -11,7710837022445993
-16,0196938825362274 -5,3019075493308865
-14,2569288540785131 -5,5029643583295815
-14,5585930280828819 13,7051290892065065
-1,0836443114350249 -11,2389418896030069
-13,1328990656133691 15,3016220419316333
-14,5274471703332697 13,5429617919112335
-2,5359575457480199 -12,6254564580238799
-12,7649608201595903 -4,0500264475103123
-0,9569367564390250 -12,9324400808233335
-14,3632723354410512 14,1339516870911233
-12,7334850976691314 -3,4145180126349874
-1,8733578393258252 -14,2258638774013022
-13,3358574886106851 -5,0636374994185900
-14,4815931426102207 -5,6940799395560910
-1,2912175100629932 -13,2856506755082773
-13,7095131151391243 -4,1617419924737220
-12,3023205622813165 -5,8779899601674144
-13,0002993249905678 13,3078929783617657
-12,1119872148858612 -5,2652548027102775
-0,2347653483291863 -12,8812251985128174
-2,5137666303556960 -12,0174083448307396
-14,1663839493872299 13,7186924561021577
-14,9693968790667657 14,3545069721855594
-14,5144287523258537 14,9975236692521321
-1,1793003630188141 -12,1464268816398349
-12,5138212753609928 13,8578665804133294
-1,7853349625730772 -12,8447004153644304
-14,2652133287639078 14,7413597520664883
-2,1185249161804087 -13,6592701221492643
-13,9937078208566241 12,8425659353228117
-12,9794088639529068 -5,6254167279245078
-1,1164387534136253 -12,4138752178440388
-15,3628182345310531 15,1656407060427973
-13,9848694178064470 14,7438246627958147
-16,4946097747858573 -4,2023253225075834
-13,5936636342681290 14,5083723630030939
-13,8405544914268432 -4,6333208958404990
-14,4815644255521097 -3,8237418584876086
-14,2492559179201788 13,9915028555235939
-16,1220015939760550 13,7742028677043074
-13,5980607422249715 14,4569810177169380
-0,2937105366282209 -12,1693955827362661
-2,9659137206882358 -10,4957028097849197
-1,4788098053710896 -12,9408290431765014
-14,5289857580758408 13,6189887993124756
-14,3707548703462749 13,3593676319104020
-14,8619966949862921 -6,5102416446321545
-13,9342025603968072 16,4316768237407622
-13,9362386831374341 -4,2998429661582893
-12,3118054338552536 13,4281478743537033
-0,5918827706996579 -12,7688233162323161
-14,2349898112002844 15,2672797001615379
-14,3508971438877158 -4,0429781751392051
-0,3410980607411718 -13,1109563807815910
-15,4443287102693940 -4,8927327612686158
-16,2362856850290065 15,3262933691112444
-1,7274018350862059 -11,6050163896704586
-13,3997632002451503 -3,8889325454974997
-12,3108160128028388 -4,8539632642487121
-14,4457551303955967 10,6095716025495435
-14,8051896118559831 13,1075626326913106
-13,2433378983663488 -5,0543991008211577
-14,0225355668378775 14,5358018875280983
-2,0558208948754433 -10,7520730591067846
-13,1928325168175569 15,1980880790159869
-13,5620574348757614 13,4093431269821579
-13,9511072648676500 14,9548895294088382
-14,6841893119625428 14,5870237070360051
-14,5703291886070900 13,8711572316236698
-2,2886688941548528 -11,7079690443659725
-14,6766914163002600 15,4201016964999109
-14,3942345677796997 16,2277454587673411
-2,1592146556122134 -10,9007278121202589
-12,9669414189164094 -3,7427201946048796
-13,3137249328083858 -4,8667261904192269
-0,4403436032875496 -14,9220685830038597
-0,7931766056635655 -12,0442602194477200
-15,4956382270272304 12,7330222063125582
-12,2521710078869397 -4,9258595189312100
0,3249004922257150 -11,9611852142839901
-14,2636662975245425 -5,0599077772540308
-0,8593973367447969 -11,4135543195095188
-1,2135789028342532 -13,7223608640313497
-15,2743431367577820 13,6914549051089782
-13,1496475190678623 -3,9962712743046693
-1,8601684451932698 -12,7883296221351674
-14,1369910532446603 13,8190476512482814
-13,2923649890367805 13,9486785341945243
-14,2328742137984783 14,9509379329531242
-14,0737538050675592 -3,9181161454356599
-14,7815608671095600 -5,2953622837655683
-2,2109821611203246 -12,6179714274013559
-1,8480134556689345 -12,7644761088768686
-3,2036559505926383 -13,1627374654047973
-0,2035644615344785 -12,2037422535081017
-1,7812989427366874 -13,3973807310806876
0,0877581649783985 -13,3258685718812515
-14,2240760990195021 -5,2628661250182409
-2,1972338035739623 -12,6382649794141670
-15,7268428730648626 -4,9220528831661658
-12,8009415749631135 13,3972369560284594
-14,6646853305935583 13,7400491626363088
-14,4579936256583466 14,0183970543862486
-0,0049258647193997 -13,2579339239165090
-11,9406182638446730 -4,1142378481472957
-14,7860995597058942 13,4855570552034258
-12,1634840089699328 -5,2312314766912849
-13,9412521844444370 -6,1787270985612812
-15,8300478176477259 14,0928746788674975
-15,5131931486891013 14,5436811413437095
-13,9829261707289341 14,5385080318805446
-15,9274573485671205 -3,3912559519451642
-15,1465072083401910 -5,9139719548771623
-12,1704800746310173 -3,2946796240104925
-1,9917844181747357 -13,8416131754683995
-14,9513901903246929 -5,5894582888766680
-14,0107339598880838 13,8319415313686385
-13,7867398422130893 -3,6095073842530345
-2,0354033491619448 -13,1971887202866913
-13,7954685840255102 14,5151823011291388
-1,7990359337322828 -13,6011713901302880
-1,6158256935415414 -13,4006866254713835
-13,2758280770318535 -4,3487911662810363
-13,9814634147681947 -6,1946825716451155
-15,2240062742698967 -5,2054970298350556
-13,6403234046544970 -5,8072452135430241
-15,5043868167528753 15,2618287612089354
-0,5442981659342219 -12,6220639813087558
-14,5623906317359229 13,8528577270629540
-13,8560672752706786 -5,3672395300374101
-0,7273989527405412 -12,5073343233449226
-13,4138640108561500 -5,0268900269058889
-2,7453957444871966 -11,8489794612873389
-2,0380778396407906 -13,1445033160169356
-14,9466324287013315 15,1383810156993324
-15,7238305393355162 -3,1695920588097009
-14,4451321325434670 -3,9737415290516456
-14,4357198576003611 -4,5898900810778818
-14,5877436346197840 -2,3716305339868713
-14,2069517976607074 -4,4962171463815794
-11,7355746529922946 -5,1721704777446469
-1,9429517023556175 -11,5232796100849573
-0,2980716533611356 -13,0808903749206973
-12,3558072615353183 -4,3815380365139331
-14,4924535161482151 -4,1922410239577017
-13,8287190146604324 15,8863045604642057
-11,6173089077327951 -3,6354552342086701
0,0504954581324744 -12,8807474889742650
-13,5294130537974944 -4,6665255700939250
-15,8842978619458535 15,3439358818531897
-0,6272483653492266 -12,6788787195598260
-14,7945200035134867 -5,4417153666963927
-15,4013572080769841 -4,0765636979060016
-12,3939397289419535 -5,5271999591256860
-2,5118091354861294 -12,9485754587384498
-14,8335851162768257 -2,6053819695437026
-2,8479076691060188 -12,4856987962617261
-14,0461009668493446 -4,7930388444246175
-0,3981636925684624 -11,6912051340024306
-0,5900038045471592 -12,3887697264807954
-14,3902445661296632 -3,7197501650535085
-1,4717782737949285 -13,2387505877508396
-12,5405351073514062 -5,1759049776555539
-1,1616774954018192 -10,9841602481993323
-2,1297358319960624 -10,6235477499948683
-14,1384696235781195 14,5334151580922075
-13,4807410629784723 -4,3653893778156858
-14,5542340703364150 14,3324113343848047
-1,6585116826775121 -12,2510968286956423
-16,5335080120854627 13,1461797820630650
-11,1875808897432290 -4,3592605514573552
-15,4762840390339722 -3,7372600785170893
-13,1844793668851956 14,3284043844749185
-15,1828211302718703 14,4216323056621452
-15,0010170261688778 -4,2680754122336939
-2,0785927921675103 -11,6630990595027324
-14,0501406730380136 -4,9922362840090724
-14,2581042810130079 16,0400594511671457
-14,9109627053077833 -5,0456976587654623
-1,0679359477926611 -11,7305868517874394
-13,0151291213637208 14,1945742310155065
-13,4935606548246181 -4,8434225606427255
-14,2698211331595850 -7,5310585680670403
-16,1664227213597691 13,8991899850007616
-13,6562071270246417 -2,2018262300821458
-13,1149684067197150 -5,4743415355582679
-13,4199548422378818 -2,5140938319673896
-2,0869063996966921 -11,9430772157570964
-12,3007620930858508 -3,2728885190379557
-13,7033639475460003 -5,6544706635426349
-13,9874923274707186 14,9058958142793418
-13,9666133729503503 14,9889764564387136
-14,0412565013203974 14,0943204412424556
-13,3369631936159649 -4,3847041140500211
-14,8653636594910097 15,3279050397979990
-12,7547033948004476 -4,1910315801931741
-14,8758054128717347 14,3584111621065755
-1,2233310568566613 -11,9311411321561263
-3,4115953182059320 -12,7580092371120326
-14,2922871102331204 13,7841697070161615
-0,6311307805741293 -12,1431726853347755
-14,5694350534008468 15,0883534404930018
-13,6771887006221693 -5,9329795141980179
-15,3232707535746027 12,4160517731365356
-4,3690112937663521 -11,3745363051587827
-0,9720170525595700 -11,2235101069524905
-13,2980724708067868 13,8545791156866578
-14,7215806179571924 14,3891112767665792
-12,2938861387803904 -4,6607503450666172
-15,7346432077865419 15,3867012120749145
-1,0704251986922340 -14,6940295297640287
-13,5473051732464889 14,6075243002154007
-14,6736500682924778 -5,9469490552245716
-14,5865565182572396 -5,5742831211550348
-17,7558642909977706 13,8646302568575823
-14,0537314687225638 12,1294251764674499
1,1594661251427674 -13,2065815894834344
-14,0269948578356338 14,7124967172646599
-13,2152509990408724 -5,7222429725853354
-1,3901928078592409 -12,2331033321781266
-14,6741615238396896 13,2216670772241969
-14,0905631734033836 13,4030724124935858
-12,5677204779225509 -5,2262836770378573
-3,6585608749734044 -13,1184133028037273
-13,8067253105128849 -3,5853391138188653
-14,6577404398901709 -4,3521329423739576
-15,1113293900188168 -3,7700445864114780
-1,7951685668128008 -12,6899202429811737
-0,7123944589111303 -12,0708989700682849
-0,4328006421815498 -14,0431759226866077
-0,9125029495142403 -12,3764134667500922
-3,2171268464788358 -13,7863790793211862
-14,0484105132735824 -4,4722820328113411
-2,4704320447728025 -10,7862399905296122
-15,0291363665847371 13,9890448323875454
-1,6580844650783217 -12,9580822079213256
-15,7011344164047042 14,8405140263874795
-15,6820515798182676 13,7346828932220077
-14,2300541798595539 14,9810770019022836
-13,9738499129011657 14,1805780732748481
-13,6527303629190779 -5,2780035870977633
-13,6076055539903233 14,9521776795621530
-12,4736113838503364 14,4517087986282462
-14,2024476733892104 12,9041234321133462
-0,9159674980780824 -12,6430547456624733
-15,8577561343272340 14,1070960616172236
0,1721684344494614 -13,5394433745752476
-2,7021507433977892 -13,2527004766559813
1,2488080529789229 -11,0348606615507272
-14,1129930825458736 14,6224760471118014
-14,9534970231054452 14,5674897169852624
-14,8811469897106861 14,3776824652691548
-1,1210122996375240 -11,3467678926340287
-14,8237723647213215 14,1087844333468500
-12,4806324956152181 -4,3520840212539325
-13,3525807442601039 15,4682590425752071
-13,0090886823701517 -4,8417476183154760
-1,5476520581122870 -11,2814492639216901
-13,1851432795378773 15,3959126667164217
-0,7623725630117725 -13,4000881830471030
-13,7725265780345367 14,0623302618019004
-13,6477477871915411 -3,4468432858005542
-14,4393515737813445 13,6321158652457175
-13,2523237270921275 12,8988450944174247
-13,7005078313717377 -5,6962732859865497
-16,4078019469538994 14,2952858051522185
-14,0181265948605560 12,2648015103124237
-3,6845136647236432 -14,9052179492968140
-12,2775759269540199 -4,4400015252526952
-14,5636157575799601 15,3086776091109034
-1,4685822860962130 -14,2582470943533011
-0,7292451367657445 -13,4685286050907020
0,0256328936242256 -12,0326402136447079
-14,2491800788292817 13,7075610183778132
-11,5850525066108521 15,1036289904302432
-11,5862871326359969 -5,4454735476702405
-14,5168491095810079 -4,3096126713844498
-11,4751457238830348 -3,2385511766342967
-14,9807668396081262 -6,9197733744362644
-14,2221080487694636 -5,0920884852971486
-13,1561681918474029 -5,1959510154689745
-14,9608380401211623 -7,2044106130352485
0,4979533903031428 -12,8404638381050997
-14,8868166617346915 11,6967489949622951
-13,3748166872238556 -4,6109839508501986
-15,9143982964681250 -5,2099825859049567
-1,2515985830217651 -11,8686085069207827
-14,8773686600358666 14,4289115314765528
-13,3437586144581140 13,6794543669424797
0,3192107807882616 -11,7397825218889089
-13,3760440708159827 13,9923934981231177
-15,2909563996200539 13,0249579551147949
-1,4681667013920092 -12,8004699160585460
-13,5079360362468996 -4,1328467521693337
-2,0031484765896925 -14,7237475960951087
-13,3835617407224809 -3,5452713295037359
-14,6410678428192433 14,0259475270899863
-15,7763418630463708 14,4372380018947766
0,1579388090242255 -12,4744001675227665
-14,0481493217535327 -4,4234414086510876
0,4062253112734364 -15,1628384606850783
-3,3402684360369106 -13,0702832432245621
-3,4408545919659419 -13,6200850788908721
-12,1897911449302523 -4,3132054633316326
-0,8908024372077850 -13,5065908219214421
-13,5651962143807303 -5,4839170060362532
0,3142335669627967 -13,9394726778432663
-1,0775409403431229 -13,1485578051693235
-14,3257648851807993 14,2579461909000003
-13,2118110111082547 12,7597723700747601
-13,0424011834926450 -3,6489477568893802
-12,7062479937689226 -5,9517449564295095
-13,6114303250636741 -4,3688560199257651
-16,0163503484950382 13,7370907536183715
-14,8046202284888988 -4,0510120470669113
-1,3712592793009701 -12,2915488031769833
-12,8723099432741304 13,7855329231013481
-15,1042614714735155 13,1742643716554362
-13,4467648524527288 -4,8297636107737736
-0,7668210631454068 -13,1874034167206986
-3,0767051065179380 -11,3272820032048536
-13,7073863817957022 13,5685688594492824
-13,3583837235430636 15,6049454969984343
0,8013556196806180 -11,8791168292416636
-1,4569052726642264 -10,7433392239608061
-14,5943017748804778 -3,0364249953981348
-14,1789841488475634 13,6091653969770121
-2,8542425339284732 -12,8914430784237268
0,4713492129371581 -11,6633189624314788
-12,9807581044384062 -4,9622474587569805
-15,5345003567666158 13,7347519265221791
-12,7385683079362533 -5,6409423967978221
-14,1176888286738240 -4,3195222079659965
-1,3369547507653701 -15,3470668519799052
-13,5802245719235337 -2,8438938597310766
-15,1720145844169796 14,4705224828071408
-12,7408023838622562 -4,3463619567434844
-14,7456874981332646 15,0147244601759997
-0,7557824371748066 -14,4236754708025003
-13,5372501408664565 13,8465061926244175
-13,0277139669531135 -3,4451549411047653
-11,9405820679285117 -5,2633075481635796
-15,6933958053099936 13,8496854972334908
-1,6018882460595747 -13,9987544397027950
-14,5799901681595419 15,1118049203366702
-14,9870022346516478 -4,2788515601628045
-16,5675339661494689 -4,3796511857746561
-12,6287912589183300 -5,3138794473271336
-16,1676518365354589 15,5904071368605042
-0,8495221798674556 -11,7902588558360204
-12,3731463893370393 13,7199714181769838
-14,8727604738242505 -4,2009596781181004
-12,8866003815352048 -4,2277068190390930
-14,4050504021294650 14,4751724348032376
0,0098396266853964 -12,9353649712736978
-1,1165394901754537 -12,4736940839721431
-12,3509492953096736 -5,5264034528114978
-14,5308230167834296 14,2648492999078460
-14,9362056310669988 -4,8209823106978149
-1,6246564690098846 -13,4906130810321798
-13,6825098018029916 13,7409614229211652
-3,2887886402958246 -12,6791893743356940
-16,6768260206659811 13,2743001906289955
-14,0115552656057787 14,0569832077956587
-3,1518792777444933 -13,6705591079738102
-1,2009068222685211 -13,0996213297276380
-13,8987677350745216 -3,1732536854347204
0,2310496965719731 -12,0766761436324099
-14,9913597848141382 14,5014188064573624
-12,5616017465827294 -4,9461806902992933
0,4252707344555804 -11,8698835038065269
-1,4383255095467815 -12,0250356047886200
-14,7967061590751303 13,6133775994368094
-15,0494057947502160 -6,5919832347967144
-1,7666347394231532 -15,2753806245439634
-14,2189622527844488 -4,3386275451176308
-2,0672011147571618 -14,3196774486258569
-1,3664789991552699 -10,7717352302354961
-0,0665545267960268 -13,2816923097745239
-12,4323075457710441 -4,5805895893401667
-14,8497542046587654 16,0623959265959932
-3,7273636459534587 -13,4127567870618734
-16,0304302471364544 -3,4024496398732582
-0,7033612397708023 -12,1687094253819303
-0,4013871879083608 -12,7643386962762353
-15,7695308821058635 -5,1425168895301363
-13,9467830638580725 14,9309352901209351
-1,4768113993262753 -13,6008786747258004
-2,3182818557645892 -14,7411592111787897
-1,4397935512273949 -13,8374458873672594
-14,6947089536855415 -3,6690744798519135
-1,6193394708486948 -14,2626846363046464
-14,3922544111475492 14,2752770693101230
-1,0347167965446740 -13,2200976725685742
-13,3797054767844052 -4,2544610565330307
-12,9230001616465309 -5,1181820512542959
-14,4859444486874036 13,4193962893566834
-0,9984766623107411 -14,9978140385933969
-12,7236356125795229 -4,2941411144149724
-12,7434396211662246 -5,0546538370809699
-11,8508053276196215 -5,7426812723251190
-13,0548563014357342 -5,0654541322880151
-13,2120275932899904 -5,7863095308462782
-1,8235093123900721 -12,4472573846871235
-15,6188390620104460 13,1442481973571663
-2,9182554367876103 -12,7246811035806466
-16,1666150288666230 12,8577939379606594
-13,4499084712521420 -5,0858099292136805
-2,9817315022312005 -11,1857173469359292
-12,7982110391344364 -5,3767271989778074
-15,2012576177451137 -3,7273068362616297
-14,8670825798467394 -5,2746445497921748
-2,5443397492099749 -10,6971920316028495
-13,2433478958364717 12,6780612575317875
-13,0207109431333432 -5,2596989200965556
-0,6960025990946938 -12,7282402348621844
-16,2217717963639103 14,9713016828175807
-12,3359313478236601 14,6930361827980960
-1,6582657327578876 -12,9642820637766913
-15,4986023835946796 15,0521179812335966
-13,9604882465269444 -5,1297250202599471
-2,3991343607353137 -11,6054669978227540
-13,6539126463843505 12,8832735195422714
-13,1923898261300145 12,7495138733249327
-1,0064501667957058 -12,7323652649716532
-13,0603050312006488 -3,4765391078271843
-13,0941114678740718 14,6073377306967451
-14,5042110260657928 -4,1294169692387346
-12,8870461076062401 -5,0817413845398045
-14,4333547486587896 -7,2266934255308275
-14,1786353956761602 13,2136300167672864
-14,3552535650230482 14,4110161477840446
-14,7396834852914171 12,0550069504764679
-13,1163367383307641 -4,9745757615091559
-0,2934087263073442 -11,5606456641668220
-12,5917272366267667 -5,9209274829368237
-13,9830575852250671 14,5643344863658779
-13,8745615567775236 -3,3522758145790319
-15,3111218986790316 12,7713837196617703
-0,2018702426371104 -13,8242904278202907
-16,0397657205841142 -3,3541845348574375
-11,8493459404169528 13,5217657957904045
-13,2307462720769777 -3,0875280798974813
-14,3198398206993360 14,5243804108931123
-1,0309251733589870 -11,2024147126289666
-15,4405143205421620 16,7902791722914131
-14,3147942189639465 14,4693073119251174
-1,1796705884985434 -13,0499923900441921
-12,6414180650100807 -5,0354705073890003
-13,4557609633348587 -3,9030374227434672
-2,0605316324483711 -13,6033674663412256
0,7302914948896171 -13,7700008962187752
-15,8963269047782525 -5,1262357486903314
-15,5747466168344815 13,0173643985404546
-12,4839564261110851 12,9574238791468304
-13,8733891856861717 14,4754613886487462
-2,2204295368947751 -11,8123609397708229
-13,5856729494269075 -4,2437589544791390
-1,0821875029362311 -11,8166153277556383
-2,1817939453769704 -13,2336879183379956
-0,8153701811665589 -11,4325074194667717
-0,4559694310813327 -14,0895885810502008
-14,5230605851087340 -4,9467509495109319
-14,2433114445849363 15,1845102065693389
-14,9705545191799327 -3,9242426754621573
-14,5139503325580588 13,8282502466761894
-1,8707948446324536 -11,8658971444248724
-15,4842610634687681 14,5125114129542823
-1,0885942765661012 -11,6033995193594262
-14,5662699871026735 13,8769902061301931
-12,8804429179040110 -4,6832075883841471
-15,0076481571211282 -4,6205241675129418
-13,4596998774394656 14,3457637543072423
-14,2708746402535507 -4,5745567622161101
-15,5243339235197713 -2,7303041254859330
-1,1529574101026376 -11,7145816957854141
-14,0554066741846473 12,8848566723666558
-15,1518142923490764 -5,5111877907916416
-0,8256795682037378 -13,9354202448578040
-14,1159267371694650 -3,7316889016930319
-13,1742953989270539 12,8168974401868958
-15,2756276955475165 -6,2227245404631057
-1,9457617274691144 -14,5945199837912085
-14,1881489738740107 15,3972181001592219
-14,8734505270271509 13,9973430432123269
-12,4409835696960229 13,2531893040453514
-12,3251076234942918 -6,1115410348262156
-13,8978322273084149 14,6986611728367116
-2,9295664906615562 -11,9307173878124892
-1,3330558682941078 -9,5700595019626498
-13,8140896500311481 15,1348753423805302
-1,9364935668004746 -12,2179633056259203
-15,1286207877757253 15,0225614292816871
-1,8682626514279177 -14,0207349985364580
-0,9672268178939529 -13,0456907050898518
-14,5509445136567610 -4,8192009305327108
-14,8452164742974624 14,2985881028628441
-2,4491949699259274 -11,8607193521332928
-12,5583116131070902 -3,8327892125445895
-0,5551771569338230 -12,5367854315743728
-15,2234716350742900 13,7839064516491749
-13,9306818131087802 12,4832253005952687
-15,4155612779784654 -3,6774523238796619
-1,9192992683742831 -14,2925403648680653
-1,0957424671827787 -12,3215282940550956
-2,2059732489868495 -12,2499964551547613
-14,8295181104935203 -5,5244400441615573
-13,5027486233225691 -5,5449247557288333
-13,9356197905042336 -3,9022790199213269
-1,7218128516889624 -12,4485287185649600
-0,7063956293826391 -12,0277137848014064
-1,1403742602719624 -11,4634395334973895
-13,8664769352725443 14,4988481957893871
-2,3169896849125866 -13,0644574632963923
-14,2449740638430740 -4,3863361471020914
-1,1524835402022124 -12,5915689464342719
-2,4265138986635115 -12,0972430925237688
-12,3619202184929513 -4,0017206415442166
-13,1666610270269597 13,1945674899150092
-14,2055404985598788 12,8218169632215453
-1,0478024932203829 -13,5917809398339759
-13,2270114562045826 -5,2523453117253887
-2,5004394713512816 -12,1040976121956891
-3,5365494743187202 -12,0758429811720411
-16,3110741694965853 14,0124895029091370
-13,7109126510124408 -5,2934857981006802
-12,6830847024100670 14,5111058663108121
-2,7703901235692268 -13,5917371251203249
-14,3473315362930691 -5,5822258574623307
-1,2532607086680536 -14,1687560134408752
-1,7744356164734465 -12,4534526373970600
-12,1304053167403314 -4,6181930334877688
-13,9970008542392197 -3,0174193428289944
-1,8620230227392074 -12,0957231485078633
-15,5658650910712204 -5,0517779153259426
-2,3184535356386777 -13,0564173327968795
-13,0645919770271721 -3,9630760000583707
-14,1094356335434625 -4,4192486298256179
-14,4260608388053235 15,9821246076055505
-13,6249433096018588 -4,0392839300713517
-15,5349671384407948 13,0402331094220081
-14,6641580474448450 15,1261018504977649
-14,8042758694387704 -3,3322239852017632
-3,1019684638217195 -10,1363833237735701
-14,4592600863403007 16,7140298100748552
-15,3988153533397565 13,2950267245021081
-2,0262489038192100 -12,6096009639055069
-13,3256745131772512 14,2766765066133523
-14,0444574115033856 16,4141352682147890
-0,9726169122951988 -13,5411578700608004
-14,4708202432130690 -5,5433137148868035
-13,9226223765706134 -5,3228883484729188
-14,2233101620903675 -5,9698022288297068
-15,8580607517420837 14,6172241892965378
-13,7761251623338072 13,0287642592663993
-12,9050756831957827 14,0956694171316101
-0,3641931696935996 -13,0034899940856192
-12,5315515648458238 -4,6353989347788493
-13,5611491033985203 -6,0012229349881760
-14,7657425864005170 -4,2794090203954482
-14,4552686586420709 14,5117815019267944
-0,6552670251575243 -14,0564162579450649
-14,4243034798274721 -7,6352380953667911
1,7836541915336537 -12,0106200199195712
-2,7036541760782593 -12,2893557089189116
-14,6643798573188349 15,3645703958229429
-13,9660212853622170 -4,8319188599190595
-14,6399899403418843 14,3638353578726754
-3,2608249611950235 -11,8945186260743103
-13,5773739260590922 15,5169439266566496
-15,0521479676884944 13,6797772791684942
-12,2208873159278841 -6,1372651452497138
-2,1684717969040048 -13,4710689317886967
-12,6736726705354297 14,5875811342813080
-14,7858748777717661 12,6771582292664018
-15,6809134067545841 13,5564273214406388
-0,5266449590333288 -14,2545631169621103
-14,3801957996892220 -5,8496528018255152
-15,2772758661838424 14,9431732681756344
-13,2863106772540096 13,5347413136206143
-1,7840342541445064 -13,0780299706780490
-0,9964146230621538 -13,2892237621731066
-2,2422659322890426 -11,8644894263845586
-15,1906866784314332 -4,6747873022164805
-12,8597788960497059 -4,1085453851072060
-12,1287396867370756 -4,4039905096270884
-15,2315721225471616 16,2511750986359722
-12,5090429740866043 -5,0965083035759644
-1,9436322876716210 -13,2556321419632273
-0,8181076452480848 -12,3746510512891401
-0,8808473275865946 -13,7489424986812789
-14,0056137311511044 13,4727429060954389
-1,9887343324780218 -12,3707621725964039
-13,4998052251832217 -3,1497114796295644
-2,8741164759643150 -12,1099924027252932
-12,4778014159330528 13,8907507655975717
-0,7695653807531520 -12,4282402659704694
-1,2539936463116288 -11,2423385523215842
-14,3801412746433197 -5,1239102160435310
-13,0288192638160218 -4,0189321699679601
-15,0649823673745118 15,0303253828563861
-1,5535910754526188 -13,0064217476600614
-16,8033170782083943 14,1840833521079688
-13,0416501789043693 -5,0662144552808837
-14,8119707609708211 13,7130152484475776
-13,7764253569753379 -3,9659238989935996
-13,8075213243283077 -2,8877903043203581
-13,0767613090326051 13,4331838115695028
-15,9548319320967629 15,4606511269359466
-12,9765008686324226 15,0433670070579275
-12,0993331733231901 -5,8799365850151757
-13,7338698128401688 -4,1828946221334959
-0,9403440990331019 -12,6265101035633371
-12,5715259616038395 -3,6048270910736848
-0,2186891915534530 -12,1192845797533071
-0,8186851911790866 -13,8502774273761453
-0,9800530535594018 -13,7993706975863635
-15,9255617067401705 14,7804331791190791
-2,8849613246075201 -12,9058003317396732
-14,2384467517252098 -3,3720186326148518
-14,0534312795761220 -5,3022858779401183
-12,9848363406036125 -5,0157478739862515
-15,4214686781415438 15,0744472984183506
-1,9390862470180008 -12,8062036422482812
-14,7201102356509335 -5,3068802601425995
-13,5677515346901494 -5,9423840884976187
-2,7983841712435908 -11,9017887429855769
-1,6740748893737343 -12,4509794784225090
-1,0421864100361795 -14,0488488041406505
-15,4081442383470844 -6,9387623717562441
-12,5461149436858399 -4,1560208506253948
-13,6239674707776963 13,4926274769342260
-15,5125139395437728 15,8698957947294303
-13,6588362999980450 -4,1894919568047273
-14,1399843880493989 15,3962115945473244
-12,3095686804950475 -4,1945478225701569
-13,5321555768892594 -4,3118350024747594
-13,4633105471319166 16,4507449764005322
-0,4936267441439225 -13,5157427859133392
-1,6845779553298239 -13,0770591303077257
-13,8118554947877445 14,2620288491314202
-12,2290557356782568 -4,1486576949164968
-0,2353594597534960 -13,5487659025366032
-14,1102728046205925 13,3784131571527869
-14,3441630881606592 -4,9943503453071036
-0,5270259614473012 -10,5808334362151903
0,3051781529978708 -11,7135551070168784
-3,1129758407262478 -12,0673692504471965
-2,0645271351614980 -13,2469530610078330
-12,7664963135047369 -5,4945562359564697
-13,9190759877917003 13,3802723398389425
-11,7682730086267995 -2,4795401827390524
-14,3728980954224230 13,9864661797697529
-0,6400614511046301 -13,4751137065950530
-14,1082625373911021 -3,5101564192027448
-13,2216278676358776 -6,6151712753451175
-12,5091481149273154 13,7638577810600040
-14,9327943763807856 -4,7015564615475540
-0,1313540558246271 -13,2465884781923720
-12,9624354559766140 -3,2889987950183546
-15,3211653181222829 15,2131081083253701
-2,2780518101569318 -12,8260997582835312
-12,5032911842165770 -4,4619694902840790
-13,2914269743333815 14,8859139979985677
-14,5821809578157708 -2,4481100136502372
-1,7440675751597152 -12,1472557050720482
-15,6860060748681569 -4,2443545772786457
-15,3549957957404537 14,2725283443636748
-12,6766086716841535 14,6996271975822008
-2,4260153491884155 -14,5007721641940321
-12,7074924770446458 -5,8659364044092364
-15,3128424760168222 -5,8298844087047001
-0,6018632823096595 -12,2729289170546991
-13,5934098032681678 -2,8764450315300643
-2,5557875295424393 -13,2871593479991148
-1,8454088183388588 -13,5230823984844548
-1,8554348001018957 -14,2388262243887542
-14,6260339996390680 13,2250589255702895
-15,0455767705663774 12,1007851235898265
-1,1780169203814239 -10,8411209988063391
-12,5395392122800100 -4,9516175400293987
-13,2876167383872890 -2,4775123590701802
-16,0899387658725708 13,3822392137867414
-15,3241192040974283 -2,6230140973134528
-14,6345549073322321 15,6680740915504018
-0,9144362528188913 -12,6263032148536762
-13,4516844458570226 -5,2698858239070159
-2,6235663276127603 -14,0228889505515966
-1,3349521323392348 -12,8742770345242601
-12,6139775926808877 13,7389300526655624
-12,0757597719228880 -3,2186749629694984
1,3800184808225455 -13,2320153533397509
-14,7068713621813423 -3,1285242347248428
-1,9317704415368679 -13,4053804448540248
-0,4481189545925643 -13,1055563129245396
-12,0824168390954352 -6,0429841100776969
-13,9767517968776360 13,5053063107228208
-15,0724046903063815 14,5010758759030747
-13,3928270172273045 13,3115445923530995
-13,8300913570684507 14,8047660331099831
-12,8533976001551284 -4,3969609358744854
-13,4171842853133256 -3,5933751509447642
-2,8022186442462900 -11,7616532496802009
-0,2763055794379643 -11,4778354662448230
-3,1458327554456202 -11,6921101521944433
-14,9111706717967305 -4,4202510539593005
-12,4395402881323687 -4,5298340821418579
-15,1358649854557985 -4,7374971772985210
-13,4721282000837572 -4,9706193216329693
-15,0906709167542488 -6,2138001879005760
-1,9357844054463640 -13,1220317329059011
-13,7652814632093943 -4,9995578088518080
-12,5621912078787243 -5,1493845892027643
-16,4993726088403356 14,3547737448562049
-2,7881807582285552 -12,7149263638212133
-16,9307668954504749 -4,7469944712252259
-1,9834073127657221 -11,7119171506351680
-0,7879486802131344 -12,4772314623373575
-14,5143758698933798 14,1888102003785406
-12,3237250669228366 -5,4946698997057588
0,3052424479765761 -12,3612683414196294
0,1908738331663005 -12,7519312220379426
-15,3273040255406876 -3,1872490273754046
-1,9855707499915620 -12,4941665345383637
-0,5535971718258774 -11,9270778011208058
-1,8111431330631140 -13,6876171538693470
-0,5713800529670887 -12,8229651054665226
-13,6604905215325747 16,4589874245889689
-1,6738217344796396 -10,9015931164042037
-15,1043144106937621 -5,2098071756804822
-14,5467789916969128 13,8555509723394330
-1,4707382163986507 -14,1265194791962401
-15,6371288791398939 12,7663163730829776
-11,5447199612602045 -3,7715521803975061
-12,6886500699759157 -3,9772823127018602
-14,1138161475177117 14,5812064347748347
-13,8925616962411151 13,2650993967964403
-14,7023227186450054 13,8279227432570035
-14,8750056300686602 15,1311030468575449
-3,6947950119388220 -13,7162843675482122
-14,3815245922995878 -4,7236717562222568
-1,5627497680021041 -12,3432186617460857
-4,1865622235718369 -12,7722826773626448
-2,0796321451167072 -14,2131290572431919
-13,1524419128523498 -5,7367534352343252
-11,4353466937214865 -4,7639398024153730
-1,0736347906847081 -12,4013031902461517
-1,9998279045590339 -12,0061068876116686
-14,6758761129575852 -3,8851700000429048
-14,2282357628429015 -4,7705691243173707
-0,6585700798904953 -12,1660840554363716
-1,7827060158465791 -11,7289962480782339
-15,2676195827250680 13,9164936917065987
-14,3033405183472038 14,7606942639412999
-14,1156244634784205 -3,8712774712156346
-1,9322039391422696 -13,2618443652653397
-3,6759697586664988 -12,9633650597694441
-13,9889258828341685 -4,3315824983771423
-0,8279337300981870 -15,0097971259851235
0,7219719619849174 -11,7999474139362057
-2,0985460789980062 -12,7393010124756927
-16,4224624949545515 12,9042114126745400
-14,0369113977000737 -4,0525397073276048
-14,4453661477739814 -3,4893472310381988
-1,2499354246286218 -12,1987830984376657
-0,6766562661434788 -13,3390802371690036
-2,1447586618724115 -11,1550745134960092
-2,6763013795274291 -13,3114214243525488
-13,4666852382323334 13,9410570317828704
-14,4924796670414615 14,6922586034394946
-11,5641889517054359 -6,2006324695665054
-1,3857047755731668 -13,5200489488912776
-15,6022348435369942 -5,3365650828780922
-14,7063139930401761 12,8771519470717610
-2,7240696225283356 -12,2019701824762592
-1,3699508105628686 -12,8030498860304309
-2,0719144914135215 -14,1019494256485309
-2,0474578486130879 -11,8038583024048886
-1,0096282800699981 -10,0729516057179485
-15,1507832483588469 15,3281864938282215
-1,3928079310311392 -14,2443794138502859
-14,5224332676051624 -4,7530571740798599
-15,5702865645639612 14,7250388263092660
-2,2059147920400619 -12,3450737904392600
-15,0118392892334729 16,5334051955510866
-14,8538930013718673 14,5716416281194938
-14,7503612738335139 -4,8984526571855636
-13,6002795203835536 -5,8927687020015407
-3,1029792108939769 -12,8539495400477310
-14,6431690439555933 15,7662581481085589
-14,7712350056183812 -4,9662584913681131
-14,5914301849904717 -3,9765834678285419
-13,6669371842076135 -4,0336044194974976
-14,3215618054073239 -5,8714797168285067
-2,7878263197391506 -12,3412703047112373
-14,9062571456991630 -3,6859828867800548
1,2601912442592753 -12,0814013843892649
-0,2408891775085304 -11,4232320812389769
-15,0989641960955190 -4,2845452324360647
-12,4227389456028625 -6,0758996801465024
-12,6176986786763674 -3,7920354853402620
-14,9179411887731117 -2,3776185378202630
-13,2818172467070781 13,7204806175409093
-15,6206799283558162 12,2944471753671607
-14,2678185859996329 -5,2579351594952168
-15,1071140228528034 13,7079042572693357
-1,3066733188333222 -13,8643099980940381
-15,5988053332533205 12,2543464085564988
-12,7195525463819639 -6,6664723594575213
-1,8012430558086974 -12,5421203372146248
-14,0760784625409059 14,7701513431537528
-0,8071990632084465 -10,7568364537030767
-2,3942510423463705 -13,4762328400622593
-0,6972181589498639 -12,0310799822765411
-13,8136569102171087 -3,1884972359213992
-11,5553714034691577 -5,2980768192620182
-0,2085922553424828 -11,5637980792893718
-14,9012914956463458 -6,4750501745880129
-13,9115013821776081 -4,6649409623487736
-12,8819210231970782 13,4918408723914158
-14,0353184887813978 14,0257365807036560
-12,8556372776183565 14,6597295598065696
-1,5295968307719177 -13,0886881661534726
-13,9489599946472929 -4,9087206115406063
-14,9201615291267053 14,0979541817741030
-1,2491363983356916 -12,5664831204637313
-14,8968639625575392 -4,3524930492350622
-13,1264751311773917 -6,2561234334220019
-2,2925580808065238 -13,0958169343210145
-2,8739557240960343 -12,7555966263062430
-11,6920636046248188 13,3972842514728789
-1,0115658756702675 -11,9220795972230675
-13,3775075083996775 14,7400924028848319
-14,1136840471661795 -4,3794636961844606
-1,3286086526505496 -12,1450905247779737
-2,5727354957726467 -12,1000998558181667
-13,2932180850183279 13,5182835539211528
-14,5329678799374609 12,1845429018764442
-0,1937920305769367 -13,4397150993759631
-13,2758630104741773 14,0514476187100037
-12,8310180633136994 -4,8837200374019325
-13,1410650771627715 -4,8937869599108428
-13,4520891405017053 -3,9589211356318459
-14,1890102540155052 14,2248970183387762
-15,4273271611175034 16,4541875848079400
-13,6913373145545254 -5,0406333689094840
-4,6697242979311930 -13,3403897679293610
-13,1798401881864908 -5,0115895554626038
-13,9291448652138214 -5,7809610303530032
-1,6410259419306175 -13,7519066239297860
-14,7324960786319288 -4,4407771037230326
-14,6301750230000849 14,4741875671164593
-13,4714916395775379 -3,5829629689653801
-15,2902462945901974 14,0244516148896938
-14,2870919506908223 15,2861247994217830
-11,0020568716184890 -5,0492585295952725
-13,9228275336284533 13,7651433551200455
-12,8862594913736626 -6,0701526374714820
-1,0806438953147712 -11,4086176143288132
-16,3488263943318266 13,4227588803870503
-12,9646354072092151 14,7421624872247499
-14,8639814650853790 -5,0225765240289775
-14,3486838130924479 -6,4482327238844634
-13,7118842283380964 16,0647507668475242
-14,1819297732000162 15,2547102595050958
-14,1069216434247142 14,0970904883898136
-2,3942458907525608 -12,4007829222421471
-13,3080553470864658 13,0011881309161161
-13,9498088142563095 -4,9518841761530537
-12,4402485880791911 -3,8771008971229683
-1,7117581473600325 -13,4636186554660853
-2,6599788287791402 -12,4446498858590022
-2,7050659717444425 -12,9990483826862473
-13,0337753137253891 -5,6795373546268619
-13,2561621411943040 -3,3226019526908832
-14,3911372218665612 16,0146802272137876
-1,8509928822008055 -12,1770838116678171
-13,9571344435349793 14,9746059265276870
0,2192581606106221 -15,1783690791242503
-14,7507915734159418 -3,4803489623898498
-13,2821493011887917 -5,1297449019363341
-14,4417666677569958 14,3828865778930872
-1,5806821177410146 -15,3019149527708418
-2,1908035978327254 -11,3360476527901888
-0,7589718312061462 -11,3041480695564847
-2,1871321515139193 -12,9652547621656158
-13,3023468552887323 -4,8812741606315653
-13,0514775028501564 -4,9872846079308681
-2,0441678621199229 -12,2319343846296000
-14,0947825028921780 15,5996401074998268
-15,3063815932016585 13,5183188162830579
-13,8383542975214358 14,6268693959203855
-15,8968378344734340 -3,9850026007637087
-13,7602267700993064 -3,1592164335241169
-0,9307873006985766 -13,4195228577592189
-0,9941288583141363 -11,0175256569387248
-13,6943824049802991 -3,7507611687633609
0,2471283274954401 -13,3537258774285128
-14,5769917293371165 -4,9126221481965935
-15,4034206520033941 -4,3830331483789466
-12,7413990939252688 -3,7352146507557493
-12,5741481219316000 -4,7596950492072674
-13,5468710006631081 13,1967800605507257
-14,4718836351818787 13,4307781942187177
-13,4218704477737827 -4,4739512204473426
-1,8111686799036535 -12,4492838650080806
-2,1003712248578417 -13,0754559330586808
-14,9626088103798836 -5,5687041683474909
-1,9164618518579768 -12,4842748706616185
-13,0843811383824296 -3,1147304367316089
-1,7067356908324971 -13,5327220170015394
-12,4700811219659435 -5,0519812119461776
-1,9163189722200644 -12,6835645323556445
-14,0905130455175023 13,7564828698611628
-14,2661417253948830 -4,1492825391124750
0,7193152831359848 -12,6350684283315289
-12,8319593920229025 -4,5972974772398505
-14,4936972772428092 13,7902961343739143
-15,7732593462747435 -4,6387325644030453
-14,3389325172111519 -3,8193232704162341
-14,7459263918046677 15,0991671490361714
-14,0377578039559605 -6,1655637936559629
-14,9980767518084868 -3,7442611030776094
-2,6456669096420926 -12,3089714712378395
-14,2131725581123263 16,2994112819801771
-2,0771028785953729 -12,3578391992258982
-14,6428814863774441 -4,1447233828546288
-13,5884660839341560 13,7923088294895386
-1,0098876306844788 -11,8134959986105059
-2,4707781123887758 -12,5508302092034487
-13,7310264824789900 14,2386150653012074
-14,2288138578675714 14,0920737869370178
-14,9909822400648913 13,6161040383336580
-0,0655140111602008 -12,7401307346608039
-14,0031412139025679 -5,0298745422191491
-1,0821751600805625 -12,9538699765628458
-15,6333038650812224 15,2299528023703257
-0,2677775361419950 -13,3817171124330869
-1,5095683209800492 -12,2650828876668161
-14,8216114144628524 14,8219110164223995
-13,8826214363884972 -3,5152030587689760
-2,6426515231675261 -12,4122081745773745
-13,9510463606585589 13,6480473007840626
-13,4066754152063154 13,8284143703476676
-12,8507158824930467 -5,3717890924694149
-13,6205937444828145 13,4060888325734044
-14,3201632601101227 15,8478153808610429
-12,6232116773837522 13,6222302946493876
-14,4185387352336356 -4,5814995661773876
-15,8800594664033987 -6,1574613973721846
-14,6568673992701850 16,3306790107175175
-14,2591051210278721 15,3882053850924425
-14,7963781179444549 -6,2366815837324019
-13,0396336843735536 15,1457770202318152
-2,2942216981628447 -11,4836159336263339
-13,9183486767851310 -5,0139629831652028
-13,7398210788961830 12,1156817389621771
-14,5246927948480895 14,0404587529518743
-13,5743059860925648 13,7181933505999840
-2,4785101035886261 -13,4266866216015899
-14,3404621278672266 13,0772834377080773
-13,0227716569244727 -5,2380116280084472
-15,6542838588395234 13,9206404689249688
-0,3326667375978376 -13,9949268600724732
-2,5644299957823895 -11,8480308592928125
-13,3061496376857065 -5,0976772639255055
-1,3207289536238584 -11,9604634024295784
-15,0236218389237930 13,9407351402813795
-1,3132878279562650 -11,2176646497047319
-13,9479102777374084 -3,1424830761654272
-3,5297642324071288 -14,2628086198943578
-13,4360521642042006 -3,9515102831801441
-14,0031999263368316 -4,8941534811458487
-1,1659253684054884 -11,3899309401431772
-1,3819037459443075 -12,6888950278522916
-12,8970078039218805 12,4967285068461997
-14,5310672781538877 -4,5641700752994847
-12,6016824674663397 14,3321813506754054
-13,8616765444318020 -6,6057709141515559
-0,5228465454629916 -11,5491303832111498
-14,9292522231748386 -5,8959034109231334
-15,3384922110744970 -6,2375323509603335
-0,1811183167656749 -14,6187645232006229
-14,5646915232046776 -5,2675012594353570
-0,7108813252363740 -12,4885674403952898
-13,5853159268798738 -3,8362853691378969
-15,3114908114269568 12,9446575500833809
-14,7245924615440078 13,8202026309956594
0,2361036104761245 -12,4365319039503603
0,0236150887484592 -10,8916437883882278
-0,6516283133459057 -12,5013115907028691
-1,6561743857555811 -12,9666233773096486
-14,8889833324338348 -5,6800017642501395
-13,5623859113824761 12,7011038830542784
-15,9847852608776329 -5,4272913529342679
-1,3446047572343753 -13,6287639502542870
-12,1095314690366678 12,8101199515876498
-1,3092159195915181 -11,1739713942317014
-15,7461028530057057 13,7054684851588640
-13,6323287185980870 -5,3448691867822467
-13,2286244605505701 -4,3406755302916782
-13,4334789553397691 -4,1882893605849318
-14,4700346654706031 13,6342619819969872
-1,1870362840922810 -13,0079267881664347
-15,1190824600931375 -5,8370065980211283
-0,2982444391994870 -12,4131211964736714
-13,1612204105865658 14,8935213825295758
-15,0695289829866503 13,8648131664968339
-0,2480473299229071 -13,1433634869757903
-14,4432087304116710 -3,8143486394918735
-14,5543538861786175 -4,0183009444875788
-14,6431633729457644 -3,6363945157031368
-13,5830860952672250 14,2885183457569234
-14,4092204778161470 -5,0586749858565572
-13,5472665077139354 -6,2087460995110471
-13,4087639378564152 -4,7114171126181876
-14,1120348377456928 -4,4269303706518031
-1,2582755235799596 -13,6617087389107557
-12,9966926731736336 14,8160615070679604
-1,5107627215111996 -12,7063924866387712
-12,0796605633415677 -2,8925100861525008
-16,9525074024133531 13,7921392179801394
-0,6910176274838915 -12,8844365931465124
-1,2869840062719207 -12,2797771859928471
-12,5169483915442985 15,0484933194764885
-12,7825091620786804 13,5152978321790993
-13,5347225435558940 -5,0073889686453947
-0,6493339820761223 -12,5119773980931228
-2,7751858325690728 -11,7858253925601257
-1,0509177100415781 -13,2227666835655793
-1,5273468355328812 -12,9018067047901006
-14,1567713068722920 13,8635829287843766
-2,0029373357247922 -12,8238654127439080
0,7439355335067117 -13,3412010280530406
-15,8531874331777090 14,9622195699864324
-12,5464508940954378 -6,0331756823888556
0,1422652277185683 -13,7753798394068081
-15,1574930594538309 13,1793057893215941
-15,1174037181871359 -4,1609417039257242
-13,9327462183970709 11,9966797794979207
-13,7725405621649539 -4,6608838890288391
-13,8676504126792199 -6,7102910866532612
-14,2484147854593513 15,3874474327714807
-13,4163678202532477 13,0099281199011969
-13,5733871132770307 15,4241518091277108
-13,3893408826876712 13,2997715247790538
-15,6214794291778745 15,4604082142185923
-2,7634763089700281 -11,4608011641450247
-2,5294299550541175 -12,6459105183817133
-14,8069077581705812 14,0503131135064834
-3,1863207255846717 -12,1538948162882896
-0,8528743714848590 -12,4554942160574704
-12,4993902127032968 -3,7775868042907610
-14,9435571082375294 15,0500561457042927
-12,5752567274739704 -5,0376448077875189
-14,4555643506823621 -4,0870014602773814
-15,2667558865901452 14,4082018916942776
-1,3633966482278819 -12,5896622973541401
-13,2794126011966860 -4,7885789307464073
0,0297995401903122 -12,6297254982084155
-15,3519642458315815 13,2995563783981350
-0,9237383993513918 -13,4807448146369548
-14,6745751980713006 -3,4775093743163259
-16,4966985411836582 15,4062373568708821
-1,4194177098954355 -12,5245312075554640
-12,8531985241648670 15,2628758846746742
-15,3584525019759024 13,3946761708035833
-13,7716397761239495 14,8390156377742937
-15,2414752668613573 14,1610008526888187
-14,8010590703760965 14,6294142677234973
-13,5204817648594577 -5,5894426401106028
-12,6509649192847231 -3,7612559140302237
-2,3482323556089075 -14,2789214210270767
-15,2588993353030293 -4,8594650235872940
-1,7266714094974627 -13,6279502851170768
-14,0728621987067459 -3,4404452254855773
-0,0613646940552373 -14,1059391937314036
-14,4974463276351049 12,7186607900989639
-12,4325248583798071 -3,5878381870546843
-2,1617434844267764 -11,5926447460648276
-1,7009787752501861 -12,0882140536727434
-15,5082609564918563 -6,4335966935761615
-15,3030683000426055 -2,8291052255177664
-13,2942675013349501 -3,4821213821869046
-1,5128950815243947 -10,6951406245414322
-13,9478828084654563 -3,2550780950120002
-13,6826833196473245 -3,2531342186090546
-13,2865936059970071 14,7132622935381647
-13,4209548461151460 12,9271714414591194
-11,5233712085390145 -3,3902668394012228
-13,8988431590580799 15,0525859096588537
-1,3680825370399456 -12,2310515046802237
-14,8197127649985898 14,0592487686510630
-1,2692091458980812 -12,1820425579882183
-13,9513080075169640 13,5230216108452570
-15,2402261487297306 -5,9676671267961510
-14,5948956462954342 -3,8209876052269403
-1,9604659201573591 -12,2986903409758295
-12,7060759135710555 -5,3441491865526292
-11,4350206475686367 -4,2974643874879366
-14,6311613741075739 -4,9222341940077454
-16,3927089333054781 -5,0687970823616091
-13,6859778416870945 -4,9105187104255545
-14,4293791626306778 -3,7770868078881610
-14,1335362064265446 -6,1424015131292240
-13,8849328573146078 -5,0076345073458075
-13,1743363456400235 14,8460590379418562
-16,4075331656546766 13,7177599954878833
-13,5523314724495076 -5,5581266425111968
-15,5004252567761096 -4,7198447813397273
-15,0311210904430297 -4,4495945274958384
-0,4564643478330526 -11,1928139919848366
-0,3012517782564075 -12,0422874842590915
-13,7147070082046927 -3,6767989810024582
-15,7444651288089972 13,4612849928051759
-2,3677686644786937 -13,4376165443366791
-1,8107219928566696 -12,0647968084290849
-16,0807521739898398 -6,0610599152718621
-1,6168723929066455 -10,1814177136456738
-12,1391255016886550 -3,3173404791927936
-12,9927551344537839 -2,1555752191433246
-16,5469092812002359 10,9506481072411646
-13,8913605068809680 -5,6454528454723274
-13,6775977584579458 12,9370171699561478
-14,6650855115096270 -5,4946726359360598
-0,2132855016043946 -12,7327542321393476
-2,2443645731432094 -11,8606666035868429
-3,4468995453601847 -11,7346537907284709
-13,0539239034173278 -4,0571504360080999
-15,3668420382281479 16,8156312754646748
0,7789381213455195 -12,5409899391921940
-12,6975065670086913 -5,2840786693122590
-13,1932773853971081 -4,4417708431951235
-14,9900168345409313 15,3151448276371607
-1,7860006682462077 -13,0377983404091538
-0,2473221547348692 -12,1979542343741763
-15,5404950121694032 14,2449760832110055
-14,0558652413717962 -4,9451030422706275
-13,5084099908594997 13,8178363981299892
-1,3598234448832609 -12,7507313136068152
-13,9401162569605770 13,6979261220219968
-14,6362907102537640 13,1275951434846103
-0,8099966988643922 -12,6237219394694922
-14,8842150899339938 -3,3064067342536845
-13,8546417984100518 -4,8310079536419801
-2,6441848488602222 -11,4626282091803660
-1,1324469396359138 -13,1733695374917179
-16,9696073220841299 13,0657993964513981
-1,2673035202287486 -11,5981336849267080
-12,1237457578707986 -6,1778832391359337
0,5136082147320742 -12,6301161130659647
-16,4347278317754153 15,6811684732197794
-0,0478767011305425 -12,0636584927401334
-1,2442626346613117 -14,1064109358375447
0,5875995190646202 -13,8055535243946057
-2,9840848884122870 -12,2125678865833418
-2,6232926565525263 -11,7330771849035767
-11,6137278874430372 -4,4625799170641587
-14,0244668872042855 14,7730169463867487
-15,5975369341620738 14,4019348173362900
-15,6289542765285798 -4,8873181836708417
-14,8873709369518039 15,1847167068117646
-16,6235184359351962 15,3642274274084194
-3,2354527784326113 -11,1814405874219496
-1,5002334813665172 -12,6731594894731376
-13,6366116787181326 -4,5240674328688577
-14,3630393294683785 14,8831943491801031
-15,0538503000863724 13,4862589698823996
-13,5799795936783241 14,3579403715242133
-2,9697383415101060 -13,8444822236218830
-1,1189945417344265 -12,1249916220842362
-1,9230404566584864 -11,8922989716679979
0,1912895765808069 -13,4890057878258389
-12,8451258814331535 12,6736458219115526
-12,5207685489238276 -5,0495934357662762
-14,1387059855961912 14,9803957979205506
-14,8502240390211249 12,7995918898507171
-11,7103413456340295 -6,3573935950638303
-13,1024372129127382 -3,6688813620746346
-2,4958009023998526 -11,5554500750395910
-1,5491259325824540 -12,2108330314581792
-13,4164210895807052 14,9071164299206966
-12,8232457576793824 -5,4706421080908116
-1,3462561292721738 -14,0676235540730392
-13,1333317539683456 14,1653623617699882
-15,6967382241199260 -5,5186986197726080
-14,1175980849680887 -3,7817040883657524
-12,3489989143354162 -5,3933121392415666
-12,9315470972332420 -4,8606642646612936
-14,0784025547610234 -5,6116583390938475
-14,0869427755196526 15,0180652059621060
-12,7953550970938519 -5,1100195603244423
-14,0457316323910479 -5,9388631254479201
-14,6133028493701520 12,2084130065789278
-14,9574153772976288 13,2249204231402420
-14,9893942846579247 15,1404356111696039
-2,1593896261870658 -13,2049445403088175
-12,3483635542232619 -5,7143833429801392
-14,1472136781203695 -3,8064879971008407
-14,2465873121843085 -3,2945966314498989
-12,9882882917064038 -3,4337986252946955
-0,6014975029450548 -12,5518666095920679
-16,2670240413875149 12,7612137531580334
-15,7512940810502347 -2,3897581764567084
-0,2377784972459329 -11,1867707151223730
-13,5000117894150247 -2,7936948774124826
-13,6297665458317088 -4,7418209292278775
-1,5954440858043319 -12,6179301236735153
-14,0712410620318398 14,3476547494695676
-13,8067869763450712 -5,4275332741151772
-13,4361795488184175 13,0253202237646004
-0,9737288352045087 -13,8718591031386147
-14,8279177270818980 -4,6411072460654053
-13,1462512198752197 -5,0743741227300658
-13,7339157941933170 -5,4149872963490040
-15,9121341517429649 12,3589712996019916
-14,6237299945691763 15,1238074217048872
-12,0877585711970781 -5,6885023986422398
-13,8309286452327047 13,9662831283625231
-0,2551047623290532 -11,8253699283392937
-12,1160377551269818 -4,6841629188701566
-13,7590444103374399 14,8209119678748724
-2,6146038899816428 -11,7782824222572682
-14,4838694062035636 15,2383162725870847
-0,3907234439518681 -13,6060539567043453
-14,6984855940477193 -6,1661930077098326
-13,8567410207254760 15,2919432038599652
-13,7623550809906572 15,5118267445082836
-14,5099356018516463 13,4059613404499789
-13,3970536502169892 -4,2483340972176160
-11,8697959387954963 15,1023690833651703
-1,0554647238214054 -12,6623072774903775
-13,8508460136979377 -5,1025765901336770
-11,2325419963738806 -4,3092719766956611
-14,9039305334666476 -3,0223811557766553
-15,3467748513168960 14,6464757103884757
-14,6273028528100539 -4,6889398216299387
-12,2125339482024042 -3,9972723323611303
-1,0837228424830065 -11,7856752354458099
-13,9868880985086879 14,8511387262432972
-12,5925034733170396 -4,1714594418703372
-1,3192080101496750 -11,1295340154521298
-13,9895939499734556 14,5670135175928230
-15,1692545205546363 16,7194036368763825
-13,8494367646717524 13,9960433797972765
-12,9880603363924223 -4,9845637729158341
-14,1910123286757166 -3,0790311080278254
-14,4712476691005687 14,3217198065925562
-14,2973444637372058 15,4022692468660534
-13,4846040724199376 15,4048928822329589
-14,4835948963973813 14,9967729036015669
-2,3739453674473552 -12,1896289247170291
-0,1152765960425413 -12,8589676843166405
-14,8905853836247655 -4,6747381206965857
-13,9728223736001720 -5,3284938902805541
-12,4676243264419035 -4,1210814046221813
-12,2698999266143929 -4,9705104946811574
-15,0598845558903029 12,3492280970844011
-2,6634706221065363 -13,3433751171637827
-16,1297926131855718 13,4261597323073865
-14,4969084156096546 13,1443976768797235
-14,7291935797269939 14,5270086539500660
-13,5721895808177759 -5,4310784764374480
-0,9132431465881413 -14,3708869949920128
-15,6581713021051048 15,3940358925182590
-14,8115056839587993 -4,0739068998071630
-14,3252503367753192 -5,1031495359784849
-13,9904726959861723 15,1234389522838519
-11,8449270547883483 -4,1743135674503504
-1,4293199089426563 -10,9231137648107826
-13,1094395025251380 -5,4269899811732563
-14,5027234621279177 14,6165456527447795
-13,2778679818707399 -5,7386724432958589
-15,9074786370787571 15,6299579078608257
-14,3554071442864597 14,9668310436028555
-13,9540959263056283 -3,3336360703806358
-14,3302580129250874 13,5330785332040140
-1,5236603457654754 -12,9515569940759381
-13,5302803331533941 13,5169093266554636
-13,1264902998034625 -4,3347860584240898
-12,8843879402972430 -5,0875400562288418
0,0968420138679327 -11,3555681758276368
-14,5599530345033692 -4,2602186683666643
-14,1098551026959136 -2,7557042818370787
-2,0564259026265272 -11,6957508865852411
-13,5482677217039758 -3,8219686962621040
-1,6508899802946655 -13,0913092648405165
-14,2925849528604179 14,4588559640241012
-14,2454108121615555 14,4415527171979825
-15,8827506819424027 13,1899777498218551
-0,3539703400539942 -13,8750244900319402
-2,4140342063481048 -12,5301862545377620
-1,3516387147105817 -13,0888512269555228
-1,8692482946324507 -13,5470645706376214
-1,9981571797151934 -13,1311433403197277
-12,0505138529888356 -5,3457822957474246
-15,7668131946187096 -4,0859588501172244
-3,2969994033101977 -14,8925546810868639
-14,2287281536812440 13,5214310058488429
-14,1933541053504531 13,7123093639698581
-13,9921734479383026 13,2980968864872118
-0,8627390316698856 -13,4315806275008907
-1,5883807791299884 -13,3008197161297659
-14,4323555644212327 -4,7966951589128062
-3,3530468388164012 -14,3689912769310659
-1,5870589667386077 -11,7203602127208395
-1,4762262398704671 -13,1762884392528346
-14,2706952712469928 -5,1602149135690478
-13,4658522273585444 -4,1246366507477710
-13,9107372159087248 -4,5880248820659890
-0,8139493270361897 -12,3322219079056854
-13,5019135202949290 -4,6057266307078564
-12,5545228881949544 13,7877428722210364
-13,9848138602990968 -4,5191426099863943
0,2334039602356843 -12,9266162068813202
-15,2051644711239522 13,3896827770239852
-13,8487209724494438 14,2666457890981437
-13,9093878305602825 14,6912375390973349
-12,4818037470449994 14,9574172185550225
-13,6107794985036321 -5,4849763660554425
-1,4675150635925294 -11,3940094758588319
-12,5970089805757599 -5,2485616971512590
-13,5868433006570797 14,6567095081904082
-13,3384372049038848 -3,5350064929788685
-15,3337692936579124 -6,1194053863519979
-11,8215099579496226 -4,1416992281253213
-13,4791364620387064 -2,7582662209215165
-12,3139936434799733 15,2772279914393234
-13,8015706150444490 12,8859318498172026
-1,5236547951861481 -11,5570911608290441
-14,3683770459319167 14,5818228348579684
-1,4539952284291031 -12,9748997898912091
-2,7177006331929565 -13,5890915656858429
-13,9768203771807809 -4,2873928544098829
1,0323248590553376 -12,3115667850765522
-15,0850906693316524 -4,4407576773507182
-14,6280301231268162 16,2796221203925278
-2,2452544682261464 -11,9848384971105055
-14,4253533807087493 13,9231303969656111
-14,3822421495000299 14,0523574431621388
-0,0042028326245804 -11,1674443969043562
-14,6530899804812744 15,5394232788944517
-13,6657911037388917 14,4456152010747889
-12,9394428562245007 -3,8470418503274244
-13,8567870974129441 12,9406327460270294
-12,5149454968972815 12,4641321906254987
-12,4354540020874254 -5,3225784181954268
-1,2777709220292830 -12,0484653834602309
-13,8336799494800662 14,5362288878616503
-1,3182443099852716 -13,5346405788380135
-14,0694754972093090 13,0773048173651887
-13,2708158396505507 -3,7166073302674332
-15,1655375643416903 14,2634970530204974
-1,7667598406782690 -12,9406289373478103
-14,4337563278087657 13,6126212711703793
-14,0633174108071479 13,7803986976072252
-0,8346681550201257 -14,1306486658358761
-14,3822144108681549 13,0040281005363845
-0,7749890032061626 -11,5981250590630953
-14,3198318320710616 -1,8822577111465493
-3,2066231146258684 -10,3558452116242776
-13,1500038459308630 14,3921698568374019
-1,3348440602478455 -13,5003359248056736
-13,4201886280902762 14,0542237128437293
-13,0554905633835237 -4,6991306903508061
-2,7671529067793976 -12,4285335842865781
-1,6771059053229014 -12,7217756276627068
-15,3126014997870161 14,4603009245775773
-15,1263329368275699 12,6269823072820095
-13,9152124677523634 -4,0592951666414470
-14,8115156278934421 -6,4757177006858528
-14,2237106233243313 13,6094969552863603
-2,7552517356843964 -12,8392614915107846
-13,4399901655470817 14,0183220239251920
-15,6755950084063826 15,1409240708627149
-14,0023627410177465 -2,7517386486157860
-15,5759803365746201 15,0056621421232865
-2,8241396804254473 -11,0858820372318014
-13,3388520740729319 -5,0470327073235026
-15,3837708506361821 -3,4283155609878966
-13,9091527837361344 14,9341080224483065
-13,3405419024196590 -4,5036113439533372
-1,1762357079663943 -13,4095274730186382
-13,9481354470683847 -2,4984717195306887
-14,8113076632587237 12,4251068465727990
-14,2252954925187556 -3,3223382271022253
-1,5944852035901640 -12,1865249181080717
-1,9308667578771184 -12,7213383304821139
-2,8065533734920383 -12,4238517721764286
-14,0291659405375544 14,9962373571512302
-14,2237675460614739 -2,6564375449385942
-2,4756505359357646 -11,6017836677246535
-13,5767810743212962 -4,1386390936964785
-0,5294442112370473 -13,0035427234477332
-13,3960116759485572 -3,6620437895312596
-1,3918346134953634 -13,0280132751735067
-13,9467430376322827 -3,2098901871363559
-1,7154132122475052 -13,6738950691276173
-3,9507274160571750 -13,1934643715335245
-1,4913199529163441 -12,6318373563001671
-15,5782998875703953 14,0953862042168740
-13,6185159379791756 14,8220196361083421
-14,7546680350690380 12,9255818921200483
-12,6547603834436444 -4,6217417133713870
1,7074268145057494 -12,6807113146517558
-2,0558393194703295 -12,3814450786306161
-13,6298200155154063 -4,6674516720083172
-1,9536876214761567 -12,1482368100420786
-12,6425087858524652 -3,7327077114108049
-14,6361159492293496 14,7108019877285354
-14,3775256748522438 14,0982713561490236
-14,8684984890170320 14,5791035512047458
-2,0620730518988930 -14,5915620820127963
-3,3946421022209119 -13,5134379931741577
-15,6743010927939128 15,3410860506015982
-14,7492128006306356 13,7518769358734030
-13,8795596411076296 -3,3588870211812818
-12,8300360190455898 -4,7206307721450242
-13,4099543562009096 13,7895807578493752
-14,0913120343724394 14,6082130682267071
-0,6162995281858139 -13,6979293240429563
-3,0224727913561731 -14,1296450644417089
-1,9639413975327646 -11,6839094871372975
-14,5259327811857446 -4,4200271922239214
-13,7568432627037218 -3,7178813879046078
-14,2028636391593963 14,1739231635429288
-14,5731019797628587 15,5234368391754565
-13,3124718905739172 14,6345174655426611
-14,9644823433805048 13,1251704749020863
-0,6861886880942375 -12,8638249018560433
-14,5751274765009207 -4,2640152552204142
-13,6338936194706690 -3,9043866788753920
-16,1171564229044293 -4,9236853271501397
0,4729269549694675 -11,6561833098089878
-13,1957687763986247 -3,2088168123491068
-15,9158796087499805 13,7161674732533783
-15,2531846929783761 -4,4417349813750038
-13,3501001634675180 13,9445684111815300
-14,7083118329570066 13,5225988477739936
-2,5005684913803918 -13,9022029622230114
-13,0969428867455164 -5,4654530039024518
-14,9087625273643365 14,8212780778358457
-13,9462977591044108 -3,8573656405255026
-0,9946636951365494 -12,9071862618043021
-13,7702700896155186 13,4699757071153492
-14,7023844982330321 -4,7121353223620073
-14,6975095842174959 11,9946204160800960
-1,6930002947249447 -11,8886004648793833
-13,5202550334948750 -5,7897171634171762
-2,2070872882191694 -13,5950555487022111
-14,2430270114647222 -4,8307087322320799
-2,8485557382328377 -12,7233900709079748
-1,2541070754857382 -12,8683322472477624
-13,3118582509378172 -5,7727380484145314
-14,6776833656348025 12,4661265419577418
-15,5385861559956773 13,6668243011247181
-13,7338514821389133 14,9477337225545934
-13,6173063756870949 -4,1226387557378903
-0,3489334257143137 -13,0251175461482660
-14,8728784017243960 13,3068320142239678
-14,3610336360110580 15,5026538174196933
-1,9275265390173253 -12,9203623050522296
0,0467397086810100 -12,3915097852225085
-13,3956521717318608 -7,1425064838428298
-15,3502645144776508 -4,7944407937445694
-13,1449500817660390 -4,0086673295744530
-2,8748319779031735 -12,5745818266841454
-15,1792946658120851 14,0199464643669707
-1,2063763771673655 -12,9338412272667256
-13,3568247453113855 -5,1259700428172650
-12,7184527737251312 -5,0990303745772447
-1,5185104867879557 -13,6044147554081203
-13,0312408468681262 13,6499647250370106
-14,0190511641410467 -3,8927094471353296
-13,5738439598747824 -4,3888948853543353
-0,5477251869658418 -12,7662739999198749
-1,1197010605109410 -12,0898798679200521
-1,5730445900932177 -10,8162108468879410
-13,5500558782023983 -1,9181961912452103
-1,0478267096455229 -13,0084710112590507
-13,3664678966226553 14,2393518619357184
-13,6388984443687953 15,2060135520945074
-2,4804905978076714 -11,9065258611782401
-14,3285352123978065 14,5181653188783777
0,2244668790326081 -13,3322101853729009
-13,7655169918119338 -4,6717534879225591
-1,3275454604193102 -12,8810667599878421
-1,8075213459318624 -13,8928751500480985
-0,2301574668952207 -10,9593317538928243
-14,7910831117450012 -5,3269620519283052
-1,5835549654754346 -13,8104103334443700
-2,4983556016317747 -12,9996553702176136
-15,1551988954626466 -4,5012771216190091
-12,8558918600942480 -5,3999267765682477
-15,4523671146986370 -4,0786983225196245
-15,5429872814641072 14,9186800717074970
-2,3894585212314756 -14,0108763981779330
-14,3080239827868922 14,4069742312612608
-14,9551303134044318 -3,8514227803162924
-13,2235463870546237 -4,1712147922371923
-0,8530364394320600 -11,7991146879825823
-2,9044612895211097 -13,4126964430544433
-1,4560964901241527 -12,7354541958998588
-14,6565678990793149 -5,4058929298828104
-14,8295462278038759 -5,0732830108445865
-13,7705031379901364 -3,6355812410281949
-1,4950440566832182 -12,9061710444564834
-14,1557877592457224 13,0139681768501223
-15,0551007260742153 12,9045971191977511
-14,9725181580954807 14,5170836802865839
-13,9864226847492894 -5,0224837826869564
-4,0016795714047575 -14,8174894480610035
-14,8089211291585698 15,7685491192725333
-14,3434557064644448 15,0777908569717845
-14,4341399230461374 14,3143779007730458
-13,5123274275452374 16,2040240403272939
-2,3520555595522881 -12,5731174414470299
0,4159415920237242 -12,3575362722160023
-12,6189663182983942 -3,6322385190120698
-13,4225470879572075 -3,9763903311387550
0,0841913307051998 -13,9087045505423710
-12,9728470203829183 -4,1099501485803343
-1,0806808779912260 -11,7200135828889156
-0,2537597010564749 -11,8949403263327227
-13,9559555878056436 15,1758080251722483
-0,5638092866929116 -11,2519746462048946
-1,4537599606110108 -10,8403544272252290
-14,2234332099377045 14,6271903781411918
-14,6487512979665642 -5,4991759670064821
-1,0599510991259258 -11,3260100033469868
-1,4410833366370706 -12,0412454896465917
-0,4516018833870552 -13,8184376277019130
-0,0127851895536113 -12,9182283880828663
-2,4502215607649895 -13,4808380802472314
-14,5025016525777062 12,4565929250594376
-14,4767375711019941 14,2945198241139320
-14,6456173361699626 14,8723989792063040
-14,2992233271177192 -4,8000311871160033
-2,6859550987708278 -13,4120317029518095
-1,9757842067245435 -11,6428590989045180
-16,0457217465532516 14,4161997327637046
-14,5985353453341098 -7,1052835864339547
-14,0703656016321048 13,3256489538117826
-13,8348110221482212 15,1015950120376630
-16,5760570656516926 13,5590232918026832
-14,0357761179751943 15,8861251948198081
-2,2878075021318702 -13,3526107332134707
-13,5049983348825720 -6,3485590756191588
-13,8338087442839832 -4,4444236024733907
-0,8859855351592156 -12,6953096170738977
-13,4003384447720393 -4,0517348824123181
-15,7175772416978923 15,5566122781985996
-14,3104385058031962 14,5222764572803058
-15,1531638853204758 14,6134955041854386
-1,8172013748657618 -12,7453419859004491
-0,9000844306410032 -12,5442121086071676
-2,2778565415044572 -13,7409749734906637
-1,1229084385487194 -12,7185032606744262
-15,4065067095832546 -3,7101052487760153
-13,3312591080537413 15,1437887565708866
-14,6545458383696126 -5,6972030046799969
-1,7616553478128369 -15,1166426701830634
-12,9388350138178119 -3,9430321706451741
-0,6504256417892244 -12,2127104071924126
-14,5850538435740091 15,0931179248059397
-14,7735631297374184 13,6351251871185326
-15,3346629592283321 -6,1108838659009486
-15,6797951520186061 -2,8488285966232363
0,5065236055001643 -12,4523805949203190
-15,4310555032023569 -6,4386160328843687
-15,3778332027314057 -5,1912720979198568
-13,3159761729043620 13,6481397569332703
-13,2483296551887726 15,8355627696004042
-15,3113233517992970 15,7055977398953157
-13,2062836311822149 -5,6670185292374669
-1,9093730125300539 -15,2299759756599098
0,5506445037457501 -13,5288321109799519
0,3568724134287267 -12,7939553420412917
-0,5980295837802911 -11,2587790248304511
-14,4505243634506577 13,8172867360852543
-14,5673916282507587 15,0938751635138768
-3,2525783882894341 -12,1295583292945217
-16,0518353156609699 14,1428010896283123
-13,0393803389975318 13,9738689982535966
-13,7461483374562281 -5,6083224937657716
-1,2300711652648662 -12,2913520642215577
-1,0471054658491581 -11,4639804519238986
-0,5144588143997396 -13,7818000998376871
-13,3650706825890779 -4,2666196709104183
-15,5453526609959027 14,2493011003870027
-12,9267422541375918 -2,9016770155595051
-0,5546996588111259 -12,0742830915829558
-0,8141415799535175 -10,9143650574999285
-15,2618190700173475 14,5398136307241419
-14,0813917444083696 -5,1527392606263556
-13,3877188949514796 -4,2494571561410996
-0,4305574914311523 -12,1563308016307587
-1,3486776816186468 -11,1249779972393803
-13,7954116119437451 -3,5952668545091333
-1,5440469203396039 -11,8918452071452183
-0,9973595381738845 -11,5542492102328058
-12,3233967784058258 -4,3864514711495595
-15,1076583490608627 13,9763098016543594
-1,9990043389345837 -12,2491600478297613
-2,5940808027700752 -13,0870804929474325
-15,2598891086595003 13,7562619181020374
-14,9997601047147011 14,4349730869597099
-14,7970699026192669 14,6980467305954505
-12,5909965014317429 -3,3182887488186177
-1,2345746943082996 -11,4364523370997482
-14,6940624696667523 16,3572140813649298
-13,8047063112657078 14,1029403269317442
-15,0784684139997136 14,3861296280618411
-1,5354595949814307 -13,8791415143804233
-12,7105862282756945 -5,4605001209193365
-14,7083791649927704 12,1871010710325329
-15,0592014547470630 -3,8736445468195004
-16,0117148606696631 -4,9404708523418694
-13,7578497140452800 -5,6688877037068579
-14,5365312705657672 14,0649449392941825
-3,2595123015032659 -13,6444017805845643
-15,7153201775120923 14,6431665915165503
-14,2563948840202066 13,5547979874061344
-12,5964578372822871 -3,4942230970739065
-13,1484099877760130 13,3454807812071348
-13,2812060487202501 12,3081208234489683
-16,4871428614397182 -5,5483828392656864
-13,8315418446797906 15,0587405082345107
-13,8051406996051167 15,0470022980644362
-15,8137254664339437 12,9935948723001893
-14,2533102215339138 -4,2852766584903099
-14,2520045801173492 13,5338005869464251
-15,1893088879630636 12,9108095202548050
-12,9452525249208890 -4,0148842671938914
-15,9351730081518070 -7,0130257493691079
-13,5881479563170497 13,2431606661116383
-0,4353204759442699 -13,2177118813858989
-13,8248862895775773 13,3338641498008226
-14,0215037222869121 14,2918158539654598
-14,3157937777893700 -2,8997931082097139
-13,9054488558623195 14,0616787794989566
-2,5188888906600706 -12,0619627499624791
-1,3454492644447189 -11,0171087876390370
-2,1318978847627030 -12,3797658315232724
-3,8028664241371528 -13,6476589674865600
-15,3381825973219463 15,7321648090562292
-1,3330262950169924 -12,4232771845708143
-2,5235678671238286 -14,7034073938963097
-14,4376232830191249 -5,4548836794719531
-0,3676287463372432 -11,9406428239181572
-1,5027679352083780 -10,8568730586690663
-14,1278774759050254 13,0044568482939162
-2,2648291201104871 -13,6773311230427126
-14,8762095645465120 -3,2074838895788114
-15,5590840042188230 -3,9568400420325811
-15,8477414433719233 -4,9920634886714828
-15,6073303237946099 -3,3909282822146305
-13,0256454526940946 16,3731025060520174
-13,9722419982220512 -7,4416689160461189
-1,2811500924997388 -12,3304870928262105
-13,7573663059286471 -5,3475373108086099
-13,8579432103262761 -5,1108235862234119
-13,3656057565687014 13,0522217594574794
-1,8770909942858800 -13,9991906318476289
-1,4982284399569943 -13,2477102352909846
-2,5965083485878733 -12,3286449428818479
-13,5929008419142132 -6,0310884902745441
-14,4427709301409362 15,5447530376032539
-0,2917076214007319 -11,3374210912856128
-1,6045298795422440 -11,5926455984993613
-1,3586777130893788 -13,6525476639254020
-13,7275213810498293 13,7767132363457812
-12,4280505409678135 15,2703453867061647
-14,2412557635204120 14,0597660411108851
-13,1580699613505523 12,4222760294552472
-2,1567303674174525 -14,0195745195954533
-13,5065612771729580 -5,0388097215655012
-13,2003118596706699 12,6612841938365772
-13,1737246047087151 -4,0456488034834868
-1,9618454839275667 -13,9642392594662965
-13,5746065973844239 -5,3673051146811277
-14,8295836222812252 12,9123464288467229
-0,7460399459821653 -12,0253249180228607
-16,2248339095383294 15,3419306719467929
-12,5566177196213324 -5,1873491648766912
-12,9551818254019881 -4,4732793401934696
-1,9949645301629713 -11,5507746753509490
-13,0591392313499863 14,8482779673111764
-15,3963325695750619 14,2262375582165248
-13,6243742209579821 15,7435827730216005
-13,8033975172504046 -3,5911054982208532
-13,4254283308365316 -4,3935979451293736
-0,9972968259942956 -12,3722931365355251
-1,7050276548100118 -12,7249424441350971
-14,4638041418031182 14,8480224446492421
-14,2541982344206879 -4,7253927161781064
-1,1122201107435084 -11,9330589894906147
-13,6035776100824108 13,6380222398321518
-15,9736740664508332 15,0102715258504098
-1,8857911750525489 -13,6581713944431336
-3,1709687293551809 -14,0550725984471150
-0,8742537592061270 -12,8771829656390953
-12,9983688919403946 13,6935138164626498
-14,0219225550787758 14,4135249818112019
-14,7230551419049451 -4,2067287010105208
-13,5179842430787236 13,3553103758737297
-1,0485019067675725 -13,3613003189775537
-13,0296680279978698 -3,1204148237401284
-14,8313987650943311 13,8319268308076833
-14,4583875449197379 -5,6905611535681722
-1,1338868368883066 -13,1639032974572796
-13,7078816538237689 14,6125546689286470
-2,2353698223013110 -11,0062522764370243
-12,4610453506751568 -5,2950358374545159
-14,0179381485841787 -6,3098423452188666
-2,9468967150022332 -13,7720352579847489
-1,7233284435276541 -12,1270980294734692
-14,5174879603761688 -3,7468236010738551
-14,7541466115773865 17,1033237584292905
-13,6280285640129843 -4,1731444113489884
-1,8686840674328813 -12,0052628741252860
-11,9935642711549537 -3,3520179924401967
-0,3179385869561289 -11,8481156381644368
-3,8503767134181488 -10,3609925849158824
-14,6181817496175164 13,9921005257075848
-16,4727072625012951 -4,3123107331644652
-15,2667008408793805 14,9299865054845000
-13,3791910236790557 -4,1011642903672190
-15,6125433544797350 -5,6720866740318172
-4,0414133603672155 -13,1812308500120459
-2,1418912713691896 -12,2963079703223030
-14,6131866364608811 15,1499641888866208
-13,3157216209367721 14,9311076653181480
-14,3666888677736004 -6,0303114901101154
-2,4485859989966285 -10,3228224761246850
-12,9503460903355752 -4,8077669686278970
0,4293527698202619 -12,1179677952558436
-14,8534417620695578 14,3653812800812055
-13,5710898635320305 -3,9910166153766689
-14,5948798478794970 12,1110896981244416
-0,6904886090440431 -13,1324485650396454
-14,9151517104575202 -4,1852182752056777
0,5547871822679915 -12,6923279163435421
-0,6173901556207086 -12,7520560935668072
-15,1063996960695253 -4,3809892394810905
-14,6331114442644683 15,4882041170534759
-13,9145832207001625 -5,4223630959238367
-2,9645819137134373 -12,2901648322649564
-1,8511737834955553 -10,5284591240838878
-13,4303550245445464 13,4152863713462498
-14,0134305001926371 13,0794171621128203
-13,0480069565751364 14,5032701384899383
-11,8372859452868671 -5,5654120504966933
-12,8402298224071867 -4,0011674468458187
-14,6530397901720004 -5,2392325313645927
-14,5180602946159105 14,8201729791079728
-0,1124955497028044 -12,4601785158022711
-13,6476303131948562 14,2253138443875127
-15,8354628797097909 13,6997185247472260
-15,2325667308902730 -5,6478576990248275
-12,9430171209719447 -2,2049652582901378
-13,5283071605395211 -5,0985651082843546
-0,8353468456147845 -12,0600842182919159
-12,4922078731631281 -5,4430535820549295
-14,2612367909232844 14,2884431204379183
-0,5113648242457632 -13,9868933533770807
-12,0643612490799086 14,1979059148784508
-16,3219737171362880 13,4961129992747040
-12,2952727905577639 -3,9984924090911687
-15,3698541377647757 15,4783497722703274
-2,1122450145807283 -12,6156463105312895
-12,8908475162636407 -4,9676150709159455
-14,5051350886485650 14,2313056519573884
-2,5237062849854941 -13,8857218536023321
-15,4953201101228153 14,8197716877737964
-0,6615433476068694 -12,8676299145248638
-14,1005217835227725 15,5923673711031885
-16,0715345573449788 16,6664007355454515
-2,9986317482285738 -11,3775729314232610
-1,3709269282529204 -13,2232704515270942
-14,3447769883358891 14,0156721664063486
-14,8479490191332886 -6,1584824439865038
-12,2404202345214426 -4,2230525121235321
-0,9357617613321928 -11,7016089942759134
-1,6944050426690214 -14,1156024814434371
-14,4413143673922217 -4,9094177765289340
-11,4078552137167648 -2,9197912631723009
-3,1445679727813434 -11,2133072283894872
-1,8220042640726621 -12,9865890889534992
-15,0962747324235256 13,4684027140564613
-11,9772716818733329 -5,1144685773018690
-15,6046204050600217 16,2376620146477570
-1,8165670899561193 -13,2930372578911076
-0,8193806354780026 -14,2052251565384378
-16,6817077295643941 12,9127865684933116
-3,2506847747758241 -14,9763236804573001
-1,6656638659728167 -13,0650167292246682
-1,0237493392583317 -10,5986958925709871
-14,0557621086182927 12,6310421084118012
-13,7473174060315504 -4,1344004377783188
-12,6894905486021070 -3,9574302860804309
-14,7308278567087019 13,4041416897368357
-13,8064498718372146 -4,5215722485012382
-14,2492081351497859 14,2859568199655946
-2,7123720370664888 -12,2324954696359480
-13,7744992372562987 14,1085808389580958
-14,3628759872488629 15,2556500912471158
-2,0771250778750963 -14,7487126566754494
0,5140764893165477 -9,3203526255947615
-13,8725932799477931 -4,8033846401473657
-14,0177239959553201 15,0340738267366483
-1,8190010829586549 -11,9942971803378313
-14,4736575399774665 -2,6150421052852311
-14,0947449994800884 -4,7032807145780122
0,0926873181661747 -12,6152100740694806
-14,0909842732011068 14,1263270905260168
-3,5133089684614980 -11,9809918097810755
-2,8774095871237080 -13,3805971321287185
-13,4014277282550314 14,5435240369302541
-12,7937332795933774 -5,0076942987979880
-13,6666975401377506 -7,7948996839538598
-2,3837911592037946 -12,4718408903697160
-16,0911794808716344 15,2167209199651126
-15,0921717884206021 15,6468906619550623
-15,4149626489509455 13,8308959250260610
-13,0374674836366218 -5,2556639043720237
-13,2886824092080627 -3,5985009465236333
-13,5530967640580968 -5,4980513601049692
-2,6719295759817783 -12,4775400701686543
-13,8393422077894126 -6,6426380276688981
-13,8274774563837823 13,4962203697003673
-13,0106150103130940 14,1279317608587807
-14,0717853430736461 -5,8768581366516850
-13,6455574537117581 14,6793113269628783
-14,6135347426963094 -4,3820344794588353
-13,6012164784417333 -3,3954071555633556
-14,2949360716517813 14,5639115468307168
-11,3592991489160049 -4,1633664430679591
-13,7822915713924612 -5,3407620977561621
-0,9950575944132577 -12,8572485618470544
-13,8988234718814052 14,4517086051085819
-14,4140360928881677 14,3273370003521876
-12,8270807199036145 -5,0506305403782994
-13,6235423576273487 -3,7404359478632658
-14,6096037328559678 13,8814318683830429
-0,6431877743287717 -12,2311585760613877
-1,4011318262661279 -12,3901534590434661
-3,0671999752001717 -11,7231385701938873
-14,0569235098913747 -4,1069984505639372
-13,8737670141241871 14,1695230888414674
-14,0681892886898279 -5,4938017168011903
-13,6902601979111829 -3,6471202456564233
-13,5738832905013140 15,1700442265475388
-0,4434162996015398 -13,9757391476810646
-1,6476427324839966 -13,0648489057849861
-0,3646904567110807 -13,0235442887251445
-13,8139848219738717 -5,1003081399419878
-15,4771460724122427 12,1317376040122742
-13,6015258501270395 14,4734861808683686
-15,2177508193080477 13,7992268789511296
-14,9106938539247444 -5,9880369769654749
-15,4230023269100958 14,6024216898362056
-15,1570293029421670 -5,1352218002004060
-0,9814102851993852 -12,4591764031694687
-1,9106076472639291 -13,6234406233127263
-13,6466239685885196 15,6003950874993755
-1,2199187731216714 -13,1461974212413004
-13,3676423170603620 14,8518949544348242
-14,2406970746291233 14,8023231982188967
-1,2953356708205348 -13,0211294293802453
-0,8783828121809364 -12,1189673157611359
-1,5292871996708748 -10,2356315522684511
-11,6155864131285114 -4,5584124848442578
-13,0898485780852933 -5,0304299487760771
-13,5139424000553916 -5,0142281483982032
-14,5972651359398302 13,7512547088189656
-14,4245843600661594 12,5015107159359111
-14,8675472230680974 14,8055473268542013
-1,9338595131394740 -14,0218211216504951
-11,9726464767801151 -5,5198255387706263
-14,2551736717709847 -4,8851939051824660
-13,4639047537312742 13,3489808963807555
-14,1774980787087710 15,0424942685093370
-1,5855417123105793 -10,3677907531453517
-14,2441386623390969 14,3729997106194869
-1,7709982647655995 -11,6073972319634784
-1,4543300197368112 -15,5408974099061403
-15,5840794021609259 -4,6196208358164430
-15,6673832748357409 14,2343050348627465
-14,5668732870210178 -3,6242688388352908
-15,2356860369705842 12,6118894431514548
-13,1744486634279490 14,3376563996837962
-0,8686866704125722 -13,0712425297069057
-15,1588528677230414 -5,1823576085466501
-0,1774560839936736 -11,8348170248283378
-13,1202559315120837 -2,9261860945381315
-14,4052916787512739 -5,8296057925931928
-13,2920963371100669 -4,9454260737893510
-13,9854848304119326 15,4441752646935164
-14,0585940589221767 -4,1901263343987605
-1,6853420343149732 -12,0697045354747416
-15,2342639799811188 15,3711140953430370
-13,1356605151684374 13,5226381559560203
-15,4621336037733990 13,9060990758501202
-1,4797253770634018 -11,8152301606300654
-13,5578577995381799 13,5006518364235273
-0,1038609050776202 -13,5043321439311672
-11,8267439649639634 -4,4442973395058196
-12,7460476862878309 12,8666480030184669
-15,5230939846833742 14,7911009580534483
-1,5074917234207015 -11,8480320392973262
-14,3257074317788646 -4,0482892355559912
-14,9626866204267337 14,3640458111366200
-14,2302873124207903 -3,9930114064865672
-14,8245441233159827 15,6356689450673816
-14,5464032495683036 -5,5626961331293296
-15,1330968313626375 15,1286226495821463
-13,1074061255575263 -4,8613661398858277
-13,7071275388619860 14,4321067003830557
-15,0778198375109262 -6,2756312811685619
-1,2643305949035581 -12,5265280407218196
-4,3508304200650016 -13,3353059126948370
-14,9112054987873144 13,8379816468218557
-1,2951712680779384 -13,0094673787684396
-1,1073620153865185 -12,5208137305395102
-13,3422807761325100 -4,9616712872757001
-12,9849678641832931 14,7262867214400277
-3,3110751380814776 -11,4369919767230321
-1,4127373633532871 -13,0491956426586242
-13,1414117664196333 14,8576620310201619
-14,3879194506312356 15,2493552793771894
-13,0057978333907940 -5,5586828415454761
-15,6840343152949337 -5,9952324261315493
-1,1544683730009508 -12,5975970159488924
-1,1854338907563564 -11,7150910290681303
-3,4668328687779995 -12,6655833433914076
-14,4168782208880266 13,8135053913510077
-13,3516369043493466 12,2686983905863052
-14,3013396604697594 15,8086264764342292
-14,7517136252765511 14,1160291490861347
-13,4019280440624353 12,6786131274319018
-13,2502308511207048 13,5063882819490715
-14,5379247115052106 -2,5546624144401764
-1,8467806206186141 -12,7307537713948538
-16,6409661552664794 15,6045557089162674
-12,9089190567391690 15,2921249391996241
-3,1706206339205290 -14,0026532393226777
-14,1413229737637103 -3,5453960813633358
-0,4465526542287492 -13,5375078891527956
-13,6184412393111778 -4,2872238029290335
-3,9096879853714297 -13,6338845305833374
-16,3049102989194843 -4,1832120631237677
-3,0272994634181094 -13,8557349394340363
-14,5973878329112683 -5,4606037686280455
-13,0109220063861990 -2,2591202177360010
-1,3785781436988547 -11,0538318934722231
-0,7180607890046881 -12,3345666669141032
-11,9268532123564466 -4,4097216122461935
-12,9476051169699886 12,8633238655415205
-13,9964010349358023 -6,1223899652586535
-13,5261370272129433 12,7312053050207119
-13,6595382984358782 -5,2383910298738376
-13,2116116947471713 -6,2914749120231743
-14,7137040517567588 14,5957506339456611
-13,8371859281788350 -6,1120564197488001
-3,4013564120793589 -11,8491732014302080
-1,7161880707234520 -12,8375671943482814
-13,6673826366476145 -3,8659613467326643
-14,0136027449637464 -4,6259227881413318
-12,9526558208808940 -4,3877151675951058
-1,5790744869332152 -11,5398261101151629
-13,3936997717646555 -5,4616609635204059
-15,8452729754102428 14,7317286877005387
-13,7669591190744480 -5,1482591514110085
-13,3721755554465958 -5,3120816637589865
-12,9694403237784126 15,1852965720945541
-13,7135928861270386 -3,4544035164879414
-0,9322736336348593 -12,8164943204544262
-14,4298174775332875 14,3368238937920491
-15,5760712886848509 13,4532792004207096
-13,4250726416495461 12,8669539609142838
-12,8008710627581266 -3,4473554145727405
-14,5927405638821224 -5,2322892600083497
-12,4279038002933095 -4,5095384147844149
-12,6521284355894537 -4,0352736387751120
-2,8822285715853715 -13,6005368351705123
-2,4961399866953653 -12,1557155612141781
-2,3995252144610433 -13,0514316761392877
-12,2511943070277347 15,7124476194730551
-14,1670803667642815 -4,8344023507963705
-15,3053622907837816 15,2911155729785655
-1,8923743180618713 -13,4515400093944955
-11,3386037899467045 16,3329618801237082
-13,6303312316090395 -3,7737393012856923
-14,1207414281947052 13,6395403039296390
-14,5159864923547808 14,6943339816104075
-14,3009282867385679 13,5972489456829742
-15,2945526515683206 12,8811687859673611
-14,5779480503833128 16,1229226090373956
-1,4948890449376904 -12,6049717851022152
-13,8201822667907290 -5,7802452066147971
-13,9903693291519122 -4,1286493679549938
-15,1089838394057079 14,7784797897634625
-2,8820281093168481 -14,3389450551609912
-15,0917437061624522 14,1576804814492103
-2,3785485662038224 -12,2861430750652012
-13,4350643788461763 -3,8812826089951331
-11,5713989326000437 -3,9201146855403390
-13,1053689640204567 12,9728642754232677
-13,6345763669125528 -5,7833995258727082
-1,3080796839399986 -10,7792540478983465
-1,1456682694110312 -12,8623086108745284
-13,9196350442335284 14,0745033795548018
-15,7398776161287444 13,5430954490351834
-2,0265744749832901 -11,5547178679091580
-1,0617706620159610 -13,3208667883945644
-13,8343686919107363 -3,5848623318126891
-13,1130930488985467 13,7398696969217635
-14,5683144457346536 14,4562351973236485
-14,5939816245736953 14,1202754642239636
-12,7986249844566569 -4,8961045865300914
-12,8995729342067413 -4,6496496901558793
-12,7239934632332155 15,0931210727239726
-13,9667130590604778 -4,6604140744055007
-14,7464432838372232 15,3168198505875388
-12,4384094260386817 -4,9351424390815231
-13,4873087610365765 -4,3876913353971538
-14,4274719214487064 -6,7549121520062521
-13,4208662005035428 15,0958218206229784
-2,5316170241527995 -11,8907191279732398
-14,3945335068140636 12,4192387967582079
-14,1997226327432493 15,3553308801432422
0,8029421806396009 -12,7679842059732760
-1,9432681868422916 -13,8444679764688345
-15,0517821322796035 12,8770960101693834
-1,8835126301900709 -13,5439000637169862
-0,6534627808862015 -14,4658658859904889
-2,5048768009614051 -12,8869698949358824
-14,1690710796982930 14,2937595167937470
-1,7341430563609901 -10,7383283504550366
-1,6913719865354557 -13,3672782195965869
-15,4627381722767634 13,8202076856082297
-15,2916644009065994 13,2082141422967947
-13,0880664255258079 -2,6132004597757126
-1,6851185989285713 -11,7377023076375906
-13,1459642351296147 14,8206448403394386
-14,3120092223098592 14,3397217477712431
0,1884701018379027 -11,6473728133580749
-14,7220121551687537 -4,6648929989653274
-13,6981218185781746 14,7288924800749825
-14,2666668773985670 14,2270145147710583
-15,5409502072129335 13,0089914205201733
-12,7259611406744124 -4,3643650760487240
-13,5428063929289237 -3,7529590473033405
-15,0644816802049384 -5,4639699402818911
-13,8444198346253788 -4,4655181545330338
-13,1522743313975763 -6,5789959629100592
-13,5989795636751580 -3,5383718104096165
-13,8308994096377234 -5,4729809831239242
-13,8806472116227724 15,0550945684166386
-1,4547232729431936 -12,8139198000518668
-0,2592481905637498 -13,3959186117393774
-1,1874576854411503 -12,1272928914491516
-2,9571048719647672 -12,1716056685508409
-13,9336867125146675 14,0415161373097011
-14,6311411225457952 -3,7477931660609314
-13,8876236867434510 14,5306985902666295
-12,4091546894916291 14,9809815877254326
-14,8931882377328506 -4,5689683812914303
-13,6979925236628510 15,0885285561556000
-0,6934599297438033 -12,4584322996002737
-14,9012703746699096 -4,2779493647898059
-15,8844950847753523 15,0405192255230808
-1,1734918571466468 -13,2109276751166753
-0,9084643042339203 -14,9122520631248960
-13,2904602591969390 -3,7638584723856954
-12,3742460729359944 14,1511496351799195
-13,6548906100586631 14,2060511341934355
-12,7625699857750465 -6,2401303589281696
-13,8566424636994796 -4,5271251603175902
-11,5690248325429685 -5,0473066130994786
-13,4364281254733910 -4,5815665749748851
-16,2609759365244244 14,6116715929220202
-1,5949619121962217 -13,8710372337365566
-14,3422522253094797 14,1691068055995402
0,1080571954097469 -12,7320978478939058
-0,8621591098120017 -14,1603127429136233
-1,4993677478073817 -12,8936115300135565
-2,4694858538920323 -12,6569217201435205
-14,5419056429039326 14,3563279510120356
-13,8534044171270896 -4,6187024887620289
-11,8818450915111473 -5,4840296157388853
-13,6739989431926610 14,5368332548407277
-13,7159926582706504 -4,2630428146775365
-14,0550851286036451 -4,5448918072370317
-13,1410031177166662 -5,0502513989162585
-14,6243839509126552 13,7818434829512562
-13,3756588814973192 13,5807997477221303
-13,1293517433825713 -4,0387455284101108
-13,3531650898145475 -3,9823238507790433
-13,4339540946105611 -4,1488767609628070
-12,9036713850823119 -5,1129038354349374
-13,7481825077609834 16,3610846092159505
-1,0991756789329770 -11,9576506657591288
0,1339040137310712 -11,7451634720931111
-13,1830832129465776 -3,1354862712832672
-2,4344563044340135 -12,2413543659626143
-14,5369663195875152 13,7541143032018294
-1,1088810581120925 -13,1008266470068655
-0,1398610887061018 -12,5599882913445242
-1,0048230001884746 -10,5421611035549763
-14,8478167577618940 14,3018783031150267
-3,3676806404191346 -11,8550424584841103
-0,9672039190990614 -13,1247932995354315
-14,5333387817033497 -5,0709959363741390
-15,3980540035085554 14,6800899966844511
-1,8484566655570609 -13,1083965325254184
-16,0339965132358877 15,5815860860931856
-14,6155802872180161 -4,5454470705903836
-2,2009634929410189 -11,3367554223490643
-1,6673599075797350 -10,9534695218896374
-14,6691800807760178 13,3175907621223075
-14,7421038912839286 -3,5809193884939003
-0,3170899922160444 -11,3127847346712862
-15,3340909946405208 14,5747307011302940
-12,4939166001953961 13,3880891708343981
-14,4169308228659325 15,3173709175100790
-13,3984461900264851 -5,9940668218756965
-1,4898223472540981 -11,6257809504297249
-12,3608080923856427 14,6865243517334143
-14,3285497113642695 -3,8145274219031227
-15,1690191145728193 15,0467228772568280
-15,6040893927135542 15,1721379201913535
-13,5929596077433299 13,3111128448026221
-14,0693352270799696 14,3155349400081260
-12,7246468815626717 -2,4412982010194901
-14,7787983534633582 13,1706116429944728
-13,1068653544326104 14,1435033782682549
-14,6919357144456306 13,2391651981765470
-0,5335919187004807 -12,6368592574141019
-12,8335464992454895 14,8413153832223532
-13,2685742057861376 -3,2553424160976423
-3,5365996912981807 -13,1224579503591343
-13,0802758800039243 -6,1941688522739300
-1,9247758402793518 -12,6418147783917014
