10484
76240 38923
64036 38861
61281 32109
64206 38161
64206 38175
73054 30724
61085 36299
75865 35167
65864 32927
60995 35700
64786 30696
68098 30099
78372 32721
73054 30738
78372 32734
72091 35595
79641 36574
72599 39405
72836 40005
72939 38158
78008 32332
61230 31610
74000 32219
74285 39233
75835 34131
66596 33479
74285 39208
73054 30739
63551 38793
68112 34330
66238 34972
61628 38033
68621 33546
64772 37657
65729 31524
61948 31181
79511 30083
61320 36439
64616 37942
79794 34768
66238 34974
64772 37685
64206 38231
75835 34098
70415 35413
60995 35769
70389 36981
66238 34987
61620 31030
68698 36144
73781 31844
64026 31494
64206 38205
74920 33740
75940 32775
64060 34275
63551 38819
73781 31876
74050 31017
76299 31164
74957 34951
61948 31203
72939 38224
72599 39482
72836 39971
60995 35725
61628 38107
79511 30069
70072 32353
78718 39848
66238 34965
74158 31876
66886 30897
75865 35126
72836 39995
66886 30865
64026 31569
74285 39189
74158 31874
70415 35418
72308 36397
67261 39968
64026 31499
75835 34096
73576 39452
76046 32943
64060 34265
69981 34098
67511 39734
64772 37643
74158 31871
75535 39666
79956 33621
60062 38657
63798 32019
62147 30870
72836 39997
74000 32264
73781 31889
76046 32924
72308 36394
60995 35693
73383 34215
65741 33810
64543 38338
73991 36466
64206 38205
64616 37945
74000 32206
75835 34154
68698 36083
78008 32334
73576 39426
72697 30221
65770 30871
75716 33391
73621 39207
74380 33110
75716 33432
62823 30948
77225 31222
74000 32257
74158 31842
72599 39442
76578 39168
66406 37295
69691 30103
62873 34998
63551 38796
72939 38210
73075 39429
67858 36663
74000 32243
63551 38797
70072 32396
74000 32265
73147 32855
73781 31822
75865 35159
73621 39203
66886 30921
65444 38692
64772 37637
64616 38037
78372 32711
60995 35683
60829 35817
64772 37643
74285 39191
66596 33455
75835 34096
75865 35171
60801 32516
66886 30934
66596 33449
78371 36750
60995 35736
75865 35126
60995 35741
75716 33390
60995 35702
64206 38177
64616 37925
72599 39366
76928 38652
60224 32386
64772 37630
67169 37988
63432 36632
73781 31839
61948 31198
72836 39938
75716 33404
72836 39961
77933 36252
74000 32210
66722 34181
73576 39449
68621 33576
72939 38220
72308 36344
62825 33684
68621 33551
60995 35733
74380 33139
74285 39219
64772 37631
62823 30952
73621 39182
79511 30089
78371 36761
64772 37700
72939 38163
70415 35458
65741 33800
74050 31007
64772 37692
63492 34573
61709 39136
74285 39225
60062 38648
64206 38201
64026 31537
72836 39990
70072 32364
68548 38072
68112 34310
74050 30988
74050 31024
68621 33550
73781 31787
61628 38088
74380 33155
72257 36783
78914 33077
74957 34972
61948 31210
66886 30882
78372 32729
73867 38039
73902 32468
68698 36088
66886 30889
60725 39686
74900 36547
68098 30095
78626 39657
63551 38850
71476 31863
70072 32378
66857 35142
70415 35422
64060 34379
61786 33900
72599 39454
66596 33504
64206 38236
79511 30070
75866 36448
65741 33828
66886 30945
65741 33811
64206 38167
75835 34175
68098 30140
73020 30615
73054 30718
73260 30823
72599 39441
64616 37961
73054 30750
76552 38582
64616 37996
74950 35294
76046 32947
76046 32964
68112 34335
72939 38187
61816 39668
72599 39371
60062 38645
75535 39670
60995 35807
72599 39362
60995 35717
68621 33545
78372 32698
68698 36082
74000 32202
66886 30865
72599 39401
78371 32844
60062 38664
60995 35749
64772 37617
62823 30950
61709 39128
66596 33497
79511 30122
71142 38298
74050 30997
74285 39198
74000 32293
78372 32714
73054 30719
60995 35809
75940 32744
60995 35715
68098 30147
66596 33457
72836 39953
75835 34125
61948 31219
79511 30081
76046 32949
64616 37939
79511 30074
60995 35801
74957 34973
73054 30729
74050 31018
72308 36335
61628 37993
63551 38788
66886 30894
61709 39105
61709 39105
62146 36382
68698 36090
68112 34318
72308 36416
79641 36613
64060 34295
78372 32712
66596 33489
74380 33121
60826 37688
72836 39958
61628 38059
62825 33649
68698 36088
74950 35290
74087 36586
64616 37933
79511 30092
76680 35915
74207 30236
75835 34124
79215 34251
76299 31280
75716 33389
60062 38636
64772 37704
76299 31279
71331 33928
72308 36324
60995 35730
63551 38840
64026 31495
78937 38712
74000 32169
64026 31609
73621 39211
65741 33842
72149 33823
66615 38380
74158 31843
75716 33411
66596 33520
74080 37027
71977 33059
74285 39201
73621 39186
73576 39487
61948 31181
75865 35127
73576 39489
61628 38079
75835 34186
79641 36560
64026 31574
63551 38790
74000 32174
73621 39242
72861 33270
69318 35817
73781 31792
66596 33466
79511 30096
66857 35143
71348 39716
61709 39111
66886 30864
72308 36420
65741 33850
72308 36429
74285 39199
74000 32185
63524 30058
60062 38678
76299 31164
66886 30866
76680 35911
76299 31270
73621 39205
61709 39098
68112 34359
73345 39504
72257 36796
61274 37183
66596 33470
79641 36590
78372 32694
66596 33448
62825 33693
72939 38161
60790 37299
63524 30056
77652 35320
66596 33493
67354 37795
72599 39373
74411 30760
74285 39172
68112 34311
73054 30712
66501 31390
79511 30110
64026 31550
75716 33425
64616 37991
66596 33453
66886 30935
70415 35429
74050 30970
72091 35601
61948 31214
78372 32722
72308 36408
66886 30898
79511 30077
73781 31801
68112 34329
75716 33428
72599 39367
64616 37931
73576 39467
62070 33302
70415 35409
64026 31595
68098 30132
64060 34289
64616 37941
64311 33292
72599 39418
73054 30742
74207 30199
60653 38954
75940 32788
74207 30201
79511 30126
74000 32212
64026 31483
61709 39137
76046 32923
74158 31839
68112 34322
74285 39220
75835 34188
79641 36573
66596 33490
62825 33670
63524 30081
65741 33813
61628 38091
68098 30132
61709 39120
63727 35536
60734 35639
76299 31182
62147 30871
62823 30929
61709 39095
74000 32205
76046 32951
79511 30074
64616 37924
66238 35022
64616 37921
72836 39932
70635 33135
66596 33477
64206 38177
68112 34313
65741 33834
74000 32197
68597 38120
63524 30077
73781 31795
75835 34095
73787 35189
61948 31202
74000 32207
68698 36194
75835 34165
79511 30131
72836 39926
61948 31212
72599 39378
68698 36133
62825 33659
65741 33804
70415 35474
64026 31493
76588 38828
74957 35017
68621 33561
74207 30223
74158 31879
64616 37998
74996 38465
60995 35703
68698 36138
68532 32918
76516 31465
63524 30064
74050 39254
66238 35007
75835 34152
62825 33651
74000 32262
73621 39187
71389 35448
75308 32928
78372 32708
77677 37737
63551 38843
74380 33111
72257 36789
68698 36087
74207 30181
72308 36399
78372 32716
68112 34321
78658 31251
68112 34320
76299 31214
64026 31515
75698 38179
72836 39928
72836 39924
73576 39420
79511 30125
73054 30742
64060 34353
75716 33421
79641 36593
66596 33456
66886 30931
78372 32697
65864 32922
72308 36327
68698 36119
74050 30977
68098 30109
72308 36382
76815 34194
76299 31171
62825 33666
64883 36624
72939 38192
74207 30180
79511 30082
76299 31219
72257 36793
60995 35713
79641 36553
63551 38816
70635 33138
73147 32849
68112 34302
74285 39228
78371 36749
63474 31685
64026 31514
64616 38024
66596 33456
63524 30063
64772 37611
72308 36324
60062 38663
64060 34271
65741 33824
68098 30130
75940 32741
64616 37927
60995 35784
67545 34297
74000 32282
72308 36410
61948 31186
74380 33130
71389 35451
68621 33551
75835 34178
76046 32967
74285 39190
64772 37610
73621 39194
75835 34093
73054 30742
77313 36882
60062 38683
61948 31211
60995 35783
61709 39100
64026 31573
61792 34528
62823 30920
64616 37938
68621 33564
66596 33488
74285 39265
73576 39432
74342 31912
75940 32773
74050 31008
78372 32769
74050 30985
66596 33562
75940 32753
66596 33508
74285 39276
68112 34337
76299 31178
73397 34542
68698 36128
62823 30927
65651 36150
70072 32355
70415 35466
74050 31021
64026 31519
73054 30714
64772 37612
74380 33130
72939 38166
73054 30740
79511 30090
73054 30738
65741 33862
60995 35702
73054 30725
66596 33500
72599 39417
63551 38785
70415 35430
73909 30109
68621 33554
73020 30614
64772 37612
74158 31843
65741 33865
64026 31520
74380 33114
72257 36772
72836 39935
74740 31071
60734 34079
64026 31584
79618 37956
74000 32178
78371 36779
68098 30184
78371 36768
74380 33105
74079 31204
72599 39367
62823 30936
78937 36787
74380 33156
64772 37693
74158 31861
76046 32935
62663 33498
76299 31200
68098 30148
65405 37924
61628 37988
66596 33481
72599 39492
76046 33006
74207 30232
74380 33128
61628 38087
60995 35747
64060 34377
64026 31486
78844 31404
69967 31665
61628 38031
78594 31229
73576 39485
63551 38818
60995 35751
66238 34974
79056 32001
68698 36148
62961 38115
73054 30715
74285 39220
74158 31851
63524 30115
79511 30149
74050 30968
73781 31832
61784 30018
73576 39434
60062 38653
65663 34947
72836 40004
74207 30205
73054 30748
74380 33152
70072 32367
74285 39251
64060 34292
61709 39088
79641 36556
70072 32390
75940 32833
70072 32358
69061 30386
67261 39977
75960 37007
64026 31549
66596 33559
65287 33154
64616 37946
61709 39100
66886 30880
74000 32287
64772 37616
68698 36109
74207 30245
66886 30867
63524 30112
63524 30100
75835 34126
64060 34297
66886 30915
72308 36385
73661 31156
74158 31883
74380 33105
60995 35742
75042 37520
60995 35743
78398 39094
72599 39382
62956 31351
78372 32702
61948 31185
62493 38583
74207 30198
76046 32996
60995 35686
60033 31067
74000 32179
68698 36115
78371 36769
60041 32194
72257 36762
68698 36090
60995 35691
74207 30196
78372 32735
74285 39249
61709 39100
79977 38620
73700 30712
72599 39382
61948 31190
74000 32226
68157 37717
61628 38013
72308 36430
70415 35420
72939 38163
68973 31613
76680 35916
70072 32350
74050 31010
64026 31543
68098 30173
63524 30117
70415 35453
74380 33142
73054 30717
74000 32215
72599 39372
60995 35716
75525 31902
64616 37953
64616 37942
74380 33131
68698 36121
60062 38682
74158 31885
72939 38183
71535 35650
72939 38189
74000 32196
70072 32369
74380 33123
66886 30933
70072 32349
72257 36791
68621 33562
61628 38118
64060 34365
68621 33548
76046 32948
65741 33816
75835 34091
79641 36554
74000 32284
78372 32736
74380 33135
61948 31182
68698 36152
61948 31214
74285 39185
74000 32224
75727 37255
64616 38028
74207 30210
76046 32992
68195 38489
74386 32186
74285 39300
75716 33421
63551 38818
72939 38175
64206 38202
68597 38124
65741 33819
68698 36089
76046 32923
73054 30721
63551 38853
73621 39240
64206 38209
68698 36202
63551 38833
72308 36351
70415 35412
66238 35026
79511 30107
79641 36617
60995 35748
66596 33466
72257 36804
60995 35765
75835 34134
67745 31936
78372 32714
73333 39287
73576 39440
72836 39962
73621 39233
72939 38165
75716 33390
68013 37912
63551 38805
74362 35045
62391 34130
73781 31799
73054 30740
72836 39964
74050 30966
73054 30730
72599 39415
64122 30351
66596 33510
72257 36774
61620 31022
75716 33406
72939 38212
72029 30280
79511 30106
77789 34333
66886 30939
73054 30720
75835 34133
66886 30888
64616 37918
72257 36756
74050 30971
64060 34286
68698 36090
68098 30117
74207 30224
75835 34088
74285 39304
74207 30181
62823 30929
64026 31602
76299 31193
73781 31807
75808 39936
64845 37688
61948 31201
74380 33116
61948 31189
60062 38643
79511 30075
73781 31888
72836 40001
75716 33424
60062 38654
62825 33660
68698 36116
79511 30081
74285 39236
68621 33552
61709 39112
62147 30874
64616 37937
65864 32930
70415 35464
66596 33486
69751 35985
74957 34978
75716 33416
74207 30184
64772 37653
62070 33300
62825 33674
60062 38628
73621 39184
74000 32191
61628 38008
75835 34181
61709 39137
64206 38207
74285 39255
71582 31636
60995 35698
78527 39214
67372 33688
61274 32718
64060 34289
65741 33797
70969 30544
60995 35790
68698 36187
75716 33423
72939 38173
70415 35451
62825 33686
72836 39965
60062 38631
76046 32959
64616 37944
64770 30381
72257 36793
60995 35726
74285 39187
68112 34323
70415 35409
79511 30111
60062 38628
63114 39852
60122 36301
74207 30202
74000 32174
65318 31153
70415 35470
64750 38960
78371 36776
74050 30980
74957 34997
61709 39133
66886 30889
65880 30901
78372 32731
62823 30927
73781 31869
66596 33463
72599 39374
65191 30498
70072 32350
64026 31508
61628 38035
60062 38686
64060 34309
68698 36180
73576 39462
68098 30119
76299 31181
74285 39238
77944 30525
67438 32441
65741 33833
74000 32170
64772 37614
61709 39136
74380 33149
72599 39388
64026 31495
74285 39192
72308 36339
63492 34574
76299 31168
72257 36794
72599 39497
64616 37971
79641 36553
70072 32360
76256 38750
78372 32751
74380 33141
64474 31658
73407 39846
79511 30076
73054 30739
74000 32188
68698 36089
61948 31217
66596 33555
73781 31796
60790 37299
70072 32362
60062 38692
75716 33419
75672 35289
67786 31908
66596 33521
64206 38160
66596 33471
74207 30213
68112 34337
61628 38039
74285 39213
73621 39210
78372 32728
63524 30110
75865 35151
78372 32739
66238 35024
64772 37650
77325 35566
73054 30726
73621 39206
64616 37931
75716 33399
64060 34296
76922 39624
75940 32746
74957 34980
76046 32936
66880 34271
63541 36210
74285 39280
72599 39374
64206 38212
78371 36777
75716 33431
73621 39221
64060 34380
66596 33463
74158 31838
64206 38183
72308 36348
74050 31032
68621 33582
79641 36576
73787 35187
76046 32982
73781 31907
62823 30910
79956 33620
61617 36771
76299 31209
73576 39512
61628 37998
71173 32352
72308 36389
64122 30345
68698 36093
66238 35003
68698 36136
64090 35362
76996 33806
61948 31191
66596 33560
64664 39083
75716 33405
73576 39438
74380 33115
75940 32763
74158 31865
61380 38325
73781 31793
62681 33580
73781 31890
73621 39191
72257 36785
66238 35000
65741 33839
70072 32372
66596 33519
62449 37610
75835 34116
68698 36137
70072 32371
76299 31192
79511 30081
61628 37993
64026 31500
64026 31482
61628 38095
74285 39260
63551 38821
60995 35688
75940 32774
74000 32275
60062 38676
61709 39096
73621 39183
62825 33657
78793 39297
61628 37996
73576 39486
74000 32254
74957 35011
73621 39218
70644 36174
60062 38650
78008 33458
62965 30729
60062 38627
72257 36754
74795 31367
79641 36615
65366 31418
62825 33650
64026 31590
74285 39188
76907 30168
60995 35694
68112 34330
63551 38834
79511 30068
78937 36784
75716 33412
73054 30740
64026 31511
60062 38634
66596 33455
78371 36766
75716 33390
74285 39303
74079 31626
72939 38202
72939 38201
67176 33534
70072 32386
64206 38228
64060 34304
68112 34305
64616 37939
68597 38123
60062 38640
72308 36376
72028 33819
63551 38829
62823 30919
61628 38057
78937 36788
74207 30232
62481 33928
60033 31064
66596 33450
60973 30719
68698 36174
66886 30900
64772 37672
72836 39975
73576 39437
79511 30067
61628 37985
74207 30216
78971 39293
74158 31878
79641 36619
79511 30091
61628 38096
72939 38220
72308 36330
74000 32197
65695 38135
74050 30984
61556 35472
64616 38021
73781 31826
72599 39409
79511 30075
68621 33569
74000 32168
68698 36090
72599 39380
73671 37385
64026 31512
79641 36586
74000 32231
66886 30885
73781 31843
76299 31170
72599 39361
74380 33110
60995 35718
75716 33401
70376 35672
79119 39028
79641 36555
68698 36203
68698 36123
72257 36769
73576 39472
61709 39138
76046 32926
65444 38691
60995 35734
64026 31559
75716 33405
72308 36378
75940 32752
60995 35792
79641 36592
78416 31725
75835 34090
65741 33817
72599 39452
75940 32777
61628 38099
61628 38037
64026 31565
68701 30563
73621 39195
68098 30112
64026 31489
72308 36336
72599 39491
75660 32104
74050 30998
70072 32359
74207 30216
78372 32743
66596 33474
66886 30876
61628 38025
78371 36775
66238 34991
74050 30995
66238 35019
64026 31526
67488 38496
73621 39197
61948 31224
63551 38805
66144 39470
72599 39464
66596 33452
79641 36587
76299 31213
64616 37925
68399 31328
70415 35428
64206 38168
76502 34871
65741 33838
60725 37560
68698 36140
75865 35155
70415 35449
75940 32751
72599 39377
64616 37999
70415 35412
79511 30073
66454 32163
78372 32712
70072 32365
74380 33129
79511 30141
64206 38170
61948 31187
74285 39292
60995 35733
74000 32237
68227 37771
74957 34986
68698 36108
68098 30100
73781 31848
60995 35706
68698 36128
79641 36559
78371 36762
60062 38654
61628 38051
74285 39274
75896 31226
74207 30235
61628 38019
68698 36082
70072 32381
61628 38004
73787 35190
62823 30930
66238 34966
76299 31196
61628 38001
74957 34990
61709 39110
64060 34272
78718 39841
60062 38674
70415 35476
72257 36798
70072 32367
64772 37619
74207 30200
75940 32762
72599 39458
64772 37639
72939 38157
76046 32994
65197 39001
61709 39108
60062 38706
63551 38836
60995 35768
74050 30988
60790 37304
73743 39834
65187 36370
61659 38574
71240 32005
76299 31165
66238 34970
79119 39030
66596 33524
75647 39792
68698 36111
78937 36789
75835 34129
60995 35707
75940 32787
71389 35446
60062 38669
75716 33409
79641 36554
75716 33402
76434 34278
72257 36781
66886 30885
65741 33837
68098 30143
76299 31196
74158 31830
75940 32767
74285 39269
68621 33574
60995 35746
74380 33129
64206 38171
62825 33661
60062 38684
74285 39217
79641 36609
72200 36929
69691 32601
79511 30104
74050 30967
72836 39922
76256 32443
73781 31866
66886 30894
75865 35153
74000 32177
72836 39998
61709 39094
79511 30085
63551 38796
73054 30714
62213 30881
60995 35698
74000 32181
63362 32900
68964 34678
72308 36360
60062 38652
66596 33458
72308 36345
66238 34968
79641 36566
79641 36571
73576 39464
75835 34094
72836 39980
74207 30184
64026 31534
60062 38641
66596 33450
74050 30969
73781 31864
64206 38193
66886 30861
74285 39222
75716 33388
75835 34160
70015 38399
74380 33128
65592 31071
67648 37722
79641 36583
79511 30088
64026 31510
64026 31596
79641 36600
72257 36786
74634 37041
79511 30077
70415 35478
72599 39361
71989 35156
76654 33527
75940 32787
64616 37920
74285 39180
68112 34334
72599 39370
60995 35724
74285 39209
60062 38666
75835 34120
62823 30912
73054 30749
76299 31167
73781 31790
70072 32349
79762 33013
61628 38114
66830 37858
66238 35000
74285 39171
61628 38037
70072 32389
68112 34302
60033 31064
75823 34363
74957 34968
75716 33420
64616 38048
63798 30738
66105 31651
74481 35828
64026 31585
74957 35013
66728 30505
79641 36597
60257 36770
74380 33124
76299 31166
75324 38319
78372 32734
68698 36120
76516 31465
61628 38067
66596 33475
74946 35545
64772 37612
62619 35599
79511 30118
65741 33818
78371 36761
74158 31848
66596 33475
73417 38404
79641 36614
61628 38085
71535 30182
62825 33667
77275 32748
73576 39457
61882 37343
75835 34106
74207 30209
74158 31859
74050 31037
72836 39924
66886 30863
65864 32926
73054 30754
75649 33643
75428 30231
76046 32995
74380 33150
62823 30922
61948 31213
75835 34093
75865 35137
66886 30932
66886 30859
74285 39221
75355 34969
66339 34755
60062 38641
74380 33135
79511 30095
72091 35599
64026 31553
75835 34116
65741 33805
76299 31190
78416 38322
66238 34966
62961 38116
72640 33246
75835 34119
62823 30911
60995 35715
74285 39213
74380 33140
70072 32357
72836 39969
72836 39965
78429 36683
74000 32209
68621 33574
72599 39407
78937 36792
66596 33549
66886 30869
61709 39126
62601 31108
61709 39095
76299 31178
74285 39239
68804 33889
74000 32186
73054 30743
72308 36347
60995 35689
72939 38172
64616 37953
75865 35141
66596 33484
73621 39184
72308 36412
61281 32110
74207 30196
72308 36414
64616 37945
64206 38192
76299 31200
68098 30108
79511 30128
64206 38188
71604 39625
73621 39200
74000 32298
60062 38674
68621 33571
61628 38026
76046 32963
66596 33492
75940 32785
74000 32191
73576 39428
70072 32384
74957 34982
76299 31170
65162 36317
60820 38399
72836 39951
73781 31841
75835 34109
74207 30185
68698 36192
73576 39446
61269 30190
72308 36395
66886 30880
72308 36352
74957 34969
64772 37648
61628 38053
75865 35123
79943 39235
78371 36757
64772 37690
60062 38654
69941 38358
67261 39975
76299 31178
66912 31216
73576 39475
68698 36086
75940 32751
64060 34311
60995 35718
71145 35803
68621 33580
72939 38193
61948 31195
73576 39455
65741 33802
64428 33207
61628 37991
64772 37649
76803 32797
65471 36869
68112 34316
79661 36733
72640 33244
76046 32948
66596 33467
79511 30105
68098 30174
60995 35731
64616 37934
60995 35697
74207 30244
73781 31899
60688 33741
68112 34315
70434 33563
66238 34992
74158 31868
70401 31994
73621 39233
63440 35406
72308 36340
66886 30874
74285 39275
61709 39132
74285 39205
74207 30215
76046 32979
66596 33546
64026 31524
75865 35154
60062 38644
74380 33147
60995 35711
64616 37951
68698 36104
72599 39420
68098 30095
72939 38225
75716 33415
61620 31023
73147 32848
73621 39231
64206 38180
79511 30145
73781 31868
60995 35770
74957 34966
61628 38000
74285 39202
64060 34295
74000 32216
64026 31490
63551 38788
66501 39900
72257 36805
75808 39938
70639 33952
72939 38194
79511 30140
72308 36363
60062 38630
73054 30721
61635 37414
66635 34412
72599 39370
68715 37888
73576 39425
64428 33206
78718 39846
76046 32926
63510 38839
68698 36108
72599 39438
66886 30896
75808 32859
74050 30965
63551 38794
73576 39418
64206 38163
74285 39174
72939 38163
74207 30211
72599 39387
71104 30102
74000 32186
64772 37671
74380 33161
79511 30108
74285 39286
79641 36608
63551 38798
64206 38189
64026 31490
73787 35188
64772 37616
65741 33821
78372 32727
75865 35152
66596 33481
78372 32724
76046 32929
72888 37248
71658 30472
68098 30123
64616 37935
74285 39241
64772 37642
76299 31189
61709 39096
72599 39386
72599 39399
61709 39116
75835 34128
61709 39104
72939 38156
70748 32897
63551 38809
69313 36168
71173 35840
74000 32204
64616 38043
79511 30091
76046 32934
61948 31196
74050 30960
75940 32797
75835 34113
60995 35705
60062 38689
68698 36112
74380 33114
68698 36103
62823 30911
74285 39195
75940 32812
74285 39192
64206 38164
64772 37640
63551 38815
76046 32978
68112 34333
68098 30105
62825 33650
64206 38171
79641 36560
60995 35735
64060 34288
60062 38703
78037 36194
64616 38000
70635 33136
69283 35798
75940 32741
78372 32706
66886 30883
64772 37617
61709 39148
73621 39192
74050 30986
66238 34999
72308 36374
71090 31198
74000 32277
61628 38073
68098 30153
74000 32209
73576 39436
74207 30180
61709 39149
68548 38768
64616 37928
64060 34268
72599 39363
68112 34304
75835 34121
61786 33899
61816 39663
70072 32367
66596 33493
74285 39216
64616 38033
60062 38702
74207 30189
75374 39166
66596 33478
72257 36808
60995 35690
60995 35796
64026 31528
73620 34292
61709 39112
62825 33660
73054 30718
74000 32255
68800 37255
68698 36104
74000 32246
73781 31886
66640 35001
66596 33501
72599 39490
74380 33151
75940 32769
65578 37811
73054 30718
74050 30962
66390 32028
68621 33551
79641 36564
69941 38354
76299 31218
75535 39666
78372 32726
73576 39471
72836 40012
70415 35411
73576 39444
63551 38799
74207 30203
76299 31184
74748 33942
64277 31494
74158 31833
74285 39198
76046 32920
66238 35018
70415 35436
78803 37546
73107 35442
72308 36321
66886 30866
63376 31041
73621 39216
61628 38046
74285 39184
72308 36321
67836 36130
70072 32379
60062 38646
75865 35146
68112 34334
61709 39094
70644 36176
64772 37647
74380 33120
66596 33481
64026 31504
74158 31831
64026 31493
73621 39205
60062 38700
70072 32366
79641 36577
61816 39670
63524 30055
66238 35006
62823 30944
64026 31486
78371 36763
65741 33817
79641 36585
75716 33430
62825 33675
72836 39964
72836 40014
66886 30928
68621 33568
79794 31869
62825 33674
63524 30091
75865 35142
60995 35698
67488 38497
73576 39480
61722 32457
66886 30892
64026 31579
63727 35796
79511 30074
70072 32351
72836 39927
62823 30911
78553 38790
68098 30139
66596 33553
68098 30104
61628 38008
64060 34322
66596 33472
76299 31179
62956 33470
66596 33477
61948 31203
72939 38166
74050 30961
68112 34305
78372 32696
75701 37162
73054 30748
62828 33212
76046 32921
70072 32354
75835 34174
64060 34370
76299 31269
74050 30981
61383 38279
68698 36139
74207 30221
65741 33831
74285 39248
64060 34343
69329 34658
72257 36761
68098 30121
66886 30912
63551 38845
70072 32399
74050 30973
62641 32258
74380 33118
76299 31207
68621 33548
61948 31204
68698 36109
75716 33433
66596 33528
61628 38003
74158 31842
64239 38934
73576 39441
76299 31182
63492 34572
66098 31035
75835 34095
68621 33581
74380 33138
66238 35006
79511 30067
79641 36567
74050 30965
66238 34992
77623 38487
64026 31484
73054 30716
72308 36405
75716 33413
70877 32994
66596 33494
75698 38183
79511 30093
62147 30868
73147 32848
68098 30123
74158 31886
74263 32884
73621 39196
65741 33810
72257 36786
74000 32206
74957 34967
68621 33547
63524 30073
74158 31832
64264 33335
79641 36585
66596 33551
72836 39929
73576 39423
64616 37940
74000 32168
74207 30191
66596 33497
64060 34307
70302 37589
65552 38497
75940 32765
78937 36791
78718 39847
78372 32716
72257 36806
64772 37706
66238 34983
65741 33805
71038 30235
78371 36752
60995 35687
64060 34325
73621 39208
73054 30751
64060 34312
74158 31839
64026 31541
63551 38789
64026 31572
74380 33108
69453 37026
70072 32365
72599 39478
64772 37640
75835 34125
66238 34997
72308 36324
75533 39643
61948 31221
64060 34315
74207 30192
67170 37181
70072 32373
68621 33546
72257 36780
72257 36773
78372 32709
64616 37921
71334 32418
73054 30723
73621 39215
68698 36117
66886 30861
73576 39435
64206 38167
64026 31564
74957 34988
72599 39494
73054 30724
68112 34303
65770 30864
72257 36782
73821 30437
70072 32392
76680 35914
78622 35830
61628 38054
64206 38190
63524 30060
61948 31233
72939 38182
72640 33242
62825 33679
72308 36369
60062 38685
60754 31724
79511 30121
68621 33566
64616 37930
68698 36166
71753 36973
66596 33492
66164 32831
66238 34972
74957 34954
68098 30115
66886 30920
60995 35736
66596 33454
68698 36158
68698 36103
75835 34102
74000 32304
73781 31790
75938 37152
79119 34539
74258 36200
73576 39496
77821 34008
74050 30998
65741 33809
68621 33559
75835 34130
62641 32260
60062 38652
74380 33137
64206 38224
61628 38029
79641 36564
64026 31502
72257 36777
61709 39120
60062 38661
75716 33393
75716 33396
66596 33567
62825 33653
75865 35135
72257 36779
73781 31801
61948 31226
64060 34329
62823 30946
60230 36729
78372 32719
72599 39397
74158 36577
75716 33425
61628 38081
74050 30976
65741 33813
74000 32173
76299 31179
66886 30904
63551 38792
61709 39098
73576 39424
62946 35213
66651 39248
62823 30913
68698 36110
65314 36158
72696 39493
63524 30096
66912 31915
78372 32729
68098 30160
64772 37632
60062 38627
68112 34345
79511 30102
75835 34097
61948 31218
73781 31883
74207 30222
76871 36116
64026 31483
61659 30502
64838 36360
66238 34966
65191 30495
74000 32289
68698 36083
75835 34109
62481 33925
74957 34976
75716 33409
63524 30081
79511 30146
66021 33734
74285 39185
60062 38658
73781 31825
73576 39504
70072 32354
60995 35714
68698 36193
61709 39142
64616 37936
64206 38161
61628 38030
72836 39922
73054 30738
66238 34998
64026 31535
74000 32218
68112 34309
74050 31000
62825 33655
64026 31516
73621 39190
68621 33585
75940 32781
70415 35414
64026 31542
72308 36326
75940 32753
74380 33117
64026 31548
72939 38173
76299 31257
66238 34986
73576 39511
78914 33039
60995 35729
74158 31840
74380 33137
79415 39752
68698 36113
62823 30918
66238 35017
75835 34158
74207 30194
63551 38808
60062 38665
68621 33560
70072 32349
75940 32768
64823 32052
78371 36758
70415 35427
70072 32356
75476 31440
75940 32759
62165 36557
64026 31498
79511 30083
62825 33670
63524 30105
65853 35564
63524 30107
68701 30571
66238 35025
70415 35441
69941 38362
74158 31887
61628 38022
79038 38491
74957 34981
72836 39978
61709 39108
74000 32291
74285 39212
76778 34478
76299 31185
64026 31511
60995 35689
78372 32711
75835 34107
72836 39937
72836 39928
72308 36427
76299 31266
75835 34147
61628 38002
72697 38119
78372 32745
73621 39185
68098 30136
63551 38785
61620 31027
64026 31533
60062 38643
72308 36396
60995 35732
74285 39201
79511 30089
61948 31196
72836 39969
78371 36768
79511 30139
60995 35741
68112 34338
75940 32766
70072 32357
63432 30112
61948 31217
61948 31199
74957 34948
61948 31180
75835 31880
61709 39116
74130 32725
79641 36589
68698 36117
74285 39189
64616 38051
65741 33797
75865 35138
68112 34307
78372 32717
68098 30097
61948 31236
64060 34314
75865 35124
61628 38018
63551 38790
70072 32362
66886 30903
75865 35123
75716 33414
74158 31847
64026 31539
60062 38649
74000 32171
70415 35419
61709 39102
74285 39215
70415 35440
73275 30539
68112 34314
75716 33423
64772 37662
74050 31009
74207 30197
60995 35814
70831 36824
61948 31184
74285 39172
76164 33981
72257 36765
72836 39947
73239 38981
73621 39224
61709 39094
73054 30725
68098 30095
64616 37968
76046 32920
74608 36079
60995 35739
66886 30922
66886 30874
66596 33451
64616 37952
76408 38173
73576 39420
76299 31167
73621 39209
64026 31525
74380 33127
75865 35141
68086 37470
61709 39147
74158 31872
79511 30082
76299 31163
66596 33507
76299 31262
72939 38186
62391 39664
79511 30078
74380 33123
73781 31824
75835 34122
61948 31181
75339 31722
66596 33495
62965 30727
79507 37322
73781 31847
72308 36411
73621 39220
79511 30073
76299 31236
66941 39772
73683 33738
74050 30960
74285 39178
61628 38024
70569 38014
74285 39213
70415 35410
64060 34287
73576 39466
74000 32242
75865 35162
73054 30753
76299 31204
64845 37685
72599 39433
72836 39938
64206 38201
76046 32965
74380 33148
72308 36406
60995 35800
79511 30084
73576 39451
63524 30079
62823 30932
65741 33831
70072 32357
75835 34123
66596 33544
72599 39389
74957 34966
64060 34291
60995 35738
73020 30616
78008 32338
73621 39189
75865 35157
74380 33159
61948 31190
62823 30923
60995 35692
72599 39428
73244 31514
68698 36173
74000 32273
68698 36087
68698 36106
75940 32806
74957 34959
66886 30893
68698 36183
60995 35713
61628 38034
74207 30207
62965 30725
64206 38162
60790 37305
70389 36981
76299 31210
63551 38791
73576 39419
62825 33679
74158 31831
66220 39059
72836 39970
60062 38694
60995 35717
60062 38680
72308 36413
75865 35148
62165 36559
64772 37629
70072 32401
75865 35158
74158 31844
75940 32783
65741 33836
70415 35475
60062 38681
75339 31721
62641 32262
74871 31442
60995 35696
61709 39088
73054 30744
68098 30100
61620 34149
68698 36113
74158 31867
74957 34956
73621 39188
61628 38026
61948 31192
64060 34384
66596 33498
64206 38174
73781 31908
74158 31853
68098 30102
68098 30162
76046 32983
70072 32363
68098 30151
63551 38851
73075 36873
63524 30079
64612 35049
68112 34342
60970 35589
71476 31864
65741 33799
78626 39665
78372 32767
79126 38275
60062 38688
66596 33488
68698 36170
75865 35159
72599 39421
66886 30902
70529 39247
68112 34322
74000 32173
78372 32724
75835 34101
68698 36199
73781 31811
61914 35083
74285 39182
70072 32371
61948 31232
75835 34106
79511 30072
66238 34968
75865 35129
63524 30055
70072 32391
64026 31583
73621 39185
75940 32742
72599 39487
68086 37467
74050 30972
68112 34332
72308 36346
68715 37886
75374 39158
74000 32241
66886 30927
64026 31491
61195 32372
74050 30992
74000 32294
61160 33136
68086 37466
65741 33797
75865 35133
75835 34114
68698 36114
66886 30891
78372 32738
60820 30675
68698 36102
75835 34115
60995 35697
61628 38058
75835 34092
72599 39410
76299 31188
74207 30231
70415 35416
79511 30068
72257 36790
60995 35687
70635 33135
70639 33960
72836 40016
73054 30715
68098 30164
70415 35456
73576 39457
72939 38216
66886 30924
77385 39796
68098 30107
75835 34194
73781 31799
66886 30876
64206 38215
76299 31249
61709 39122
74285 39228
68112 34344
78008 32333
64616 37919
78372 32720
75835 34099
71511 31503
64206 38209
68112 34302
72599 39402
64026 31578
75835 34146
78372 32733
72939 38191
60995 35682
62825 33676
74694 31643
68098 30121
72836 39932
75940 32771
61948 31241
63355 33790
74000 32169
60062 38675
66596 33464
63551 38786
73054 30719
75865 35130
76046 32954
70644 36172
74207 30197
75835 34092
73054 30722
61301 38059
68098 30157
72599 39361
70415 35479
76871 36117
68098 30176
76299 31268
74000 32181
74380 33135
74000 32272
63114 39858
76299 31273
76046 32975
78372 32699
72939 38160
63524 30080
74957 34963
74285 39283
73621 39229
72836 39954
68112 34302
60062 38660
63049 31339
76046 32961
64060 34313
75940 32824
72308 36336
78372 32718
64026 31505
68698 36196
78372 32740
74158 31847
68698 36086
64616 37959
74050 30990
79511 30071
78371 36779
62823 30912
64616 37958
64772 37618
75835 34126
62965 30726
74748 33940
61709 39112
66596 33514
74146 35576
79511 30117
66596 33506
74158 31828
72836 39966
74956 38563
73230 38256
63524 30075
68098 30110
70072 32383
65864 32923
74207 30214
72836 39961
74050 31001
72836 39972
68698 36177
76046 32971
75716 33409
64026 31506
74000 32216
74380 33134
72599 39435
79641 36556
66886 30908
78371 36766
73781 31882
64616 37922
64026 31560
70072 32361
61948 31209
64772 37634
64060 34378
68698 36084
73054 30722
62823 30911
76046 32945
75716 33410
72939 38176
60062 38642
62678 34872
66238 35016
74380 33113
76299 31181
75835 34162
72939 38166
74285 39197
65923 37658
66238 34993
72599 39407
66238 34977
64060 34302
78372 32699
61709 39135
73576 39474
79511 30107
60995 35703
68098 30098
70415 35442
72308 36347
76299 31162
66095 33454
73621 39186
68698 36200
60995 35750
64206 38160
75716 33429
64060 34385
64206 38164
65804 36236
75940 32791
73054 30721
63432 30110
68698 36156
69941 38356
61948 31188
63551 38810
64883 39565
65191 30499
79641 36558
72599 39392
75835 34140
63551 38812
74285 39171
70072 32394
74380 33126
61628 38031
76046 32989
79641 36624
68098 30095
68098 30156
76299 31224
78372 32698
66238 34995
62825 33666
74050 30970
73576 39507
64616 38036
64616 38053
60360 35327
60995 35719
74158 31850
76299 31246
61628 38070
70002 37788
64206 38165
79511 30089
75865 35125
61628 38010
70601 34567
72308 36383
76046 32925
64616 37964
60547 30857
64616 38016
66238 35010
60062 38655
68098 30095
66238 35008
61628 37997
61628 38007
75835 34107
70072 32359
63114 39857
68086 37469
62825 33658
72308 36358
68698 36124
72836 39934
64616 37916
62961 38112
64026 31548
64616 37950
79511 30080
64616 37947
78560 39755
61816 39665
72091 35598
78372 32715
73781 31795
79511 30093
70072 32391
75716 33398
70072 32374
74380 33149
73935 31175
62307 37206
64206 38208
79641 36599
63524 30076
60062 38629
60062 38637
72939 38178
70415 35426
74158 31878
74380 33125
61230 30127
73621 39230
78371 36750
66238 35015
64616 37935
72257 36781
72939 38170
72836 39922
64616 37926
61628 37993
68161 30315
72939 38207
76299 31227
64206 38216
60995 35699
74000 32270
61948 31183
75716 33407
72599 39384
70072 32353
61709 39108
73576 39468
62678 32393
74000 32301
68112 34351
73075 39429
66238 35001
74050 31025
70072 32392
61628 37990
78372 32697
70415 35452
72939 38211
64616 37990
74158 31854
76046 32977
68973 31613
63551 38819
64060 34344
64060 34310
61948 31218
66858 35874
63551 38787
74207 30213
64616 38042
73781 31875
62825 33665
75835 34179
75716 33401
74957 34978
79511 30092
73781 31836
68698 36135
72939 38162
74158 31846
67696 37480
74957 34956
64845 37686
72836 40018
73576 39448
72257 36760
61628 37994
72599 39443
61628 38068
78372 32699
68098 30104
68698 36098
75716 33405
78371 36767
72599 39362
79641 36552
74762 30269
63524 30082
75716 33402
74158 31848
64060 34272
60995 35762
74050 30974
74000 32169
74000 32189
74285 39299
70415 35415
62825 33659
74050 30995
79641 36562
64206 38206
78371 36774
64616 37929
65741 33820
75940 32822
68698 36105
75835 34098
62535 34038
64616 38041
70415 35416
73781 31794
78372 32710
64772 37663
72939 38199
63551 38849
70325 30343
64772 37621
64616 37922
64616 38014
74957 34969
75940 32780
74000 32201
60062 38668
60062 38659
68698 36151
74285 39217
62825 33683
64026 31492
78372 32760
73054 30752
68698 36163
61709 39106
74050 30991
61709 39152
60995 35763
72308 36323
60062 38693
64772 37702
61603 35691
64206 38186
63551 38796
73781 31891
64616 38010
63551 38846
75940 32764
79641 36601
61628 38039
68621 33564
75940 32836
71173 32353
63440 35405
68112 34319
68112 34333
68112 34324
73621 39219
74285 39175
68098 30169
64206 38230
64206 38196
76692 37091
69882 36754
65741 33815
79641 36555
66238 34986
66596 33449
65741 33809
79511 30071
64060 34305
74285 39226
66596 33451
66886 30941
60062 38691
61269 30186
75835 34105
74158 31862
74000 32211
68698 36142
64060 34316
74207 30183
77139 33509
66886 30892
74050 31036
60995 35683
74285 39174
71062 35881
63524 30078
74380 33134
79641 36604
64026 31581
75835 34163
66238 35010
67507 34394
74000 32176
65741 33833
67991 33686
65162 36320
65741 33873
60995 35740
62825 33672
62823 30938
79511 30086
78371 36755
64772 37667
63474 31684
63492 34575
64772 35692
72939 38219
76299 31176
69325 34669
63551 38804
68098 30122
74000 32195
68112 34346
64616 37937
74158 31870
61380 35257
75716 33422
62828 33209
64772 37617
74957 34970
68698 36185
66135 35418
68715 37887
78371 36759
61709 39103
77876 34881
66238 34985
74285 39186
64026 31524
72882 33323
60995 35749
73054 30736
63355 33791
60995 35745
60995 35802
79375 32328
78372 32747
62641 32261
64060 34282
78372 32759
74380 33151
76046 32938
78372 32776
62823 30917
60995 35718
70491 33927
66238 34971
60995 35707
73621 39211
66886 30909
74207 30182
66596 33484
73239 35626
70969 30543
64060 34279
78371 36770
72257 36754
66596 33464
74957 34957
70415 35440
74050 30996
75865 35157
74000 32221
76299 31174
66886 30888
79126 38273
74050 30983
75649 35112
75835 34176
73621 39217
62823 30914
75374 39158
76680 35910
68846 31618
61628 38048
74957 34999
64026 38646
76240 36753
74285 39185
64060 34269
73621 39217
74050 30974
74000 32202
61948 31193
72257 36783
64026 31586
61628 38005
73576 39433
74000 32211
73054 30713
62825 33687
75835 34172
64772 37679
61709 39114
68698 36120
79641 36570
74000 32203
61948 31212
74158 31884
68621 33587
72599 39395
66226 30997
72915 37424
62825 33649
66397 36445
72308 36331
66238 34978
64060 34314
74957 34976
63551 38809
63551 38807
73781 31863
75835 34091
64616 37975
60995 35694
78371 36764
70072 32376
78372 32693
65260 33005
66886 30870
75835 34144
78937 36790
64772 37684
61709 39140
75835 34127
64772 37622
63524 30061
73062 33968
64772 37623
69039 36385
61709 39103
64772 37613
62823 30924
79641 36598
72836 39929
74207 30181
68964 34676
74207 30215
74000 32292
74000 32253
72836 39957
79641 36552
73621 39236
74285 39229
62823 30928
68698 36127
71658 30469
75835 34113
68922 36863
74508 33220
75716 33388
73621 39182
70434 33560
75835 34095
62678 34875
62825 33677
75865 35139
74957 34995
76299 31205
66886 30891
72836 39968
76046 32997
64026 31538
60004 35887
70415 35422
78371 36753
68698 36126
70434 33564
65741 33872
77677 33526
76072 31305
73781 31861
79641 36557
72599 39388
65741 33814
74285 39186
63551 38841
74050 30974
63551 38823
79511 30073
64772 37625
73020 30619
66434 36055
61628 38035
75835 34125
62825 33682
64471 36118
66238 35027
78371 36763
74158 31845
72939 38221
61184 34031
73621 39189
68698 36088
76046 33002
74285 39207
78372 32720
73621 39220
66886 30864
68765 33702
72599 39396
72836 39951
66596 33448
72308 36329
70415 35418
68112 34309
68098 30107
68112 34315
64060 34369
77677 33530
72599 39406
63551 38808
60995 35755
60995 35704
63474 31684
71389 35445
79641 36561
68698 36125
74285 39254
79511 30098
68698 36143
75940 32784
79711 37488
70376 39722
72599 39462
75835 34107
74285 39173
73576 39461
79641 36562
72599 39472
64772 37708
63551 38802
74207 30220
76299 31187
61709 39151
74207 30231
72599 39372
72599 39426
61628 37988
72836 39959
72257 36759
74050 30973
75716 33387
76046 32937
78372 32701
68112 34329
62823 30944
78372 32701
73576 39418
60995 35690
64616 37960
72599 39409
75716 33434
66857 35141
61948 31210
74957 34994
66596 33526
64026 31545
61383 34699
63114 39852
78037 30382
66596 33507
76299 31202
64026 31523
71062 35882
68112 34306
61628 37989
62825 33680
74000 32212
64026 31503
78037 30380
66596 33476
72939 38168
64060 34315
74158 31857
72939 38158
64026 31527
73781 37440
74957 35003
73054 30727
70415 35431
70677 32273
74380 33113
68098 30122
70415 35409
72836 40010
69475 38524
61628 38106
71363 38004
75835 34169
64206 38188
74285 39193
79511 30120
73054 30745
72599 39398
68098 30131
72599 39419
61709 39089
70415 35432
72939 38197
72257 36810
75835 34117
72308 36343
63551 38786
64060 34277
62823 30947
64616 37932
74158 31866
74000 32175
74957 34979
73662 33688
60995 35746
66596 33477
73781 31805
74508 33219
72599 39386
64026 31500
74050 31011
68112 34311
72599 39369
62823 30940
64060 34269
60995 35785
68698 36125
68804 37111
60995 35781
78372 32709
66238 34969
74158 31858
75835 34148
64206 38213
66886 30890
62823 30910
62823 30930
64206 38203
66886 30899
77264 30398
72836 39968
72939 38160
64060 34309
72468 31155
78605 38150
78530 30541
75835 34141
61281 32117
68112 34350
71934 35903
63114 39854
72257 36769
74499 38988
65862 32019
68098 30105
68698 36099
64772 37623
73383 38822
68112 34355
62147 30869
72836 39923
61628 38014
60995 35701
62825 33659
68597 38120
60995 35730
64206 38170
64060 34280
72836 40023
68098 30100
78372 32694
68698 36114
73576 39428
61709 39133
72836 39927
72836 39945
66596 33496
78738 36488
66238 35018
68399 36319
75940 32763
64664 39083
74000 32269
64026 31566
76805 36665
76871 36114
76046 32952
78371 36766
64060 34265
61948 31220
62070 33297
61709 39099
70415 35413
75865 35134
75940 32741
72599 39399
61709 39139
72599 39385
73576 39429
60995 35714
60062 38646
75716 33428
64060 34300
74050 30975
72257 36777
61709 39111
72257 36757
72308 36321
72308 36335
65741 33849
73054 30734
71126 33815
74000 32177
75716 33436
64206 38181
72599 39450
62825 33654
72257 36775
62828 33210
72308 36404
63551 38815
68098 30136
73054 30726
64543 32028
64764 38976
62641 32259
62965 30724
64616 37927
79511 30079
74380 33106
66238 35005
74842 34741
74000 32192
73576 39427
73781 31787
66466 34401
68621 33550
64772 37635
74000 32290
76046 32933
64930 36378
72939 38218
64206 38167
61948 31211
66596 33468
78426 31098
74000 32203
75940 32748
79511 30095
60995 35726
64060 34287
78328 30211
60995 35722
60062 38676
74207 30203
72696 39493
78371 36754
78372 32701
70072 32361
60826 35296
74000 32170
60995 35709
64772 37639
74285 39208
76299 31169
64616 38003
74158 31841
79977 38616
73576 39471
65741 33826
64772 37637
79641 36602
63524 30072
74050 30994
74207 30208
68698 36110
75716 33432
74285 39271
66596 33458
74050 30982
72308 36342
73781 31904
74950 35293
73054 30741
65191 30495
66596 33492
68112 34303
68112 34308
62165 36557
75835 34109
68086 37468
64772 37641
66596 33468
64060 34301
63551 38806
75835 34183
72836 39931
62828 33214
64616 37924
75940 32760
68621 33549
74050 31029
79641 36611
73576 39462
72599 39364
68098 30098
74158 31847
73054 30728
64060 34267
62825 33651
76046 32931
61628 37985
76299 31203
65741 33816
73054 30722
74050 30978
74285 39211
61709 39118
75197 30082
73576 39431
75835 34150
78372 32726
68112 34311
68698 36175
73054 30733
75835 34087
74158 31864
74957 35008
70415 35417
78372 32721
68698 36201
64060 34271
64206 38190
73227 38731
63551 38792
66886 30873
74158 31881
62825 33664
72599 39422
78426 31095
73621 39232
75716 33395
65770 30865
70415 35435
75835 34088
61920 34853
78506 39326
74158 31871
70415 35440
78372 32730
66596 33491
77030 39838
73781 31858
63524 30103
78372 32697
72257 36754
63551 38838
79511 30102
76046 32952
65287 38113
61709 39095
68098 30167
64616 37966
64206 38196
65770 30867
76299 31191
72599 39498
70415 35429
75940 32805
74380 33112
72625 35018
76299 31283
68026 36842
74285 39177
74285 39301
72836 39944
76299 31194
66596 33447
74207 30211
75835 34102
64026 31532
65741 33818
73576 39500
71476 31861
68098 30117
62825 33685
61030 35849
64616 37941
74207 30204
61628 38019
61628 38112
74158 31876
68098 30116
66238 34981
64616 37957
68112 34313
74000 32196
73621 39182
61709 39125
73841 34586
78372 32741
65741 33803
66406 39423
68621 33567
67488 38500
75835 34191
70415 35442
64206 38192
61628 38011
78371 36753
68098 30119
72308 36370
69121 33112
72308 36339
73935 31173
79511 30085
79641 36580
64060 34269
71658 30468
70415 35444
70415 35463
74000 32245
68698 36092
76299 31169
72308 36403
74380 33125
60995 35750
75835 34170
74000 32187
62823 30947
74050 30967
64060 34265
78372 32715
74285 39287
68698 36136
74285 39189
68098 30171
72939 38174
64206 38172
68780 31966
74000 32244
79511 30072
64060 34338
71447 32879
75835 34108
68112 34360
75835 34104
66596 33487
66596 33563
75940 32789
75716 33393
68698 36129
73576 39516
79511 30100
76046 32981
60062 38632
67511 38898
71604 39623
74000 32274
74000 32172
64206 38222
72836 39955
79641 36579
63452 30009
73054 30737
61628 38040
73020 30613
63524 30071
75835 34097
69653 38992
62823 30935
75808 39943
68621 33573
72939 38206
67261 39974
62823 30916
72836 39928
75835 34090
68621 33548
75716 33389
68098 30170
68161 30577
72939 38161
76669 36147
62481 33929
72257 36778
76046 32966
73621 39228
75374 39164
73576 39423
69344 38328
76046 32957
74207 30182
70415 35439
74000 32234
74285 39198
65162 36323
60995 35772
64060 34337
66238 34965
68026 38442
79641 36557
70595 31805
78372 32740
75835 34135
65458 30068
64026 31482
73054 30736
79641 36567
62823 30938
76046 32921
61628 38032
73781 31798
68698 33120
76046 32924
72836 39972
68698 36195
79511 30101
76046 32991
74158 31835
60062 38628
79641 36588
64772 37646
73054 30741
61948 31201
79641 36558
76046 32955
64772 37676
64008 39998
74957 34955
62823 30933
79511 30090
70072 32355
71117 37820
72836 39989
62823 30918
72836 39996
75940 32835
72599 39368
74000 32206
72257 36774
72599 39427
73781 31816
60995 35794
75698 38180
78371 36755
61628 38042
76299 31185
66596 33548
64060 34318
75835 34105
73781 31789
64772 37618
76299 31216
60062 30941
74000 32305
74946 35542
64026 31527
64772 37618
75716 30110
74207 30197
64060 34327
73576 39421
74285 39277
74050 30968
72939 38190
79511 30086
74000 32180
65741 33871
66886 30903
63524 30066
61018 39266
71062 35878
60230 39952
73781 31797
73139 39443
72599 39395
79511 30130
62678 34871
70415 35467
74380 33117
60995 35774
78706 35665
70072 32360
72599 39479
75907 36087
74050 30980
74158 31836
66339 33632
73020 30611
75835 34149
61628 37991
68621 33565
61709 39109
69882 31768
64060 34275
71389 35443
79511 30113
66886 30871
68698 36095
63524 30091
66238 34975
65741 33821
66596 33458
74957 34991
66596 33552
72836 39933
70677 32276
74000 32240
76299 31174
78372 32752
67261 39976
72257 36760
72599 39403
72599 39495
64264 33337
64060 34273
74050 30966
67047 37167
76299 31226
79530 34960
65271 32598
60995 35728
76725 33174
70072 32377
75835 34133
71859 36117
76299 31170
61628 38003
74000 32223
73576 39436
72939 38192
63727 35795
76931 39563
70415 35439
64060 34305
72599 39364
74380 33144
72599 39390
78372 32696
72599 39373
75716 33430
70415 35434
73621 39223
75835 34093
64206 38198
64307 33966
78429 37700
65366 31418
75835 34164
73576 39506
68112 34310
70433 39300
64616 37928
68698 36133
65314 34817
74158 31864
72836 39937
61628 37989
64264 33335
75865 35164
72836 39971
66596 33564
64616 37931
79511 30094
68098 30126
74050 30961
68698 36094
61620 31025
74380 33132
74207 30193
60995 35692
72599 39385
68098 30113
72308 36407
75835 34180
64616 37926
64764 38969
68698 36082
60995 35699
68098 30187
66596 33453
64616 37932
60874 30811
62823 30917
68112 34303
74957 34982
60995 35734
77290 33918
68698 36101
60062 38648
68098 30141
68098 30106
75835 34096
64060 34291
61709 39096
76046 32988
73935 31174
74050 30963
75904 38641
64060 34278
66238 34965
79511 30080
61628 38113
68698 36102
74285 39257
66135 31240
64060 34288
72257 36760
60062 38660
63524 30087
74957 34953
68698 36169
73781 31791
64026 31510
74380 33117
78297 39894
65155 38147
68112 34331
70072 32372
68698 36093
74380 33111
72308 36340
64026 31533
67261 39969
78372 32712
68060 32942
74380 33107
67350 36039
63524 30089
72809 37841
78372 32696
64060 34303
64026 31546
70415 35426
72257 36768
78372 32705
78371 36752
67682 39273
74285 39244
64772 37624
62825 33655
68112 34339
79977 38615
65444 38689
79511 30071
75535 39668
61709 39093
75520 37854
74285 39214
74207 30195
72836 39943
64026 31525
68698 36122
75865 35127
60995 35686
74285 39290
68098 30137
79656 34195
75716 33420
68098 30096
74000 32182
61709 39120
68698 36182
68098 30097
74207 30189
75535 39667
60062 38644
76680 35912
64090 35364
64206 38166
60995 35721
67991 37786
74285 39215
63376 32310
66886 30895
66238 34967
70415 35445
66474 34051
75835 34087
74946 35541
65191 30497
75835 34112
68698 36104
76692 31481
74050 30965
62449 38332
74957 35000
66596 33532
78626 39660
68399 36319
64616 37949
75808 39937
68098 30112
73621 39193
79511 30099
60995 35757
60590 33393
76299 31238
74285 39221
73781 31793
68098 30137
74957 35001
72939 38157
66596 33550
79511 30075
74000 32201
68698 36086
62825 33673
78372 32775
63440 35409
73576 39483
64772 37674
61628 38049
77876 34886
68698 36087
63551 38794
72240 34690
73621 39238
61709 39090
71062 35886
74285 39195
60062 38651
63524 30069
78371 36754
72599 39467
62070 33301
75808 39942
77933 37136
78371 36751
68098 30152
68621 33546
77305 36915
68698 36125
70415 35439
61948 31180
63524 30089
64026 31496
75865 35147
76299 31220
68780 37810
64616 38032
72599 39489
64772 37657
79641 36581
68548 38073
72091 35596
68698 36128
64060 34292
74207 30184
62823 30942
76299 31176
65741 33853
60995 35803
76299 31187
73808 32141
63524 30067
61628 38041
72257 36785
72836 39930
61948 31222
61038 36016
79641 36590
72091 35600
79641 36554
66596 33498
66238 34993
72599 39486
61786 33899
66238 34969
61709 39139
77275 32749
62823 30926
79511 30127
79176 37855
74158 31829
60062 38635
68098 30125
74158 31835
61709 39113
76299 31260
74000 32195
74050 30982
62702 37170
70113 34377
64060 34332
76705 38747
72308 36381
72308 36400
72939 38188
63524 30056
60062 38699
79641 36587
64772 37642
66886 30878
78372 32737
73781 31812
61628 38111
72939 38156
63355 35141
75243 39339
68098 30103
74000 32227
63524 30058
60062 38677
66596 33472
79977 38615
65191 30496
68098 30116
72308 36321
72939 38171
74000 32221
61948 31189
75339 31723
76046 32927
74000 32168
72308 36350
66886 30925
72257 36797
60995 35759
72836 39942
72599 39362
77643 34326
60995 35808
68098 30120
62814 33637
62825 33653
78057 34111
74050 30962
61948 31193
73576 39499
64772 37634
60062 38641
78372 32707
78372 32704
64616 38039
65731 32679
72308 36398
66596 33537
72836 40003
78371 36769
74946 35543
64026 31490
68098 30154
74207 30237
61628 38050
73054 30717
74285 39302
66886 30887
64060 34361
64664 39084
64026 31508
74158 31829
72939 38167
60062 38695
64206 38166
74050 31041
79511 30103
70415 35447
74158 31856
64060 34293
61948 31190
75835 34119
77275 32747
66886 30902
74380 33142
75716 33394
77325 31630
62823 30945
66596 33460
60188 34718
73621 39202
65741 33855
66238 34996
79641 36603
76299 31180
74000 32208
79641 36584
76046 32974
64845 37687
60995 35767
60062 38659
76046 32940
79511 30094
64026 31535
78372 32723
72599 39413
66886 30930
73781 31789
62823 30910
66596 33513
64060 34306
74207 30229
72282 32479
79511 30097
78426 31094
78372 32746
74605 38545
78372 32723
64664 39086
64616 38018
74957 34959
74207 30192
74050 31033
75716 33417
68098 30112
79641 36569
73781 31829
76046 32922
68855 32730
72836 39927
70415 35422
66662 32301
79511 30116
63551 38788
78718 39843
73781 31852
70072 32400
79189 36509
64060 34345
60062 38638
62345 31951
64772 37659
74957 34983
72257 36757
70072 32352
66886 30869
78088 38015
74158 31850
79511 30084
78372 32763
64060 34375
65829 33056
72599 39380
74050 30979
65122 38418
63551 38785
76046 32928
79641 36565
68098 30097
74000 32188
66957 38693
74285 39172
74158 31828
74207 30218
64122 30352
60062 38664
75865 35142
79832 36395
72302 36720
74158 31837
70735 36325
64616 37938
66941 39771
75865 35143
63524 30116
75794 38032
75835 34103
70415 35421
75835 34100
73960 33763
63524 30113
76299 31162
79641 36560
77911 35797
74000 32213
64616 37927
72308 36428
78372 32709
74000 32256
79711 37493
64026 31576
64616 37950
63524 30080
73621 39200
78372 32744
78037 30381
61628 37985
74158 31848
62825 33691
64026 31597
78372 32755
64772 37627
74957 34962
70072 32380
78372 32768
60062 38640
78371 36761
77677 33528
70072 32354
71161 32809
64616 37992
67986 30391
78372 32716
68698 36097
64060 34358
78371 36760
72308 36332
61948 31213
76680 35917
72599 39473
74158 31860
63524 30075
75716 33410
73781 31787
77677 33531
72177 36137
75835 34112
68561 39802
65741 33821
60062 38704
73781 31818
79641 36572
72257 36784
78057 34115
76046 32945
72939 38198
71989 35154
74000 32239
71413 31825
74000 32176
64772 37668
66390 32682
75184 38546
73260 30823
70644 36173
72599 39379
73576 39477
75940 32837
77061 31334
74207 30209
64060 34266
68698 36092
66596 33547
63090 34577
76299 31231
78372 32703
64772 37667
64772 37666
74508 33217
74050 30967
74957 34960
75940 32742
60995 35731
65741 33802
75865 35128
61948 31185
61948 31240
78372 32704
65741 33806
70415 35411
74158 31852
75865 35169
66238 35023
60995 35705
75940 32776
66238 34988
65741 33858
75835 34187
72308 36418
78371 36751
76299 31180
71161 31707
68621 33549
64060 34360
71604 39624
60062 38644
64026 31523
72599 39400
63524 30068
64772 37644
73772 36088
72599 39425
61581 38707
73576 39470
61628 38023
73781 31809
60293 32398
79641 36563
72599 39383
72939 38203
74000 32249
64060 34372
63727 35795
61948 31182
73097 31696
60062 38686
64616 37923
75835 34143
70415 35477
73054 30730
66596 33479
76046 32976
66238 34981
74158 31829
67261 39972
62823 30934
61709 39098
62147 30873
68621 33560
68112 34336
79438 32971
69941 38359
64206 38194
75320 31209
67507 33894
64772 37683
74285 39212
79481 32159
60995 35758
72939 38177
75865 35126
66596 33503
75698 38184
78371 36756
70415 35455
73781 31862
72939 38160
61628 37988
68698 36107
75940 32745
60062 38646
61628 38062
75865 35160
64772 37610
61628 38077
61918 30076
74050 31020
75716 33388
63921 32644
79511 30094
64772 37648
74050 31034
62767 38489
78426 35153
61628 38108
74158 31880
71389 35452
76299 31241
63524 30057
75716 33408
73781 31900
75835 34132
75940 32813
72599 39440
70072 32349
76046 32980
71989 35157
73576 39452
73621 39188
60995 35723
74285 39196
74285 39202
64206 38195
63524 30090
66596 33545
73147 32851
65741 33833
70415 35424
78426 31094
72599 39403
72939 38223
71682 31167
78371 36757
66886 30858
78372 32718
64616 38029
60062 38645
61096 30572
71726 31046
79511 30072
73576 39425
64772 37701
73781 31790
66596 33561
62965 30730
62825 33653
65864 32928
76046 32962
74050 30964
75940 32747
72343 30064
66596 33535
68698 36141
78372 32721
73621 39235
70434 34550
73781 31795
60995 35720
74285 39219
76299 31172
74000 32192
75865 35138
69941 38357
64026 31501
73621 39216
72308 36364
67047 38865
66886 30865
70029 32417
73235 34343
75716 33394
66596 33447
68098 30134
74207 30187
72939 38216
64060 34341
75698 38182
72836 39936
60995 35786
72599 39371
74000 32183
62630 30643
66220 38168
65741 33823
60995 35798
64206 38232
68751 30138
72836 40015
66886 30901
73054 30743
74207 30247
64772 37680
68621 33556
68098 30110
68621 33545
75339 31726
75716 33433
74158 31850
60995 35683
70072 32356
75940 32804
73576 39433
73576 39480
64438 31605
62070 33298
62345 31951
71682 31169
72257 36766
76299 31234
72599 39417
66596 33451
74000 32190
75940 32744
66857 35144
64616 37919
68098 30113
64616 37946
68098 30116
68098 30146
74380 33127
62825 33664
64764 38970
71389 35450
74158 31855
62825 33662
72308 36333
72836 39948
72257 36759
68455 36666
60995 35704
65741 33856
63551 38788
66596 33454
64616 37925
74380 33141
76299 31232
75535 39672
73097 37293
61816 39667
74000 32200
74380 33145
72939 38187
66596 33513
65852 35034
74207 30214
68098 30103
66886 30880
62825 33692
68112 34332
70529 39168
75940 32764
74000 32171
66596 33494
71062 35883
73858 32639
75669 33175
72599 39459
64772 37660
62823 30921
78372 32726
73576 39476
68715 37883
64206 38178
74000 32190
62814 31204
73781 31837
78198 37991
60995 35811
75926 33362
74000 32248
76299 31201
66596 33460
74957 34951
74000 32170
65741 33867
66238 34972
73576 39510
61628 38061
76516 31466
75716 33407
73781 31867
72308 36377
73054 30725
64772 37686
63551 38791
68698 36107
61709 39102
65162 36321
64772 37614
62823 30918
75865 35143
76046 32970
63551 38797
66596 33534
64893 32204
64772 37653
75716 33426
70072 32358
64616 37947
70415 35472
64616 37923
75940 32793
70415 35409
74285 39179
64772 37616
74050 31038
75716 33403
78037 30384
68112 34307
74050 31023
76299 31242
78372 32731
61038 36018
60257 36772
63524 30057
74158 31875
60062 38661
79641 36570
68098 30103
74158 31837
68112 34303
68098 30106
66886 30867
60062 38655
76299 31197
65741 33824
64026 31514
79511 30078
64206 38175
73621 39196
68621 33571
61628 37999
60995 35760
61662 35396
74285 39281
78371 36773
68098 30114
78372 32706
60995 35723
74285 39207
73576 39497
66238 34980
72308 36326
61628 38093
64772 37689
78371 36753
70415 35435
68698 36098
75716 33422
68112 34314
68621 33578
72308 36356
66238 34973
62825 33656
64206 38200
62534 31799
79641 36559
68002 37549
70072 32372
75865 35124
67488 38501
75865 35172
65741 33820
70969 33144
74285 39180
74050 31027
78153 35778
64060 34293
64772 37664
61628 38115
72939 38165
74000 32226
72257 36764
64026 31488
74207 30228
66596 33459
68098 30099
64616 37917
64026 31582
75865 35130
64206 38165
68112 34312
68162 34112
72257 36809
74285 39216
62165 36560
66297 37655
74000 32213
66886 30870
78372 32701
74285 39171
75940 32749
70403 36391
73621 39239
66397 33573
75808 39936
75960 38639
78718 39849
71771 34996
74285 39203
72939 38205
66596 33471
72599 39379
68698 36119
76046 32922
76299 31267
72640 33245
76046 32936
74380 33136
60228 36834
66238 35002
79952 34413
73229 30272
62825 33681
63037 37815
74050 31006
72599 39416
73781 31808
73576 39422
73054 30734
64764 38972
79511 30079
74957 34952
63551 38805
72939 38160
74380 33107
60995 35726
67117 38670
66886 30866
63551 38814
78037 30380
70072 32383
74207 30222
72599 39447
66596 33500
60995 35805
72308 36341
63551 38811
76299 31177
64122 30348
73449 36700
75835 34089
66238 34967
75940 32801
60062 38662
69600 30012
70415 35446
62823 30921
65578 32834
68098 30114
74380 33130
75865 35129
62825 33662
68621 33570
72836 40008
74285 39183
64772 37658
64060 34278
74957 34955
61709 39121
70072 32370
72836 39963
74285 39194
61581 39225
74050 30991
74158 31872
66238 34979
66021 33863
72257 36767
61628 38003
65741 33827
78372 32693
66596 33462
72599 39375
68698 36095
72939 38156
68698 36142
73781 31859
73576 39456
78372 32695
61269 30184
66238 35008
77677 33529
60039 30296
76576 36445
74837 39677
78668 35577
74285 37678
72308 36372
60995 35791
66886 30881
72599 39474
61831 31057
60142 30035
76871 36110
74000 32198
75940 32757
76299 31275
68621 33563
72599 39461
66536 39101
62825 33649
70415 35430
64772 37645
64026 31509
65514 39982
75940 32784
72836 39928
64026 31483
68698 36088
79641 36567
72939 38217
74634 38273
72308 36328
74380 33115
76371 35046
60995 35728
78937 36785
66596 33457
74380 33113
68964 34680
78057 34114
60995 35706
75940 32745
72939 38193
61709 39099
74158 31851
75865 35149
64206 38168
64772 37651
64616 37919
72939 38169
64616 37944
75716 33418
63114 39855
64026 31482
61709 39118
64060 34340
73576 39451
66025 37483
68597 38122
77275 32747
63524 30097
79511 30143
64772 37621
70072 32369
76046 32985
64764 38973
68112 34308
66474 34049
66596 33462
78371 36758
61948 31204
60995 35704
72257 36787
75835 34089
75716 33419
63524 30071
68698 36145
63524 30055
75835 34110
64206 38164
77592 31999
61628 38020
61628 38000
75520 34411
66390 32685
74499 37250
72257 36758
71062 35879
72257 36765
64206 38166
74000 32194
73054 30741
65741 33807
74285 39193
74957 34973
69331 32108
78011 38401
72308 36380
62825 33652
66397 36443
72308 36325
68098 30115
74207 30224
76261 32614
73054 30711
78372 32714
70072 32373
74000 32174
73719 31641
64616 38009
61281 32113
66886 30896
72257 36770
78372 32756
66238 34977
64026 31504
76299 31206
64060 34381
71090 30852
73781 31905
73781 31806
72939 38212
62825 33655
73621 39232
61709 39110
62825 33666
72308 36341
78372 32707
70302 35741
74957 34961
70415 35410
61948 31235
64206 38199
74285 39224
72939 38214
73576 39442
74158 31849
64060 34364
62823 30924
62823 30915
68973 31614
60995 35721
72836 39937
65741 33812
73781 31791
75940 32817
75835 34132
73781 31898
75727 35960
72836 39976
66886 30895
60062 38637
68112 34315
68621 33572
68701 30563
64206 38200
68112 34307
76046 32933
61948 31198
66596 33522
74000 32203
72257 36769
62979 34501
75374 39159
63524 30083
76299 31222
78372 32727
68098 30111
75193 30273
62825 33667
74000 32288
62825 33653
72939 38159
65741 33807
74207 30238
60062 38658
72599 39418
72308 36368
72308 36332
65880 30902
74158 31863
62678 34874
72836 39967
73576 39465
72308 36424
62555 37516
78372 32696
76725 34018
76299 31211
72308 36328
62431 37409
72836 39960
62338 32860
64772 37677
64772 37669
72939 38175
73020 33122
79511 30109
73054 30735
72669 34219
76299 31265
72599 39361
74380 33126
64772 37656
68098 30179
65741 33857
61617 33572
64845 37685
78371 36772
78668 35580
78372 32694
70415 35415
74158 31828
72599 39456
60062 38691
64026 31496
68112 34335
78328 35508
64772 37677
64060 34346
67170 33561
75068 32567
60257 36774
73576 39479
61465 33804
65864 32924
68698 36114
68098 30177
62825 33682
74285 39289
74285 39176
66596 33490
66238 35020
73054 30747
74000 32199
61168 38519
71646 33410
70072 32365
66596 33510
68701 30566
71476 31862
66886 30858
75865 35132
79641 36562
74207 30230
60062 38679
75940 32743
65741 33803
68098 30133
60995 35700
73054 30712
74957 34971
66596 33461
73781 31879
72939 38195
68112 34354
64026 31608
73576 39464
72836 39926
76516 31468
62800 34850
63524 30056
72836 39939
63551 38787
74000 32189
66238 34969
78371 36772
68698 36179
74000 32220
73576 39466
78937 36786
74285 39204
79641 36563
72257 36807
72836 39992
79511 30097
76299 31201
64311 39557
72599 39365
77273 31479
62825 33656
68098 30109
63524 30068
75865 35132
75716 33396
74207 30225
65741 33815
74050 31001
73404 31366
64772 37665
73054 30729
79641 36565
70386 33123
64772 37628
79511 30087
64026 31489
74285 39204
74158 31875
64060 34383
75940 32788
73054 30732
60833 38853
76871 36113
66474 34052
75425 30128
72836 40006
64772 37647
74207 30209
61948 31185
64772 37676
72939 38178
70415 35421
74050 30973
72599 39390
76046 32934
73054 30726
73576 39472
74158 31845
68597 38126
76299 31274
74957 35002
64026 31551
66596 33489
64026 31598
79641 36568
64772 37624
66596 33470
71002 30463
68112 34356
73576 39432
78372 32762
61709 39122
60995 35716
73781 31895
79438 38510
64060 34294
68112 34334
61948 31215
73781 31804
61709 39110
70635 33139
60995 35685
79641 36552
70415 35433
64616 38056
68098 30183
60995 35720
72599 39363
65741 33827
64772 37678
71389 35444
73781 31893
74158 31840
70415 35431
61620 31029
73781 31807
74380 33159
76046 32942
62823 30936
76299 31223
72836 40017
75940 32741
79189 38786
73412 32148
74380 33108
74207 30210
68698 36120
78372 32720
74380 33116
75835 34184
74285 39181
75940 32743
75940 32832
73621 39208
73404 34998
79511 30093
70984 30253
64206 38185
65741 33859
72939 38185
72257 36772
68698 36205
66596 33485
63524 30111
72836 40019
76299 31174
60062 38670
72599 39408
64060 34335
61628 38006
65532 31655
73054 30755
72599 39410
74285 39184
72257 36771
75701 37160
76871 36112
74207 30193
66390 32682
63362 38697
78371 36753
79511 30088
66886 30885
68098 30127
74000 32191
65880 30899
74957 34954
72599 39496
74380 33143
64616 37936
74285 39206
61709 39115
60062 38653
72836 39955
64026 31498
62070 33295
63551 38787
68098 30128
73781 31810
64206 38181
72599 39375
73781 31798
78668 35577
64772 37626
77677 33534
79250 37422
71604 39626
79189 36508
78371 36758
60822 31059
61628 38007
72257 36792
77936 33101
64616 37978
72599 39394
73621 39191
64026 31529
74285 39183
64026 31518
66596 33499
62825 33661
72257 36800
73147 32854
64026 31511
69022 38340
72939 38203
66238 34987
61628 38017
78372 32733
76046 32928
64764 38969
70415 35469
68621 33576
62825 33651
64026 31591
66886 30879
62823 30913
73576 39484
60142 30041
74000 32252
78371 36765
63551 38857
73576 39453
74380 33122
64206 38195
68098 30138
77273 30692
72836 39925
61948 31179
66857 35140
78626 39657
71173 32359
71005 33679
60995 35712
74158 31888
64026 31570
74380 33128
73621 39221
64206 38169
63524 30083
74158 31855
73781 31786
72939 38162
74207 30217
61709 39135
62825 33685
74000 32208
72836 39940
74285 39199
73576 39492
73576 39446
72257 36801
68098 30106
76299 31264
61885 35354
79511 30135
79511 30087
75184 39418
78668 35578
62641 32257
60062 38655
64616 37916
73576 39501
66119 35067
65741 33802
61628 38080
60995 35778
62823 30916
76299 31186
73781 31787
72882 33323
70595 31803
66390 32683
76046 32922
65741 33832
61709 39107
66996 37652
62825 33675
66886 30938
79511 30112
66886 30874
75808 39939
70072 32374
68701 30569
64026 31491
61948 31179
66596 33505
74380 33120
72257 36765
70072 32390
64026 31507
73621 39228
68698 36140
62147 30872
76299 31172
63656 32871
79511 30083
72599 39453
77876 34884
74000 32286
64026 31575
65923 31523
73621 39237
79641 36586
72939 38171
65741 33825
60995 35748
66886 30893
74050 31031
72836 39966
74050 30960
62823 30939
74000 32283
75940 32758
65741 33808
61184 32793
76263 37848
66238 34973
72836 39956
62825 33665
73621 39190
74380 33109
70415 35411
76046 32944
79167 32631
74050 30964
65741 33841
74380 33154
63551 38787
60062 38694
72939 38204
73781 31802
64026 31561
75812 30004
73781 31865
69226 37382
74000 32198
74957 34989
73781 31892
66879 38754
73621 39198
74380 33118
74285 39200
78011 36054
63524 30061
60062 38671
78198 35478
64616 33987
70072 32363
64060 34280
70744 37484
75835 34192
72836 39931
62794 38593
68621 33547
72257 36756
73781 31850
71126 38509
64772 37642
74871 31732
66596 33504
64616 37989
66596 33538
63524 30074
72939 38191
76299 31168
63551 38795
73054 30720
64772 37610
64026 31606
74000 32302
68621 33550
61320 35945
64206 38184
68846 31619
64206 38172
68112 34339
66596 33533
62823 30912
74285 39217
75835 34092
64026 31543
63524 30095
68698 36085
68698 36131
64772 37665
64277 31495
76299 31245
60995 35779
70415 35411
75835 34117
74000 32186
65440 31750
61269 30191
64616 38002
73576 39484
63551 38803
68621 33557
72599 39381
64026 31499
65864 32929
75865 35131
75716 33388
73781 31804
68112 34327
64060 34333
68098 30175
78371 36752
76299 31237
74285 39194
77677 33533
72599 39361
72836 39935
68245 35722
72257 36798
72939 38205
65880 30897
75374 39163
68698 36110
74957 34960
79641 36582
71582 31636
72836 39963
66886 30872
79511 30070
79511 30105
66596 33455
72836 39922
61948 31206
74207 30194
74285 39207
72257 36762
74285 39200
79641 36561
68621 33552
65244 35074
74285 39293
74380 33147
72939 38217
79511 30147
67488 38499
74050 31016
61709 39101
66886 30873
66596 33471
74285 39262
69941 38355
78371 36756
71062 35884
68020 31914
60062 38648
76299 31193
74380 33110
78626 39662
75716 33402
64772 37626
65741 33829
64616 38011
70072 32368
61281 32111
75808 39944
73576 39493
64616 37917
73576 39508
68698 36141
70072 32364
72599 39365
72113 34917
74285 39266
62825 33671
78371 36770
64060 34308
66238 34979
72091 35595
60755 30777
73576 39461
60062 38697
76046 32939
75865 35127
72599 39396
70688 34770
70072 32380
78057 34113
64060 34349
75835 34122
70072 32353
66238 34984
64206 38170
62823 30922
72599 39377
70302 37589
64026 31603
70415 35443
75940 32760
74158 31843
76299 31169
70434 33562
65741 33826
75940 32777
75835 34136
74380 33114
74285 39230
66480 31130
66596 33505
78718 39841
73662 33689
68698 36134
66596 33473
60995 35708
64206 38233
70072 32363
61281 32115
79511 30114
74342 39489
75716 33387
67655 38991
60062 38651
60062 38672
61948 31200
75716 33430
71854 38600
63551 38837
66886 30860
63440 35410
60062 38696
60995 35764
66886 30860
60062 38647
61644 33455
64616 37983
64772 37631
76193 35190
74158 31873
65741 33811
72836 39924
64026 31536
73781 31849
60151 30726
79641 36584
75865 35148
64772 37636
72308 36350
79511 30098
62823 30940
69331 36323
62825 33681
74386 38815
64616 38057
60995 35777
78718 39845
65741 33801
72599 39393
75940 32828
60995 35739
74285 39264
68098 30130
64206 38187
75835 34185
68112 34304
63524 30085
72836 39960
68964 34675
66596 33476
72599 39378
76299 31168
74000 32209
75835 34119
61628 38016
74207 30223
73054 30751
61948 31203
68621 33570
64772 37649
68112 34317
61628 37994
75835 34116
61709 39091
72308 36348
73576 39419
75940 32748
72939 38184
70130 37862
66886 30917
74285 39210
64206 38180
61628 38109
60995 35706
72939 38197
64026 31507
64772 37655
60062 38663
63114 39856
63524 30102
66886 30862
74207 30221
68164 34845
63474 34153
75835 34195
61709 39104
61709 39107
64664 39085
72599 39481
78371 36770
64026 31554
64616 37930
68698 36111
60995 35780
70072 32382
66596 33447
74957 35004
64026 31601
75940 32768
68098 30178
62589 35473
74285 39282
79977 38623
74285 39232
74000 32177
74207 30248
60062 38708
66401 36115
61628 38047
72696 39494
72308 36391
68112 34361
64122 30353
61948 31180
72939 38196
75716 33408
66596 33502
73781 31857
74050 30962
64060 34354
75774 33584
70415 35468
64026 31589
65741 33805
79511 30099
61628 38001
74207 30206
61628 38101
72599 39469
62823 30943
66238 34970
74079 31205
75835 34126
68336 38862
65880 30895
75374 39161
72664 35894
74285 39174
64772 37669
74158 31882
76046 32951
70434 33559
79119 39029
73576 39465
61709 39117
64616 37976
72939 38180
74000 32176
68621 33565
62825 33664
70072 32359
60062 38672
70072 32351
75940 32755
61948 31217
72836 39936
74158 31862
75835 34114
64616 37934
66596 33449
72599 39468
74699 36962
66886 30919
61948 31202
64060 34324
74050 30981
78008 32340
67709 35242
76680 35910
64616 37993
70969 30545
74000 32205
67532 38821
64026 31555
64616 37940
78057 34111
64060 34334
72599 39475
74380 33160
64206 38163
68112 34332
68098 30129
71604 39627
79711 37489
72939 38168
73621 39184
75716 33425
74000 32202
77876 32664
62825 33654
65122 36412
66596 33516
79641 36575
62825 33650
75865 35163
74748 33940
70072 32388
66238 34976
68621 33558
62823 30950
65741 33822
68621 33579
61628 38056
78372 32697
63551 38817
78371 36759
60062 38684
64060 34310
62825 33683
68698 36086
73781 31856
66886 30940
71771 37391
63524 30062
72836 39986
61709 39104
63524 30069
74050 30964
76299 31252
74285 39188
74380 33136
79816 34249
62825 33652
74957 34955
78668 35579
75940 32759
73781 31788
74285 39259
63474 31687
75716 33411
74207 30205
72836 40009
72939 38164
64772 37664
73621 39183
62825 33672
74000 32190
74000 32219
75865 35123
63551 38795
64616 37918
74748 33943
68098 30135
76046 32958
66886 30898
73787 35187
68112 34322
72308 36327
66238 34989
72308 36342
63551 38859
64616 38004
78078 33753
78371 36750
72091 35602
64616 37917
70415 35421
72939 38172
78372 32731
62825 33655
61038 36016
64026 31580
60995 35712
78372 32753
74000 32178
68698 36106
76485 38741
66886 30858
64772 37643
75940 32772
72257 36814
62825 33678
73576 39427
76299 31240
79511 30069
64616 37920
68098 30150
76046 32947
76046 32990
68098 30113
74050 31015
61709 39119
74285 39284
60995 35684
63551 38802
65741 33804
72939 38201
68715 37885
75716 33403
64616 37918
70072 32397
74050 30979
60062 38667
61628 37997
73781 31873
72257 36757
74285 39223
64772 37613
64060 34319
64026 31516
61628 38034
74000 32193
63524 30065
60062 38698
75940 32743
76516 38505
64060 34298
62825 33657
72257 36815
73621 39214
68098 30155
73227 38732
60062 38647
66596 33485
66238 35001
74409 39652
68698 36106
74050 31002
61230 31607
64206 38182
66596 33475
79511 30075
68698 36127
72939 38169
78792 34075
62828 33209
68098 30099
64772 37638
61948 31191
68168 34380
73621 39230
73054 30728
64616 38013
65741 33796
72599 39363
60062 38705
60995 35773
64772 37662
75865 35136
73621 39201
68698 36143
62823 30919
70782 34875
63551 38785
62828 33213
73781 31853
64060 34308
74207 30241
60995 35694
79481 32162
68098 30097
75835 34147
79481 32159
74544 33040
61709 39091
72901 32974
63551 38792
75701 37161
64764 38975
74380 33105
64772 37673
75904 38640
72836 39948
75835 34145
73781 31845
64060 34269
73662 33690
63551 38835
74158 31832
70677 32277
64206 38210
66596 33512
75865 35137
78372 32725
74957 34953
78506 39326
79511 30069
75716 33393
79511 30072
74285 39195
70415 35442
74285 39186
78601 30198
69941 38360
68548 38072
68698 36121
70415 35419
76299 31172
64772 37641
63282 36569
72836 39953
66596 33511
64206 38191
68112 34305
68701 30565
66886 30906
76046 32924
63551 38852
75716 33431
64772 37615
78371 36771
75940 32756
76299 31247
68698 36102
61628 38094
75835 34103
74285 39256
73054 30711
64060 34265
66886 30877
78372 32736
68098 30098
63551 38813
67947 39196
66238 35014
74050 30977
76940 31018
75835 34168
61160 35783
71658 30471
63524 30067
74000 32215
78372 32750
75940 32790
63440 35407
71658 30470
64206 38202
73576 39509
64206 38165
67488 38504
79530 31265
79017 34157
68715 37889
71231 33682
64206 38203
74207 30188
68112 34329
78372 32739
61230 31608
64026 31529
72257 36761
64401 33450
66941 39771
75940 32785
75161 35902
73576 39425
71173 32355
60062 38636
65307 32598
74000 32228
61709 39097
78530 33613
72939 38167
74285 39229
75940 32770
74000 32261
72836 39956
64026 31489
69967 34980
74946 35544
66886 30861
73576 39418
74207 30194
73576 39494
62308 34390
68698 36147
71791 33769
76299 31282
61628 38012
64206 38220
60062 38667
72308 36326
68621 33556
78372 32700
72836 40024
64772 37646
68698 36100
70072 32376
75835 34131
73781 31901
73781 31872
75835 34111
75835 34144
72257 36763
72939 38159
75716 33437
62431 38671
73054 30733
60062 38682
66596 33465
70825 30099
79641 36564
70415 35417
75716 33399
70072 32385
72599 39430
78372 32772
72599 39436
73621 39219
72599 39373
68715 37890
68698 36198
60995 35729
64206 38189
63042 39782
74158 31854
64026 31495
64772 37648
74285 39214
74285 39174
72389 39891
66238 34968
74158 31873
78372 32740
63524 30092
75835 34101
70415 35441
66238 34978
61375 39804
61628 38006
72257 36761
73576 39460
70644 36171
64616 38045
60142 30039
74000 32180
61709 39144
66886 30896
60995 35696
63551 38804
73781 31813
74207 30219
64206 38188
75865 35124
63551 38789
64060 34331
66238 35015
73416 36727
79641 36622
78371 36765
75940 32826
72836 39959
60995 35683
68698 36091
70415 35462
60995 35742
66886 30894
75717 34657
75835 34121
60062 38640
64772 37651
65471 34946
66596 33472
76299 31261
73054 30736
63524 30055
66886 30878
68621 33562
70072 32354
72939 38177
70415 35420
76299 31189
70415 35413
60062 38633
76299 31176
70439 32190
75716 33421
68698 36184
68795 34608
68112 34347
68098 30182
75940 32758
70639 33953
74050 30977
68698 36178
72939 38189
76046 32930
68112 34302
79511 30070
68399 36322
66238 34965
76299 31197
75716 33392
60527 37876
62825 33671
61192 36435
74000 32276
65849 31652
61628 38082
64206 38169
75835 34127
78371 36757
75716 33414
68104 36257
74207 30208
70415 35433
78372 32693
72599 39387
75535 39673
74000 32170
72836 39935
74158 31868
68908 36667
73791 30187
64616 37943
61948 31239
74285 39218
63551 38789
62825 33670
64060 34274
60995 35713
66596 33453
78372 32693
68098 30098
64772 37612
63524 30108
65540 31007
65741 33800
68698 36153
74957 34987
72257 36758
74380 33139
62823 30921
74050 30989
72230 34468
64616 38046
66712 38217
70677 32274
61628 38016
65741 33808
72257 36771
73781 31903
64616 37974
75835 34130
73054 30727
66596 33515
65741 33829
75940 32796
68098 30111
74957 34989
65741 33846
60995 35723
77385 39795
73867 38040
75693 34077
63355 33792
64026 31521
78372 32742
61948 31194
68112 35154
61620 31031
65741 33830
63355 33793
70639 33955
69318 30434
65741 33829
70325 34704
74207 30227
75865 35123
72939 38184
75193 33914
74380 33143
64060 34352
68698 36118
72939 38171
66730 32335
61628 38038
74050 30993
72308 36386
61948 31187
68098 30096
66596 33556
72257 36776
68698 36100
61709 39117
61628 38015
62825 33669
63524 30092
74285 39230
76299 31276
76046 32946
74957 34977
61816 39669
63551 38822
73621 39237
74285 39225
66886 30914
70072 32395
64772 37623
61635 33494
70513 32423
74285 39211
72599 39381
75374 39160
74000 32258
67545 33158
69305 37117
76299 31199
72308 36355
75835 34143
75940 32816
74050 30994
68865 33773
68098 30114
70415 35473
73621 39210
61628 38021
72599 39420
76459 32690
64060 34290
64026 31512
64772 37636
74050 30993
63524 30065
74158 31842
61628 38052
61948 31225
78622 38138
72939 38202
74285 39232
64616 37969
74957 34985
68098 30102
68112 34333
76299 31221
72257 36813
68112 34320
63551 38810
74158 31869
64026 31484
62823 30923
64026 31522
78371 36773
74050 30962
75716 33395
66596 33501
61948 31186
66886 30860
66238 34967
60062 38669
68112 34324
68311 37082
60995 35806
63551 38803
61709 39123
70072 32356
73576 39447
66238 35011
72599 39470
72939 38222
73576 39483
66886 30899
64026 31547
70644 36175
64616 37995
75716 33427
68086 37466
74158 31828
60257 36773
61209 33875
60062 38652
66886 30937
76299 31284
69884 32059
65741 33822
60062 38673
63524 30062
72308 36362
64060 34268
72599 39423
73859 31614
63551 38827
70415 35415
66070 34481
73147 32528
68698 36099
73576 39422
74207 30183
75865 35152
61628 38103
74050 30999
73576 39429
64026 31592
64616 37985
68698 36119
60995 35701
72308 36351
64616 38040
64060 34336
66238 34994
75940 32778
64026 31546
66886 30899
64026 31506
75835 34087
70072 32366
79056 31999
63551 38786
64206 38160
73576 39427
61628 38078
75716 33440
72939 38204
73020 30610
75865 35168
62070 33296
62481 33923
62070 33294
78372 32695
75374 39165
72599 39448
61628 37994
79641 36570
74285 39179
74285 39176
74158 31844
66238 34991
72836 39981
73621 39202
62823 30941
74158 31835
68132 33452
75716 33398
68112 34331
75835 34159
61628 38072
60428 37602
79511 30067
69941 38361
64206 38199
70639 33959
75865 35161
74050 30963
72599 39444
64616 37972
64060 34276
64060 34373
76046 32986
60995 35795
64206 38163
68112 34319
64772 37610
72599 39376
68112 34349
61948 31234
73781 31819
75865 35147
79059 30930
61628 38045
72836 39993
70415 35441
72308 36349
66596 33539
60062 38627
79511 30104
77471 33792
75835 34111
74957 35014
60949 31963
76299 31183
78372 32738
75865 35145
62825 33682
61628 38002
79189 36505
62678 34877
64616 38035
72599 39406
64616 37928
68698 36157
64060 34285
72599 39368
72308 36423
64772 37703
64616 37929
79511 30078
74380 33155
74000 32194
64772 37641
64206 38168
74380 33129
73576 39450
65741 33822
73621 39229
64026 31512
72939 38180
75940 32814
63440 35405
69121 33522
68698 36189
74957 34967
73781 31800
61628 37992
76299 31190
60142 30036
73781 31902
64026 31517
74000 32200
66886 30871
71073 33685
71062 35887
71923 35779
78372 32719
70415 35429
68621 33577
62825 33652
73781 31871
76509 39003
75865 35136
75339 31724
62825 33688
74380 33153
65880 30895
72939 38182
65741 33870
64206 38229
74158 31877
73781 31815
64026 31509
60995 35710
76134 34847
72308 36390
62534 32478
64616 37929
73781 31860
62070 33294
68701 30564
60995 35710
70015 32191
78372 32703
63551 38800
72836 39940
75043 35168
75940 32762
68399 36320
73054 30747
74050 30996
75835 34091
73054 30756
73121 32411
64206 38211
61709 39150
72836 40002
78626 39658
70415 35427
74285 39177
74957 35015
72599 39372
68098 30120
78361 37061
74285 39298
64264 33338
75716 33404
65741 33868
68597 38121
69499 36520
71173 32358
60995 35708
73054 30724
60062 38630
74957 34952
64206 38174
76885 35780
68698 36096
66596 33540
72599 39367
73054 30711
70415 35445
69941 38354
74957 34988
73781 31789
71363 38549
68621 33547
70072 32351
73846 34336
64616 38049
78626 39659
75835 34140
64772 37670
68098 30127
76299 31163
78372 32770
61628 37987
75940 32746
60062 38629
74285 39175
74207 30188
75835 34094
72836 39933
70415 35422
70415 35420
68098 30107
70415 35465
66238 35007
62823 30914
61628 38018
64060 34351
65741 33796
60062 38649
75835 34100
68698 36155
68621 33575
70736 33058
79656 31094
78371 36756
75835 34131
61628 38017
68698 36161
64026 31594
68698 36091
66886 30891
63524 30085
66238 35009
73576 39467
72257 36784
74508 33217
66596 33490
75835 34097
61179 34319
73621 39204
64616 38005
79511 30079
72235 34000
66996 30635
64026 31513
64772 37614
70813 34285
71476 31866
71226 35334
66596 33484
63551 38860
72599 39383
62828 33211
74380 33124
74957 34990
74950 35290
73020 30617
72449 30526
72412 31011
73227 38729
60062 38642
66886 30898
63828 34182
68098 30111
63432 30111
68098 30108
72836 39944
74158 31833
74207 30182
73054 30731
64772 37613
72836 39954
74207 30220
66886 30875
60257 36769
73576 39481
64772 37628
70969 30542
68621 33555
70072 32362
69942 35044
64060 34328
65741 33818
60995 35686
65615 34281
70072 32352
78372 32773
74050 30990
61948 31209
75940 32830
75835 34087
74481 30797
76299 31184
64206 38176
66238 34982
76299 31259
68086 37471
64060 34355
60995 35696
70415 35433
72836 39926
74158 31828
64616 38020
78372 32703
79641 36607
74207 30190
76516 31467
65741 33827
73781 31809
79511 30109
75835 34142
68698 36096
63488 36295
63551 38801
74000 32267
60790 37300
61709 39119
63474 31686
68621 33567
63551 38793
65162 36317
71104 30389
75940 32800
79511 30103
73054 30711
70415 35417
64060 34267
73621 39191
74000 32271
68112 34318
61948 31198
70969 30542
72599 39370
73621 39226
74380 33158
72308 36344
76918 31678
74000 32175
63524 30070
74957 34970
69722 35860
61948 31192
74050 30964
74380 33133
68698 36084
64764 38971
68112 34306
66238 35004
62823 30913
75716 33397
65741 33863
79641 36595
60995 35703
62825 33649
66886 30861
63114 39859
74380 33107
72939 38215
74000 32182
66886 30858
72308 36415
64616 37956
72599 39414
63037 33184
63510 39541
78372 32748
70688 31626
74158 31860
65880 30904
68098 30131
68098 30158
74285 39242
74000 32297
74079 31199
64060 34282
73621 39188
72257 36791
63551 38799
75940 32773
65741 33830
74207 30183
72599 39434
79126 38276
61628 38000
64206 38176
61948 31188
74050 30971
75835 34137
60995 35744
73621 39241
73147 32852
72257 36795
75865 35126
74957 35005
64167 33603
66566 31965
74389 30653
64616 37932
74207 30198
74207 30180
66596 33491
79511 30102
74050 30986
64060 34304
66596 33461
74762 32222
62070 33299
64772 37631
68112 34304
71173 32352
73227 38730
66596 33557
76046 32956
74000 32217
65540 31006
75940 32770
64206 38163
61628 38023
72599 39362
68698 36129
78601 34543
74957 35006
67218 34177
61628 38022
67488 38505
75865 35140
66596 33465
65741 33807
72599 39404
74207 30200
75865 35170
62823 30932
78372 32698
71989 35160
60995 35722
73576 39422
72836 39934
64060 34350
61948 31237
68110 37118
68112 34314
74158 31836
72901 30707
79511 30069
64060 34312
79511 30142
72240 32610
74285 39219
64616 37956
72692 34981
66596 33456
68698 36135
79511 30086
68644 33983
68098 30100
66238 34996
64772 37682
72836 39936
63551 38801
75835 34099
66596 33554
61628 37986
78372 32774
74957 35012
66596 33474
73054 30735
75940 32834
62847 35783
68707 37958
72308 36330
76886 33854
64428 33205
74000 32229
72599 39404
74285 39180
66238 34969
61709 39118
76299 31254
79511 30108
64026 31500
73054 30716
61628 38042
73781 31855
61709 39127
64616 38007
65307 33913
74957 34985
75835 34153
63551 38786
70386 36925
60062 38650
76046 32935
72836 39927
79198 30568
70072 32368
74050 30976
68098 30118
66886 30883
76046 32941
66238 35020
60995 35697
63551 38792
73621 39222
72599 39369
79034 33268
64026 31587
70415 35410
75940 32799
61634 30040
75835 34130
60995 35753
68698 36082
68698 36083
67261 39973
78372 32713
75698 38188
74050 31012
78372 32706
75660 35010
74285 39278
75835 34114
78372 32758
74207 30229
60062 38665
73621 39225
73671 36753
75865 35140
75940 32776
63524 30084
66596 33509
60995 35695
71173 32357
75940 32754
64616 37986
76193 38517
75835 34129
74957 34954
72939 38185
61628 37991
74285 39227
74158 31851
61628 37990
61948 31183
72599 39466
60995 35725
62825 33676
63551 38806
63524 30059
72939 38170
71989 35161
62767 34841
68698 36091
78371 36760
74207 30204
73781 31874
64060 34294
70072 32368
62946 34857
65741 33844
62825 33661
74050 30961
74380 33133
73781 31812
74508 33218
75835 34137
75835 34145
65741 33826
75835 34091
61628 38032
61281 32109
61709 39126
61628 37998
62823 30933
63551 38830
74158 31852
73621 39190
64616 37949
65741 33796
65880 30903
72836 39946
74158 31834
72599 39423
72308 36392
65741 33801
62961 38114
64206 38177
76977 30527
60062 38636
72308 36354
61115 31479
75940 32827
61269 30189
66095 32336
72541 36576
70415 35431
73054 30737
73576 39505
74158 31837
61948 31179
60995 35714
79511 30138
75756 35459
74207 30186
72415 35488
73147 32853
60995 35700
72257 36758
78372 32724
78478 38743
74000 32182
65770 30868
63524 30109
60995 35709
74207 30199
79511 30124
73576 39473
61628 38028
64616 37938
73054 30715
61709 39088
72939 38164
66635 30787
68098 30144
73781 31816
79119 39027
62683 37017
72836 39946
73621 39206
61628 38027
68698 36095
78818 38913
68698 36139
72599 39393
67290 38246
78426 31099
63311 33244
66596 33491
76046 32920
68621 33546
71658 30473
68112 34343
78426 31096
61948 31229
74050 30972
64616 37942
75716 33439
74285 39215
79956 33619
61620 31022
63524 30088
79056 39252
64772 37694
74207 30249
60062 38631
61901 35099
64616 38031
65741 33812
64616 37988
74050 31026
72939 38175
74380 33132
74050 30975
61709 39101
74158 31853
64026 31605
64845 37689
64206 38186
79711 37488
78372 32736
64206 38179
64026 31519
73621 39183
74285 39187
68621 33561
62659 32766
74380 33133
66886 30926
72257 36763
73576 39421
76299 31281
63551 38828
76299 31251
74957 34992
61709 39111
73054 30723
75716 33413
73576 39443
75716 33413
74285 39261
75865 35128
73576 39454
70415 35425
64060 34270
66886 30901
62823 30917
63551 38802
66238 34989
62823 30935
77677 33527
68621 33553
70415 35432
71476 31867
75865 35144
74957 34971
64616 37963
72257 36772
72836 39952
75940 32820
64930 35523
79119 39031
72939 38164
60995 35712
66238 34990
60995 35737
68698 36094
74050 30981
64206 38208
64616 38015
68698 36116
61628 37992
73054 30750
66238 34976
79511 30097
61628 38004
77940 38904
79641 36566
71828 34700
75865 35130
74285 39181
61281 32114
64616 38030
75835 34151
74380 33153
66390 32686
62481 33923
70072 32364
68698 36154
75197 32097
64060 34270
74000 32185
76299 31175
63428 36772
72836 39984
62823 30942
78372 32718
68112 34328
74207 30191
68698 36186
64616 38038
64026 31487
72257 36754
74158 31846
63440 35408
64026 31577
68698 36150
74050 30961
60293 37566
74285 39245
79855 38895
64764 38974
74000 32171
61948 31196
74050 30983
65851 38588
68698 36118
74380 33137
74207 30204
64060 34357
69942 33750
62089 39521
68112 34316
72939 38190
70415 35426
70072 32355
72308 36359
74158 31830
73781 31788
73576 39453
68112 34340
76299 31258
79641 36571
61948 31195
70415 35418
79511 30132
77038 34432
70072 32378
78008 32339
63524 30084
61628 38044
78371 36771
64772 37633
71263 39031
72599 39465
68112 34321
75716 33424
74957 34984
67080 32671
75865 35165
64616 37987
73621 39218
60995 35725
74000 32198
64772 37626
60874 38677
63551 38807
64772 37638
73781 31788
78372 32715
75940 32778
75865 35154
73781 31813
74285 39177
74957 34948
72599 39439
66144 32277
71173 32356
69884 38357
68698 36097
78371 36749
72308 36409
72939 38159
76299 31208
76715 37347
64060 34283
60995 35797
64026 31526
75940 32825
74380 33116
64060 34265
66238 34998
70595 31804
72836 39923
72599 39437
74207 30202
75716 33392
74000 32196
74285 39247
74079 31200
68098 30129
78199 37932
61432 32395
61948 31186
78643 32792
68698 36197
74207 30225
76299 31244
73781 31817
73576 39514
60062 38639
61709 39106
72836 39924
75940 32749
79511 30106
64772 37658
68621 33580
64206 38181
78371 36759
66596 33460
66596 33542
66886 30889
74079 31203
78658 33824
75940 32823
72599 39405
70415 35436
64616 37955
73054 30727
64026 31497
66596 33480
61038 36019
78371 36755
76680 35913
61628 38089
60062 38628
74207 30219
64616 38017
64777 37569
64616 38052
74285 39216
72257 36782
74050 30999
75835 34118
74000 32187
73781 31794
60062 38635
74158 31829
62825 33684
79511 30150
61948 31189
73576 39473
66886 30884
72939 38200
68621 33583
74000 32184
72836 39945
79511 30100
78372 32705
73781 31786
74000 32230
78372 32732
73621 39204
64026 31544
60062 38690
60062 38687
67488 38496
73781 31792
60995 35793
73621 39199
73621 39227
61948 31197
78371 36760
77437 37000
63551 38848
68597 38125
66238 34995
64206 38182
68098 30135
79511 30136
75865 35139
60062 38643
65741 33811
78371 36774
61510 34132
72767 36739
64060 34301
60062 38677
68698 36112
68098 30166
74285 39202
75835 34193
74000 32168
74050 31005
76299 31277
74285 39243
61628 38009
60062 38688
74079 31201
64026 31494
60995 35735
70415 35450
68698 36146
73781 31835
74285 39175
76299 31162
76299 31256
62678 34873
69453 35534
76299 31165
73781 31828
70072 32357
62823 30945
76299 31164
74000 32238
78937 36784
79641 36591
65741 33806
75756 37437
73621 39185
72836 39987
73781 31797
66596 33517
74285 39200
61628 37997
74207 30207
72939 38168
75716 33423
74050 30969
73054 30714
72696 39497
68098 30105
76299 31171
66070 31078
74158 31846
66680 30886
61948 31193
61380 35257
66886 30888
79056 32002
62823 30915
79511 30119
78371 36769
76324 30127
71936 35071
61628 37987
71032 34715
66596 33479
74285 39233
73621 39212
68698 36115
74158 31838
62703 31009
60062 38632
76299 31248
68112 34327
78008 32337
74000 32195
74957 34996
61709 39129
62825 33652
64026 31534
74207 30191
72939 38196
60995 35682
65681 39896
74380 33121
73576 39517
64616 37954
62415 38857
74296 34562
64772 37645
75716 33441
66238 34990
74000 32172
70744 31727
73781 31846
64026 31492
66474 32933
68098 30163
74285 39184
73621 39213
64026 31525
78372 32749
68698 36123
78037 30383
68098 30123
74000 32168
72308 36346
66886 30890
78371 36752
78372 32741
68112 34328
64616 37920
62823 30931
68098 30126
78422 38990
72939 38186
79056 31998
66397 36444
76046 32920
73020 30618
64206 38162
73576 39437
73791 36417
64026 31536
76046 32930
64616 38054
75896 30818
73781 31792
60062 38690
61709 39092
72113 37228
64060 34362
62825 33668
68698 36112
73576 39438
74158 31839
78371 36754
74380 33131
79189 36505
74957 34981
75865 35128
79511 30110
75835 34112
73576 39426
74050 31013
66238 34968
75940 32746
68112 34324
79691 38814
72308 36325
65444 36153
73453 37084
60995 35761
69499 34114
72257 36787
64206 38234
64060 34274
78718 35156
79641 36557
74000 32220
61281 32116
72939 38158
72308 36324
68701 30568
76046 32923
76299 31228
64026 31518
76299 31233
66002 32545
60062 38693
76299 31212
76299 31253
72090 35643
72836 39974
74957 34965
74158 31834
79641 36620
74748 33946
71062 35878
74050 30963
75835 34101
73054 30734
76745 31461
62823 30943
74584 33972
74704 33774
61620 31028
79511 30096
74380 33146
65366 37083
68698 36191
74351 34063
68098 30168
61628 38041
73576 39422
72257 36764
62159 38264
68698 36116
62825 33669
79641 36579
68621 33547
63241 38941
73621 39195
74957 34948
63524 30072
64026 31515
74207 30226
74000 32260
74050 30992
74000 32224
73054 30732
66596 33512
62825 33651
64026 31611
72308 36329
64026 31526
72257 36770
74207 30198
66596 33558
64616 37994
74000 32247
76046 32932
70635 33137
78372 32725
76299 31235
75865 35125
79511 30115
64772 37654
73662 33687
61709 39121
68698 36099
66818 38544
68698 36082
64060 34313
68698 36190
75940 32745
75835 34156
73935 31173
61628 37995
75940 32808
75865 35145
64772 37672
74050 30987
64026 31501
64206 38204
61628 38028
64616 38059
64772 37698
61709 39107
63551 38798
66596 33511
64616 37937
75865 35134
74207 30190
74920 37532
74285 39204
66840 34538
78371 36750
69313 33263
64616 37922
61628 38004
68698 36138
66596 33448
64772 37681
61281 32112
62825 33668
62678 34876
61709 39097
65661 36627
65770 30864
63355 33795
68098 30124
66886 30863
76803 38294
73576 39474
75865 35124
68112 34338
73576 39430
68698 36134
73576 39440
60142 30038
74158 31889
74000 32268
60995 35775
66596 33469
68112 34308
73054 30719
73781 31800
68698 36159
60995 35695
62823 30949
74285 39173
74207 30242
78372 32711
65741 33824
78372 32694
74000 32192
78426 31100
74380 33119
72599 39499
60143 33776
65741 33819
75716 33428
65540 31004
61628 38065
74285 39206
74050 30979
66596 33465
60062 38695
65741 33798
68964 34675
75940 32786
74285 39171
60062 38671
65741 33864
64060 34300
70491 34335
66596 33467
62825 33656
65162 36318
63524 30106
73576 39421
60995 35685
76299 31195
73781 31786
76552 37206
62825 33690
60062 38681
64772 37660
76046 32938
75823 33098
75716 33387
64206 38197
73576 39502
68098 30128
75716 33401
78372 32708
73576 39491
75810 31348
68698 36109
76299 31166
78371 36749
74957 34991
74380 33131
71739 37760
60995 35690
60995 35782
64772 37661
70415 35460
75808 39940
72499 39178
64060 34356
61948 31230
72599 39471
73576 39458
64206 38178
73621 39199
61948 31199
63551 38844
72308 36353
73054 30728
63551 38816
64772 37655
64772 37650
72599 39477
68698 36168
68698 36129
74748 33945
75940 32819
68112 34313
74285 39171
64026 31507
72599 39366
66886 30929
74380 33123
66596 33457
79511 30096
64206 38235
76299 31186
63524 30088
72836 39973
74000 32194
66886 30944
66596 33489
79415 32045
74285 39182
61628 38044
70415 35413
74380 33150
72257 36767
74000 32193
75716 33406
68112 34305
61269 30192
66743 34261
73576 39418
78718 39844
66596 33478
72213 33841
62825 33686
72939 38162
66238 35012
62825 33685
79511 30076
75535 39669
66365 31917
60995 35789
72939 38199
60062 38679
65741 33825
65741 33854
62823 30919
73054 30730
68621 33575
73576 39454
65741 33825
64616 37934
63551 38804
72939 38208
64264 33336
72599 39363
68621 33581
61948 31202
64206 38184
74285 39214
61628 38020
66886 30878
72308 36337
66238 35009
75865 35166
75716 33414
64616 37939
66596 33467
63986 35127
72308 36321
68098 30104
75716 33419
72599 39411
65770 30866
70072 32396
74158 31859
68698 36089
75940 32767
72836 39943
74158 31849
61709 39129
61709 39113
68098 30159
74158 31880
76299 31198
66886 30877
73576 39468
64772 37635
64090 35363
72250 33264
71955 38454
71062 35880
60062 38630
73781 31791
78718 39850
60005 30693
75835 34138
61948 31216
78371 36751
73054 30732
63551 38811
74207 30199
74050 31000
68698 36085
63551 38856
74050 30972
72308 36371
72836 39925
73576 39460
75835 34108
62823 30925
77188 35832
75940 32789
68098 30099
72599 39384
75835 34105
72939 38157
63551 38795
65741 33804
75865 35151
79511 30103
66238 34976
68098 30101
61620 31026
68112 34312
79641 36589
78372 32739
78372 32737
64026 31521
63524 30064
75835 34103
78372 32702
64026 31540
78626 39661
74050 31019
70434 33559
75669 32926
75940 32818
72257 36755
60062 38639
74285 39196
68098 30180
64026 31528
64772 37674
64026 31513
66238 34988
79511 30098
66596 33488
78422 30965
61628 38012
63551 38793
71977 39676
68098 30121
75940 32783
73576 39478
77623 35967
64090 35362
74285 39210
75835 34110
74957 34980
66886 30916
72599 39364
63551 38807
62825 33650
63551 38798
74000 32296
73621 39209
70072 32351
68698 36092
61948 31183
66858 32515
61709 39134
76046 33000
79215 31126
62147 30868
61709 39131
60033 31066
74207 30246
75865 35127
78453 32410
64772 37640
66596 33478
72257 36792
75835 34104
60949 39964
74050 30967
74598 30826
72939 38161
70415 35448
61709 39092
66105 32295
72599 39401
65517 33290
77944 36476
66886 30901
74000 32184
74050 30960
68116 38131
68698 36091
61628 37995
70415 35432
62825 33678
65741 33828
79641 36552
72836 39930
70072 32350
64772 37611
73576 39439
78372 32732
78372 32761
72939 38188
74285 39203
72836 39950
72308 36334
79977 38619
79977 38618
78371 36754
64206 38162
73054 30754
75716 33406
72599 39488
74285 39246
75716 33426
60995 35709
63967 38043
62678 34870
66596 33452
75225 33127
70677 32278
74207 30212
64026 31514
78626 39663
61628 38083
64772 37627
61948 31227
78372 32723
61628 38015
74285 39181
66886 30900
74158 31833
72308 36338
79511 30112
72836 39932
74380 33109
68621 33579
74000 32171
74000 32236
74285 39231
74957 34958
77758 31739
62825 33654
66474 34050
64026 31532
75940 32798
74957 34950
79641 36596
72836 39929
64616 38044
60071 31843
79511 30071
64206 38185
64026 31545
74380 33138
75940 32829
79511 30067
75835 34124
70415 35444
63425 32853
76046 32927
64772 37659
78371 36764
74285 39212
76046 33004
64616 37941
60071 36993
72599 39376
62825 33668
61709 39119
75940 32810
72599 39369
65741 33861
72939 38165
72257 36811
72599 39416
74285 39252
76609 37397
76299 31163
68698 36084
74285 39191
73227 38729
72257 36764
75940 32831
60995 35752
66238 34997
75716 33415
74207 30230
70415 35410
75693 35270
73054 30735
64060 34347
72257 36789
74207 30202
72939 38174
73054 30737
74050 31022
63145 39503
75835 34100
72599 39445
66596 33527
77235 39002
74285 39210
60995 35744
72836 39952
74285 39263
68110 39426
76299 31175
66886 30859
73781 31806
64206 38186
64772 37691
68112 34320
61628 38010
75835 34148
64772 37620
72939 38181
62481 33927
72257 36795
64060 34279
78527 30716
66886 30923
78371 36768
78662 34916
74207 30185
68698 36167
73781 31786
79511 30085
79511 30068
70072 32393
76299 31192
65162 36326
78372 32728
74207 30205
78372 32713
74285 39209
61628 38069
74079 31199
73781 31887
64026 31484
72939 38209
70072 32395
65197 39220
61628 38013
72599 39371
75835 34123
70639 33952
74050 31040
76299 31177
61628 38030
70415 35416
72257 36802
79661 30495
60062 38692
74000 32199
70415 35437
68098 30125
78371 36757
75716 33391
74285 39178
60062 38709
64026 31518
74000 32285
70825 30215
75835 34161
74000 32207
76046 32942
63141 34457
74158 31844
74957 34974
62823 30951
64060 34371
74950 35292
72464 34744
72939 38170
64060 34302
74050 30971
61709 39088
63551 38785
79641 36571
64026 31519
63524 30099
75940 32775
68698 36107
79641 36573
60995 35692
76865 39718
60995 35771
75835 34099
65741 33813
64026 31552
73054 30713
71162 39060
75716 33433
74285 39197
65741 33823
60995 35804
73781 31877
66238 34994
64206 38198
61628 38021
74380 33121
68112 34340
76046 33003
62165 36558
63551 38839
73621 39214
62961 38112
61948 31205
65741 33851
62825 33680
76046 32993
64772 37650
74158 31845
72308 36333
79511 30108
74050 30980
73781 31810
64122 30346
72599 39402
75835 34124
66596 33459
73694 31619
77290 33198
75940 32747
75865 35130
72599 39483
64206 38227
75716 33400
68698 36103
64438 35102
60425 35118
62678 34869
74050 30976
68698 36149
78078 37204
72939 38163
72257 36766
72767 34272
62823 30948
70241 34043
62678 34868
65741 33820
60142 30037
74207 30182
70677 32272
60995 35682
74158 31863
78372 32778
61709 39090
79511 30095
62825 33654
74285 39291
64616 37926
74285 39224
61628 38038
66886 30897
61709 39088
78372 32730
73621 39203
79511 30152
75716 33422
68698 36188
75904 38640
71389 35447
63551 38855
64532 32132
74158 31865
60995 35727
66886 30882
72257 36768
74285 39182
65741 33866
64060 34270
61709 39103
74207 30234
73621 39207
64616 38058
68698 36130
64772 37616
66596 33502
68098 30133
74380 33108
64206 38180
74380 33157
64616 38001
79641 36594
70072 32381
78553 30071
74285 39190
61948 31188
74285 39190
79641 36612
60995 35724
66238 35016
79126 38273
68098 30138
70072 32369
78372 32717
68112 34330
79511 30111
74000 32200
65741 33806
62825 33681
64616 38022
60995 35693
72836 39962
60062 38656
74158 31849
61269 30187
70415 35461
64772 37619
72360 34734
64616 38023
62481 33926
72836 39926
68098 30102
64026 31506
66886 30943
72415 38978
76046 32940
74207 30180
76046 32941
72640 33242
64026 31485
75716 33400
76871 36110
68275 34150
60995 35747
62825 33658
60062 38651
65770 30870
61628 37985
73576 39423
64772 37629
61628 38104
71062 34674
68715 37883
72257 36767
60062 38639
72599 39394
75835 34090
74000 32211
74000 32189
61948 31179
75716 33417
69039 34632
66886 30879
72599 39374
67261 39970
79511 30076
72599 39368
60995 35715
66213 30120
75835 34115
79056 31998
79511 30082
76046 32960
70072 32382
73621 39227
71631 33149
73054 30731
61709 39092
73576 39498
62641 32264
60062 38685
75865 35150
70415 35424
75940 32772
64060 34281
74380 33146
60995 35743
73621 39197
72308 36323
72939 38213
75716 33412
62825 33656
73781 31840
66886 30860
65459 30701
75835 34122
71476 31861
72192 30243
64026 31600
63935 34035
63524 30104
64772 37635
72308 36421
75835 34113
61038 36020
74000 32172
72257 36776
60062 38689
68698 36121
76299 31167
61690 36384
72599 39432
64060 34268
72836 40007
70910 32699
64616 37982
74357 38700
66238 35028
74694 32158
76299 31199
67189 35246
62345 31952
72939 38158
64026 31542
72308 36419
66596 33452
64060 34290
72308 36366
66238 35011
61887 37548
72308 36334
75716 33418
74050 31004
64616 37955
62555 35042
73576 39479
65162 36324
63640 34934
64772 37699
75835 34090
72308 36357
63114 39860
70072 32385
75865 35129
74207 30201
66886 30883
72939 38209
73576 39430
78372 32754
61948 31197
72939 38167
64122 30349
73781 31896
68112 34317
60062 38632
73781 31814
60062 38627
60062 38683
66596 33503
65741 33816
71989 35154
64060 34320
64264 33340
71604 39628
72836 39929
73576 39450
75374 39162
60062 38634
70595 31806
66596 33483
64060 34281
61948 31191
70072 32384
63551 38806
64060 34299
72939 38195
61948 31231
62823 30941
72230 39123
73779 39109
66466 32683
66596 33469
68098 30142
70072 32352
79511 30067
64026 31588
73781 31834
68112 34323
74207 30201
74285 39227
75835 34111
71278 35694
74000 32299
64616 38012
61948 31195
66886 30867
61628 38090
72836 39970
66596 33487
64772 37661
75835 34127
72599 39364
66596 33536
64888 37739
61628 37987
61948 31208
68013 37910
68698 36172
71802 32586
63640 36940
70415 35438
63551 38790
66596 33523
63307 35504
72599 39424
73195 30607
75835 34171
68698 36122
65741 33832
72836 39988
69344 30770
76046 32969
75835 34089
73253 36185
62481 33924
79711 37491
76046 32944
79189 36507
60062 38656
66397 36443
61432 31470
62681 35869
66238 34983
74957 34974
74158 31841
60995 35732
72836 40020
72836 39999
64772 37671
73576 39463
66886 30863
77626 36059
79641 36621
78372 32743
70639 33958
72599 39408
72599 39421
60062 38629
74380 33106
74957 34953
70401 31994
79511 30091
63114 39853
78372 32728
68098 30117
66886 30871
76299 31217
64060 34382
72599 39431
66886 30872
68098 30186
61230 31609
73576 39447
78372 32780
78372 32700
66066 37632
68621 33588
75716 33429
75940 32744
74285 39218
72308 36425
60039 30448
71231 39481
76046 32921
66377 30383
74050 30975
73621 39215
60062 38649
61709 39109
73621 39234
63231 38190
75940 32757
61948 31208
64772 37687
64060 34366
63524 30066
62825 33649
75794 35393
77596 33253
74158 31869
79641 36573
65741 33799
74950 35291
64026 31505
74000 32223
78371 36749
72640 38836
74285 39178
78371 36762
67726 31158
68846 31618
66886 30875
73781 31838
64026 31571
73514 35345
76871 36115
72257 36778
65880 30900
64772 37611
61628 37985
66596 33448
79511 30137
72836 39922
65880 30898
66238 35003
62823 30939
61709 39145
72308 36325
70415 35425
67261 39971
74957 35007
68112 34308
68698 36108
75835 34106
68621 33545
78371 36775
75835 34118
74207 30186
61948 31206
63551 38811
64026 31607
60142 30034
65774 34310
75339 31721
71934 30002
73576 39482
73054 30714
64026 31567
72939 38210
72308 36402
75716 33429
70595 31803
71062 35885
74000 32251
74158 31858
60010 30331
63524 30057
64060 34367
66596 33483
78372 32695
61786 33901
75835 34098
76046 32920
61948 31200
64772 37666
74000 32178
74285 39295
73781 31817
68621 33578
65162 34000
72599 39397
73969 34600
68221 36216
65880 30896
74207 30181
74957 34964
75835 34120
73781 31885
66596 33531
64616 37973
75940 32771
68698 36131
79511 30144
60995 35688
73054 30716
60590 38441
76299 31177
78372 32717
63524 30059
79511 30129
62825 33660
74957 34984
78372 32764
79711 37490
74285 39218
70639 33956
74285 39272
63551 38847
60062 38666
72192 32463
66596 33474
74158 31857
73621 39189
72449 36135
74285 39172
70072 32361
71197 32824
79270 31127
73747 33552
74050 30978
66886 30859
68112 34319
70639 33954
71989 35162
61628 38005
68698 36098
64772 37620
76046 32922
73576 39469
74207 30187
73781 31878
79511 30151
66596 33447
61709 39105
78372 32733
74000 32266
66238 34970
78371 36778
73576 39439
68098 30140
74050 31003
62235 33604
68621 33550
77677 33526
70831 33539
66596 33541
70415 35437
73781 31821
66596 33454
74380 33119
68698 36130
76907 34493
76299 31162
74285 39288
61709 39134
70415 35412
72308 36337
76299 31271
70134 31488
66886 30907
72939 38218
74000 32214
75940 32780
74000 32263
74050 30969
74285 39188
78371 36767
74380 33106
78625 32560
61628 38040
62825 33663
74508 33221
74380 33112
63524 30076
70415 35423
66596 33476
74050 30987
68698 36118
64772 37622
66238 35013
75698 38187
64772 37620
73054 30753
74331 32987
63551 38825
64206 38218
64206 38217
75904 38642
64026 31541
61628 37996
73576 39434
74957 34957
74000 32204
73781 31851
64122 30350
74380 33138
62825 33680
76046 32925
63551 38789
61948 31187
65741 33823
74285 39267
61709 39109
65031 31893
61709 39125
75698 38185
62825 33676
68098 30101
71682 31168
78426 31097
60995 35689
72308 36328
73781 31791
64060 34323
61038 36021
74158 31879
64026 31503
74158 31832
60995 35745
79641 36606
66238 35012
64401 33449
70415 35430
79119 39027
76299 31165
65540 31005
72599 39398
73054 30746
64206 38185
75865 35150
70595 31808
74380 33148
74050 30960
73861 36698
77061 30845
73781 31805
65459 33176
79952 38341
79145 31242
72308 36331
71389 35443
64060 34266
68112 34348
72599 39389
68112 34331
61948 31228
74285 39240
66886 30936
64060 34339
73576 39425
64026 31493
63524 30055
65851 39226
72939 38215
68621 33568
73621 39226
73576 39495
76046 32972
72939 38179
64616 37916
72257 36803
79641 36572
74158 31856
75716 33390
68098 30096
68698 36132
68621 33573
74285 39173
73576 39503
73054 30749
71640 30133
78372 32710
74158 31870
74380 33136
70415 35434
68112 34326
70072 32350
67696 37478
63551 38793
69915 35151
62823 30910
73781 31789
63551 38794
72836 39947
68910 34403
66238 35004
76046 32946
64616 37967
63551 38797
70072 32394
72939 38183
72599 39446
62307 32506
72257 36756
75940 32766
75940 32792
73781 31820
64772 37637
64026 31520
73621 39194
74000 32217
74000 32278
76871 33188
64026 31562
73576 39420
64206 38225
66238 35002
60033 31065
72939 38213
79641 36583
62825 33684
75535 39674
66596 33493
74000 32222
60995 35722
73576 39426
72836 39977
64060 34307
61709 39114
70415 35434
64772 37630
74380 33105
73920 31725
61269 30184
79641 36574
79956 33622
64026 31482
70644 36170
76046 32929
68112 34336
60995 35787
75835 34155
73020 30612
64206 38176
66886 30873
63231 35582
72599 39419
65162 36322
75716 33417
65741 33845
63524 30093
72257 36799
74957 34958
74355 35581
79641 36572
64616 38060
66596 33449
64616 38047
66596 33530
72939 38211
73902 31055
75808 39941
78371 36756
70072 32387
60790 37303
65920 33337
74207 30186
64206 38193
66596 33509
66886 30895
73781 31833
70415 35414
72257 36797
76299 31195
68698 36137
76299 31188
68698 36127
68621 33563
74000 32225
78371 36777
74380 33124
63524 30098
74285 39268
68698 36123
61709 39101
64060 34303
79511 30105
64060 34297
74957 34961
70735 39115
78517 37966
63551 38803
64428 33205
72640 33243
72350 37353
76046 32931
79526 36097
68112 34325
65741 33814
76299 31163
70072 32371
66596 33447
64333 34033
75716 33394
66886 30911
78372 32708
75716 33392
61948 31200
64772 37670
60142 30034
70415 35438
67488 38503
64206 38173
74050 30966
74704 36997
77385 39795
63551 38791
73054 30746
74285 39191
68698 36122
66297 39183
64616 37981
60995 35702
75835 34088
72836 39982
64026 31517
70415 35428
76299 31194
72684 39856
65741 33810
72939 38200
65741 33869
66596 33508
74957 34948
79511 30087
70415 35424
68399 36323
68701 30572
62828 33216
74380 33119
71476 31865
65741 33830
71511 37446
64616 37933
73781 31788
79641 36563
64206 38178
75716 33418
78339 36548
74207 30190
61628 38092
68098 30124
75865 35129
66596 33480
74740 32854
72257 36763
62825 33673
64616 37954
67163 31781
72257 36775
74285 39192
73621 39182
73054 30729
64772 37614
79511 30101
76299 31173
70639 33957
78372 32710
76871 36111
68098 30145
61628 38025
64206 38161
68621 33549
69881 37741
60869 35272
76299 31239
65444 38693
75865 35131
72599 39366
75835 34104
75940 32750
68698 36093
64026 31487
64616 38034
74158 31877
73576 39426
73576 39458
64428 39263
74207 30207
66886 30900
75716 33391
72257 36773
79481 32161
74000 32227
75716 33404
73621 39234
60995 35705
74158 31831
68112 34306
74000 32174
75835 34167
62823 30916
75835 34157
62325 33805
75865 35125
73576 39515
60062 38630
73576 39444
64772 37652
75940 32769
75940 32809
78951 39534
68098 30119
72738 36223
68112 34321
74000 32179
76299 31263
78371 36765
64060 34276
68112 34307
75716 33389
75716 33432
74285 39253
68285 35323
68112 34318
64772 37645
62823 30920
60062 38680
75835 34146
63551 38790
68964 34677
62823 30914
66596 33452
68698 36162
73781 31906
68621 33586
64616 37936
74207 30217
64026 31610
76046 32999
64616 37980
64772 37638
65741 33832
73412 36578
62825 33673
66596 33482
70072 32349
60995 35711
72599 39365
76299 31215
76046 32932
78372 32704
73576 39448
72836 40021
61628 38027
79641 36566
64772 37627
60995 35693
60995 35708
64772 37644
61628 37986
75865 35153
68112 34327
60995 35799
68086 37473
66238 34967
74050 30978
74000 32232
66238 34971
78372 32705
74285 39220
72118 34564
64772 37634
63524 30087
62825 33663
78372 32698
73576 39449
67889 33627
74380 33122
68698 36085
73215 30996
74957 34951
60062 38638
76046 32987
75940 32782
64206 38219
62825 33674
74000 32214
74158 31853
64026 31497
72308 36323
64616 38019
71989 35158
73333 37087
73569 36528
64026 31492
64772 37707
71989 35155
61709 39091
75865 35146
64772 37697
79526 38141
68698 36084
74207 30187
74000 32181
73054 30743
66596 33450
74380 33127
72257 36759
73054 30745
63524 30063
68098 30141
79056 32000
68112 34312
75865 35135
74050 30965
65615 36006
64206 38175
63986 32672
74380 33162
79189 36506
78372 32732
64206 38171
62345 31954
62823 30946
61709 39099
63878 39708
76046 33005
78372 32738
75716 33442
78008 32336
61709 39146
75716 33416
73576 39478
74207 30193
67372 39926
78371 36755
74285 39231
75716 33396
64772 37633
65519 37592
64060 34376
78372 32777
60995 35716
65741 33796
72836 39925
73576 39424
63834 32237
63551 38858
64616 37943
61709 39143
72939 38219
79511 30099
62825 33677
65444 38688
61709 39127
79511 30073
65741 33798
70415 35428
74957 34950
74285 39193
66377 32010
68060 32942
66827 30395
66886 30942
64026 31540
61079 35844
61281 30752
66596 33451
75716 33426
64616 37979
79641 36580
65741 33809
72308 36417
79641 36582
75716 33431
74957 34993
64060 34368
70072 32352
66536 36713
74207 30196
74000 32212
60995 35812
79511 30134
72257 36771
65741 33803
62823 30937
74380 33132
66886 30918
66596 33495
76020 34719
63524 30094
75716 33389
61948 31207
68621 33584
66596 33529
72939 38207
70072 32377
62825 33671
60995 35688
68013 37910
60995 35684
75716 33427
64772 37695
72257 36770
74158 31838
61709 39097
61816 39664
79641 36565
73781 31790
68621 33569
64206 38207
66596 33565
78720 34203
61628 38116
74000 32187
67745 33611
68621 33545
75940 32765
72308 36375
71658 30468
64026 31531
63440 35411
76046 32949
74158 31836
66238 34966
66596 33466
72090 39647
76299 31173
78057 34112
72257 36762
73781 31884
73621 39187
74957 34987
65741 33847
70072 32370
72308 36361
79641 36605
60062 38638
74000 32295
73054 30711
72836 39941
61709 39131
70677 32272
74207 30210
68698 36113
74957 34950
60995 35740
72308 36349
70072 32358
79977 38622
68098 30109
72939 38162
63551 38813
64206 38194
74285 39296
61709 39089
62345 31955
66596 33518
72599 39455
72308 36384
74000 32300
60257 36769
75698 38186
73576 39442
63551 38817
74207 30192
78372 32722
79511 30084
60062 38642
70072 32375
61628 38045
63944 37148
73576 39477
74748 33947
61709 39128
76046 32937
64616 38027
61628 38064
73989 39980
79641 36553
76299 31166
74380 33109
60062 38662
70415 35414
74000 32183
74158 31834
65849 32001
67718 32655
72091 35597
66238 35014
64616 37997
61948 31194
72939 38156
60257 36771
79641 36575
66886 30881
64616 37935
75835 34088
64026 31485
74207 30203
74380 33145
74957 34964
74285 39197
78372 32730
75835 34189
75940 32755
72696 39496
61709 39113
61709 39089
75716 33395
72939 38198
60062 38635
75716 33415
73576 39424
64772 37675
72939 38194
76299 31250
73621 39193
66886 30892
68112 34325
68621 33577
78372 32722
78372 32766
61628 37989
73054 30752
68112 34328
66886 30886
61816 39666
67557 37014
66596 33506
66596 33464
75865 35125
68698 36132
73858 32638
72836 39934
74000 32188
69677 32995
61628 38066
74380 33158
62825 33677
72257 36812
61843 33296
75940 32811
66596 33459
73576 39469
78371 36762
65741 33831
74158 31866
74000 32183
61085 34879
70072 32375
60995 35701
66596 33483
64122 30354
74000 32250
74000 32216
63355 33790
64772 37639
62825 33665
64206 38191
65741 33843
76299 31175
64206 38169
66238 34985
64772 37622
75716 33398
73781 31854
74050 30970
62823 30949
66886 30897
73054 30717
67986 35590
70072 32389
73576 39419
64060 34317
76046 32973
74957 34948
75940 32742
64616 38055
72257 36766
77188 30913
74207 30206
64026 31524
74000 32215
68698 36097
61628 38001
62641 32263
79511 30101
61628 38074
78983 39585
60995 35720
66886 30864
76588 31800
75716 33387
74158 31861
75835 34139
60143 37616
65741 33848
72599 39391
73054 30715
75835 34115
79362 38402
64060 34267
74207 30188
64026 31539
61628 37998
61628 38036
70072 32397
73054 30720
62641 32354
61628 37995
72599 39480
72836 39985
79511 30077
74957 34962
75940 32779
64206 38206
64026 31503
76299 31229
60062 38645
60062 38637
74957 34949
68112 34353
66238 34974
74957 34963
72939 38181
60995 35684
76853 39979
66380 31208
64206 38160
66596 33470
78718 39842
72308 36323
69333 35236
78371 36751
60995 35810
64060 34348
66238 35017
64772 37656
68723 30175
78371 36776
73576 39476
60298 35760
68698 36105
66957 33300
74957 34968
66886 30877
64168 34488
79126 38274
73576 39459
68112 34304
65741 33834
79641 36552
66238 34965
64206 38179
68098 30165
70072 32370
66596 33525
64060 34359
64616 37930
61709 39102
68698 36144
72308 36325
72308 36379
61948 31205
73576 39445
73781 31831
72257 36796
70415 35409
74957 34949
60547 35852
74000 32201
65440 30885
70415 35443
61709 39138
66596 33485
60995 35766
76541 35994
78372 32700
76299 31230
64471 39735
68621 33590
64060 34285
62279 31743
71389 35449
60062 38701
67488 38498
79511 30107
61709 39115
79641 36581
60995 35754
75865 35149
75865 35133
74285 39279
66886 30884
64026 31521
68698 36115
64026 31487
65741 33812
63551 38832
76134 37882
64026 31499
78594 32115
64026 31530
60228 38061
64060 34306
73576 39482
74380 33126
78371 36771
73576 39431
68621 33558
76299 31183
66596 33473
61948 31215
66025 33338
74000 32175
65741 33798
71726 37802
68013 33410
61948 31194
68701 30570
74285 39226
75535 33983
74380 33152
60995 35727
73621 39201
74000 32218
72308 36327
64026 31509
68112 34341
79641 36576
72939 38172
72308 36338
74380 33134
61948 31184
64060 34286
72599 39411
63432 30110
75716 33435
73621 39236
60995 35707
61628 38117
72836 39930
75716 33424
64206 38183
73621 39182
73054 30744
61709 39123
69076 38236
61628 38043
74137 38780
63551 38824
73481 37280
74380 33139
72706 33366
65741 33835
63551 38826
75716 33408
70403 30846
74000 32279
79902 33743
64616 37940
74000 32208
70644 36170
73147 32850
75940 32803
62825 33675
64616 37970
74207 30206
72599 39463
75835 34173
79956 33618
68112 34326
72836 39994
66238 34975
71032 32650
60869 35272
74207 30239
68098 30185
74000 32172
64616 37948
74050 30985
64772 37654
78371 36763
68098 30161
73781 31870
63524 30073
64060 34311
64060 34321
61628 38055
68698 36126
73781 31796
75940 32779
74207 30189
64616 37962
68698 36100
78371 36764
70072 34321
61975 36771
64206 38179
74158 31856
72599 39412
64772 37647
64026 31599
72836 39941
73621 39186
68098 30108
79711 37492
63551 38831
72308 36322
62823 30922
76046 32939
76046 32998
64605 31490
73054 30712
76299 31173
73054 30723
79977 38617
64206 38161
77876 34887
68098 30118
66238 34971
66238 34975
61628 38084
67488 38502
75865 35158
62825 33679
72939 38156
72836 39923
72599 39485
62823 30934
64026 31530
63234 37351
66886 30882
74207 30195
65741 33801
75835 34139
72939 38157
70415 35425
62345 31953
64026 31504
66596 33462
78113 36907
73621 39192
69333 32184
64026 31520
75698 38181
74000 32185
70415 35454
66802 38846
77876 34885
66886 30886
60062 38627
70415 35471
72939 38214
69510 31921
70415 35423
75306 39568
75835 34142
68698 36204
77876 34881
74011 34813
67218 34224
60062 38633
78372 32765
66390 32684
64616 37923
65864 32922
74000 32204
60142 30040
72939 38208
71891 35098
73858 32638
74380 33115
64206 38214
74380 33120
61628 38110
78372 32729
74000 32281
72939 38221
68698 36111
67682 39043
75835 34123
74285 39250
72308 36343
67696 37478
68621 33549
66596 33468
74380 33122
62544 37010
75940 32781
65532 30884
77876 34883
66238 34982
74285 39270
66674 37459
74207 30243
61628 38060
68132 31225
76299 31272
68098 30110
79691 32496
74957 34986
62961 38113
64772 37617
72836 39931
75940 32742
62825 33667
73781 31811
64772 37611
61628 38063
63524 30077
79641 36610
75716 33438
63492 34572
65741 33817
62825 33678
63551 38810
78372 32699
75835 34134
61948 31179
64026 31510
73576 39513
70415 35457
68621 33566
61948 31201
68621 33572
74207 30195
73781 31897
64772 37663
70072 32353
68098 30139
64772 37621
74380 33125
74957 34979
61628 38102
63524 30060
74285 39196
72939 38161
64026 31538
72777 31616
75940 32786
68715 37884
72599 39365
74050 30989
73800 39675
75716 33411
64026 31563
72412 30945
74050 31014
61709 39124
62825 33689
68927 33210
74158 31840
75225 36031
77051 39750
62823 30926
75339 31725
64616 37952
61230 31607
73621 39198
74215 30447
73576 39445
79641 36623
61628 38011
64206 38183
77590 32209
68112 34352
79511 30090
79511 30088
79511 30104
66886 30876
74285 39209
78372 32779
61709 39089
64060 34342
64206 38187
63551 38814
68112 34316
75940 32761
66596 33461
72836 39942
74000 32303
64616 37933
74285 39297
72836 39933
64772 37646
60062 38707
77876 34882
64206 38226
72599 39449
63524 30070
74158 31874
68698 36105
75701 37160
78372 32742
63524 30078
76046 32921
72738 35716
76299 31191
64206 38164
60062 38710
64060 34296
74285 39234
74285 39187
63551 38791
73781 31827
68698 36117
64026 31488
75835 34118
73054 30733
61628 38036
73781 31823
68621 33557
64772 37628
64772 37632
72308 36426
66596 33487
66886 30884
64772 37636
75355 32239
74223 31593
62965 30731
74207 30227
73621 39240
74380 33140
66238 34978
73621 39225
72599 39413
61948 31197
79940 39815
63237 38203
64206 38172
76299 31171
76576 31061
73781 31830
64206 38173
66886 30858
65116 36634
60995 35756
65741 33808
74957 34975
76046 32943
68698 36087
75940 32750
72851 34475
78372 32771
71413 35172
68112 34326
68621 33589
61628 38105
72836 39930
68964 34679
79641 36568
74285 39234
66886 30868
72257 36773
66886 30868
72599 39414
73621 39187
68112 34310
64026 31568
64122 30345
72257 36754
60995 35788
74130 37139
68698 36085
72599 39457
74957 34977
73781 31814
73576 39423
78372 32735
76198 38944
64264 33339
61709 39117
62825 33672
62828 33215
64616 37965
63551 38801
79977 38621
66482 37272
74000 32225
75865 35155
62794 38297
70434 33561
74207 30180
68098 30115
60995 35685
64206 38221
72308 36387
62678 34868
79652 30358
64206 38184
75940 32821
65770 30869
61816 39663
63524 30086
64206 38165
65444 38688
64206 38173
74957 34975
61628 38100
73576 39424
61628 38076
74050 30982
74957 34972
74380 33144
74285 39222
64616 37984
78153 33218
68112 34358
66886 30913
63943 37281
67153 39640
74285 39176
63551 38854
74285 39179
66238 34999
63336 36125
61628 38014
74000 32222
79056 32003
75716 33400
73621 39212
74000 32214
75716 33397
75940 32795
66474 34049
78008 32335
75835 34190
74285 39258
73576 39419
63524 30074
74050 30984
66238 35021
72257 36788
68098 30181
75940 32754
64026 31523
75865 35156
66238 34977
61948 31216
79641 36556
64060 34363
67557 32703
72939 38169
63551 38808
66238 35005
76046 32950
73576 39455
75835 34117
78371 36749
66886 30910
70072 32356
65928 39901
75835 34087
72939 38176
64026 31557
68104 36638
74285 39237
78372 32781
64026 31494
73576 39456
63551 38809
73781 31815
64026 31537
79511 30106
62825 33662
72836 39979
71669 33807
64772 37705
75835 34121
64026 31516
79167 35098
74158 31855
74946 35541
75716 33397
62641 32257
65741 33819
73781 31803
75835 34135
61709 39130
64772 37673
72437 37659
78371 36767
64616 37924
75835 34128
75940 32747
79511 30153
73054 30712
70415 35436
64026 31593
61628 38075
78626 39664
74158 31867
64772 37675
74000 32173
61628 38086
61018 34872
72257 36768
68112 34325
73781 31881
75835 34141
74207 30228
66886 30879
74285 39173
62832 36070
75139 30379
74957 34965
63551 38800
74050 30963
74050 31035
74285 39205
76299 31255
64026 31522
75940 32761
65741 33860
66886 30875
72308 36393
70072 32355
64026 31485
75835 34129
74285 39223
74748 33941
61948 31184
77677 33532
64772 37644
66886 30870
75940 32743
65540 31004
74000 32233
72939 38206
62619 30986
61628 38098
64026 31547
60995 35737
70415 35435
66886 30893
70072 32393
72308 36401
73576 39488
77174 32923
73787 35191
70415 35419
74285 39294
68621 33553
73020 30610
61628 38043
64772 37688
73576 39475
75865 35123
61948 31207
73576 39421
74000 32173
62965 30724
75698 38179
73781 31909
79641 36578
68621 33555
66596 33482
74380 33154
73576 39490
61038 36017
60062 38647
66886 30881
73621 39231
74000 32184
68698 36101
64772 37625
70415 35414
74285 39206
70415 35412
64616 37917
72599 39460
79641 36568
70415 35423
68621 33548
62825 33663
68098 30120
72308 36422
66596 33453
70072 32358
72308 36345
61620 31024
61628 38006
73822 31996
68698 36160
60428 33877
65162 36325
70415 35443
74050 30997
75835 34094
74050 30968
75865 35128
60995 35719
63524 30086
74285 39211
64026 31488
62823 30913
68112 34306
64206 38187
62823 30912
73576 39459
68112 34317
66238 34973
64060 34273
68715 37891
68621 33545
71173 32354
76299 31198
60062 38633
68098 30142
63551 38820
70626 35972
71173 32360
74207 30226
64026 31522
66728 36406
76046 32953
76804 30670
64060 34316
74050 30966
60062 38631
75716 33427
64026 31558
72451 35174
75835 34128
72599 39493
68698 36124
78372 32735
68698 36083
64026 31501
74050 31030
65741 33852
61269 30188
61709 39114
60995 35695
75940 32774
64026 31502
75835 34138
72836 39983
75940 32815
64026 31513
61709 39132
68098 30149
74957 34998
74285 39273
72939 38176
76299 31278
68698 36164
68621 33559
74207 30233
65927 32955
60062 38653
66238 35013
72599 39392
75940 32782
66596 33450
74285 39199
75716 33407
74285 39205
62825 33669
72599 39484
74957 35009
61628 38097
75835 34108
76279 32990
74079 31202
70415 35437
74957 34952
73576 39435
75835 34166
73662 33687
73781 31786
72257 36780
78983 36896
73781 31880
66596 33482
60995 35682
78372 32727
64206 38160
61709 39106
64060 34374
64026 31604
61709 39115
74158 31830
64616 37921
68086 37472
62825 33657
64206 38166
72836 39949
73621 39235
72599 39400
65444 38690
64772 37696
73621 39239
72599 39415
73781 31802
63104 33556
75835 34182
60995 35699
74158 31830
62825 33687
72308 36322
72308 36322
78372 32757
74000 32207
75940 32794
64026 31491
79641 36618
61556 37001
73661 31685
64616 38006
79511 30100
60995 35711
75716 33420
75865 35144
74000 32210
64206 38174
78819 30020
68098 30122
70859 35903
73576 39441
64060 34266
65839 38762
62823 30923
60995 35717
68698 36126
64026 31498
66886 30862
68698 36165
68098 30118
61628 37999
64122 30347
75716 33416
64060 34330
71604 39623
64026 31544
74380 33118
73781 31808
64616 38008
72836 39938
74957 34983
72599 39429
72257 36755
74285 39194
76046 32968
79641 36578
74207 30218
63524 30093
60062 38675
70072 32398
75940 32756
73260 32193
70595 31807
70990 36975
64772 37629
74158 31841
79511 30076
64206 38197
61628 38009
79511 30148
75716 33399
72308 36367
61628 37996
64474 30665
79855 38210
73576 39418
60062 38668
74380 33112
78372 32713
79511 30133
79511 30109
63854 32818
72308 36365
72684 39673
74158 31852
60995 35710
65741 33840
68698 36089
78372 32700
72257 36779
75865 35131
61709 39141
64277 31494
60278 33530
69325 36219
63524 30094
64026 31556
64026 31486
64772 37668
72836 40013
66238 34984
66596 33543
65741 33814
60995 37511
61709 39090
62965 30728
73867 38039
64772 37625
74380 33156
65162 36319
73621 39184
79511 30113
74285 39235
60995 35691
75940 32802
74285 39208
60995 35719
67696 37479
76299 31162
60869 33874
72599 39391
66886 30862
62823 30928
66596 33499
66596 33463
62823 30915
64616 37977
72836 39957
68698 36176
61948 31199
72308 36388
64616 37916
72836 40000
75940 32741
73621 39213
62823 30920
71640 32152
60188 32772
79511 30068
61628 37992
62823 30931
66566 33629
74380 33111
61269 30185
64616 37951
73781 31803
68098 30101
78803 38892
61628 38029
63551 38812
70072 32360
74957 34956
78371 36778
74000 32280
64060 34326
74000 32197
61628 38005
73576 39420
61375 33890
66238 35019
68013 37911
73621 39223
61628 38002
63524 30114
66596 33566
66886 30859
73781 31794
75835 34089
60995 35724
72836 39967
65741 33800
64060 34266
74465 38679
78008 32332
79641 36561
63551 38799
61628 37990
68698 36181
66886 30887
66886 30890
73621 39222
72257 36774
66886 30887
61948 31192
63355 33794
66596 33473
64090 33457
73170 37171
61709 39093
68112 34309
60995 35738
74207 30240
64772 37615
76046 32923
78372 32745
78372 32707
70072 32387
66886 30872
73781 31793
65032 37895
70072 32388
74207 30208
74285 39285
76046 32950
72836 39991
72939 38179
68098 30096
64772 37610
79511 30070
64772 37615
66886 30902
64026 31517
60995 35813
60062 38673
64026 31508
68098 30172
75940 32807
78372 32693
62823 30937
73576 39443
66857 35140
70415 35459
72836 40022
72257 36794
60995 35776
72939 38173
63524 30082
64026 31497
68701 30567
66886 30869
79641 36588
72599 39476
79327 38800
64772 37649
72696 39495
74207 30212
63428 38420
75835 34136
74050 31028
72836 39950
64616 38025
79641 36555
68698 36094
70415 35427
74957 34949
76299 31243
74000 32193
75716 33410
72257 36788
65093 34299
70677 32275
68621 33582
75535 39671
64772 37613
74748 33944
65741 33799
74050 30968
75716 33412
70415 35438
74957 35010
78199 32805
73621 39183
68698 36124
60790 37301
73054 30713
64616 37916
78372 32702
64026 31496
64772 37633
64026 31531
76490 32307
74285 39306
61948 31223
74207 30185
74285 39203
68927 30704
78372 32744
73576 39463
61709 39093
64060 34299
65741 33828
70635 33140
79956 33618
68698 36101
60995 35691
74000 32180
60790 37302
79511 30123
66023 38537
67261 39968
68098 30134
79511 30080
75716 33387
66238 34980
72939 38159
64060 34283
71682 31167
63524 30101
74957 35016
62825 33658
61628 37999
72836 39925
61628 37986
74050 30983
79641 36569
64616 38050
66596 33469
72599 39412
64772 37652
60995 35687
75716 33403
67350 34241
73781 31842
60062 38678
61709 39124
72836 39923
74000 32179
76299 31225
65864 32925
64206 38162
64060 34277
64401 33449
78372 32737
66238 34970
68112 34323
77911 33880
72939 38174
74285 39201
74000 32210
64060 34284
79641 36569
69834 33283
60163 30374
79481 32160
60062 38670
69915 34888
64060 34298
64060 34284
75835 34120
74000 32169
78372 32725
72836 40011
60995 35682
74207 30200
73054 30731
61628 38033
76996 35652
74000 32205
74000 32213
60062 38657
64206 38223
66886 30886
61709 39116
60995 35721
70072 32379
64026 31505
74000 32235
64206 38204
63551 38794
74158 31854
68399 36321
61634 39739
60062 38634
68621 33554
61628 38024
72308 36373
64616 37948
65517 39638
65444 38694
74000 32259
60062 38629
63541 37361
73576 39481
72257 36755
74050 31039
75835 34102
68698 36096
73821 31129
75835 34177
79641 36559
68698 36171
75865 35156
64772 37615
72257 36790
62825 33683
73621 39238
64206 38182
63551 38842
78372 32695
73054 30739
72836 39949
63524 30090
65741 33815
68698 36145
62823 30910
79641 36558
64772 37619
64060 34268
62823 30925
71989 35159
76928 30856
66596 33486
74900 32914
72599 39422
73054 30713
64026 31515
60062 38650
79641 36616
78372 32719
74285 39305
72308 36322
66596 33480
64772 37624
76046 33001
74000 32199
72836 39958
73621 39224
74285 39183
79511 30074
70072 32386
73781 31894
73576 39470
66596 33496
61948 31238
76046 32984
64026 31502
75835 34110
60062 38631
64772 37630
61709 39130
66886 30905
79641 36577
79982 34341
72836 39939
66596 33486
70466 35322
79511 30092
60062 38687
64616 38026
68751 31147
64060 34267
64772 37632
72599 39451
74380 33157
78372 32734
61628 38071
79652 38258
61948 31182
68112 34357
66886 30868
63551 38800
75940 32752
70072 32366
