X	Y	K
-15,52573767076660	14,07121612477380	1
-15,25369768368030	13,97420185514110	1
-15,08560845357840	14,21637149794840	1
-14,81778006487270	12,47792988189410	1
-14,81203054178480	13,28641995508220	1
-14,80828547769310	12,38778839627490	1
-14,77243071002820	14,77888820487650	1
-14,73044240227730	13,65701088500390	1
-14,72188139448300	14,65061063527750	1
-14,71181215614080	13,85691919711630	1
-14,70043823296770	16,46248556975100	1
-14,68197550546760	13,07026577671600	1
-14,67748403609480	15,17266632815420	1
-14,67229775393600	14,20690696000220	1
-14,66762032786990	14,87880188992790	1
-14,65354377199960	11,74968501194380	1
-14,62723203061290	14,97508317989610	1
-14,55143183946890	13,71859423412290	1
-14,53456700096900	12,85063100467800	1
-14,52528200144770	14,05416114473830	1
-14,48808288744540	13,48630249640130	1
-14,48309323449090	14,32369502127080	1
-14,47247109892010	13,74304728152300	1
-14,46675176745890	14,97560304757710	1
-14,44765506474180	14,24100477327190	1
-14,43982143104990	14,81367820117180	1
-14,42702342879630	14,29514766567780	1
-14,42296698673520	15,27088739275940	1
-14,41816673599710	14,40698575393740	1
-14,41666939071650	12,26390927597390	1
-14,40948371415110	12,97736231378160	1
-14,40264257923680	14,98637444503670	1
-14,39840964395480	14,55233201323880	1
-14,38519678639520	16,61732304876280	1
-14,36659878592890	12,27294025685550	1
-14,35972033481730	14,17288464313390	1
-14,33093398595060	13,64477093166880	1
-14,31567779976500	12,29520682419030	1
-14,31283046120610	14,20100105980830	1
-14,31217790944110	15,14439645721280	1
-14,28603066278820	14,69881556966100	1
-14,27420935946760	14,36541252266190	1
-14,27354656278330	14,39573302772460	1
-14,26252834453680	13,51341796928800	1
-14,24543310668950	13,10607178554800	1
-14,23781799047510	13,11026821805530	1
-14,23554890205020	13,04559504968030	1
-14,22982017082740	12,60476070434300	1
-14,22348245291860	15,33692107302210	1
-14,22197868096120	14,17453943269730	1
-14,21365798443330	13,55085638374140	1
-14,19614788452690	15,61138577593960	1
-14,19130530755420	12,87594730102020	1
-14,18798379392250	13,01965855910540	1
-14,18417873822500	15,33565805701560	1
-14,17611162252460	13,47809146327350	1
-14,15995094778430	13,51062394819730	1
-14,15395412440710	14,74511109099270	1
-14,14988656019630	15,22679276253490	1
-14,14217020736720	14,19959447650910	1
-14,13826460239020	14,54103365818190	1
-14,13616315891180	12,68346466362020	1
-14,13541898175100	11,94180437852770	1
-14,13342808053150	12,97999905694990	1
-14,10861555926020	14,56549396019240	1
-14,10639877258140	12,71944842232740	1
-14,10063890217890	12,48584418937750	1
-14,09846800347130	13,74948206316490	1
-14,09790565421870	12,04852812992280	1
-14,09722399044810	12,78151355112950	1
-14,09048392933420	14,87070924299830	1
-14,08272532924840	14,17953796651860	1
-14,07647497464220	13,35109344135030	1
-14,06806308061350	15,14517431705730	1
-14,06636114990690	13,49493720267330	1
-14,06311432553330	14,16194901273730	1
-14,05813254827240	13,10557734391030	1
-14,05154038041520	13,77641891377510	1
-14,04987139993230	14,02620691826300	1
-14,02588849063120	12,90773862602230	1
-14,01647260081730	15,15276935722120	1
-14,01521958081060	12,01613168373950	1
-14,01413357176520	14,40998475140690	1
-14,01389483860570	11,47522981236090	1
-14,00267532205660	13,82393685023570	1
-14,00081659065610	14,33601943531280	1
-14,00042944612970	13,91064820022570	1
-13,99232113059640	15,22031672238870	1
-13,99147940431580	13,57792199995530	1
-13,98439869602500	14,26708241999620	1
-13,98178665839700	13,85401012959840	1
-13,97924907127250	14,55665613279570	1
-13,96434286438150	16,45383820060490	1
-13,96137642729420	13,51960449782400	1
-13,95310638143460	14,03736237525870	1
-13,95138825510140	12,52523099504530	1
-13,94986267247640	13,79828115426120	1
-13,94706333495610	14,33141252442620	1
-13,93062826457120	12,88990161978660	1
-13,92844001629910	14,04183977595240	1
-13,92605342642500	15,12113414903460	1
-13,92482007771740	13,56162603053710	1
-13,92312245801090	14,61348500645580	1
-13,92213060667900	14,11529404670450	1
-13,91320403295280	14,47554260019010	1
-13,90562246572280	13,49306218797940	1
-13,90282424895350	12,28345309107970	1
-13,89992743874140	14,50219754407800	1
-13,88675639357730	13,42652830089830	1
-13,88412481168200	12,57135339240610	1
-13,86900252218660	14,11044212693490	1
-13,86539589565260	14,05456143887750	1
-13,86062270578940	12,94074240102950	1
-13,86006144291430	15,25169205879800	1
-13,85916738814650	13,92844046843730	1
-13,85910624812050	12,54846852649270	1
-13,85518784460510	15,45209758431910	1
-13,85387864974780	12,80831454034930	1
-13,84991119210870	15,51671088035290	1
-13,84321552845370	14,63525950128260	1
-13,84304439622640	16,04410849081040	1
-13,84231863174930	16,53711196305130	1
-13,84172745468190	14,59895974247520	1
-13,84171952980720	13,56577846814430	1
-13,84136658592060	13,00383401549660	1
-13,84013630170540	14,49034528118410	1
-13,83976925715230	13,41195726916160	1
-13,83961828243500	10,70255849418880	1
-13,83739893320980	13,30515024094110	1
-13,83672820505960	14,07169560049390	1
-13,83170877869580	13,45980615517690	1
-13,82083945096080	13,79328532829830	1
-13,81847505495960	15,38334016398830	1
-13,81647591266300	13,67702109761360	1
-13,81074627723100	13,49944878470520	1
-13,80756602403940	13,31667097368710	1
-13,80117408019290	13,24984090159630	1
-13,79990815400840	13,23535425447250	1
-13,79432222641710	13,46286249730430	1
-13,79195813582280	12,17506398113000	1
-13,79154927963150	14,03595192044070	1
-13,79118714405680	15,44184732159720	1
-13,79093932961880	13,01422128375110	1
-13,79092882718290	13,31711977835360	1
-13,78638288292900	13,58760636449480	1
-13,78159798237310	14,36229830383500	1
-13,78048878468100	13,08564224051040	1
-13,77668400248410	13,85057479927600	1
-13,77633404519500	14,71579507379320	1
-13,77285456608970	12,95940948186500	1
-13,76708287690160	13,42682303745770	1
-13,76507755411220	14,17189469814990	1
-13,76499296264190	15,12075687649400	1
-13,75901094287190	15,55668903113850	1
-13,75870829580400	12,35953074875240	1
-13,75835773195190	13,82750340915940	1
-13,75760736105490	13,08836845410610	1
-13,75578683724240	14,14417072475090	1
-13,75550309569720	14,59929954445440	1
-13,75126018137270	14,52128983617700	1
-13,74946412709290	14,70802860297100	1
-13,74631677728490	15,40502301098420	1
-13,74421473829180	14,38152247689720	1
-13,74220321624970	13,08253730209230	1
-13,74005602996420	12,28195709977800	1
-13,73863726264350	13,63233232618800	1
-13,73816469377480	13,93467327118830	1
-13,73658716616390	13,27998258535180	1
-13,73502234047920	12,06187027656380	1
-13,73471975008460	15,42113125376600	1
-13,72198017844210	14,30881398498680	1
-13,72156008693080	13,93231991596880	1
-13,72109421739900	14,01334000640400	1
-13,71504952286280	13,42735189313900	1
-13,71262744320930	13,42204618679160	1
-13,71070563575030	13,18052466626900	1
-13,71019548401780	13,50148989670570	1
-13,70978668992440	13,71957873587860	1
-13,70936341941370	13,57318055902750	1
-13,70841436419590	13,44930227830290	1
-13,70597418702270	15,16444854760800	1
-13,70574481395420	14,20791637631000	1
-13,70415936807960	14,79169019906830	1
-13,70280614779670	13,11757530189120	1
-13,70209386646890	14,78514734667330	1
-13,70010607342250	14,57581983552420	1
-13,69924001523620	13,37578366643920	1
-13,69860921863690	14,49814110173740	1
-13,69676037517160	13,81635963266570	1
-13,69439992848570	14,96402784532190	1
-13,68700995188510	13,97841404309870	1
-13,68624206095120	14,42247507295630	1
-13,68361999132530	12,27935194826790	1
-13,68028679821030	12,28458453601750	1
-13,67661645835930	12,93024779008460	1
-13,67476940451350	15,15590692487970	1
-13,67297220337480	14,06293581483840	1
-13,67082075270290	14,13469020463860	1
-13,66810192256460	15,14705376045570	1
-13,66615020515910	15,52778503472810	1
-13,66506418653960	15,60554618830930	1
-13,66394886893940	14,85315439000960	1
-13,66205661305900	13,52978913258810	1
-13,65825403291110	14,11270139118120	1
-13,65674976362500	15,27068327536070	1
-13,65561719120700	16,80999205974210	1
-13,65213541830470	11,86700030087050	1
-13,65174748688560	14,61110846089380	1
-13,65131305681200	12,46589625278080	1
-13,64992259502430	14,06311867076890	1
-13,64728579964520	14,53684852718530	1
-13,64600139270080	14,64170939366140	1
-13,63925177344760	14,45819880643340	1
-13,63905136472000	13,01884018832900	1
-13,63722497210330	14,88887838272780	1
-13,63583075125630	13,38980244919250	1
-13,63366133861340	12,98677581322750	1
-13,63214417690540	14,98151354213730	1
-13,62861876013980	14,44639553512460	1
-13,62449796590150	14,94685149836350	1
-13,62368201464360	15,64630512386910	1
-13,62248880256730	13,68847472287360	1
-13,62146223799760	13,39167314687430	1
-13,62144147861520	13,60033511710010	1
-13,61798775418060	14,30473918112410	1
-13,61636788363380	14,08647792075250	1
-13,61607012416260	13,65875174901980	1
-13,61420518306760	13,77670602860550	1
-13,61066755985280	13,51330234238350	1
-13,61026718056430	14,53675283713130	1
-13,60452889058630	12,88590659449240	1
-13,59762423595730	13,43659078697790	1
-13,59662299029880	15,00041339650090	1
-13,58794452299710	15,23834740920060	1
-13,58674596483120	13,76848951636360	1
-13,58591787561810	15,49963053339230	1
-13,58394472554920	15,94123292456090	1
-13,58291003251410	15,64273046266510	1
-13,58217404968240	12,12496030371480	1
-13,58190563488080	15,61562285602170	1
-13,58105148995650	14,25087563574140	1
-13,57856523294260	13,36659768010910	1
-13,57740793636060	11,45423390157880	1
-13,57303700566950	14,19615824588170	1
-13,56134915549780	14,61303920316440	1
-13,55636433937550	12,81334348127220	1
-13,55431213343920	11,89225609604620	1
-13,55254852061010	15,10869778636650	1
-13,55047681959000	15,79128416922520	1
-13,54887376383560	15,05662038518740	1
-13,54626768365700	15,61269886997850	1
-13,54200154657390	14,85871950167260	1
-13,53854196521290	14,49681009286140	1
-13,53815870859480	14,68288386359160	1
-13,53643100323940	15,12776235071230	1
-13,53321976649030	14,89977263842510	1
-13,53311261198470	13,87529763462890	1
-13,53189613105900	14,91534281409940	1
-13,53014325319100	12,30415304055500	1
-13,52947135709390	15,76907924677390	1
-13,52799875722170	15,17930432951860	1
-13,52716860470270	15,15262749530520	1
-13,52524372490640	14,74322334603360	1
-13,52123030744540	11,77129240825960	1
-13,52105002107160	13,47589002452550	1
-13,52034801081650	14,74297150807060	1
-13,51770271758950	15,24709591405030	1
-13,51261967872390	10,34667265971030	1
-13,51083769763330	14,40875891388730	1
-13,50794337820020	12,14102239361860	1
-13,50333591911010	13,24419746621760	1
-13,50331047442340	13,66213446397820	1
-13,50141835523800	14,33101142631050	1
-13,50039692443390	13,59420363673770	1
-13,49498884888770	11,53635878634200	1
-13,49283297777860	14,53340625277000	1
-13,48901077480590	13,73863457129880	1
-13,48698569139700	12,61159592802890	1
-13,48455348542200	14,29622015985220	1
-13,48196288048320	13,71687820114210	1
-13,47988719974780	14,19037873935650	1
-13,47816398147710	12,33159609591750	1
-13,47764983523490	13,91444076352400	1
-13,47716964717280	14,10395252354850	1
-13,47619057441410	14,10134892530490	1
-13,47159487769510	13,09801747765010	1
-13,47048718882000	14,72970029442570	1
-13,46896453607240	12,74996338836560	1
-13,46644969647730	13,03404777761020	1
-13,46166754535660	14,72673529820610	1
-13,45508628145630	14,57359021168920	1
-13,45276253654150	14,87048795741050	1
-13,45212455445590	14,02764524316610	1
-13,45205841286420	13,80986493258570	1
-13,45124138980120	13,24492278230860	1
-13,44879494681500	13,12658791943460	1
-13,44637805560230	14,69558741636640	1
-13,44323151904260	14,50945968939070	1
-13,44223883311490	11,79464699050740	1
-13,44116225398430	12,40453209713390	1
-13,43935683626680	14,13581179659600	1
-13,43619216968490	14,40540353450260	1
-13,43501238363850	12,89778808392320	1
-13,43307253770430	14,31563371187140	1
-13,43044446581980	13,58877653321790	1
-13,43035659385160	13,09888975262190	1
-13,42999794116440	12,00028978998780	1
-13,42989988465090	14,48354450748290	1
-13,42922027469550	14,45892584155290	1
-13,42779595677250	13,37806013047310	1
-13,42752598439130	13,22607296707720	1
-13,42613961816600	14,34024691666410	1
-13,42606339982060	12,55887435500490	1
-13,42507397243390	13,33571396575550	1
-13,42435865836200	13,47570423388870	1
-13,42402814751040	14,67354497437140	1
-13,42232626387850	15,36795526714110	1
-13,42156641837860	12,07861939059900	1
-13,42094792849960	15,12740430075540	1
-13,41969251666060	12,84644221912050	1
-13,41698560485340	14,54042511132540	1
-13,41551541777990	14,32064581928420	1
-13,41536057507800	13,94359226300840	1
-13,41402658604380	13,82512350110260	1
-13,41247973126780	13,13474060611760	1
-13,41225595040940	13,97862508412640	1
-13,41120375894860	14,69493034209760	1
-13,40920596980540	15,28331685148480	1
-13,40716410269260	12,91296459242550	1
-13,40714222418280	16,19707200233750	1
-13,40663093812590	14,09040738903150	1
-13,40581910401150	13,27177008402400	1
-13,40504075139120	14,18581918905410	1
-13,40453331054540	13,63297098116360	1
-13,40210375928690	12,75903759356260	1
-13,39431597313380	11,91073424252690	1
-13,39214191372540	13,02618616666940	1
-13,39148779698530	14,24233362981490	1
-13,39144538204490	14,82286197237270	1
-13,39082579187200	12,86280587093960	1
-13,38926408883120	12,93910253256470	1
-13,38839005944520	13,24077449843430	1
-13,38549636103690	14,02019827247650	1
-13,38473003940810	14,05446001706080	1
-13,38373434157840	14,08520402919000	1
-13,38146493917900	14,80035735238370	1
-13,37826164842360	12,38586848717080	1
-13,37659207518600	14,02245432621500	1
-13,37495756136380	13,09703713383140	1
-13,36857883313030	13,75842802982710	1
-13,36730992178200	12,32613270426800	1
-13,36723876215860	14,03303592466080	1
-13,36493164387300	15,41821829475990	1
-13,35942070049410	13,48932876209220	1
-13,35830150093770	14,94358498256040	1
-13,35573782237960	14,19305665935250	1
-13,35512583292590	12,71120481663010	1
-13,35395314454830	13,24600684342340	1
-13,35295048432700	13,90346172875700	1
-13,35079245518110	14,73989035579450	1
-13,34716785787830	13,88794118879730	1
-13,34611832291630	14,32419156952320	1
-13,34533541847900	13,60109796671600	1
-13,34517680579440	15,01678250081330	1
-13,34201100219420	15,43260452080550	1
-13,34177736624720	15,12471214693820	1
-13,34153156044390	13,14923062974990	1
-13,34142264253870	14,96259196997440	1
-13,33839939074230	13,57252190301920	1
-13,33461761352470	13,88381625630900	1
-13,33291002165360	16,38364244080780	1
-13,33205861167900	15,11345881819670	1
-13,32841440466690	12,43712877131020	1
-13,32665294920900	13,38844163120390	1
-13,32311607462970	13,90030577765900	1
-13,31876144642710	15,73285850487960	1
-13,31828590096090	14,53357428660950	1
-13,31458345391420	14,80465326494110	1
-13,31432689136340	14,21183728255480	1
-13,31171037315280	12,86345896206360	1
-13,31065351939300	15,81875857552990	1
-13,30809566284280	13,81111274917090	1
-13,30705641819980	15,28483433590300	1
-13,30694635667700	14,60307912737360	1
-13,30679194807240	12,70846785893480	1
-13,30011887732980	12,09718381669200	1
-13,29982318346940	13,69632334744420	1
-13,29929321219290	12,94170762528830	1
-13,29552961387530	14,24704608637630	1
-13,29237594072000	16,22429630803520	1
-13,29071474338890	13,97041716872390	1
-13,29038839575310	16,07901891917100	1
-13,29037040084950	12,65130820913130	1
-13,28884216349370	14,96853036489060	1
-13,28260067269990	14,48475744991380	1
-13,28095800969840	12,83832832893080	1
-13,28060399595410	14,25003333731160	1
-13,27962681785290	13,36733267061680	1
-13,27857828311740	12,86363903021830	1
-13,27524727065770	14,72448629699540	1
-13,27311925735120	14,71772955472490	1
-13,27046259617600	13,11590878744450	1
-13,26741718594910	13,75058293078400	1
-13,26708441663550	13,51681911750260	1
-13,26665711776110	15,01087863638320	1
-13,26648498888360	11,63227359125700	1
-13,26335189573950	14,90273919288850	1
-13,26200361348420	12,93790181685120	1
-13,25873706977130	12,99569159140980	1
-13,25399964294400	14,60828681284530	1
-13,25316007041260	13,84472148983550	1
-13,25254761575830	14,41984844260070	1
-13,25180454305160	13,43230451216010	1
-13,25157916072880	15,17595772710100	1
-13,24986060299150	11,95531416381470	1
-13,24460721270990	14,45709189062520	1
-13,24335814266770	15,60834122480320	1
-13,24329313659300	13,02750579414330	1
-13,24179879978610	13,08995308097040	1
-13,24113948373120	14,55125131817670	1
-13,24021893864510	13,22352775375910	1
-13,23936672739570	15,60588677841290	1
-13,23699027619120	12,24333941206970	1
-13,23348402321970	12,28144773145140	1
-13,23325460825870	13,57706468331280	1
-13,23302956885040	12,91962540447130	1
-13,23070128164410	14,13515533228480	1
-13,22756859587090	14,00266140658670	1
-13,22569369409550	14,31354804861550	1
-13,22364725486530	13,67704669594990	1
-13,22287912552960	13,80475114215070	1
-13,22265424745650	13,43527106006370	1
-13,22105092314860	14,59286988513370	1
-13,21882605103450	13,42002705001760	1
-13,21560874420570	13,89677953487490	1
-13,21337949029800	13,93707942076590	1
-13,21260919281280	13,87424535783330	1
-13,21177609165500	12,72209609333180	1
-13,20731525721460	12,57988933836740	1
-13,20684034974810	13,81398015772810	1
-13,20634466676560	12,54206216546300	1
-13,20475105358110	13,54493487210930	1
-13,20382912666810	13,48588220728150	1
-13,20197307934430	15,04352142282850	1
-13,20026299342630	14,27762163201000	1
-13,19976752767290	13,90768022330080	1
-13,19870658743010	13,61512899102390	1
-13,19615996450250	15,39026476532140	1
-13,19583250241670	12,56076999527530	1
-13,19479927289400	13,21336437609380	1
-13,19230443291570	14,58725015104910	1
-13,19190895579440	13,30684081917050	1
-13,19083138679130	13,73289260717840	1
-13,18659097543200	13,26606514474890	1
-13,18356971688430	13,34855903766490	1
-13,18310357065990	14,17741491531790	1
-13,18308921714780	15,31834819805790	1
-13,18305385025280	13,61361882580680	1
-13,18270630153090	14,06675041520180	1
-13,18242142046930	14,34659204571900	1
-13,18147635169090	13,95503237586270	1
-13,18003437096950	13,68576415465930	1
-13,17834450074820	13,18291835981970	1
-13,17778951514320	12,51348572488700	1
-13,17631312221170	15,17493975442260	1
-13,17441581242080	12,40710487596350	1
-13,17203807344450	14,96935811600020	1
-13,16984513499740	13,48668134193640	1
-13,16762304026250	13,60098537635410	1
-13,16531796621150	15,17201564704590	1
-13,16302414159690	11,41864077163730	1
-13,16142035627700	14,55015333469310	1
-13,16108902517770	14,56828733084880	1
-13,15781555943960	13,46670493546510	1
-13,15622481656990	13,77545220652460	1
-13,15597178012010	13,67146989298890	1
-13,15559298174360	13,98696553324240	1
-13,15471526737540	13,25639455573940	1
-13,15364024891240	12,32794375307280	1
-13,14771125844270	13,36662694818400	1
-13,14720989868950	13,37054430461750	1
-13,14650975012180	12,15963727920040	1
-13,14532354108200	14,56305323229960	1
-13,14306432593460	14,20612636788740	1
-13,14216027068340	14,58715878726180	1
-13,14151297210400	14,45951390779150	1
-13,14126856883810	15,73833277851920	1
-13,14118989848310	13,08427320661070	1
-13,14110867931270	14,42760514868700	1
-13,14107913197290	13,67699440816250	1
-13,14036816694950	14,57032457357480	1
-13,13516249950360	13,71624190642070	1
-13,13201553835960	15,75743227274010	1
-13,13049918547530	15,52047828100540	1
-13,12978701361170	13,91212831987350	1
-13,12931232437630	13,48477247585850	1
-13,12814756343870	13,56592078045040	1
-13,12751213678810	13,56069666031020	1
-13,12721918542680	13,51161882879910	1
-13,12455930088390	14,67311991938600	1
-13,12407568089740	13,02510719771580	1
-13,12040598132620	13,34578646835460	1
-13,11978082052420	14,41406714279490	1
-13,11935494963470	14,18330680083470	1
-13,11583296701960	15,62981748901710	1
-13,11216818109660	15,88541132185830	1
-13,11095740006430	14,46314385978130	1
-13,11005600671130	13,73485584055850	1
-13,10877265129400	12,34925460460040	1
-13,10857907197630	13,47727381650790	1
-13,10834302729700	13,22137889274520	1
-13,10665605157740	13,38667374540600	1
-13,10549572183140	12,59161691979890	1
-13,10400201799800	14,24492125912020	1
-13,10345626689300	13,61068685188540	1
-13,10091909150440	14,12450364691040	1
-13,09988052975370	15,48413691540990	1
-13,09598047733940	15,24330227228010	1
-13,09248999784460	15,19524306918800	1
-13,09149805899780	13,57008618210030	1
-13,09032125682950	13,29192848760100	1
-13,08831074054880	14,13604505477650	1
-13,08716241046050	13,48394846456660	1
-13,08534489156770	13,37337408780620	1
-13,08474098222440	12,96723919155600	1
-13,08076801358200	14,45983442735460	1
-13,08025289893950	14,61032240493330	1
-13,07965965097550	15,17245990623790	1
-13,07936212739270	13,95177947388150	1
-13,07695319981430	14,38963189973590	1
-13,07572807898700	16,36055482546220	1
-13,07480753245980	12,82607086512350	1
-13,07391239296870	12,33660285795380	1
-13,07249657913390	13,48380837524490	1
-13,07111560780260	14,88689548312490	1
-13,07086660843610	13,57078411610850	1
-13,06964006726480	12,96680153117230	1
-13,06957530415430	14,87115565292160	1
-13,06772607063730	15,39605891388630	1
-13,06729943645690	13,71563244370760	1
-13,06522725176360	12,48150361091580	1
-13,06289019780870	16,14238266755720	1
-13,06207367227380	14,91358729535800	1
-13,06194968442310	14,16385832179860	1
-13,06174124285970	13,87521245730730	1
-13,05899109623170	13,72212151594620	1
-13,05826624056110	13,14952854957790	1
-13,05813543722550	16,48168415003510	1
-13,04863022312320	13,99520225997470	1
-13,04850565999050	15,20356691548390	1
-13,04843443564430	14,07415839307400	1
-13,04784679077600	14,04936962724440	1
-13,04603999716420	14,38460465174710	1
-13,04320326109070	15,79099634277900	1
-13,04193304498710	14,50923116536650	1
-13,03892223670410	15,41939111213260	1
-13,03884087506290	16,13133564843120	1
-13,03829945634800	15,58726591598450	1
-13,03782400231720	13,75641959846820	1
-13,03597245770940	13,99251024851090	1
-13,03526835062340	13,35134417390300	1
-13,03526590338490	13,43201539644380	1
-13,03512127695940	13,64228673222360	1
-13,03491093772560	13,00152762506110	1
-13,03330536843020	13,86478940205290	1
-13,03287905343670	14,58451497260000	1
-13,02772225979380	13,80023062539430	1
-13,02586288494090	14,76906198775460	1
-13,02441416841440	15,13530906021390	1
-13,02406175671460	16,29575159882930	1
-13,02197962322260	12,51650305390660	1
-13,02197016755250	14,63968065438710	1
-13,02143324093340	12,95892528759820	1
-13,02122312492280	13,90608867588380	1
-13,02075360047330	13,54478583474330	1
-13,02055459137780	14,44868350208770	1
-13,01920891798980	14,37935177643980	1
-13,01892650397410	14,47793818824350	1
-13,01842375809580	14,52045533160880	1
-13,01693324034640	14,48477952576000	1
-13,01665734302180	15,44811468981860	1
-13,01605563219960	15,24971902961570	1
-13,01336860369070	14,27255414406680	1
-13,01250995420680	15,06634423610340	1
-13,01163991247120	14,24306583326090	1
-13,01013001149550	14,88241395251690	1
-13,00957109937440	12,90433334321830	1
-13,00811602273940	15,18139621682040	1
-13,00805861152470	15,00798049254640	1
-13,00789473670280	14,33532861882440	1
-13,00775673762620	13,94414078472810	1
-13,00609865826010	13,90154099824320	1
-13,00600336710260	14,98401112715930	1
-13,00516710108240	13,05482800416270	1
-13,00509424468990	12,90665739155410	1
-13,00204268451940	14,51197834783670	1
-13,00115041688290	14,77134027674730	1
-13,00106182977520	13,50728667626540	1
-12,99958822735590	12,94176197954840	1
-12,99683366131520	16,85376874708290	1
-12,99629014110190	14,09643928910710	1
-12,99505543943130	14,05975299190500	1
-12,99277481525590	14,32985469276610	1
-12,99207185329550	13,92182429864240	1
-12,99194388651330	12,85411989274360	1
-12,99131887462450	13,82395321236730	1
-12,98669132103540	15,30065399760610	1
-12,98357894224850	14,34994219032470	1
-12,98152086483950	13,66854932779400	1
-12,98019459257350	13,38872360109500	1
-12,97904730400580	12,88102700993970	1
-12,97837287442950	13,58489130916870	1
-12,97703618770910	14,30094858539730	1
-12,97703390638700	13,34053965786490	1
-12,97654879626560	15,33729280334380	1
-12,97599354249960	13,92861646350180	1
-12,97463279503910	14,20699198877780	1
-12,97365385156090	13,73232914132190	1
-12,97358501621920	13,39195183802730	1
-12,97285704663190	13,36450201394800	1
-12,97181639415690	13,87953057829610	1
-12,97178124491400	12,67197431469110	1
-12,96908774391360	13,30055547264190	1
-12,96781415598020	13,98245690322240	1
-12,96740524397880	13,45669575965640	1
-12,96641931964090	14,28502937033730	1
-12,96628698524090	15,38253903244450	1
-12,96583002928200	13,73348891112320	1
-12,96509230274080	13,01657770373680	1
-12,96449503247260	13,93043741683280	1
-12,96400251116750	14,32670609914000	1
-12,96364717023660	12,77138707010330	1
-12,96272345508340	15,13038240028250	1
-12,95886420634770	12,49615921089760	1
-12,95808870101920	14,05779316256240	1
-12,95798960243860	14,21958109281500	1
-12,95798290362600	15,82082957472360	1
-12,95738011682180	14,31012878504640	1
-12,95643539926740	13,25630254224950	1
-12,95632283225460	14,14578854411570	1
-12,95522410336010	15,19403435076960	1
-12,95409345076610	14,36353180488170	1
-12,95323412672120	12,57721345748060	1
-12,95269206141240	13,20188049016380	1
-12,95139219618410	12,86881653767400	1
-12,95115917501850	14,06595626860300	1
-12,95089040694200	13,24915128964780	1
-12,94995859323290	12,73810077930860	1
-12,94950501756250	12,76132977495590	1
-12,94769995553090	12,85297038108080	1
-12,94646017293820	13,49594790528400	1
-12,94615819342940	12,72252170541410	1
-12,94570511315020	12,70828054423500	1
-12,94363087005100	13,26088141558070	1
-12,94278349952240	14,92073935651330	1
-12,94077135643470	13,21515438531990	1
-12,93855760687160	13,48849243840200	1
-12,93774141687710	13,64018130992120	1
-12,93765254511670	14,30263673082550	1
-12,93587393179890	15,29675124260960	1
-12,93568962903280	12,68693169132450	1
-12,93415267605030	14,37561027497840	1
-12,93411412555110	13,54504094525380	1
-12,93360885240600	14,00788709572550	1
-12,93348442019610	14,86783802047240	1
-12,93310940820450	13,92500156783290	1
-12,93191544534470	13,76328910809830	1
-12,93094463117420	13,78417115603890	1
-12,93089790915440	13,46188742590980	1
-12,92941377186180	13,91542196289250	1
-12,92716329120900	12,53227243042890	1
-12,92543414313840	15,58107859042570	1
-12,92487642757990	14,47519784518310	1
-12,92430270250690	14,22738576482930	1
-12,92414170526440	14,62440789188930	1
-12,92335575967680	14,95359019924640	1
-12,92325657239980	14,19790296453410	1
-12,92082024105050	13,58361790868670	1
-12,92005844159100	13,50177359003450	1
-12,91990386666870	12,69880273131620	1
-12,91981822334490	12,78671155296110	1
-12,91875053644680	13,51369276284060	1
-12,91833005949550	14,98105287524460	1
-12,91633866410310	12,93501380074040	1
-12,91615059189760	14,95078732665350	1
-12,91513561110380	13,80092544112110	1
-12,91305944305870	16,49783499862430	1
-12,91220396050820	12,37116313628000	1
-12,91186316705810	14,41898802311710	1
-12,91090423897740	15,04678148723130	1
-12,90901126972730	14,79300347369770	1
-12,90714358158920	14,61274010148170	1
-12,90680811819070	13,66006427933810	1
-12,90564169437590	11,58269567347910	1
-12,90559358149560	15,59579547362210	1
-12,90497049416030	12,88707686108740	1
-12,90446024870510	14,97913205304080	1
-12,90212029106400	15,25252660649060	1
-12,90116341266820	14,85863528031070	1
-12,90001686789500	13,51136317400260	1
-12,89993577577280	14,22239398615660	1
-12,89837404510780	12,61991853684280	1
-12,89758647094830	15,90411216158740	1
-12,89479057592370	13,88843574139530	1
-12,89409201850220	14,40751534247300	1
-12,89330460076530	12,34532706861270	1
-12,88911271894110	15,04148916580190	1
-12,88866030427960	13,67541199792260	1
-12,88843290855650	14,19088393112620	1
-12,88660223371020	12,71206343781740	1
-12,88256469500120	12,94178322590430	1
-12,88225140585400	14,46223375514760	1
-12,88042725272860	15,11629747356990	1
-12,88005050204060	12,47633343917410	1
-12,87797165187860	12,94097440480970	1
-12,87779607622980	16,39526094778290	1
-12,87707476720540	14,91135046575170	1
-12,87357181969960	15,96843778672510	1
-12,87172331905020	15,12793246402500	1
-12,87149097308280	14,65490090922640	1
-12,86898906098120	12,91646866939770	1
-12,86826345347860	14,57381192333480	1
-12,86774079712890	12,98390504727450	1
-12,86661821902990	13,46089042866460	1
-12,86573293748340	14,36385575147490	1
-12,86556430077630	12,83666487606250	1
-12,86524500826920	15,27363600968120	1
-12,86388392826510	14,50508878594390	1
-12,86255394500070	12,75148591671830	1
-12,86162399035280	13,65264368994170	1
-12,86134773942040	15,20667439444960	1
-12,86124436272810	14,91499367177400	1
-12,85909303302300	13,35876657704720	1
-12,85852208859040	12,99044549535480	1
-12,85619945296990	14,71176915581060	1
-12,85550257931350	13,23492966346010	1
-12,85515008796710	13,70824526494450	1
-12,85496146281290	13,90524334017750	1
-12,85467383522330	12,75043352921750	1
-12,85271163583970	13,84472169759770	1
-12,85122927810770	14,54047935675190	1
-12,84998029397820	13,81879966139310	1
-12,84996602624180	14,80570026588470	1
-12,84814556728430	14,56368782999510	1
-12,84665115658620	15,11769534852410	1
-12,84604958118090	12,96994530859330	1
-12,84583551897130	13,65576702228800	1
-12,84407344966360	11,95016011005540	1
-12,84362951144730	13,79431744673070	1
-12,84165622449900	12,95209129386870	1
-12,84021098160010	13,16811326546840	1
-12,83774518390410	13,28214449166330	1
-12,83560919697190	12,72056184479480	1
-12,83532947472440	14,85857977389560	1
-12,83181557078950	14,48972043456670	1
-12,83062202526940	14,15323433752910	1
-12,83027631295800	15,55717560905870	1
-12,82975197604200	15,83271404809250	1
-12,82954899444400	13,85658067975580	1
-12,82661735177110	14,27695056511510	1
-12,82650858497680	13,19409921286630	1
-12,82643578207700	12,66823193999260	1
-12,82557018892910	14,00688070346800	1
-12,82449115823890	13,46599055949490	1
-12,82445390241390	12,12037116014810	1
-12,82347386079920	15,39519468340620	1
-12,82119335341490	15,49841427896290	1
-12,81779481785240	14,59677726595090	1
-12,81738930904260	13,57946374240680	1
-12,81680185578750	13,00989717321180	1
-12,81376933449100	12,81300635236010	1
-12,81158992206020	13,36254296544870	1
-12,81154299878120	14,20519801121990	1
-12,81132598912160	14,96363714435240	1
-12,80989815099760	15,55620316701090	1
-12,80654386723970	14,98221075804880	1
-12,80470108124240	15,61256945306510	1
-12,80425545998760	14,07793566414210	1
-12,80393309867100	13,07248691582610	1
-12,80378114006650	14,24102766945760	1
-12,80044586372280	12,34194725015680	1
-12,80007205446540	15,12963229144840	1
-12,79680356758200	13,85050358752710	1
-12,79565371010290	14,87880614304980	1
-12,79544675326700	14,55640821593930	1
-12,79536605735720	13,83212047122070	1
-12,79369912790020	13,21657825174810	1
-12,79292003384710	13,66167504552440	1
-12,79025122847230	15,25901519959990	1
-12,78754428731780	12,78673698086260	1
-12,78676449695650	12,85887572321330	1
-12,78606418836540	13,37253982752720	1
-12,78592794993600	13,23663597615360	1
-12,78454925526820	13,47115430744540	1
-12,78404210458950	16,04205149210270	1
-12,78335274347060	12,42467847428780	1
-12,78288887734660	14,22960410333940	1
-12,78128557302680	14,03192540244530	1
-12,78083761194780	14,25589706129430	1
-12,78054579021540	14,81642355601790	1
-12,78050201410760	12,13060733859750	1
-12,78022894320300	14,55471365957940	1
-12,77943118118590	14,42375263330810	1
-12,77905484194300	13,71355565830320	1
-12,77903661815690	14,35230318455470	1
-12,77788778332220	13,63908033969060	1
-12,77578060556150	14,01830922220060	1
-12,77495723389750	14,48883701626940	1
-12,77359029518290	14,11859724070020	1
-12,77234437901150	13,58140680967690	1
-12,76951388645280	14,50066579256850	1
-12,76823018495850	14,53562832595520	1
-12,76634770025540	14,68828332366840	1
-12,76331191084700	13,17807458997260	1
-12,76226063301270	13,19470238383490	1
-12,76149875517480	13,39099441034480	1
-12,76121673592320	14,05968705987500	1
-12,76011863645460	13,66245986481300	1
-12,75986068556020	13,70647596941990	1
-12,75947206969730	13,60297522421780	1
-12,75671868489350	15,57590530453500	1
-12,75592529202940	14,55336350486470	1
-12,75503331050930	14,52508487185550	1
-12,75470059547360	14,06055723359770	1
-12,75446733212180	14,14062146475510	1
-12,75345999525520	14,58694391515910	1
-12,75298111003480	13,39720142812990	1
-12,75142458361950	15,36020975074570	1
-12,75112325839860	13,98885346970100	1
-12,75076289798210	14,29811616290610	1
-12,75021998678320	13,73024085244730	1
-12,74710715178050	12,70092520755070	1
-12,74674214523740	12,94160636954740	1
-12,74600380574010	13,85029433584410	1
-12,74579147148620	13,48262414677810	1
-12,74543623732010	13,43278670289530	1
-12,74486100062390	16,69747046688370	1
-12,74421064512270	14,54647471000660	1
-12,74403503601220	13,92206480528730	1
-12,74348262966900	14,19067829391450	1
-12,74193750474160	13,12149119207450	1
-12,73934149055440	13,71603091680170	1
-12,73831930656050	14,42316738712460	1
-12,73807988020050	15,70891741337000	1
-12,73721672724160	13,18613840337940	1
-12,73664234420370	14,16457240307270	1
-12,73557196432750	12,89661035016990	1
-12,73493774632370	14,06182851727050	1
-12,73464336186400	14,02122826587070	1
-12,73360167317000	12,78190272221740	1
-12,73322110796020	12,07889549136400	1
-12,73185695933220	13,95820838590050	1
-12,73146466857260	13,47145234034300	1
-12,73128824069790	13,26199173082280	1
-12,72959043044270	13,59914745692110	1
-12,72901285726740	13,34220912853860	1
-12,72866896763440	13,59247815441690	1
-12,72819478092110	13,83470763623360	1
-12,72748472889150	14,11121266925100	1
-12,72261359256640	12,40477500032940	1
-12,72227764610340	14,93553305808440	1
-12,72214336490070	13,42665530892260	1
-12,72196220753150	11,44636665582460	1
-12,72169433633410	14,60208908407670	1
-12,72146581008890	12,92030389050070	1
-12,71720659999670	13,20941231666750	1
-12,71686110700590	14,67153888339270	1
-12,71641235400470	13,40555276929000	1
-12,71545259843190	14,55702180216530	1
-12,71406351817420	14,64251868555190	1
-12,71404736066080	14,55764321234900	1
-12,71316712949810	14,39648812715290	1
-12,71311116299820	12,57531745511240	1
-12,71282137187420	13,54997506292250	1
-12,71221275809460	13,21500813077800	1
-12,71058469407310	12,46059603585400	1
-12,70898908691310	12,96171831039610	1
-12,70855540164840	15,03408999843040	1
-12,70846581282300	15,12741816387460	1
-12,70836412430540	13,18633513242200	1
-12,70747075490820	14,65997579561550	1
-12,70745023969080	13,38067570935950	1
-12,70683468383820	13,67449154701650	1
-12,70603281637420	14,46117957586760	1
-12,70572613785340	14,70417869141930	1
-12,70503403081420	14,13871425168460	1
-12,70363086350500	14,13681780095000	1
-12,70277732840240	13,00107031160840	1
-12,70117467715750	16,35175636333890	1
-12,69789996437400	13,00166893862340	1
-12,69734204829280	13,36380756148580	1
-12,69437398547410	13,94072097253450	1
-12,69229607889390	13,96721516471990	1
-12,69061764814250	12,64333374123600	1
-12,68989854313030	12,62308613610160	1
-12,68888509754880	13,70590717746350	1
-12,68864372345100	15,73160934083260	1
-12,68725647802540	14,15042610493520	1
-12,68719402618860	13,49403556012970	1
-12,68587350363230	13,20996065740160	1
-12,68530068139310	13,88778137603040	1
-12,68523577146200	12,12594696537190	1
-12,68514305876760	13,30278465294610	1
-12,68471327346940	13,94885454399510	1
-12,68417821843000	13,64884400702680	1
-12,68396669240480	13,53108475860220	1
-12,68346710764080	13,04816821779660	1
-12,68295996153070	13,11771112399620	1
-12,68292015738300	16,17871990568600	1
-12,68273901950830	14,98061691792990	1
-12,68262733842520	13,13110671011970	1
-12,68096081517570	13,89569464594850	1
-12,68053679509130	15,26936185033610	1
-12,67956280392490	12,65968177162690	1
-12,67943551802110	13,70505847625890	1
-12,67834638442940	13,73026376422310	1
-12,67457334783230	13,48719280698080	1
-12,67292200352320	12,43998395142560	1
-12,67277496748770	12,42841093977070	1
-12,67235547596680	13,78318103456480	1
-12,67223672668880	15,50007647895710	1
-12,67211058502630	11,75697079979320	1
-12,67192719027720	14,07862653721570	1
-12,67159671830780	12,32555844550850	1
-12,67034103253640	12,74241418022300	1
-12,66938525300150	13,62726030900320	1
-12,66929375690420	12,24329808497400	1
-12,66897160537860	13,06702594064410	1
-12,66896541718140	13,94008310351850	1
-12,66859443989600	12,24229023476820	1
-12,66823897567380	12,60629023131030	1
-12,66799197146500	14,46060261026350	1
-12,66670578648900	14,54604310304890	1
-12,66603824901550	15,50089612746210	1
-12,66538582298590	14,71048843268330	1
-12,66499017508840	13,64868572257990	1
-12,66386534643920	13,72039774165220	1
-12,66365974504660	13,80138925228020	1
-12,65829864468420	13,41989879141720	1
-12,65813031066690	13,24899674377060	1
-12,65679638260910	13,83509624203590	1
-12,65591193724010	13,70611842184220	1
-12,65576491879550	12,88894854398760	1
-12,65410109789170	13,82040337465090	1
-12,65396874123510	14,70097179741680	1
-12,65367730826160	13,68719701322380	1
-12,65308051977290	15,03575795068450	1
-12,65268058108840	15,41695754220360	1
-12,65251362529540	14,69403533425860	1
-12,65234712987260	12,55252714500930	1
-12,65228694694820	14,92504345092040	1
-12,65060589064080	14,55154115917700	1
-12,64998785397650	14,25309996189130	1
-12,64938272577870	14,17095654582780	1
-12,64918187357080	14,16882645078100	1
-12,64904128017920	13,07520578312160	1
-12,64624915350160	13,43552714658250	1
-12,64549783095120	11,91310245568630	1
-12,64194221130480	15,04697277730840	1
-12,64149378374630	12,56429633224970	1
-12,64024971323470	14,89056801726860	1
-12,64004379179910	13,95789869849760	1
-12,63920442301420	13,92247944342460	1
-12,63917060997820	15,98356731187500	1
-12,63719861579550	14,73308669903380	1
-12,63671260229100	12,41809057105260	1
-12,63616114649370	12,93388286340910	1
-12,63584546029690	12,91427846998030	1
-12,62794967139980	11,70592320158580	1
-12,62702673851340	13,30929415480290	1
-12,62624768245710	14,27684490562140	1
-12,62590804045680	13,74359288689450	1
-12,62464286222770	14,33312619203660	1
-12,62431649881450	14,95233231205130	1
-12,62130954910090	13,46605864385190	1
-12,62094091833560	13,53383675573120	1
-12,62080155781490	14,14056772314740	1
-12,62049296435380	13,76970217974170	1
-12,62048158319670	15,05424406648530	1
-12,62040165824180	12,20326935242130	1
-12,61880878228660	14,25492104149050	1
-12,61802682418410	15,76548600750800	1
-12,61779682955160	13,78594627748720	1
-12,61778657498050	13,47048948855790	1
-12,61693005649750	14,26571498203960	1
-12,61663283907750	14,41710248735110	1
-12,61628978546440	13,44585050159300	1
-12,61370398900040	13,35195957233480	1
-12,61313786652170	13,36476690702810	1
-12,61102319982750	15,15190782658290	1
-12,61000019938240	14,58065922911190	1
-12,60994121811770	12,65199672576120	1
-12,60871039171180	13,28935184127210	1
-12,60739607472220	14,38094321480680	1
-12,60720267036930	13,44699568324350	1
-12,60682342688360	13,68787343284560	1
-12,60494352143780	12,25979867879570	1
-12,60457681163280	12,07963546353340	1
-12,60430035709140	13,60636845849570	1
-12,60356916173520	11,85198566447870	1
-12,60199264521800	12,52820530515890	1
-12,60184457738210	13,39395623708580	1
-12,60157770914930	14,40131433809020	1
-12,60016143677440	14,76786133154070	1
-12,59751083195210	12,60316963629770	1
-12,59626097604520	16,10582782267860	1
-12,59463216752430	13,24426584319770	1
-12,59448099269420	12,35613108970540	1
-12,59270080513560	13,93467328975240	1
-12,59116293477070	13,45590609472420	1
-12,59033652667900	14,44123139636810	1
-12,58951605863220	15,16933006678070	1
-12,58930974382720	13,36348842721760	1
-12,58771060141300	13,44573113633450	1
-12,58743732121090	15,04556022698020	1
-12,58653682815240	13,91250111492630	1
-12,58429898832390	14,52036709388950	1
-12,58429395115060	16,16079558710920	1
-12,58257652225910	14,45598046454960	1
-12,58220038130390	15,45819744909660	1
-12,58213462896540	13,60837857378980	1
-12,58144697524020	12,45384225482290	1
-12,58053526349290	13,05658224377520	1
-12,57988232772280	11,48632857755650	1
-12,57716807601050	13,99906420206060	1
-12,57699061310060	12,49810204775320	1
-12,57574219372470	15,43860708348790	1
-12,57506872132180	13,73552908914520	1
-12,57425952760710	14,45547028025410	1
-12,57370642312570	13,44228958745130	1
-12,57321211545540	13,94306627576770	1
-12,56951634971710	13,16937695685670	1
-12,56948899993880	13,75082930710060	1
-12,56833632667950	14,15467760217670	1
-12,56735916254090	15,49973292041840	1
-12,56618616985780	14,28327425468820	1
-12,56530289743550	13,12477570526160	1
-12,56380101945300	12,90354328800730	1
-12,56182324639760	15,88167158182820	1
-12,56176141062800	14,61536265123240	1
-12,56109557003310	15,18928580651780	1
-12,56082134313910	12,90087727314650	1
-12,55998809135450	14,14351600504060	1
-12,55767891028170	12,52311266288630	1
-12,55705393019170	14,03537351763710	1
-12,55648877900860	13,74892115783080	1
-12,55483686892510	13,55634391409990	1
-12,55425542692150	13,77033081878340	1
-12,55418881501010	13,32620351204220	1
-12,55376174977160	14,88970836769010	1
-12,55320907746710	14,04234932080350	1
-12,55278026063340	14,06344958498050	1
-12,55239661809710	15,37004413640940	1
-12,55156297262510	12,41225080730550	1
-12,55154197402330	13,40221415049740	1
-12,55152048029850	14,35770465095670	1
-12,55093290471840	14,31783064235500	1
-12,55017335607560	13,53440133801090	1
-12,55010171703590	13,29014698211000	1
-12,54986905819200	14,60389744690300	1
-12,54648846863030	14,37983599671830	1
-12,54635756908730	13,20145081929300	1
-12,54600296861670	14,04355186029510	1
-12,54478959521470	14,45885072807360	1
-12,54395983653540	14,64480594448340	1
-12,54245666205880	13,13015394901740	1
-12,54063949708350	14,09633802432730	1
-12,54062657206300	13,00649471129680	1
-12,53958542010520	14,28164493827160	1
-12,53886117183280	15,13664878195440	1
-12,53855521035230	13,19597598655410	1
-12,53847797987500	15,31258862034910	1
-12,53834737571130	13,07845398820660	1
-12,53784315045940	14,93742249233770	1
-12,53732904058720	13,62256035160280	1
-12,53664507681790	14,07298662839360	1
-12,53297593526210	15,26823957707040	1
-12,53291527440860	14,75108305991650	1
-12,53222272377800	14,33554761617280	1
-12,53192483215490	14,97719379067530	1
-12,53181645417250	14,25827371984820	1
-12,53176710296880	13,10019190617000	1
-12,53087945715320	13,98054119354690	1
-12,53018090415130	12,82725047193290	1
-12,52862201394340	14,74288554569800	1
-12,52767473402770	14,36149109354430	1
-12,52642041391220	14,46870813215200	1
-12,52329559749210	13,19942016892590	1
-12,52299679232720	14,42012604522170	1
-12,52273600945590	14,89340891676030	1
-12,52203385533210	15,66118880443980	1
-12,52109297886560	12,58688313774750	1
-12,52085797421610	11,92572435654360	1
-12,51984807177030	15,26634066921280	1
-12,51856464717000	14,73378274692390	1
-12,51833080487710	13,75523546300500	1
-12,51721538661970	13,72948804468790	1
-12,51706708173480	13,13551126588630	1
-12,51645408913850	14,31733613333140	1
-12,51597711410710	14,33106886294680	1
-12,51570248283270	12,83304361155460	1
-12,51532520382400	14,41686677858270	1
-12,51477721422660	14,79273379748380	1
-12,51390462719740	12,24497796941620	1
-12,51378411359670	13,92949646463640	1
-12,51319939592160	14,34040783937970	1
-12,51287766517930	14,43962679806540	1
-12,51285390987040	15,65740550995560	1
-12,51236189365290	14,92582828217000	1
-12,51157200908330	12,79523119636450	1
-12,51138725497290	12,43466448870230	1
-12,51112619922100	13,67853529457300	1
-12,51064434277060	13,72976231861660	1
-12,51033976309430	12,70218952540880	1
-12,50961795990150	13,50647015424500	1
-12,50922535365470	14,41745759995950	1
-12,50796262341890	14,90279320005400	1
-12,50761088970060	12,66046970666840	1
-12,50700505050210	14,12607470452660	1
-12,50622690569670	14,52434919514750	1
-12,50614695189750	14,15445355920990	1
-12,50519867943600	14,58044278809270	1
-12,50481402457390	14,71227140903840	1
-12,50436034183380	12,85471546527380	1
-12,50433529414270	14,09061028845160	1
-12,50255089512490	15,26189336896520	1
-12,50059101327010	14,32559093787170	1
-12,50048850634450	15,67963849206050	1
-12,49920459067460	12,11288045849250	1
-12,49492676955950	13,52362869477230	1
-12,49257496225010	13,57504274101620	1
-12,49229478674590	13,28155397800680	1
-12,49169697353260	13,94276694371550	1
-12,49156904446040	12,23309212326900	1
-12,49084442939260	12,52405012576980	1
-12,49051687377530	13,44801761428850	1
-12,48989895956070	12,45512282473430	1
-12,48803270363420	14,21775660068760	1
-12,48714477935830	13,20188773575440	1
-12,48403323971800	14,82167659411940	1
-12,48384713443690	14,01292735111680	1
-12,48347751272730	12,78189982229980	1
-12,48342507814440	14,11427270932030	1
-12,48171448537270	15,15948334966740	1
-12,48127281945900	15,34274008337870	1
-12,47586103260860	12,93667740687420	1
-12,47494568643680	14,21789089497490	1
-12,47416342909530	13,74525497366560	1
-12,47325189914510	15,41749448289220	1
-12,47042151500530	13,03526567735260	1
-12,46958077089180	14,08703498761530	1
-12,46891397376440	13,93680155241330	1
-12,46819232035130	13,31877422989980	1
-12,46750024945900	12,26687744197600	1
-12,46612896540710	13,81397962370310	1
-12,46417458071010	14,14543536595970	1
-12,46300309998380	14,10709037072770	1
-12,46280289062500	11,90016071246750	1
-12,46124051709680	14,30345167191500	1
-12,46119436730220	11,92265560890180	1
-12,45787822362340	12,20556004851170	1
-12,45787171998420	13,11696830590300	1
-12,45773452623650	13,58119865321670	1
-12,45613417197470	14,39697839503010	1
-12,45386376396070	14,55372031036450	1
-12,45335382986460	14,22697380324200	1
-12,45153607771360	13,07647965828270	1
-12,45139529641290	13,67216708229900	1
-12,44774889073920	15,16033932640770	1
-12,44752022671540	13,36647332983850	1
-12,44693748416770	12,66423287368370	1
-12,44657927158480	14,80248583185500	1
-12,44615422584300	14,02666813961360	1
-12,44521719707690	13,36910859996680	1
-12,44423547120940	15,18064580542550	1
-12,44262549456420	15,00083688731620	1
-12,44199834782610	15,37719552874300	1
-12,44123797435300	13,22531198087670	1
-12,44060514078090	13,78859217298610	1
-12,44004566944420	13,92277287520000	1
-12,43703948799070	13,85991490761490	1
-12,43638462272820	14,26833193535220	1
-12,43602572466610	14,08395895310480	1
-12,43400023947290	13,33100587252310	1
-12,43384316382420	13,35025700007150	1
-12,43250040040710	13,84196927697450	1
-12,43244935996210	13,91729683102910	1
-12,43225109937720	13,26140752062190	1
-12,43185979718700	12,21595554456830	1
-12,43166747277850	13,64860130323650	1
-12,43127964999640	14,00146059454600	1
-12,43106503650710	13,86554009302470	1
-12,43011674437410	13,48607136571950	1
-12,42876096785550	14,24094917592250	1
-12,42851053894000	13,52782352756750	1
-12,42816596585750	14,06902476983810	1
-12,42808558163490	14,19466042009570	1
-12,42779506119670	14,31088279655330	1
-12,42736609688150	14,56969791611270	1
-12,42690702108210	14,07386663576170	1
-12,42649292199660	13,89167400340180	1
-12,42400703866930	13,34776364734400	1
-12,42367888739880	13,02782034185630	1
-12,42316398068560	11,97441932983740	1
-12,42204763275700	14,72797008818110	1
-12,42135154585370	14,10338772092830	1
-12,42034723422360	13,27223780609330	1
-12,41989633768650	13,28483210067230	1
-12,41865730453810	13,70308590111420	1
-12,41833649896190	13,14532280237960	1
-12,41827207956590	13,24193015958270	1
-12,41648481924190	14,10967127184640	1
-12,41267582432410	14,87502437304430	1
-12,41191538552730	14,15765538569470	1
-12,41034788414770	13,12054101280540	1
-12,40956273496160	16,44049570714170	1
-12,40635418445510	14,51122176116230	1
-12,40612702375600	16,18928564723200	1
-12,40432265577690	13,80684347500030	1
-12,40386482043020	13,88463818483000	1
-12,40342130288040	14,17622038330420	1
-12,40333265240260	14,64164509101100	1
-12,40287298447500	12,44731212516580	1
-12,40243727687070	14,88372436994560	1
-12,40240397699280	13,46167101523150	1
-12,40094906454280	13,61495348330630	1
-12,39763323485380	14,52222038945640	1
-12,39668954763070	12,51535721034390	1
-12,39634639106830	12,93129685714830	1
-12,39613227915560	14,48966181342090	1
-12,39464173867360	13,63720367801920	1
-12,39102684739110	13,51504583954350	1
-12,38933374549060	15,03623381736150	1
-12,38911250440150	14,10748572936960	1
-12,38889601158270	13,71109303037790	1
-12,38824901682210	12,30486663418780	1
-12,38645759886080	13,78204440506880	1
-12,38542528427840	13,33042399975790	1
-12,38355041899950	14,08145971014710	1
-12,38311220333150	12,97676200004800	1
-12,38303566121240	14,71570105346150	1
-12,38205860225360	11,79157098404510	1
-12,38084863838700	14,16023195200680	1
-12,38083432453850	14,95647266008350	1
-12,37653985131580	14,19118590844770	1
-12,37645796675280	14,50421662827420	1
-12,37630179371180	15,51643146537560	1
-12,37614200080570	13,50322925822040	1
-12,37508240164610	14,23318765960070	1
-12,37450471584890	14,32235866112570	1
-12,37428716119150	11,92905666551440	1
-12,37392024582910	14,11425905417690	1
-12,37350606934240	13,75536244513510	1
-12,37333057363660	15,44477995058920	1
-12,37189762206550	13,98867143186300	1
-12,37116666818890	12,49240473867720	1
-12,37044875459830	14,83670129852740	1
-12,36902114385530	13,53771281836980	1
-12,36809478036830	13,43632298616530	1
-12,36705023067860	13,58979242646370	1
-12,36691049256860	13,39161258017400	1
-12,36687841062190	15,24963231345980	1
-12,36654127970280	14,75601492227680	1
-12,36589076434430	14,67631193336370	1
-12,36554152287590	14,37221124432350	1
-12,36375528605900	13,04199821865630	1
-12,36363331962890	15,53529518116790	1
-12,36337351795640	14,12701635197060	1
-12,36225699697770	14,63686993230020	1
-12,36212108119280	13,15678390468770	1
-12,35774157446590	12,93950381110150	1
-12,35638548479390	15,28591056808820	1
-12,35592355410430	12,77706697251600	1
-12,35485864453650	13,91393212767980	1
-12,35430110765170	13,57258720184290	1
-12,35426968469540	13,94747538959320	1
-12,35316941700340	13,51353556840750	1
-12,35313537333040	15,36100931515010	1
-12,35303859972760	13,18402987557300	1
-12,35289783145650	13,27098734110470	1
-12,35138940352590	13,22512940264050	1
-12,35084174441480	14,33756184855150	1
-12,35077389392930	14,40735864877290	1
-12,35029118471910	13,87930387411900	1
-12,34816133731290	12,82290261740180	1
-12,34751294524100	12,09452553740850	1
-12,34715129191820	13,82734509864710	1
-12,34677865674600	13,17671462800000	1
-12,34610342707740	11,82207832541450	1
-12,34562072208970	12,94635646549830	1
-12,34475956206830	12,83413571808300	1
-12,34310820099890	14,09907803659600	1
-12,34145354976820	15,07761014268160	1
-12,34062196123350	15,33484180778720	1
-12,33950646251860	13,66539733648100	1
-12,33940213738910	15,75077598167160	1
-12,33841505500930	14,05164255800830	1
-12,33770764254170	14,17500125379810	1
-12,33495595312350	13,33397126787870	1
-12,33468042396720	16,41085102130260	1
-12,33434099446530	14,56454374983360	1
-12,33433530970350	15,99178123647620	1
-12,33323191855610	15,21545114647570	1
-12,33215079300270	13,05650547909210	1
-12,33190624448090	14,08327795114270	1
-12,33041759154900	13,72935328592200	1
-12,32850368443390	13,79619727892450	1
-12,32799212369790	15,65696768682540	1
-12,32776127823890	15,43877028630930	1
-12,32575259739240	13,14977077647260	1
-12,32558923477620	14,36744082876000	1
-12,32440097453760	15,80531869491610	1
-12,32256985620840	15,47104959028440	1
-12,32246830821190	13,83600653361020	1
-12,32227916567490	12,96735160582130	1
-12,32181692080700	12,62620515090650	1
-12,32148534177060	14,37561975542030	1
-12,31965559738610	12,59133115705450	1
-12,31810163358350	14,24213522517110	1
-12,31742884854580	14,02734855427770	1
-12,31685936704890	13,48323164157570	1
-12,31633082205420	13,30647098442130	1
-12,31587785107780	14,29422455617510	1
-12,31568128147900	12,60083775529740	1
-12,31424056692780	12,91856713345540	1
-12,31367150668300	14,92377213243590	1
-12,31331427275470	15,32237903989940	1
-12,31123876069730	14,28244655904170	1
-12,31010799083410	13,02230568661790	1
-12,30946896420550	13,27211902672410	1
-12,30812598048440	13,32331395371070	1
-12,30664031862030	13,39393905737280	1
-12,30574646779060	14,40609920403120	1
-12,30485185066110	12,96654407299880	1
-12,30411324221440	13,42771583204260	1
-12,30366355176930	14,27285472479540	1
-12,30151359493340	14,91438568472650	1
-12,30086266110030	13,65187486118350	1
-12,30007709654110	13,33483375385530	1
-12,29908077497910	12,98403702475320	1
-12,29891875623770	13,09982907602460	1
-12,29880081937320	15,30709328005660	1
-12,29846406029560	13,55913961346520	1
-12,29758019762770	13,42879492968820	1
-12,29739822912990	12,76434609872350	1
-12,29679054137230	14,55710552363380	1
-12,29660953406660	13,10519219683230	1
-12,29660510720370	14,11448544034450	1
-12,29615188252890	14,81010909720490	1
-12,29585536633100	13,44859065962530	1
-12,29515054861850	15,25834643083550	1
-12,29499683119560	12,70223062242940	1
-12,29482693404970	13,93175554405530	1
-12,29452807075270	13,79966634959470	1
-12,29392125108910	14,40863860976610	1
-12,29086747000930	13,48777664325470	1
-12,28954071263550	14,36964215950940	1
-12,28838906933050	13,99494491390620	1
-12,28783358410750	14,12190486512790	1
-12,28707132701450	13,13141950265830	1
-12,28544475997050	12,97144750890930	1
-12,28541683289910	14,48871352779140	1
-12,28490185350860	13,73469161302790	1
-12,28452444325700	13,48862716929440	1
-12,28396557182230	11,69961550308430	1
-12,28314768388540	14,32704473708700	1
-12,28211623924770	13,00015843122820	1
-12,28133168498580	13,66951428181170	1
-12,28116286452490	15,81827605391560	1
-12,28098718209530	14,51131220010970	1
-12,27955245550180	14,77308143650010	1
-12,27733918201030	14,26608101155570	1
-12,27667302475440	12,34326340756950	1
-12,27666601866820	13,37852253112230	1
-12,27625389186370	13,72037162539520	1
-12,27597794583620	13,55450778058390	1
-12,27458920217210	12,44208096969860	1
-12,27409677310490	14,98498410034790	1
-12,27194805340500	16,78123611193960	1
-12,27166903098870	13,82374424977840	1
-12,27035198040800	12,14545246639510	1
-12,26965943086840	13,58206246018770	1
-12,26740033827520	14,07232565102900	1
-12,26641862981600	12,96535151174330	1
-12,26550543843760	13,90513775546780	1
-12,26530547863710	14,88029634573950	1
-12,26507259816710	14,00157691778180	1
-12,26481674050310	13,34745872448880	1
-12,26459560975500	13,05394614743800	1
-12,26433796112620	13,90974214457880	1
-12,26409551211410	14,05983799166890	1
-12,26312007987890	12,75629184189120	1
-12,26217008790510	15,35818573342400	1
-12,26154590391420	12,92602639908330	1
-12,26114861852590	14,87966017824120	1
-12,26073169300870	15,59586145953490	1
-12,25942005717860	14,06761088029880	1
-12,25927398750540	14,78424333987640	1
-12,25846466054750	14,57289508083780	1
-12,25723897860890	14,72343099270820	1
-12,25536172803830	13,93345599582690	1
-12,25483183740350	13,72624478149220	1
-12,25292362618130	14,52519554428350	1
-12,25262084365220	15,20147439813400	1
-12,24982495708940	15,39410988183930	1
-12,24968871608080	14,52081939941900	1
-12,24902677126580	14,09070946652860	1
-12,24886914716670	12,38075961640150	1
-12,24829675536060	15,30357242509600	1
-12,24818160811350	13,61709155872340	1
-12,24808733545440	14,80237749776120	1
-12,24807110724180	13,52961859162130	1
-12,24643940535470	12,34653693093970	1
-12,24591014104010	14,85393538754250	1
-12,24263895803480	15,33708608920070	1
-12,24218127828300	13,83365071007930	1
-12,24056578824000	11,21336359399820	1
-12,24048252388720	14,89907873356930	1
-12,24044426770460	12,84643488867680	1
-12,23594502020330	12,47443335219970	1
-12,23575718613260	14,49051472194820	1
-12,23566939254080	13,34963342885640	1
-12,23333406995690	13,60351306686920	1
-12,23194863083670	14,33196093335230	1
-12,23181900773780	15,59853792926080	1
-12,23172318902710	12,74225881907150	1
-12,23098910868450	15,27108327427200	1
-12,22906958057870	15,26494988886020	1
-12,22894424055690	14,67367651904410	1
-12,22726834189500	13,81147299235670	1
-12,22612482785680	12,81183552448230	1
-12,22606275794470	12,90957818510390	1
-12,22473262516380	14,56657393212390	1
-12,22356150815060	13,41521367026720	1
-12,22127300770400	14,13304431356190	1
-12,22104894663240	13,53374392613520	1
-12,22072331832000	13,42234109841140	1
-12,22065389671510	13,26758532228880	1
-12,22044108228970	12,90469278064230	1
-12,21919027258020	14,52018503880080	1
-12,21913904626940	13,05327718272420	1
-12,21906095191190	13,41708961316100	1
-12,21630485033490	14,16944945554290	1
-12,21624330368480	13,36914190510680	1
-12,21570569699230	12,91327051218830	1
-12,21510370057610	15,12448685192780	1
-12,21436441087950	12,76933084721240	1
-12,21352973557370	11,82070309833440	1
-12,21318012036410	13,54250596994390	1
-12,21258303470460	12,62876447043000	1
-12,21246538241150	14,57066206734550	1
-12,21110555764400	14,58699426025600	1
-12,21093458948220	13,36563842258590	1
-12,21087919553890	16,26706430072550	1
-12,20812659915110	15,13765707365680	1
-12,20794535331250	14,79085665510890	1
-12,20684733607140	14,68934336252760	1
-12,20670428146700	13,04617508952510	1
-12,20623734611270	14,70045466133610	1
-12,20598916191750	12,91203077331840	1
-12,20584768677100	14,15178372586920	1
-12,20472662627180	12,30359936247940	1
-12,20426346012800	12,73496139732520	1
-12,20419702994920	14,16790305591260	1
-12,20343629050670	12,65837594576800	1
-12,20227978670310	12,86156051815800	1
-12,20112773327530	12,37971760725810	1
-12,20089936094180	14,75829510384240	1
-12,20022200425240	17,12566029090680	1
-12,19985900109570	13,91405019234560	1
-12,19964203128560	12,41867047265440	1
-12,19831119241110	13,91003321521570	1
-12,19777756154170	13,56469976404320	1
-12,19619975367050	13,64085303355360	1
-12,19605736049940	12,70684545094650	1
-12,19454168977540	12,73172006199510	1
-12,19389704872140	13,58514312347790	1
-12,19065847357690	12,73042067004780	1
-12,19062364591100	12,85837980623910	1
-12,18973897233830	14,23184464318320	1
-12,18951548349980	14,22662733079100	1
-12,18905339353310	12,55565606534820	1
-12,18897922019780	14,97911524256030	1
-12,18810044854750	13,51798063413220	1
-12,18740937554760	15,08769443801470	1
-12,18578484078470	13,26813043838820	1
-12,18432622840420	13,10820516768330	1
-12,18396009776650	14,83528220839060	1
-12,18368242856780	13,94186169106130	1
-12,18314812934890	13,02254118786110	1
-12,18307780788070	12,97883364344820	1
-12,18264998355040	14,11558898708420	1
-12,18249681962740	11,28431590705570	1
-12,18212151662470	15,42767033821840	1
-12,17967219778590	13,61388500684570	1
-12,17957347192290	14,84369290374900	1
-12,17855126906270	16,97468895901570	1
-12,17768281872930	12,85108127081490	1
-12,17734272659340	14,43431996913400	1
-12,17595659003030	15,65051473005350	1
-12,17578403741880	14,83973273188060	1
-12,17548179885880	11,82794561932450	1
-12,17487778356580	13,22505355734210	1
-12,17435503763540	14,33180990596000	1
-12,17346938157560	13,61815858439280	1
-12,17310093336850	13,20880131964420	1
-12,17282709329830	12,55236179186170	1
-12,17225518653470	15,37920332684760	1
-12,17026109133750	13,20432488231940	1
-12,16975700321750	14,46140275112810	1
-12,16925373129060	16,02098442911670	1
-12,16915718449160	13,42837197602380	1
-12,16911716981200	13,60864367560220	1
-12,16746286969720	15,06911309771030	1
-12,16728647955410	13,26052046574420	1
-12,16648929719050	12,81949959088750	1
-12,16482214549450	13,81440499675830	1
-12,16452267819370	11,98239206715650	1
-12,16393293249480	13,99693375608350	1
-12,16280799133290	15,36533479251850	1
-12,16236210641180	16,31623347537900	1
-12,16215396041400	13,85166423459570	1
-12,16102395546070	14,32400636863970	1
-12,16000669671060	12,52423940618060	1
-12,15873085375260	14,47299875451800	1
-12,15857194611680	13,60334094315000	1
-12,15793436574830	14,11113523630080	1
-12,15697179232130	15,42689310964370	1
-12,15387792692790	14,60812727588130	1
-12,15320968360600	13,21036918784800	1
-12,15301050291710	12,62868580863720	1
-12,15257325339280	12,23132931731860	1
-12,15235095010160	13,02146337577240	1
-12,15168354423670	15,79008973045380	1
-12,15164754762190	12,38238842586510	1
-12,15095603760720	13,85405578248660	1
-12,15038327341920	13,46190783987030	1
-12,15026364544680	14,15336881562520	1
-12,14978360485990	12,57091966290250	1
-12,14962870247780	13,47260064632360	1
-12,14914082765010	14,19651181660660	1
-12,14898503197040	14,55302533901440	1
-12,14831105133970	13,07534281704550	1
-12,14802594286120	13,15669948930000	1
-12,14793870271240	15,74497006951090	1
-12,14786177856810	15,16560865413550	1
-12,14752344468140	12,75124706558210	1
-12,14752071659460	14,34785994737950	1
-12,14743486744270	15,87111972486890	1
-12,14703840877810	15,12940073538830	1
-12,14492343747020	13,90437390548160	1
-12,14288188684720	13,11688154415230	1
-12,14279857776020	14,41439596116700	1
-12,14264914330670	16,58617679434440	1
-12,14241035213620	15,27430475467800	1
-12,14235675744280	16,00103053384020	1
-12,14211806076270	14,04094063457020	1
-12,14027668352180	12,42018541606260	1
-12,13662329593730	13,01315897488260	1
-12,13658871068270	14,58755680180390	1
-12,13613570969360	14,57709338100120	1
-12,13592125863420	14,85405250839960	1
-12,13561101076930	14,33410192811740	1
-12,13490864533080	14,34319806771190	1
-12,13264049482590	14,26737998370980	1
-12,13248347415510	14,59449796605620	1
-12,13158351228430	11,97914689492260	1
-12,13025904401360	16,05398676959720	1
-12,13017223295420	13,82557842468370	1
-12,12998286007110	14,21587117996100	1
-12,12974395564870	15,89854924443780	1
-12,12929715879380	13,69020757377760	1
-12,12865377601690	13,34710003322140	1
-12,12833532368060	15,03081638980620	1
-12,12694801607620	14,51598918425160	1
-12,12631144351660	11,47500996406470	1
-12,12431013351750	12,53382250994870	1
-12,12249418581510	12,90704602091570	1
-12,12244339760450	12,62082995603610	1
-12,12199314321390	13,04519302164050	1
-12,12014434998160	16,46254142072250	1
-12,11994965760400	14,35808599895990	1
-12,11909288041090	13,86927886074270	1
-12,11858015099320	12,14809284329010	1
-12,11838935531210	13,80533958634730	1
-12,11774953060830	13,50033480795870	1
-12,11700619762670	13,64452954949420	1
-12,11611287146300	14,96820746117690	1
-12,11543151260700	14,93346669368810	1
-12,11531320798580	15,72652050258730	1
-12,11442976615210	13,99592379395590	1
-12,11404070315340	14,74146581635640	1
-12,11393517261620	14,20612101870320	1
-12,11268831907130	12,65638940380660	1
-12,11215990588700	13,81793335956520	1
-12,11050043703680	13,76991565471460	1
-12,10955146531410	15,19324583464550	1
-12,10880954514650	13,26739492242080	1
-12,10810762357100	12,74395728698520	1
-12,10806308703880	13,43463513721120	1
-12,10744813939380	14,33936761218780	1
-12,10742712059330	14,27129309316300	1
-12,10673753538250	13,47553112452280	1
-12,10619383164240	14,55698600454870	1
-12,10593177684490	13,50669563024380	1
-12,10312668770780	12,85600616506400	1
-12,10302664234090	12,03275674886510	1
-12,10302269109080	14,06771532570460	1
-12,10238206526420	15,54164935600670	1
-12,09951213421260	14,84696565199860	1
-12,09589442145840	13,15601694324170	1
-12,09582278059560	14,87923080933210	1
-12,09412470464910	14,60143181341160	1
-12,09393995868930	12,02979731898230	1
-12,09362298608430	12,49900126272960	1
-12,09345444246690	11,96972974193770	1
-12,09322731286710	13,47631206771160	1
-12,09150146302470	14,84857081250110	1
-12,09132061998430	13,19187451765690	1
-12,09071802281360	14,93682000309620	1
-12,08955814330380	15,03664812320840	1
-12,08832086652430	13,54594335231050	1
-12,08796146332770	13,07421942611990	1
-12,08729190505210	14,94329327709570	1
-12,08696675768000	13,23516762839170	1
-12,08617429036570	13,56519404086490	1
-12,08603515426690	13,47519022860850	1
-12,08580278843460	14,58674396478200	1
-12,08503930160070	13,03294768030620	1
-12,08460947439340	14,83061981315090	1
-12,08421640230850	13,65145011122590	1
-12,08393343740310	13,63117627563720	1
-12,08356324188780	15,07892991599580	1
-12,08348072615790	12,83186676072450	1
-12,08064618118420	14,46758371911480	1
-12,07944482920530	14,41091114779690	1
-12,07868491528240	13,75472309286970	1
-12,07700010751230	14,48400295130610	1
-12,07677056368270	16,17124233896360	1
-12,07533701075950	14,69760627484300	1
-12,07470831459690	14,78106782058820	1
-12,07454733847970	14,10290634247740	1
-12,07446755731720	12,90769018474710	1
-12,07407351460410	14,37379532764740	1
-12,07396599538020	15,82456480188570	1
-12,07288975994710	15,50824893594210	1
-12,07256799763510	12,46902064471350	1
-12,07031016718110	13,80387613590580	1
-12,07015133931690	14,05811629119690	1
-12,07009109129840	14,41828227788710	1
-12,06967124438670	13,45520278769850	1
-12,06946045699970	14,51823515093810	1
-12,06623243418700	12,65241236146950	1
-12,06544565792250	14,47799128672070	1
-12,06293943484920	14,28053634910330	1
-12,06288829337220	13,53839423588890	1
-12,06116792753620	14,38014790144210	1
-12,06107096471140	16,29435886005150	1
-12,06048290445150	15,00713594014680	1
-12,06026674753230	14,85006984929540	1
-12,06006633366380	14,35087682870880	1
-12,05763593130190	14,98079059743970	1
-12,05730827520070	13,47153746050680	1
-12,05672952889450	13,61763858787810	1
-12,05620396163360	14,61735495828610	1
-12,05595036164730	11,73948907913180	1
-12,05583793859620	12,64423840910240	1
-12,05561416643320	14,63576132646180	1
-12,05511085395820	14,17184193528910	1
-12,05402335211330	14,13143400303750	1
-12,05363019048860	11,91814722657440	1
-12,05205811872250	12,80085136849960	1
-12,05187009400170	14,49384914144890	1
-12,05121924029580	14,51879562832660	1
-12,05072712752600	13,01243036691790	1
-12,05053859271940	14,49332329250570	1
-12,04949924048540	14,31234026243860	1
-12,04888249917380	14,88394976046370	1
-12,04838237697780	15,15619016716190	1
-12,04778279816740	14,47713230383250	1
-12,04768211990720	13,80356835614890	1
-12,04733329863420	13,07364478834800	1
-12,04721817522050	13,09927129179510	1
-12,04682191254960	11,67004747145450	1
-12,04670823521000	14,40360172964510	1
-12,04536195761900	14,12147011815900	1
-12,04341436849720	13,53799261711040	1
-12,04331749482550	15,92688912121730	1
-12,04282118434940	14,98306809363240	1
-12,04281876930430	14,25005647192410	1
-12,04241318708180	14,51102745413190	1
-12,04179340438570	12,82864965079480	1
-12,04023800114050	14,18644136091910	1
-12,04004465942820	12,74746635313610	1
-12,03956493142000	14,76967452821600	1
-12,03832719589550	12,36815729442380	1
-12,03746613233940	12,90085551369250	1
-12,03714370682010	13,37036859890480	1
-12,03709438331380	14,11402713547740	1
-12,03497168578790	14,45509404779000	1
-12,03432868940950	14,89834363363110	1
-12,03238200881080	13,62215444355010	1
-12,03075873948240	14,07493231585930	1
-12,03060254563380	13,86903250137520	1
-12,02919738296330	14,73355424105720	1
-12,02917219352950	13,84421031459700	1
-12,02914406799780	13,38948757545970	1
-12,02881003429860	14,46660361770660	1
-12,02752667584170	13,55942565019500	1
-12,02734505467320	12,40834436344910	1
-12,02641498102500	13,54160354894340	1
-12,02543598736750	14,41683401496930	1
-12,02320710749010	14,19859266564240	1
-12,02267445277350	13,33354380525960	1
-12,02240052975230	13,12055801425090	1
-12,02198919331810	13,98340663738490	1
-12,02139767528280	14,40490173084690	1
-12,02098832267570	14,74483783236090	1
-12,02070202417540	13,63277745257930	1
-12,02021417474810	15,36014601305420	1
-12,01985975114330	13,29988513972750	1
-12,01970101011690	15,44045531477550	1
-12,01906331661450	14,03766716320720	1
-12,01894956873040	12,04254829065390	1
-12,01859470753120	13,53856531545290	1
-12,01808168172220	15,43443822451660	1
-12,01797839840510	13,96142247044710	1
-12,01707242955630	14,96487008238670	1
-12,01675119629310	13,18105882395250	1
-12,01549574087590	13,49691532862910	1
-12,01543915285040	14,49028590034570	1
-12,01366780849680	14,90528838440570	1
-12,01295531765580	14,25027515325980	1
-12,00958468504510	15,56768235052120	1
-12,00737687034930	15,00663023382780	1
-12,00737211830080	12,84410952052220	1
-12,00714118031160	12,88601660972580	1
-12,00653871822480	15,09176963140650	1
-12,00596209840770	13,20371164328080	1
-12,00559477454420	14,60424339103610	1
-12,00406915192950	14,18637242309750	1
-12,00389594392940	14,02984825898750	1
-12,00255412639840	14,00893079808720	1
-12,00102818954510	13,41058281462620	1
-12,00094237563510	14,37045889486560	1
-12,00091603426800	16,39370503920260	1
-11,99969873432220	13,69706445400090	1
-11,99860926895930	14,71811158550980	1
-11,99837523418230	13,66587110938050	1
-11,99835896114920	12,36233956290500	1
-11,99825879215640	15,24390278759810	1
-11,99814269746510	13,86100475572550	1
-11,99762401444870	15,33668224434880	1
-11,99705892828610	15,12972068885390	1
-11,99657386156210	12,64652310638840	1
-11,99527331903690	14,41660002730850	1
-11,99484109742490	14,75641097571940	1
-11,99483755569040	14,53197190839310	1
-11,99427996391620	15,09065355812200	1
-11,99327867026980	12,43656689868470	1
-11,99247073688630	14,44708412022150	1
-11,99167402219020	14,58858924757480	1
-11,99140789449870	13,63968543230920	1
-11,99046739724150	14,39411953810270	1
-11,99043064388400	13,87675625038660	1
-11,99036656325030	13,81808961144690	1
-11,99031694230390	13,43624554633070	1
-11,99024973071320	14,47282114075740	1
-11,98918300539510	12,31760775167630	1
-11,98863123407080	15,26742257622470	1
-11,98845166016770	12,66229132813550	1
-11,98790844481540	12,25576805659270	1
-11,98779611344370	12,84444624462010	1
-11,98672570940650	12,87566099933410	1
-11,98563286249350	14,25167685423880	1
-11,98536669006310	12,98613925673920	1
-11,98422199633550	14,60512741191470	1
-11,98407429558540	13,68429166499950	1
-11,98357447020040	14,38889267001720	1
-11,98285952396430	15,91203598188770	1
-11,98279250061040	13,49246088393110	1
-11,97933235327960	13,53434896518110	1
-11,97823503455250	13,32855623729400	1
-11,97808071088530	15,71092786605410	1
-11,97709848770570	12,90045842674910	1
-11,97624065845620	16,29843271972390	1
-11,97538027487860	12,46994618038880	1
-11,97501655681640	12,29582103508660	1
-11,97463732184750	12,17293823440430	1
-11,97373945139600	12,98704652389400	1
-11,97070414304760	12,79706577750780	1
-11,97061800523590	14,56119845943920	1
-11,97041722207470	15,30879215921490	1
-11,96980588389640	14,10422863298030	1
-11,96976172241630	14,85208116986260	1
-11,96957326744320	12,40398021673330	1
-11,96906033741690	13,25756495974270	1
-11,96904975160190	14,34442888544050	1
-11,96831032419980	15,85481584124570	1
-11,96785904643320	14,35325414884640	1
-11,96700428820700	11,50778400830970	1
-11,96612015718970	16,78112696105080	1
-11,96581200711550	13,22641216125900	1
-11,96431130571260	12,79943269426360	1
-11,96411415372040	14,50788753185110	1
-11,96375909184000	14,12757489215490	1
-11,96298032037040	14,24586072891590	1
-11,96212538252590	13,28214962058180	1
-11,96135839777590	14,06615925856400	1
-11,95960206298420	12,78706127905950	1
-11,95925383766260	14,30278225529400	1
-11,95904803304330	14,29694246358500	1
-11,95902015671820	14,17696089592450	1
-11,95861224891110	13,98290290301940	1
-11,95837186659420	13,27050588881820	1
-11,95757438900380	15,14832153903580	1
-11,95657011430070	14,89876548753070	1
-11,95341044133920	15,20409347929240	1
-11,95323017295660	13,46914619543630	1
-11,94870585213690	15,44314356267460	1
-11,94866054414320	14,61704494910790	1
-11,94469762178120	14,91875262840760	1
-11,94428864963060	13,64776047685910	1
-11,94418313548910	14,38497448294270	1
-11,94404476755210	12,95725428970390	1
-11,94323210168840	16,54915236036470	1
-11,94269268293560	13,07958310517000	1
-11,94257265345120	14,64821289160780	1
-11,94061365667920	14,13416337476070	1
-11,94039943882510	13,55083309354460	1
-11,93993268791060	13,10828125932710	1
-11,93935132313230	14,03674987016680	1
-11,93867851511950	11,70224729392000	1
-11,93834676860750	14,62404537728450	1
-11,93813395049880	12,99775193796370	1
-11,93806577941010	12,95463549527300	1
-11,93752776382490	14,51486193004020	1
-11,93679872735510	13,45373924628460	1
-11,93617315237750	15,26783555025520	1
-11,93595708755040	14,65152381683550	1
-11,93577183480760	12,39839209080790	1
-11,93559549819470	11,45228290742600	1
-11,93543022254930	13,09156267290250	1
-11,93527651651340	13,62129568001860	1
-11,93453309662930	13,58878997433340	1
-11,93433419851500	14,17009584557280	1
-11,93432172316800	14,53020333692360	1
-11,93397348317560	13,34102161227770	1
-11,93307413092800	13,86346416088320	1
-11,93247733006730	12,31311780685110	1
-11,93039163296780	12,77812315733300	1
-11,93024018158090	14,62575692927550	1
-11,93022246318480	12,57052709428880	1
-11,93005449574160	14,13415918312540	1
-11,92957304318000	12,88420050143730	1
-11,92906982510000	13,86988319331030	1
-11,92873051112620	14,11260741963210	1
-11,92760810250230	13,50496670008950	1
-11,92616268060470	13,88712164064570	1
-11,92431457134480	14,61857455879860	1
-11,92387176620630	13,84181983245760	1
-11,92359941313990	13,34437842409950	1
-11,92317515360380	12,47401970341190	1
-11,92252068262950	14,82922137019880	1
-11,91911481123910	13,76665018266130	1
-11,91874441520690	14,16523627626520	1
-11,91835023899520	12,14861846579140	1
-11,91792266594710	14,31777906858110	1
-11,91631418089310	13,80844662193570	1
-11,91555421711830	12,51185282990510	1
-11,91525853247480	14,03935437459850	1
-11,91511970952090	14,95781659414650	1
-11,91461311006120	14,49070700290060	1
-11,91370656163110	14,08137359718340	1
-11,91292427113860	14,57236885107970	1
-11,90982633178020	13,16110714760260	1
-11,90970780528910	13,29072172074340	1
-11,90834560881450	13,24985098691990	1
-11,90813787519450	16,12283392363490	1
-11,90790522460090	14,33354116487070	1
-11,90730283741400	13,79667370761260	1
-11,90726713049590	12,74058958344060	1
-11,90466310006100	16,89446171181990	1
-11,90455168081480	13,11666551518020	1
-11,90282428981690	14,19772249503600	1
-11,90007610554450	12,82801700973270	1
-11,89995658917500	13,40454033485770	1
-11,89992138732210	11,79619001152100	1
-11,89904101872980	12,98349308886180	1
-11,89714963361050	14,59544373307470	1
-11,89705567203440	12,93092178084680	1
-11,89599647253680	14,14609687885850	1
-11,89576688276000	13,69695037975750	1
-11,89470330737830	13,16269041019500	1
-11,89334781824540	13,07520296688690	1
-11,89225537981980	14,99280810769740	1
-11,89207500588280	14,33863168229450	1
-11,89090643918030	15,12651679386630	1
-11,89004435992500	12,71903389640980	1
-11,88983652850190	12,48945193151350	1
-11,88798498419680	11,72487034801890	1
-11,88694943835220	13,29012857663830	1
-11,88670870415590	13,79855039221580	1
-11,88551217069380	13,64858127916380	1
-11,88549653291300	12,24605885994290	1
-11,88427646545520	14,38792697525160	1
-11,88365275230490	13,06383679896440	1
-11,88364541933660	15,38522883172920	1
-11,88352560072840	13,91214341595390	1
-11,88173370330490	14,97221164522710	1
-11,88128760996230	13,47970820073980	1
-11,88014970762410	14,02022179215980	1
-11,87980441362850	11,37258980186680	1
-11,87953368811160	13,88213227466540	1
-11,87910159963450	13,73398060150720	1
-11,87715848942660	13,95723610325110	1
-11,87652664252560	16,63358757385420	1
-11,87333364024420	13,09831776765830	1
-11,87122598620810	13,56116422758260	1
-11,87000159487940	13,40071906531400	1
-11,86879730131250	13,30905790569850	1
-11,86794150537880	14,97534333792300	1
-11,86650648609390	13,66433174606420	1
-11,86608259317380	13,59785564372380	1
-11,86546877867690	12,46180914575240	1
-11,86545414213950	13,88363479398170	1
-11,86539081458050	11,73353513720040	1
-11,86119536403110	13,23761686642140	1
-11,86012652678800	12,61556431577040	1
-11,85999406954090	14,76251904643100	1
-11,85959611052140	13,52722434155920	1
-11,85766500869680	13,34575248272000	1
-11,85730058001120	11,14562093104140	1
-11,85682541660630	14,58933862545900	1
-11,85635874140190	13,31961432153100	1
-11,85591326737840	13,05411570717770	1
-11,85480791084560	13,46465837803290	1
-11,85453747971710	14,19780009980380	1
-11,85320400098850	13,62319886353520	1
-11,85268193133900	16,03073886711800	1
-11,85253174607620	14,45123101842160	1
-11,85119742022730	14,99071555497000	1
-11,85093437289140	13,35452056153040	1
-11,85077815179330	13,03434736391140	1
-11,85036788060820	12,58523911638680	1
-11,84899946476610	15,53705796196870	1
-11,84836661426810	13,83799868352940	1
-11,84733579881610	14,56743988753710	1
-11,84725965879120	15,30649483535380	1
-11,84652199631500	15,07110212858150	1
-11,84551308364720	14,47453320102300	1
-11,84543244932940	14,03286139009520	1
-11,84540307106790	12,89426155151390	1
-11,84521703131700	14,38187135055020	1
-11,84505640103710	12,84279922157310	1
-11,84498325096380	13,25188439193920	1
-11,84303512004640	13,34175093432630	1
-11,84254112247750	15,92062918739550	1
-11,84247027017580	13,91120334876570	1
-11,84173392657370	13,29751660972080	1
-11,84083233241420	15,07726001067530	1
-11,84015554442380	12,80178596681380	1
-11,84007077214940	12,55508900319530	1
-11,83993526368060	14,43973363308310	1
-11,83857317190200	13,69455155072950	1
-11,83855212094750	13,30998458738290	1
-11,83632456265710	13,88128443171210	1
-11,83600580760340	13,40088203436530	1
-11,83411267661070	14,14116407768800	1
-11,83327590800780	13,43838643926930	1
-11,83251142567760	13,50755197004580	1
-11,83097805387950	13,33313214944710	1
-11,83030922377590	15,05510162782040	1
-11,83021407111750	14,75261333994040	1
-11,82904563998200	13,95677721237220	1
-11,82546594019090	11,86386689720500	1
-11,82538995538600	13,81131603296210	1
-11,82485091785640	15,65322305427540	1
-11,82400253818450	13,12720606414540	1
-11,82316584273990	14,79823197443530	1
-11,82250767503520	13,13942877598010	1
-11,82134538205820	13,49704898291610	1
-11,82067494553800	13,78082490923290	1
-11,81949260261430	12,60862883282730	1
-11,81848322770010	13,26004520818630	1
-11,81774776514690	13,72009695329040	1
-11,81711085880360	14,40341370338160	1
-11,81678924403640	13,85281039652290	1
-11,81640875969980	15,51859748045000	1
-11,81635541062360	14,46740074472140	1
-11,81575105680570	14,38369991945810	1
-11,81419078661470	15,46749575278480	1
-11,81400483586940	13,18050509682900	1
-11,81330530303950	14,81443532903360	1
-11,81312548271680	14,50895754145850	1
-11,81288108964420	15,45715101773450	1
-11,81140311021960	13,67143206209620	1
-11,81028031887760	14,94017946430840	1
-11,80938693482070	14,09441480223060	1
-11,80935364728910	13,63820733530320	1
-11,80915271687600	12,22838001824100	1
-11,80875424506520	11,97815916513510	1
-11,80750445917190	14,00513093224940	1
-11,80744234498560	12,57938179569890	1
-11,80643046705970	12,88528735564620	1
-11,80624254724150	14,22295052354800	1
-11,80558025123690	13,47884264558930	1
-11,80525694520060	14,48805024291890	1
-11,80452422265130	13,50102912952540	1
-11,80438642961030	13,53546661810270	1
-11,80411759115900	11,72526851188950	1
-11,80311966011400	12,96415168699670	1
-11,80255978516770	13,56072578854970	1
-11,80231147990520	14,46651077965630	1
-11,80018301944470	13,32177600806630	1
-11,79958455740520	13,04588076499490	1
-11,79957323506650	14,35524932417300	1
-11,79895906169070	14,78694335139040	1
-11,79865525123510	13,97879923509150	1
-11,79849440445230	14,07651332868420	1
-11,79759520128240	14,72575984047760	1
-11,79615140062330	12,56755149680160	1
-11,79560114430000	13,98150036224360	1
-11,79507996264620	16,59628983016940	1
-11,79506102967980	15,52391825093700	1
-11,79245697506450	13,63149289700020	1
-11,79092936227410	12,55427830731280	1
-11,78959956405750	12,52519746487190	1
-11,78830072117960	15,57798487631530	1
-11,78617664614220	13,32499869970060	1
-11,78613819612780	13,69820145759310	1
-11,78580236801650	14,99247896281990	1
-11,78545467238670	13,69253879923710	1
-11,78440512245770	14,50258581660630	1
-11,78299570463700	14,34793786860840	1
-11,78270275974340	13,32468563868970	1
-11,78244302826680	15,00412625709200	1
-11,78238560483360	14,53589425576690	1
-11,78230205462350	15,43809857610640	1
-11,77945502961760	14,14775137072320	1
-11,77899071716670	14,00414929405100	1
-11,77805410163800	13,61048392339160	1
-11,77679383409170	14,32642517205880	1
-11,77530340622610	16,27099943943960	1
-11,77398575503200	13,77720708658450	1
-11,77294622497730	14,32134305634990	1
-11,77265973716720	14,56742560333690	1
-11,77193099417330	14,78176256206980	1
-11,77131887693590	13,33641451151840	1
-11,77131570641500	13,29955003579980	1
-11,77128285326880	13,82487594550720	1
-11,77115309416060	14,63173700469910	1
-11,77075302540420	13,55602562353280	1
-11,76792950482810	12,90227046122990	1
-11,76731832843860	16,44137812085470	1
-11,76696847249070	13,69021203737920	1
-11,76575089192060	12,79179865644770	1
-11,76564184759040	14,11910834377790	1
-11,76504880467630	13,44234274593690	1
-11,76449489749490	13,82379748409180	1
-11,76433027606520	14,24329056681730	1
-11,76427529952410	13,05715493750470	1
-11,76365673938730	13,93122382795790	1
-11,76265426972230	14,21411958617490	1
-11,76241350528080	15,02577526669160	1
-11,76025760899350	15,47521725728380	1
-11,75992866403820	14,94072148739180	1
-11,75569672016900	14,01849817363960	1
-11,75403789145150	14,08995681619810	1
-11,75388199439480	14,75808489689070	1
-11,75378550079000	14,49507818138960	1
-11,75361922464950	13,04672354665530	1
-11,75351902037550	13,51373222386100	1
-11,75292873292720	14,27429014848500	1
-11,75187905313170	13,66932146976050	1
-11,75168363706070	14,82669901562650	1
-11,75112769783180	14,17681682045390	1
-11,75031792231800	12,55382476234090	1
-11,75018791417970	15,35295040384090	1
-11,74763725709940	15,08470147503120	1
-11,74743747754380	13,82731630222280	1
-11,74735768950040	11,21339647457020	1
-11,74692138859400	13,91685246589950	1
-11,74644523256950	13,16635056485530	1
-11,74513385780000	12,61375101206130	1
-11,74452425873890	11,92567300512500	1
-11,74451939780760	12,47424583086820	1
-11,74425547264200	14,28649385315510	1
-11,74376129985970	13,73504734242710	1
-11,74348451235530	13,32029425767790	1
-11,74037864424530	14,03780777985910	1
-11,74008403157830	11,68660902442050	1
-11,73906050656500	13,06235000657700	1
-11,73891151327420	15,38244094474480	1
-11,73847199541280	14,38788096719290	1
-11,73817499560170	13,42055075765820	1
-11,73780303050890	14,97063552158270	1
-11,73765184423950	12,94584976753420	1
-11,73751950628970	16,12560541650190	1
-11,73735076169450	14,02718325367350	1
-11,73682353584550	14,99069235713090	1
-11,73647302828300	13,46913478933790	1
-11,73493246431530	14,24051958560130	1
-11,73465776837770	15,45030525917670	1
-11,73394948414910	12,15853480401380	1
-11,73385668437960	13,07963267623590	1
-11,73348573921370	11,71912661581190	1
-11,73343692788870	15,71148898289230	1
-11,73339841564980	13,49980192613500	1
-11,73305145214480	13,00417922569580	1
-11,73122698794590	16,24574086666350	1
-11,72858775116120	14,94206032469590	1
-11,72841319767220	12,95004843751720	1
-11,72765865440630	13,20390972307370	1
-11,72756466054220	14,24147236170830	1
-11,72745488836290	14,24279680092900	1
-11,72704533720270	13,55340785272120	1
-11,72695269951660	13,68704279753820	1
-11,72654820066310	13,24827020967350	1
-11,72600415583960	14,04978461648020	1
-11,72599469341480	14,40216358668020	1
-11,72598849341190	14,42647429176470	1
-11,72491971468970	13,49253468494650	1
-11,72481823599970	13,56275574222380	1
-11,72474922080790	12,57052817585740	1
-11,72325278243000	13,18092010384940	1
-11,72317767426140	13,28944308880900	1
-11,72164845603650	14,93102657798630	1
-11,72160782835470	13,95600795481270	1
-11,72093563641260	12,99868126819280	1
-11,71881864326010	14,90640789957260	1
-11,71739771513240	12,58552816756750	1
-11,71540157951370	13,80269873479230	1
-11,71483242784370	14,55953447293490	1
-11,71440077346040	14,27149114743080	1
-11,71312680964320	14,82822672756880	1
-11,71256056396390	12,44549278326760	1
-11,71174365485790	15,70688946358390	1
-11,71165135941650	12,94493701459870	1
-11,71131768192810	15,37020384237450	1
-11,71111367927590	14,19819662253100	1
-11,71046894617230	13,09107386009430	1
-11,71026748677020	14,56365548202920	1
-11,70906544026160	15,17668744166220	1
-11,70848278369630	15,09609956261330	1
-11,70759365281470	13,17690668511920	1
-11,70748249487600	12,50344023017000	1
-11,70740386491000	15,33038961666280	1
-11,70732524828410	16,06675777280930	1
-11,70686785443210	14,45604362657970	1
-11,70629555630430	13,66252392602710	1
-11,70611011423490	15,68577294582770	1
-11,70544989576170	14,53525748959770	1
-11,70469794790650	13,07536254059270	1
-11,70463589029330	13,20918793154320	1
-11,70428821315470	14,57848828835650	1
-11,70422638554580	14,47470020364660	1
-11,70415570143650	16,33328529532070	1
-11,70359549517760	15,73997232143820	1
-11,70215898446380	13,62337126737890	1
-11,70172331016850	14,52061345483550	1
-11,70113725523320	14,11152333603830	1
-11,70025869102910	13,63021827802830	1
-11,69914727893070	14,53593393547780	1
-11,69901970231780	14,32997464149180	1
-11,69766695629210	13,06147699509940	1
-11,69577240533090	15,72652611830820	1
-11,69468412718290	13,75204411249710	1
-11,69425670080390	13,37818316550520	1
-11,69408993865360	12,62315276598870	1
-11,69271824754410	12,40920943552670	1
-11,69233990089160	13,71453345340870	1
-11,69040279626080	14,25943931151020	1
-11,68979692350050	15,18149885150820	1
-11,68916632071210	13,83933046690000	1
-11,68797021233060	14,43405202593330	1
-11,68685477484300	14,88778918593110	1
-11,68612859687810	13,53403322556040	1
-11,68605008285500	13,80905048596390	1
-11,68483760357890	13,34461312927280	1
-11,68465440775290	13,19838621420450	1
-11,68442225367100	12,92862530811620	1
-11,68365651897670	14,41344768039200	1
-11,68345349506800	13,83008921408230	1
-11,68311653265880	12,89227073289910	1
-11,68301195988420	13,42892604533080	1
-11,68241256503810	13,08871922879240	1
-11,68100404277470	13,30574211717840	1
-11,68046000803180	15,42210977829730	1
-11,68008940490700	12,03643216418300	1
-11,67959504429740	14,38162035677200	1
-11,67857098812260	14,65485195778430	1
-11,67850790000400	13,13791541942200	1
-11,67816279627040	13,19482483437800	1
-11,67736089959120	12,48048696160580	1
-11,67727109399060	11,97020816916430	1
-11,67707275604130	13,04456760190660	1
-11,67674264624300	14,32600749032710	1
-11,67655785787600	14,06170350286200	1
-11,67608320263260	12,67164295264450	1
-11,67441442571830	14,02122293617200	1
-11,67414324827550	15,12267964626350	1
-11,67268181353130	15,00556734072200	1
-11,67238722441250	14,28435356775360	1
-11,67237313380220	15,62959513790930	1
-11,67233976133270	12,78356205006220	1
-11,67159109674730	14,54574731246720	1
-11,66873169929550	14,42237883915790	1
-11,66861214420960	14,93735694761990	1
-11,66564064410620	12,70023359934860	1
-11,66514842819790	15,07643368139300	1
-11,66326691633780	14,75204162062030	1
-11,66053020552480	13,85889941084100	1
-11,66041715303050	14,05977853755910	1
-11,66023792046800	13,22265995767260	1
-11,65939218671380	14,26551181833020	1
-11,65837333382520	13,49398708765980	1
-11,65611024425410	14,09549046192150	1
-11,65584649763420	15,48659041835680	1
-11,65573888024360	14,38074509537100	1
-11,65461515986900	16,26811683129450	1
-11,65394345646680	13,79010042507560	1
-11,65349779015980	16,25096174350530	1
-11,65260462847250	14,13575561642690	1
-11,65245833477460	12,23722605117430	1
-11,65232391733880	16,63365567475080	1
-11,65180223909090	14,06734344003610	1
-11,64959404526920	14,42457739680420	1
-11,64815374087250	14,84225244262290	1
-11,64634371350030	14,07520697889230	1
-11,64624726685730	13,87797420579720	1
-11,64520411806810	14,71654279077770	1
-11,64499838612670	14,89024851314880	1
-11,64478458981140	13,68136912153220	1
-11,64425957967400	14,36591256174100	1
-11,64267101773080	16,16811142231890	1
-11,64144936756820	13,70025507519520	1
-11,64092837735930	15,00496256926320	1
-11,63984406532460	13,47066504832670	1
-11,63962265191750	14,34821151096660	1
-11,63932390053350	13,10128688655570	1
-11,63769768333230	13,11516734183280	1
-11,63719889612530	14,67448291606790	1
-11,63679083532460	14,05169545249250	1
-11,63648678169870	13,97301698483690	1
-11,63621710237440	12,16070179138570	1
-11,63458483808260	13,71063584819760	1
-11,63346025982150	14,91954177068910	1
-11,63275439517480	14,06731938810970	1
-11,63182627429340	13,77805325357480	1
-11,63013072811970	14,24630233517830	1
-11,62721349947990	13,85120075224840	1
-11,62700539564770	12,08693963886120	1
-11,62598231448900	14,67274429403730	1
-11,62542389253610	13,32497757203630	1
-11,62463573612150	14,59234515816290	1
-11,62399059857010	13,32307203934410	1
-11,62364354716020	14,46536252603380	1
-11,62199433331830	13,85570787438500	1
-11,62181031592720	13,99790587357930	1
-11,62148846215800	13,65352557433670	1
-11,62135078658990	15,26890885317220	1
-11,62130557083030	14,80912354744900	1
-11,61951291783630	13,36304365105880	1
-11,61941965329750	14,03357348829390	1
-11,61897861298010	14,16875869125950	1
-11,61817901423270	12,80366060386120	1
-11,61775697113450	14,27065671493860	1
-11,61658287138340	14,15953373715420	1
-11,61503982638170	14,23388096513060	1
-11,61464790633170	11,79184037494100	1
-11,61358405647920	15,32160924845000	1
-11,61150181975920	14,53381304353670	1
-11,61131354004890	14,53808571493870	1
-11,60763851319610	12,92393916806120	1
-11,60746831806150	12,59846658827420	1
-11,60731764133130	13,62393114051700	1
-11,60724501211620	13,28296001321190	1
-11,60583985036740	12,93929410681780	1
-11,60405481795250	13,81255833961620	1
-11,60366209611960	13,37064531140610	1
-11,60274362838230	13,24914780673650	1
-11,60228082897360	14,70307995017330	1
-11,60204305091620	13,82768118829760	1
-11,59894614662550	14,60632777075470	1
-11,59826466559230	13,35643563609210	1
-11,59825796288150	13,78306311176530	1
-11,59743342018610	14,10559721126810	1
-11,59738940195130	16,14743248361470	1
-11,59595455411120	15,33786537779540	1
-11,59337506709280	12,87545140692160	1
-11,59314627516050	13,64411159041270	1
-11,59310923679160	14,68029459767390	1
-11,59302511765520	13,63134095242570	1
-11,59029294163170	13,42755599657270	1
-11,59018343110740	14,59045283608550	1
-11,58901739750100	14,48568903544450	1
-11,58888980998810	13,64785516914070	1
-11,58884492095580	14,44459576494330	1
-11,58775798867180	13,72072891898280	1
-11,58761238262450	13,24307647317770	1
-11,58673324355660	14,82090486894120	1
-11,58617727828560	13,54810623589030	1
-11,58463189619860	12,86631395480030	1
-11,58349061770680	14,88480925878400	1
-11,58250311111720	13,68414496597430	1
-11,58184261191310	14,54612840408300	1
-11,58151326081620	13,09850715415580	1
-11,58127525387420	14,09214494888530	1
-11,57934561385180	13,25467089084880	1
-11,57909119948590	14,01845350854160	1
-11,57897172973120	13,33961652729180	1
-11,57751686652360	13,98825479527590	1
-11,57732301548000	14,18265292630510	1
-11,57667250268850	13,36175698262130	1
-11,57633085511800	13,55645207694490	1
-11,57584670976550	12,47996163238370	1
-11,57452385745540	14,27591736519900	1
-11,57431071757250	12,32416842476970	1
-11,57278486294980	11,95199842252370	1
-11,57055273528050	14,02941295953850	1
-11,57025655145380	13,95326524145550	1
-11,56964078565880	15,74927755203350	1
-11,56659065093710	14,20288360391410	1
-11,56652147616340	12,90774848450420	1
-11,56625376847130	13,47337292357140	1
-11,56615009984680	14,21366964698320	1
-11,56604048035270	14,31692995592750	1
-11,56533765779150	13,70496870273470	1
-11,56463799253330	14,04848150510340	1
-11,56440115745080	14,12698598023550	1
-11,56238945256800	14,31857435780270	1
-11,56201145412550	13,91383228713890	1
-11,56187396629320	13,87941806410530	1
-11,56103147084170	13,42782759319110	1
-11,56041507022880	13,55171859442010	1
-11,55997739604440	12,33656096732960	1
-11,55973643796250	14,14450537662040	1
-11,55885092687980	14,19015773495460	1
-11,55733805747480	14,74632396233630	1
-11,55655170075170	13,29875345765580	1
-11,55508289965960	14,71409586630050	1
-11,55373163288830	13,12722347386430	1
-11,55303604308260	14,71649983496510	1
-11,55014394879690	14,47458589597640	1
-11,54861298140330	15,04229238355650	1
-11,54841322593720	14,80544174564570	1
-11,54840717434450	14,10252819972130	1
-11,54808720259320	13,88397149512820	1
-11,54799146678870	14,22602726895320	1
-11,54717210768690	15,02784298630940	1
-11,54662843963790	13,27607711329070	1
-11,54656997567480	13,74272168987990	1
-11,54406449067510	13,44858686852600	1
-11,54404187644350	13,76103746973190	1
-11,54222968758370	13,96970495712020	1
-11,54219512129300	13,95542471622050	1
-11,54214083063440	14,12182122902960	1
-11,54207158475980	14,64618686525790	1
-11,54195593302680	14,15399024658090	1
-11,54144796824860	14,67886815390920	1
-11,54111384365210	12,57705260904850	1
-11,53924768962770	13,00139334914310	1
-11,53814020544960	14,36871464400110	1
-11,53715444001110	13,53524325799810	1
-11,53672932044550	14,78049139492980	1
-11,53670692854500	12,60130920685010	1
-11,53383356283870	12,20496610186710	1
-11,53381484253150	13,94141150711720	1
-11,53184573083950	12,78737312875760	1
-11,53170166432490	13,13333174772120	1
-11,52993013591490	12,71853412477080	1
-11,52970203846440	11,25712525184070	1
-11,52784916983110	13,64253375522920	1
-11,52628819193280	14,72683417015750	1
-11,52574722291050	13,91933616879270	1
-11,52487184944800	12,16036973190090	1
-11,52481005301460	12,98794236711520	1
-11,52359201334540	12,93068485694500	1
-11,52349777506380	14,78911502139960	1
-11,52154067937780	14,52698059709790	1
-11,52097816828040	12,89560072061370	1
-11,51911901316700	13,36226316466760	1
-11,51703975134640	12,59468487116810	1
-11,51497753322900	15,18777175193960	1
-11,51354682621430	14,49897728208190	1
-11,51255756570160	13,34595213542180	1
-11,51178403747310	13,21684858925760	1
-11,51161398644100	14,87880215508550	1
-11,51059963175800	14,73862940439110	1
-11,51014805173850	15,03052687346280	1
-11,50968481170250	14,28721970203300	1
-11,50858730392370	13,32884965107420	1
-11,50836360020190	14,81000964576960	1
-11,50805837561070	14,39514599024070	1
-11,50795324493050	14,66220416826330	1
-11,50773078649780	12,98965209652870	1
-11,50771035043420	14,24922515357140	1
-11,50549241778520	13,69485916325270	1
-11,50256911541740	12,18079602459700	1
-11,50134653733970	14,31569851803620	1
-11,49575454815940	13,57778251630150	1
-11,49506684242920	13,99805893521800	1
-11,49369228408840	15,30583325902980	1
-11,49364011831370	12,95527370665640	1
-11,49166435663410	14,95542036896960	1
-11,49073125057570	13,02853866289800	1
-11,49066777030300	15,22768550039930	1
-11,49050184600120	13,63136719545250	1
-11,49029207156770	13,51518750409530	1
-11,48912235415340	14,14052517768490	1
-11,48872892377980	13,03743732203820	1
-11,48854150432570	17,37420515735530	1
-11,48752250235260	14,81328749682390	1
-11,48367969457960	14,31664126564560	1
-11,48365004823260	12,79238836180740	1
-11,48356013734230	14,03862278198660	1
-11,48060077811770	14,12405353549250	1
-11,47894825005220	11,79045630373000	1
-11,47709914460570	14,72801530999970	1
-11,47631703046900	13,48449771409590	1
-11,47479044192930	16,28085399972550	1
-11,47339551495740	13,46562885031550	1
-11,47335464350890	14,29444609055150	1
-11,47197456894710	13,16927847014690	1
-11,47142197653120	15,55969557079080	1
-11,47105350026490	14,88501162543660	1
-11,47082690359140	13,35092958973420	1
-11,47071571488260	15,14445004959730	1
-11,47047320898170	16,12042874603800	1
-11,47041321464410	12,52109159701510	1
-11,47016748410180	13,73610548434050	1
-11,46967263087970	14,71860644746760	1
-11,46761823084060	12,73261153662430	1
-11,46758376404990	14,57426516703490	1
-11,46693857082400	14,34400242785750	1
-11,46516273360870	13,69728238956930	1
-11,46490694673020	14,09051442884960	1
-11,46488485043860	13,75067546553060	1
-11,46433745428330	14,75123023995450	1
-11,46392997680390	15,27974807290380	1
-11,46224867781950	13,89449436877580	1
-11,45938166299180	14,13850457136820	1
-11,45898168067250	13,75609227113280	1
-11,45552767410900	12,76508384665910	1
-11,45381542312280	14,02195657134450	1
-11,45278627821150	14,26593780703170	1
-11,45213024078980	11,90160765421520	1
-11,45114240015840	13,77051771351570	1
-11,45088165711100	11,56554340330180	1
-11,44964053591090	14,26286315781020	1
-11,44811164867610	12,93561779503930	1
-11,44783254253380	15,71190534076520	1
-11,44697316500550	12,35326053684420	1
-11,44634021902260	12,59721840561970	1
-11,44604572129680	14,54848923475220	1
-11,44250832544080	13,64901601770950	1
-11,44151282502030	13,02054113403290	1
-11,44133793700670	12,88621495966330	1
-11,44019344761230	13,19782840532730	1
-11,43919295514810	15,58134066698290	1
-11,43825402633370	12,69572970321070	1
-11,43568967749090	14,65271361667890	1
-11,43542559283200	14,17595963582570	1
-11,43201150125880	14,01983760064760	1
-11,42969032428010	14,02370077155770	1
-11,42869408710550	13,81911778977200	1
-11,42749480944330	13,23777587304060	1
-11,42586723632560	14,44030624761350	1
-11,42392050115500	15,44979398593440	1
-11,42268693450760	14,71951214538350	1
-11,42227035528750	15,87584995219920	1
-11,42121374183790	13,19375251886650	1
-11,42102337129720	13,48954311658580	1
-11,41966667244500	14,46772364683130	1
-11,41937081416150	15,23924830649210	1
-11,41926940272790	14,19956007475710	1
-11,41807132965420	14,34576196936990	1
-11,41706211597890	14,89212775765080	1
-11,41701310089610	14,56034239402090	1
-11,41558180193840	14,45454249764720	1
-11,41490929586720	13,59612557147250	1
-11,41420897797320	13,63114011885640	1
-11,41227507213380	13,02901718728560	1
-11,41079986189150	13,39771583753270	1
-11,40983085127880	13,51845721124950	1
-11,40976278864810	13,30692291051760	1
-11,40971169351890	12,03792626064500	1
-11,40944017545190	12,32472454827560	1
-11,40747335389130	13,89925113950900	1
-11,40746123545590	13,02067823051680	1
-11,40442945925440	13,16328277370960	1
-11,40221348365010	14,56226818806260	1
-11,40179567656730	15,43435651454850	1
-11,40131275088580	12,63919008295290	1
-11,40090449302240	14,68993377362000	1
-11,40072073137960	14,18517437284510	1
-11,39829396592630	14,06427235942950	1
-11,39681938899100	15,05334369179960	1
-11,39655281009110	14,16039934484750	1
-11,39621416756760	13,66638381341420	1
-11,39613883776670	12,54056610893030	1
-11,39352160231920	14,78054891155070	1
-11,39345652845920	14,65917009431970	1
-11,39025668769780	11,16720122661740	1
-11,38955759164290	13,94698738533030	1
-11,38947233224480	12,36071739383420	1
-11,38914152603240	13,70351388138560	1
-11,38814234793290	13,64032347520150	1
-11,38721151985300	12,81410258512000	1
-11,38636902425890	13,96110823576180	1
-11,38519488804540	15,66816693911520	1
-11,38450347995780	16,61111130291420	1
-11,38389476475380	13,60046999940040	1
-11,38382587919600	14,29223554988970	1
-11,38360650864040	13,83045952231580	1
-11,38300221049960	15,44558788937130	1
-11,38274338874930	13,33874498114540	1
-11,38243485893500	12,51490164914130	1
-11,38230158431900	12,34705673693240	1
-11,38200565398860	13,26666835655040	1
-11,38186151796290	13,59853468522690	1
-11,38125938801560	13,67738591873170	1
-11,38106894524530	14,55588715703680	1
-11,37699977287870	15,42115482299180	1
-11,37644589624000	14,92002872946360	1
-11,37604840348110	14,73133253022080	1
-11,37452024263420	13,46027293447540	1
-11,37373598941610	13,70120382142280	1
-11,37318648588780	14,52992053839540	1
-11,37311334065780	14,08769117266500	1
-11,37251174459600	14,07111370327930	1
-11,37193184874190	14,51534313206640	1
-11,37156414663720	13,95550709124710	1
-11,37109466858170	13,57178271458520	1
-11,36800111648350	13,38889126660060	1
-11,36768366373040	13,60878077345240	1
-11,36743635146920	13,12826165152220	1
-11,36639341737210	15,35070203846450	1
-11,36457852778140	13,82067850308110	1
-11,36453040322750	12,63074156673240	1
-11,36270090546770	16,09061859347000	1
-11,36226344744690	14,06161577208650	1
-11,35948214992240	14,36865991947460	1
-11,35796017062360	13,58288951365630	1
-11,35688069389880	14,63047545503040	1
-11,35356416323190	13,33625302172660	1
-11,35349953857690	13,94986884646260	1
-11,35334032526490	15,55030002001850	1
-11,35305712108310	13,52442126946520	1
-11,35293180636230	14,81228854016290	1
-11,35234492733700	15,06675911044780	1
-11,35218353161800	12,86317355591160	1
-11,35131698308820	14,74894851810530	1
-11,35113446303960	14,43060992568790	1
-11,35101515425870	13,76214458667590	1
-11,35099471555260	13,92481748530750	1
-11,35017561137740	14,15920008633820	1
-11,34775732166030	13,37994073472240	1
-11,34521126874940	14,05515737789280	1
-11,34491300409230	13,81277416656640	1
-11,34368670680230	15,69519676139390	1
-11,34318480767810	15,27409858137910	1
-11,34167559719230	14,27539826252890	1
-11,34097571984260	14,76337443037300	1
-11,33572928138660	13,09840786144310	1
-11,33561299683020	13,86866191226480	1
-11,33259507080010	13,07299377130220	1
-11,33124321318440	14,28610097091550	1
-11,33028212693600	14,08957872784420	1
-11,32913348012930	13,46296165226360	1
-11,32905796533990	14,09661549799880	1
-11,32867394120250	14,41362670258380	1
-11,32688220084650	12,58072469119260	1
-11,32673853815200	14,62297843876930	1
-11,32536524648450	13,42936521896330	1
-11,32427420972220	14,39536927368060	1
-11,32311307357240	13,52607622765600	1
-11,32283679848600	12,90863841964690	1
-11,32001431153560	13,63445074946760	1
-11,31984916647910	12,08065473621340	1
-11,31846719734810	15,16909761094760	1
-11,31789632705260	15,22946353043190	1
-11,31776923345730	12,88493940371280	1
-11,31615869518640	12,77554517722620	1
-11,31526509538690	13,85362912503020	1
-11,31427283062000	12,65844350229050	1
-11,31313820100130	14,84087681390320	1
-11,31284239036860	13,25697048231450	1
-11,31255247949460	14,58575908911390	1
-11,31146679754580	12,57380947593790	1
-11,31040966752410	13,23529357272700	1
-11,30918467222150	14,89267735216060	1
-11,30879643140100	12,63302394357740	1
-11,30862055732950	13,66026067660560	1
-11,30481330500570	11,56908335536970	1
-11,30477841444530	14,18377849120350	1
-11,30390684523250	14,19397968365340	1
-11,30378723831690	13,85741660516530	1
-11,30337761018760	13,08062541217100	1
-11,30264754288510	12,16315231002300	1
-11,30229830672430	14,90180012614980	1
-11,30212373444710	12,92416283731190	1
-11,30200307774850	13,33195391905540	1
-11,30120151133990	15,72288551624880	1
-11,30048229291930	14,85323163064590	1
-11,29738280500970	12,63535051716020	1
-11,29728036651850	13,43734390844660	1
-11,29697804369140	13,40846968018680	1
-11,29599617182230	16,46215889716820	1
-11,29543663080390	14,69256665672550	1
-11,29529789401150	15,35287001075730	1
-11,29518320590300	12,54171480817630	1
-11,29406310211630	14,39691108522300	1
-11,28964331081040	12,41295669433990	1
-11,28947714331460	13,18674588372370	1
-11,28939537797870	13,59186085128460	1
-11,28665586554750	13,13650731414250	1
-11,28645467935530	11,71387630544590	1
-11,28525125889340	13,64838590506030	1
-11,28092177831200	12,91484008814410	1
-11,28035738333370	14,97774584848540	1
-11,28021184139770	13,52883895460120	1
-11,28020193638190	12,96516847439940	1
-11,27756104986620	13,51951379499630	1
-11,27640352149020	13,30704571169660	1
-11,27484944047310	14,20099610748060	1
-11,27412490097950	14,13768870405330	1
-11,27077201475700	15,18189126807500	1
-11,26958512954860	13,18536230933810	1
-11,26920771938240	12,70003321779400	1
-11,26782750441550	13,93989807732420	1
-11,26593490386360	14,44468201003290	1
-11,26528477153890	13,24590641996800	1
-11,26477187499880	14,53575020967980	1
-11,26431325962680	14,02547454126080	1
-11,26405811730860	13,95019053015920	1
-11,26285494694700	13,35100384809310	1
-11,26235277050510	15,34367053691370	1
-11,26176211809120	14,01987112970640	1
-11,26107900799320	14,90463361768280	1
-11,26083887197080	14,08606008053800	1
-11,26043136896550	13,97369802820420	1
-11,26026868998530	14,51872627436830	1
-11,25917270543720	13,54396194706480	1
-11,25757118674020	13,94080405837140	1
-11,25726621574290	13,39459843110820	1
-11,25521886278280	13,73523116448560	1
-11,25493947558600	12,12177268222800	1
-11,25267520945300	13,54522235160710	1
-11,25098936987830	12,42785731484700	1
-11,25034103538160	13,96552361091610	1
-11,25006979989400	13,33416897430730	1
-11,24948713557850	14,49281036722290	1
-11,24644035851150	13,31838662205160	1
-11,24583160901950	12,86569872053070	1
-11,24504020283590	13,66238983085060	1
-11,24456529803140	13,18087727792620	1
-11,24368502184140	13,13860952851960	1
-11,23992635609880	13,41370796128620	1
-11,23765828544960	14,67152839785350	1
-11,23639167907070	12,18456547430180	1
-11,23499145874580	13,32420534725030	1
-11,23379679456480	14,12910712832180	1
-11,23259351216370	16,65251813086430	1
-11,23179857449290	14,34142848998020	1
-11,22866120704970	14,45712443389370	1
-11,22743050406570	14,49170278603050	1
-11,22651623740840	14,03503336599160	1
-11,22626586769260	13,36135481249500	1
-11,22611181658550	13,79070400480140	1
-11,22568118023050	14,25510146461610	1
-11,21788196415910	12,02759055095180	1
-11,21762676143760	12,98468628151620	1
-11,21761263387600	14,68449325833570	1
-11,21646866712780	12,96873965972660	1
-11,21420778873220	12,74162168953610	1
-11,21355114063730	13,74176862124840	1
-11,21348566271290	12,47426879114310	1
-11,21215785635580	13,71366446948350	1
-11,21043642576010	13,30414592745790	1
-11,21024318667210	13,92479826612730	1
-11,21004423522190	13,77127734179960	1
-11,20828961781130	15,57042260894660	1
-11,20734105645360	14,31217684284160	1
-11,19800583806680	15,19829013413290	1
-11,19738634925630	13,44809886781960	1
-11,19736805831950	15,06493035480180	1
-11,19706411215610	12,63107292105870	1
-11,19647060170490	11,93091157131780	1
-11,19591822494480	13,25722064916900	1
-11,19371729076300	12,33667761670410	1
-11,19359140356070	13,83558030660430	1
-11,19106373556640	15,10583549927970	1
-11,19079798751560	12,58149609596710	1
-11,19063628398220	15,22188847852820	1
-11,18990700475290	13,80152399194610	1
-11,18777110560750	14,10680067421860	1
-11,18745562942920	14,60847125198890	1
-11,18598887589820	14,04772430107180	1
-11,18590070536910	11,83991072205880	1
-11,18584327819600	15,88402239692690	1
-11,18550457945190	13,84969215045880	1
-11,18463198859240	12,58387645255650	1
-11,18255074004950	16,18058797199230	1
-11,18110308755560	15,37566010082520	1
-11,18070894498690	13,19105523185480	1
-11,17797966301970	12,09654576533440	1
-11,17722830661770	11,67486777922620	1
-11,17687005003110	14,28868486332110	1
-11,17608588000830	13,44234236626150	1
-11,17575507481060	14,71309325129530	1
-11,17371599679620	14,12950961732200	1
-11,17306272728190	12,75284958201030	1
-11,17090486932200	13,60178641451880	1
-11,17018363929000	13,41625446208440	1
-11,17001914878150	14,39616054583280	1
-11,16843111096660	14,14711527037950	1
-11,16667380177690	13,32091281060620	1
-11,16563882018260	16,09555985645720	1
-11,16430251110180	13,14319810980780	1
-11,16378366978530	15,59777858677190	1
-11,16295326463790	16,12297634040720	1
-11,16262507598250	12,31537025609380	1
-11,16252014012150	12,90875321860290	1
-11,15988794703240	13,80159615191210	1
-11,15863055065050	13,00626226390920	1
-11,15606361797560	14,54966795370180	1
-11,15465069180700	15,21283874136550	1
-11,15402885831980	14,49827211507360	1
-11,15139180683640	14,36593982219110	1
-11,15115446156400	15,54102557822180	1
-11,15077635295410	13,79690467290030	1
-11,15061531617020	14,19734846013640	1
-11,14939479141860	13,45368343080600	1
-11,14854782182770	13,83674629152550	1
-11,14564119373060	15,03455881356760	1
-11,14458490598540	15,13259947311410	1
-11,13309350087260	14,21758250977830	1
-11,13169760998310	14,18311558329310	1
-11,13137050138740	14,96281290147200	1
-11,12968470244890	12,44602991137000	1
-11,12934288244210	12,63680793428010	1
-11,12931591363970	12,20597744426120	1
-11,12780389345850	13,14821510042510	1
-11,12770518130460	11,93170198833630	1
-11,12598976660220	14,59757047481030	1
-11,12575776019770	15,55716526522660	1
-11,12336731751700	13,37138436330740	1
-11,12168969826950	13,91301294870100	1
-11,12158654809700	14,88478873500460	1
-11,12040440564680	14,29709923233730	1
-11,11861979504940	14,29221012542250	1
-11,11854114545730	12,47006201745260	1
-11,11832050979930	13,83920608840000	1
-11,11702545143540	13,40193506155250	1
-11,11451695893790	13,59896856509960	1
-11,11335348086180	13,57286060060480	1
-11,11182068566810	14,08486025496180	1
-11,11029888661160	13,51390151021520	1
-11,10877901580790	12,70967406056990	1
-11,10699029463220	13,29773187295530	1
-11,10649804695450	14,79193421234170	1
-11,10605999974980	12,22768941529120	1
-11,10547700975060	12,52192101870790	1
-11,10544227119560	14,64016638791790	1
-11,10514213197980	14,79417887845060	1
-11,10487967773730	14,07997062503290	1
-11,10037727834750	14,79189478308320	1
-11,10021444404490	13,43000989840130	1
-11,09909334953930	13,19478500946920	1
-11,09799775672500	12,15958995876900	1
-11,09756892999850	13,35303292519640	1
-11,09700939407520	13,98599903228150	1
-11,09661905052940	14,89752174159620	1
-11,09644440007430	14,19986728471240	1
-11,09331751903480	13,61423906366280	1
-11,09183529421430	12,81567685723620	1
-11,09160913061360	13,44757523738760	1
-11,08853482939530	13,76091387831720	1
-11,08782857099980	15,32776209025970	1
-11,08731506477310	14,66194030139840	1
-11,08665991288950	14,35468199532480	1
-11,08616843379420	15,09654664050090	1
-11,08428408079540	13,67697418456150	1
-11,08205176426730	13,79820965254180	1
-11,08196312110230	14,14466126652340	1
-11,08195176441460	14,91127383434490	1
-11,08033235630240	12,14862257214550	1
-11,08017721486410	13,55429587147020	1
-11,07986172217810	13,51771126507520	1
-11,07779657361110	14,61140506107880	1
-11,07774969750440	16,25415236530810	1
-11,07739683899690	12,67430439247060	1
-11,07442073092160	14,11249615348200	1
-11,06958891381250	13,63359655299120	1
-11,06935160698790	13,05351156142750	1
-11,06932545756260	13,45465801486470	1
-11,06929886361810	12,19427624503790	1
-11,06854147747460	15,55623535802020	1
-11,06832746196750	14,71734939262970	1
-11,06779045914190	13,76790547916790	1
-11,06696317464060	13,78657874734710	1
-11,06663999341340	14,62001530672290	1
-11,06496720791150	15,44319485047980	1
-11,06475585135010	13,31225293356190	1
-11,06368691012810	13,09363984421050	1
-11,06258694957780	14,57461689241100	1
-11,06047567213000	11,36955201198860	1
-11,06041273458610	14,05695768252590	1
-11,05989368584030	12,88791834905330	1
-11,05782645262720	13,57380526664950	1
-11,05731826922760	15,44538874231570	1
-11,05708640693420	16,15118068842550	1
-11,05638837031290	15,29004375294440	1
-11,05469019884520	14,58295263776880	1
-11,05454249941240	12,29032859791960	1
-11,05273918149500	13,89503134963500	1
-11,05143756127460	14,13362567382400	1
-11,04969138456440	12,57790698671000	1
-11,04944937918350	13,34923159850240	1
-11,04894113677700	12,46589222039420	1
-11,04878690258530	14,74206605056380	1
-11,04705312685260	14,38419512979530	1
-11,04650369879340	14,13220519251590	1
-11,04566981270950	14,18316497783110	1
-11,04434251252900	14,13735873808680	1
-11,03914742687640	13,72317959906030	1
-11,03880157637130	12,95514690380380	1
-11,03833413687540	13,36751555257730	1
-11,03821326481770	14,40938343911260	1
-11,03688426057420	16,43520342684220	1
-11,03658611781440	14,91352283588220	1
-11,03423534437350	15,61732543491290	1
-11,03350565235890	13,49310398798580	1
-11,03338014844260	13,55226655860550	1
-11,03265176678840	14,99572805539050	1
-11,03149935535730	13,05702446623600	1
-11,03055670815740	14,60348191400560	1
-11,03015452000170	14,70111576274490	1
-11,02970678547920	13,80344970205780	1
-11,02917132236470	14,28354999296580	1
-11,02853721679670	16,09247808076390	1
-11,02821419566240	14,62792418734740	1
-11,02810414298010	12,51892382736860	1
-11,02717041607080	13,04517399642600	1
-11,02560533313770	13,30864213005800	1
-11,02411989631790	12,86479544833320	1
-11,02094524190700	12,94602278162300	1
-11,02017550827810	12,24878705073370	1
-11,01751404519370	12,83705106271180	1
-11,01695920478790	15,74821000417500	1
-11,01631796968610	13,25204388188890	1
-11,01247301678620	13,10669277965120	1
-11,01214349354380	14,11212466774980	1
-11,01204188532290	15,98007193156350	1
-11,01068931462840	13,33074833350420	1
-11,00948511124040	13,78383836485710	1
-11,00361599562780	13,64366080705110	1
-11,00342692513430	14,69511258410880	1
-11,00268486382130	14,93338820839200	1
-11,00225514974560	14,51391738710380	1
-10,99951800929780	15,54701499310920	1
-10,99889048830590	12,59631878329960	1
-10,99884301406040	15,36035601676290	1
-10,99485480432690	11,98986794229980	1
-10,99440897342570	15,68685139405460	1
-10,99372647225450	14,34203659304750	1
-10,99365901328860	13,88010093287650	1
-10,99307918493990	13,93628745599360	1
-10,99292604287550	13,29189681117900	1
-10,99232386846440	13,50674411783040	1
-10,99177676814680	14,10283010090870	1
-10,99095746415310	13,18698908425360	1
-10,98953023484610	13,29813698854080	1
-10,98902599171520	13,69935761093380	1
-10,98755420951970	12,76562999794830	1
-10,98579052454140	13,14021996489390	1
-10,98504720382760	15,45991484703340	1
-10,98365782556720	15,06705217081920	1
-10,98265603181350	12,22070335936870	1
-10,97942247847030	14,42141091348310	1
-10,97896309653450	12,39117490359450	1
-10,97862847026180	12,89783942369900	1
-10,97669340582730	13,51334795370080	1
-10,97308149026180	13,43658016909540	1
-10,97068490821140	13,82691296511490	1
-10,97026091980470	15,99186217520920	1
-10,96804457286090	14,78946289301120	1
-10,96293647440710	12,86900784841780	1
-10,96240626390360	13,88101262129870	1
-10,96104041223370	12,37725762285580	1
-10,96025443710510	14,05462519421780	1
-10,95919394237290	14,46839689253300	1
-10,95834004326600	14,81940676240100	1
-10,95618549291310	14,06494977296000	1
-10,95551315089310	14,01162795258540	1
-10,95472924023670	14,32312702961040	1
-10,95367121877760	15,27599265403840	1
-10,95209321582890	11,60761610382490	1
-10,94979724544750	14,46943022857120	1
-10,94796990484240	14,61857675500180	1
-10,94559828598000	12,80730537537850	1
-10,94375364837710	14,93853539544410	1
-10,94330159302270	15,32953716672150	1
-10,94201727928620	14,37035146641630	1
-10,93583004624370	15,77566239454110	1
-10,93486065277290	14,62474784944090	1
-10,93418575133750	14,28243005560100	1
-10,93351111934230	13,51365398130290	1
-10,93101922724140	14,61817493625290	1
-10,93040708515220	13,39283614630460	1
-10,92990011352570	12,73708108339130	1
-10,92906731343800	13,60817209681830	1
-10,92486196445170	14,14129498094760	1
-10,92448053214730	11,68281364392980	1
-10,92352245549910	14,60499783564420	1
-10,92262593532200	13,55099565823550	1
-10,92049184983930	16,89019285568120	1
-10,91920102538720	14,80448901339790	1
-10,91902743033020	13,85184192145730	1
-10,91736789181120	12,41359819629240	1
-10,91562306285890	12,35141516474020	1
-10,91385121153590	14,80678987507300	1
-10,91273519453060	14,08006881390330	1
-10,90782593235920	15,11373733023260	1
-10,90729678708910	13,90429873595090	1
-10,90717883040210	14,77321351008790	1
-10,90647037407820	14,16353669895150	1
-10,90345934074550	12,70461880848130	1
-10,90274514203770	13,35873685740840	1
-10,90173578911540	15,01254181361650	1
-10,90014431696350	14,29204844541350	1
-10,89985232947510	13,81547594497400	1
-10,89748946557970	14,96247795923090	1
-10,89732140346100	12,52493641269910	1
-10,89156136812050	13,75799332796240	1
-10,89073817681010	15,21065134447170	1
-10,89063865769930	16,37571087295930	1
-10,88976467740550	13,41855124360910	1
-10,88535152259450	13,54147078804700	1
-10,88442353297890	15,89108347952020	1
-10,88403445732750	15,57801543212190	1
-10,88256228820180	13,50300355243720	1
-10,88009110748440	13,27985952445540	1
-10,87937140567360	14,65783511646380	1
-10,87851070630690	12,76887256409720	1
-10,87665184874520	14,37234596903140	1
-10,87369855991330	14,53932428841430	1
-10,87111538992070	13,10777232742720	1
-10,87093254995130	13,43983249975830	1
-10,86831849146650	14,10642248714650	1
-10,86784488525620	12,37715213605790	1
-10,86460953486470	15,11390418243750	1
-10,86457015482400	15,05637034181250	1
-10,86176867160290	15,47704729852660	1
-10,86042942148090	14,08171741217600	1
-10,85887279599030	14,47975793231030	1
-10,85624102010250	13,18245067623680	1
-10,85537740712600	16,19548818830240	1
-10,85498486025780	15,31419024553330	1
-10,85460192080330	12,82681479514720	1
-10,85439317305720	13,83385116845710	1
-10,85415673293450	15,31156598073580	1
-10,85406766782250	14,97081326998440	1
-10,85393338151410	14,06994329542500	1
-10,85243197990000	12,33352305909870	1
-10,85082895876830	14,57877775239050	1
-10,84906600914310	14,38834903776400	1
-10,84880110036680	14,61773635403440	1
-10,84758752313390	15,01745806078230	1
-10,84651447634550	14,35367459629010	1
-10,84638406377390	13,70102873498670	1
-10,83726317316500	13,92143764378700	1
-10,83342629075750	14,63422868459570	1
-10,82515122550050	15,97927316475560	1
-10,82267312284940	13,45781095458680	1
-10,81993684670570	12,17749165877600	1
-10,81846700668780	14,36052219341730	1
-10,81625553974370	12,98232901907790	1
-10,80907889792370	14,20267459016870	1
-10,80698608969210	12,96799183826710	1
-10,80631435722720	16,05490317126890	1
-10,80386522296470	11,67700434659530	1
-10,79988975056720	13,78776351347920	1
-10,79746555621860	14,66247451063440	1
-10,79653518889360	15,83277248388440	1
-10,79503227636430	12,57055648384420	1
-10,79487586730300	14,79033759283260	1
-10,79237938724430	13,93577911117640	1
-10,79184578619800	14,76159765515520	1
-10,79142444951230	13,32699356797180	1
-10,78992045483130	12,73050495888540	1
-10,78892163177060	15,15559936965870	1
-10,78891449144950	15,38735772659070	1
-10,78865496002100	13,74825182284870	1
-10,78592696186810	15,01957599705250	1
-10,78508232812840	13,25458042517880	1
-10,78387889277900	13,09252232578020	1
-10,78251259728830	13,84089503147250	1
-10,78057644625300	13,03637052299620	1
-10,78045231430600	13,52932352299880	1
-10,78004380683070	14,23597445039850	1
-10,77842629657840	12,64280046657290	1
-10,77699711021820	12,82947112201130	1
-10,77681475122390	13,56310416762210	1
-10,77581229333040	14,88868580126710	1
-10,77376356187190	13,99416310436760	1
-10,77087383985630	13,54458987906800	1
-10,76462655212510	13,29717000300060	1
-10,76172153444980	13,63630871451500	1
-10,75872308234720	13,69665950494380	1
-10,75708787635740	13,59620996173090	1
-10,75307536960970	15,08694457822130	1
-10,75172657896060	13,81166657904520	1
-10,74848715435720	12,72595047652600	1
-10,74616278524330	12,69807536261630	1
-10,74616242554190	15,45821340867600	1
-10,74514717971950	11,94416678419120	1
-10,74066958739820	13,68286591174070	1
-10,73863203262940	14,58792145626700	1
-10,73780469383000	14,74051788157940	1
-10,73532129951750	14,39047695168910	1
-10,73237539768220	13,42390857846550	1
-10,73142525724700	15,10723064888440	1
-10,73020604328380	13,36293146193300	1
-10,72980156178930	14,70711351391360	1
-10,72913372197730	14,36185341039740	1
-10,72883886427130	14,85628128199090	1
-10,72478876948090	11,40927899091030	1
-10,72237346375130	15,43677174773390	1
-10,72156122750740	16,64336238182890	1
-10,72079455149200	15,73599598611680	1
-10,71910757642120	11,69029730719600	1
-10,71688353429110	12,85807738588600	1
-10,71583238432500	13,07661422701120	1
-10,71243762634860	11,46258513419190	1
-10,71176557675150	14,06228866007230	1
-10,71164414176750	13,73935930316450	1
-10,71148686441390	14,22712204952280	1
-10,71076293580990	14,41873331847010	1
-10,71005098095250	14,87648013811840	1
-10,70728472648900	13,48195396950170	1
-10,70533696489040	14,77132771355950	1
-10,70426238462410	13,54406046248060	1
-10,70338593219500	13,94416154538560	1
-10,70143659430280	12,89164892901990	1
-10,69947256121130	14,83441427044480	1
-10,69524126672340	13,30480656717040	1
-10,69520357923580	14,39361724399600	1
-10,69409612131880	12,37893058997720	1
-10,69157100149750	14,13378441254630	1
-10,68981809819240	14,76521514808700	1
-10,68573452930190	14,44545871256010	1
-10,68147500126570	13,03753953897320	1
-10,67997125756800	15,00080819668790	1
-10,67927618018590	11,86829251587410	1
-10,66469874532180	13,52074108411080	1
-10,66300496751210	12,66125479087500	1
-10,66099941141220	16,06507860936330	1
-10,66012118944520	15,23577069345620	1
-10,65721051962480	15,21304596763390	1
-10,65531633112960	14,07337813768430	1
-10,65488954091620	13,55412198002190	1
-10,65443834745790	14,36908009097500	1
-10,65275514357210	14,41435062489160	1
-10,65237363790260	16,14897846066480	1
-10,65048887055030	13,34635963192570	1
-10,64705263134870	12,34650900825520	1
-10,64504909273570	12,47766115765060	1
-10,64462420288080	12,58153143608880	1
-10,64273068389420	13,55259266846780	1
-10,64247261397450	14,38332564944490	1
-10,63864300149190	14,54080316710680	1
-10,63726629666140	14,14263038768600	1
-10,63719532081580	12,84696880230300	1
-10,63602948078970	13,84398960402770	1
-10,63447473708140	13,47069716828740	1
-10,63415910008250	13,64265484295590	1
-10,63206516365840	14,85315789886030	1
-10,62588347793870	12,76864015112560	1
-10,62287058851410	14,18576362763700	1
-10,62010587462260	14,74859108753770	1
-10,61901814067080	15,43358855442720	1
-10,61812494804070	16,09496670280200	1
-10,61485065733420	14,96256836898920	1
-10,61463415141390	14,40955557987200	1
-10,60838048363690	13,88510041654740	1
-10,60820831989680	16,64216901862970	1
-10,60667666396300	14,52469533733590	1
-10,60554144942710	13,51641718903850	1
-10,60380017151910	15,77650536963460	1
-10,60349010265540	12,82333844078630	1
-10,59913433197430	12,18231705732150	1
-10,59183603837110	14,45875821317150	1
-10,58486914831240	13,75046206871460	1
-10,58230440015170	13,13933348242390	1
-10,58178985785600	13,60454577031940	1
-10,58108115270530	15,27374831580830	1
-10,58015099156210	15,63663518432200	1
-10,57977597247670	15,05927054331610	1
-10,57761089232300	13,24890470176650	1
-10,57512988038790	13,31689905143700	1
-10,57384749690530	14,21928169685060	1
-10,57263946019260	11,95307640205320	1
-10,56585183818180	14,69898031658510	1
-10,56397848557070	14,72294432357160	1
-10,56141520322020	15,88239498846520	1
-10,54597574798980	15,19178301457140	1
-10,54573306567950	13,99212365545840	1
-10,54347323617980	13,97188044271790	1
-10,54070046994960	13,87224629903020	1
-10,53821150782180	13,01053928914190	1
-10,53675830569100	14,27477004355390	1
-10,53393979703860	13,24243104506990	1
-10,53171203307580	15,15524292433900	1
-10,53078440622610	12,98009712839100	1
-10,52945544865740	13,52811450922680	1
-10,52937809803760	14,14393324993480	1
-10,52884075701010	14,19505384423430	1
-10,52880874251700	13,45687433525010	1
-10,52857370540320	13,80684464923920	1
-10,52693898722520	15,14314713208010	1
-10,52385634555770	14,69118575678660	1
-10,52237587602500	14,85152744939950	1
-10,52077713821580	15,47312574516120	1
-10,52043113979090	13,77033629972450	1
-10,52009906432790	15,45170789369260	1
-10,51762896091810	14,42907345078290	1
-10,51692069096080	13,94731435306880	1
-10,51607435030070	13,87602793640060	1
-10,51487349348840	14,28910724155480	1
-10,51406755611770	14,11339540621850	1
-10,51399806483190	15,38414866657000	1
-10,50821038728020	14,05060952421110	1
-10,50804693599670	14,46974722374540	1
-10,50489978934330	13,22508458639680	1
-10,50146794629770	12,19927047196670	1
-10,50020241518280	14,05282252015950	1
-10,49792622888010	14,52026032073620	1
-10,49734427158070	14,92417534324830	1
-10,49310149004620	13,22582739076060	1
-10,47964001802070	12,46046950393180	1
-10,47867960916340	13,33888109545270	1
-10,47862710657570	13,95892071427760	1
-10,47808932971580	14,37900876287440	1
-10,47696183972540	12,07145190716320	1
-10,47692327083080	13,97123562690440	1
-10,47163179106580	12,62967955515620	1
-10,47034848523030	14,18322303835430	1
-10,47025647211030	14,47089367683000	1
-10,46706087732710	14,23958566781940	1
-10,46540709782890	14,10181201046470	1
-10,46138910288680	13,58536980018500	1
-10,45897506864900	16,18869444525420	1
-10,45142683745430	14,10748756240640	1
-10,44857957266320	13,97158666192930	1
-10,44730735145240	12,31126376908340	1
-10,43941384197210	14,64861306056580	1
-10,43329533974710	14,07985845070800	1
-10,43075906798490	15,14525187273920	1
-10,42907754547280	14,48573769269570	1
-10,42894009877220	13,52635111714550	1
-10,42519806316540	15,76997652714540	1
-10,41821969566640	14,13881209053300	1
-10,41821608777890	12,53492728473970	1
-10,41294769474850	14,18963479399810	1
-10,41205942720630	13,50560000503280	1
-10,40061546231640	14,03617454381090	1
-10,39992504488500	14,22290987289210	1
-10,39093883224670	14,46353750975380	1
-10,39068547788680	15,00105027637630	1
-10,39058358447240	14,36872956583090	1
-10,38602834042260	13,11888934361040	1
-10,38430235065720	12,08049383542970	1
-10,38360533805590	12,60003035000180	1
-10,38321822562760	13,04013122003480	1
-10,38215260412420	13,38174672677880	1
-10,36713872250820	14,88181767190770	1
-10,36509614000630	14,75437392057860	1
-10,36157923843940	12,87847855300130	1
-10,35906947211710	12,72483060392980	1
-10,35727248065840	16,69221491584760	1
-10,35413035702550	13,92182675267150	1
-10,35140502119620	13,66924050243980	1
-10,35087923093900	15,55469849223380	1
-10,34612667668920	14,16144426505050	1
-10,34541031368840	12,73601168097190	1
-10,34345511024020	13,22686458701000	1
-10,34283248001660	13,51998195734140	1
-10,33642524708740	12,43280378474700	1
-10,33462407401450	14,32319046370520	1
-10,32989701434220	14,87891984666090	1
-10,32966995905910	15,31230160345210	1
-10,31650940517840	13,93611374412590	1
-10,31472782554840	15,15199179383060	1
-10,31406432516780	15,10558789862920	1
-10,31130795533040	13,02620041965300	1
-10,30322284182220	14,04663011037110	1
-10,29804173732020	12,32269547894770	1
-10,29358005718930	14,95674909688650	1
-10,29325419538310	15,64066398031790	1
-10,28186203794850	15,35012140691010	1
-10,28089441464230	12,77057372074580	1
-10,28017730676490	15,92772303601760	1
-10,27843343303120	13,29673703168310	1
-10,27799444833190	12,90176272465510	1
-10,26715307574760	15,43593320796370	1
-10,26541363138910	14,83074948803540	1
-10,26347926753580	15,69408228915570	1
-10,26222098115190	16,08039501948560	1
-10,25757010514670	15,13700393512920	1
-10,25254407056410	13,52517621723130	1
-10,24977499166820	13,39827061374490	1
-10,24880325555440	14,39405334100560	1
-10,24680101541120	15,44104937994090	1
-10,24422063896480	14,39592139446070	1
-10,23050742747260	13,23886845689520	1
-10,22925875681960	13,27665465240370	1
-10,22744786216770	12,47678060791270	1
-10,22608673572570	12,96696489905450	1
-10,22435005365810	12,78432903931140	1
-10,22430547950710	13,95401054195530	1
-10,22408347361720	12,29284636771350	1
-10,22258454375250	15,15677242378250	1
-10,21998229160100	14,84551364714900	1
-10,21991518454370	14,73617030547450	1
-10,21699580403060	15,05548637618910	1
-10,21578602652050	13,85943988861250	1
-10,20730467344260	15,31108247579830	1
-10,20261799677970	15,44861001631180	1
-10,19988418399600	16,34101708230580	1
-10,19329709636510	11,31072999206490	1
-10,18484230930950	14,75124323758390	1
-10,17557347795530	14,01568395244650	1
-10,17389665788960	12,59724780289530	1
-10,16899487819250	13,71824290004660	1
-10,16000989706180	13,19674426898640	1
-10,15879079815940	13,11199606565900	1
-10,15701125359400	16,29003569748650	1
-10,15663749555010	13,41977298418160	1
-10,14341788899680	13,92343741840030	1
-10,13955620479310	14,20560961570170	1
-10,13213826914590	14,62029491115750	1
-10,13150580615270	14,90612719275920	1
-10,11620110006320	14,28196124535190	1
-10,11343605375340	13,68425395845060	1
-10,11283895901230	13,67506891802080	1
-10,11245444633220	13,63476847298910	1
-10,10361171784540	13,28342615784270	1
-10,09683634145430	14,47852816131400	1
-10,09571633535410	14,81149313851240	1
-10,08992150275730	13,80579220528750	1
-10,07763983725060	13,16107330744650	1
-10,07570854237440	13,08800030586280	1
-10,07058741149820	13,77394091045820	1
-10,06652325849730	14,32659347373850	1
-10,06649859028870	13,26007406879410	1
-10,06410735630110	12,72962276934140	1
-10,05599510269650	15,21521338211020	1
-10,05365614335760	12,76909487735760	1
-10,04917971328920	14,44042235759130	1
-10,04701542815590	15,20993204801070	1
-10,03422114936080	12,77034116342030	1
-10,03197860393500	14,39019180219240	1
-10,02481965968800	14,82466976493310	1
-10,02428722128900	14,10422641955530	1
-10,01928943942790	13,31631715115620	1
-10,01209579413310	14,10135374437380	1
-10,00893763599720	12,59834648787790	1
-10,00413469717350	12,34903059501050	1
-9,97971225067191	14,63434175897900	1
-9,97109910932074	16,22709343650290	1
-9,95696644103148	13,37734145572750	1
-9,95198058554542	13,53620674204400	1
-9,94759348185595	13,89821930615380	1
-9,94713297339133	16,79422536886370	1
-9,91665683583432	13,64292593455820	1
-9,91337388597007	12,67565637557630	1
-9,90864799242093	14,19851741617380	1
-9,89755657334478	13,40479262183130	1
-9,88993175064430	15,79289533405260	1
-9,85914817232600	13,72304688255160	1
-9,85645876677014	14,69737338162930	1
-9,83490586119671	15,20430393541450	1
-9,82992371266014	15,29352885177470	1
-9,82446156113880	13,53411700083890	1
-9,79817823963395	13,83968288382080	1
-9,79631632821279	15,14171443145870	1
-9,76896459996098	11,98628993306360	1
-9,73147180346453	14,80000570164770	1
-9,72792457149168	13,10823141281880	1
-9,69910152372011	14,08646613104070	1
-9,69283746895123	15,94075936125950	1
-9,68674173661804	12,91103689959180	1
-9,66828274753030	14,67838331273960	1
-9,64332425370047	14,54188508972770	1
-9,64283638159561	15,24366193475630	1
-9,63519108774043	13,08274026948970	1
-9,62681590804248	14,69218606129470	1
-9,61417648008868	14,28504098149990	1
-9,59103865305040	14,98647282647180	1
-9,57457028259345	12,89684257852980	1
-9,55146414436974	14,25770871658470	1
-9,53689100411015	11,66218367698290	1
-9,52572051392389	14,17671894553620	1
-9,50591708269397	14,19326343781520	1
-9,49865816734248	14,62978977658750	1
-9,48224944843513	13,78613721283560	1
-9,47794967241784	12,90838277589410	1
-9,47613367976386	14,00170925503140	1
-9,46571940223537	13,42691482956760	1
-9,44613604820481	12,69174408473690	1
-9,42762389028727	14,89723558455970	1
-9,41070408002333	14,01410894861900	1
-9,39523713742336	12,43959404629970	1
-9,33823656489892	12,93659107746820	1
-9,33620364491532	13,39694689079650	1
-9,31091415491625	13,65532345231110	1
-9,29068518036589	13,83094937042480	1
-9,27112266630608	14,47574192259460	1
-9,26696781249639	13,70957632896190	1
-9,17224891503220	15,94275880781880	1
-9,13812515635990	11,93729083824590	1
-9,12619075771717	15,80242535908350	1
-9,11299165594042	16,34782477305370	1
-9,10155728285900	14,03255012639060	1
-9,09706028386048	14,77616680356250	1
-9,05197647419840	13,25688149105910	1
-8,75076824511455	12,13915468153840	1
-8,71545339517007	12,54839623909630	1
-8,59214391347369	13,42257530549870	1
-8,30956208243738	13,83506414724830	1
-18,02338513347470	0,76483733437647	2
-17,45320769701860	-0,07854394117615	2
-17,40543650816790	0,04306168839957	2
-17,30445631116650	0,74223574976564	2
-17,27806454088160	1,52414516958492	2
-17,24371229352190	2,42917070155414	2
-17,20581591921690	0,91243950233376	2
-17,19601815538740	1,56722414722444	2
-17,16139372644730	0,27718799334729	2
-17,14619810758490	1,19945251854002	2
-17,10665447966230	0,19676662702361	2
-17,10313043790140	0,75094597647342	2
-17,00959940975150	0,00479448089620	2
-16,96726909573280	-0,05712587190436	2
-16,91639885655200	2,53862425072542	2
-16,85540503011390	-0,80601391732378	2
-16,85214539757270	1,19413257062623	2
-16,84632725534210	-0,67156442048348	2
-16,81739579586430	-0,74040542848319	2
-16,77427478877570	-0,11849308665911	2
-16,72829797977500	0,08868073073884	2
-16,71173885742180	-0,61786732963569	2
-16,68745210077290	1,27155683731422	2
-16,68159894219370	1,33700960721726	2
-16,68012041299940	0,32772180237830	2
-16,66279685497750	-0,38399341875702	2
-16,63551091365130	-0,50445913882309	2
-16,57797394666300	-0,13758080596792	2
-16,57155493090920	-0,60373441786572	2
-16,52280764284060	1,65530577499691	2
-16,49568692821180	-0,67271745559631	2
-16,47707738939810	0,92891882808114	2
-16,47564057605240	0,37763903747232	2
-16,47004355918010	-1,39008431102383	2
-16,45727993566140	-0,00716614280953	2
-16,45173148842840	1,46117322183420	2
-16,41283541817470	1,39120010376926	2
-16,38273092080660	0,69401420845142	2
-16,36507754734280	-0,06044986479171	2
-16,36413431775660	0,23298883105039	2
-16,34719235706720	1,42077806744528	2
-16,33385541980120	0,90040471842934	2
-16,32773473152840	2,09699319369034	2
-16,32380581088070	-0,13553764489150	2
-16,30704636473990	-0,29941508796669	2
-16,30682644089260	-0,63654765703357	2
-16,30148813701790	-1,71397054439090	2
-16,28758387281170	-0,29023464969545	2
-16,27583149070770	-2,19871042882914	2
-16,27098732853280	-0,36017322158007	2
-16,25647263562980	-1,68994318514389	2
-16,25516435823080	0,51082780039328	2
-16,25498152877620	1,17207299283642	2
-16,24973530543220	-0,43239292828485	2
-16,23847251151770	-2,41791157734391	2
-16,23780709377190	1,29030848153241	2
-16,23527347900820	0,79154169301275	2
-16,23278079529640	0,05687175543579	2
-16,23004861334570	-0,93742960160208	2
-16,22736681541900	1,10396470902272	2
-16,21807219733400	0,76362918875325	2
-16,21750200322740	-0,59254500537546	2
-16,21412166442050	-1,04116731667542	2
-16,21026870640220	0,07448092485239	2
-16,20945627241300	0,11862469214634	2
-16,20672603756500	0,27168069329190	2
-16,20415119386710	0,30230071650585	2
-16,19744619326330	0,06605887483515	2
-16,19490549096610	0,16883845827844	2
-16,19375823623200	-0,39409035403986	2
-16,18532459032080	-0,34910310477104	2
-16,18267414182830	0,29426539334233	2
-16,18264812423580	-0,81910195951277	2
-16,18192689161470	2,87830145310083	2
-16,17940139013190	-1,19432549577875	2
-16,16881440933670	-0,75101997471153	2
-16,16379387366310	-0,34176391862012	2
-16,14486769741550	0,66018123971563	2
-16,14274634669130	-0,60912574655397	2
-16,13989056116700	-1,57591027918055	2
-16,13669253116900	0,54968622399570	2
-16,13493740379800	0,64403097358535	2
-16,13260500993500	-0,13794165880233	2
-16,12920181990010	0,86691450112752	2
-16,12521579900770	1,43162886350552	2
-16,11538678860210	0,52450630965127	2
-16,11110832875120	0,59355603427303	2
-16,11020259221730	0,73190375224754	2
-16,10219589280470	0,05290132153738	2
-16,09097922248560	2,51703402608404	2
-16,08572762279350	-0,22244995224599	2
-16,07407999968330	-0,05548691614530	2
-16,07261970862290	0,99445700290561	2
-16,06882886197960	-0,06393649014361	2
-16,06496047762190	0,86838394766385	2
-16,06381771855240	1,80069296383852	2
-16,06329554409290	1,90946029203524	2
-16,06283663053640	-0,04296810543486	2
-16,04179525040630	1,95692899976822	2
-16,04020361917510	-1,53606287857259	2
-16,03493052133950	-0,17764375651581	2
-16,02918629023460	1,24344543360043	2
-16,01642334340160	-0,18719732449934	2
-16,00686526646370	-0,53712108369134	2
-16,00429091900170	1,57772040749522	2
-16,00289282637420	0,90246776178794	2
-15,98803599815650	-0,74679083526125	2
-15,98395417456750	1,59640223016260	2
-15,98348067834400	0,94616365506782	2
-15,98252086588520	0,61310877033660	2
-15,97852860047070	-0,26077904476745	2
-15,96939921572800	1,42923472464421	2
-15,96347729879710	0,66931823958642	2
-15,95887183492380	0,65611733209132	2
-15,95810621029470	-1,51809446706092	2
-15,94924661978450	-0,82841705641137	2
-15,94840437275890	1,70957714593231	2
-15,94693672587770	0,18678856821473	2
-15,94607309600560	-0,35558432126362	2
-15,94178844294870	-2,43578486420894	2
-15,93986764263170	1,32259248360259	2
-15,93876130955890	0,34989210395828	2
-15,93292993172990	0,19996604883920	2
-15,92341070095110	0,27420217923888	2
-15,91766729069650	0,87212373556974	2
-15,91737740247620	-0,45774025130125	2
-15,91651904293620	0,04781556558747	2
-15,91617664911570	-1,62560430269136	2
-15,91555210239720	-0,46591600900932	2
-15,91537013864940	-0,42865689061199	2
-15,91135098077650	0,57991099423272	2
-15,90414630012020	-0,17620237832469	2
-15,90265536226620	-0,22886790239326	2
-15,89760250635100	-1,52066992151047	2
-15,89257551753050	0,12131669533536	2
-15,89217943360930	-2,86651623949941	2
-15,88934743979400	-1,77908837651000	2
-15,88658226408170	1,22769122566509	2
-15,88144773946610	2,23028481544288	2
-15,87407040801040	0,08282610704871	2
-15,87391193274650	0,92073881916614	2
-15,86923805807610	1,29272180176592	2
-15,86466814349670	-0,48097121836601	2
-15,86395846611530	0,01732107398127	2
-15,85591995003980	-0,80289042135946	2
-15,85581639790400	1,75650847723509	2
-15,85554785574380	1,28341796407813	2
-15,83858784715290	-0,08224388144483	2
-15,83046857199180	2,69669770049665	2
-15,82728682023570	-2,06100315322062	2
-15,82575664424390	0,47016138062357	2
-15,82330809334580	1,78118538276176	2
-15,81749483783130	-1,53102082345697	2
-15,81181173276310	-0,43423503729287	2
-15,81174695733650	0,20723716847131	2
-15,81052187581840	-0,68813908581232	2
-15,80956702177640	0,59709955807118	2
-15,80702091831780	0,58169949710517	2
-15,80434338857930	-1,60111546805681	2
-15,80377941771300	-0,31297817002983	2
-15,80139513772740	0,64239844832880	2
-15,79928670659360	2,34824406862526	2
-15,79745285517730	-1,12704346667222	2
-15,78856990353180	1,11380093895324	2
-15,78524411013470	-0,40132203829119	2
-15,78372057842970	2,10608964292662	2
-15,78261150972020	-1,52179349672475	2
-15,77599296183620	0,96701440049953	2
-15,77447229283370	-0,64602630755597	2
-15,77171175122740	0,10654430690941	2
-15,76923270325830	-1,32574884179991	2
-15,76270404620300	0,78079406642806	2
-15,76178546193240	-0,70065830839966	2
-15,76108566737070	1,73942307325834	2
-15,76003028094150	0,27669120933267	2
-15,75769627966340	-1,25371753856524	2
-15,75721050030780	1,57280774043977	2
-15,75651131095240	0,46715392589723	2
-15,75025431088910	0,03645657170090	2
-15,74954563577800	-0,29985012947182	2
-15,74893684165920	0,33054452188098	2
-15,74620904257590	1,90696318930186	2
-15,74610775159250	-0,43099707362939	2
-15,74259605087520	0,86963616848180	2
-15,74152215709750	-0,95566255753941	2
-15,74141336352390	-1,15533092500928	2
-15,74127826001760	-0,33522198628695	2
-15,73921730376670	-0,33078010228256	2
-15,73748512843220	-1,39047584573878	2
-15,72651235148550	0,14124151104116	2
-15,72362813952390	-0,47457997816643	2
-15,71823969717380	0,71691913109221	2
-15,71613647756660	0,92155497845675	2
-15,71461768593500	0,28652048176119	2
-15,71424173005930	1,05207311537441	2
-15,71156603874690	-0,33980680209193	2
-15,70608235238720	-0,32288205293039	2
-15,70542418728730	0,65968643123287	2
-15,70228246408430	0,60850504626664	2
-15,69982740789780	1,12346849862965	2
-15,69949565218910	0,35421372293393	2
-15,69889381324010	-1,15127986465801	2
-15,69779097714220	0,71479771028339	2
-15,69616068419240	-0,71946435022855	2
-15,69128587648140	0,36145690129845	2
-15,69107182458580	1,28294120555505	2
-15,68765703689330	0,32867488940564	2
-15,68587622804870	1,63438104025626	2
-15,68360572302880	0,61977517234139	2
-15,68342064667460	-0,30285883390610	2
-15,67969892607570	0,96055450699901	2
-15,67720369224430	0,50164257901264	2
-15,67653513618300	-0,96610511829591	2
-15,66945830212280	-0,35833559650202	2
-15,66786550367640	1,45860198463235	2
-15,66541906650920	-0,85440225432596	2
-15,66532045168410	-1,28491724666703	2
-15,65965105151450	-0,78533985808729	2
-15,65888868460880	0,23625615927170	2
-15,65833823119670	2,65911892977748	2
-15,65754240382160	-0,39794883105569	2
-15,65668375514830	-0,03951789748710	2
-15,65460271265380	0,48583075947577	2
-15,65267853177620	-1,17158900537589	2
-15,64987284565650	1,71053492972478	2
-15,64233302484570	0,24713472614221	2
-15,64122701871300	0,37514182202186	2
-15,64086887001050	0,50531152861663	2
-15,63925771338650	-2,04539390486873	2
-15,63838186921880	1,02944552295320	2
-15,63614495476920	1,02712755899441	2
-15,63536070970890	-0,39902258407895	2
-15,63314447869060	1,54826122413092	2
-15,63061708649460	-1,38193024415240	2
-15,62706729917820	0,26039629819672	2
-15,62414677277320	1,39826202949740	2
-15,61962007086400	0,67174798195037	2
-15,61179143829500	-0,13663580521883	2
-15,60843484263100	-0,04892666972934	2
-15,60842269798040	1,57139777734864	2
-15,60688890147470	-0,39775394723657	2
-15,60316529919500	1,27808587963312	2
-15,60260660303970	-0,82986874108293	2
-15,60252743640160	-0,00278096794076	2
-15,59952951074720	-0,25527807034722	2
-15,59865384799400	-1,61210553021280	2
-15,59642640399840	2,39416100595096	2
-15,59484394748960	2,39576401362486	2
-15,59239062870280	-0,43620349296129	2
-15,58929917340100	0,53099027841484	2
-15,58887218180960	0,18677603495064	2
-15,58847042574080	0,21540012906814	2
-15,58280440448610	1,30857650435180	2
-15,57799783911440	1,25967457830942	2
-15,57790497960880	-0,38887107082065	2
-15,57383275749900	-0,09267859766989	2
-15,56974761965420	0,27760040322597	2
-15,56446652500540	0,91782130299654	2
-15,56381862139190	0,47330245131209	2
-15,55718445267190	0,20536647237620	2
-15,55710757569450	0,43739930266265	2
-15,55590300211200	0,97389861037675	2
-15,55237212768210	-0,24713107688932	2
-15,54943257218080	0,88544405472254	2
-15,54875401557490	-0,05310482479464	2
-15,54739702481940	0,88840841982838	2
-15,54542953440820	-1,05899135687890	2
-15,54504106888820	0,61135908935766	2
-15,54408602767800	0,24089217137409	2
-15,54234289657510	-1,36385953735989	2
-15,54153115789380	0,48168566387920	2
-15,54113453395300	0,30096939901681	2
-15,53721422349580	-0,81273560286133	2
-15,53652991522300	1,55871217874606	2
-15,53156224624280	-0,78527706587406	2
-15,53066720248020	-0,52473850606046	2
-15,53027915386790	0,91043031997223	2
-15,52912006617510	0,30059215363952	2
-15,52779644577200	1,89608289574741	2
-15,52458632849800	-0,19096323873492	2
-15,52443579194560	2,21341952264664	2
-15,52065089575680	0,05348243357880	2
-15,51943024439960	1,84864818147556	2
-15,51782582418340	0,37215476104777	2
-15,51421886247280	-0,38286743557440	2
-15,51408995351510	2,43053328000484	2
-15,51311029484850	-0,21822122964273	2
-15,50883032915070	0,80013906841715	2
-15,50750067969350	1,92328698235068	2
-15,50725906302850	-0,40134146366174	2
-15,50707110852430	1,13678872966905	2
-15,50641200287240	0,72161650430879	2
-15,50412888727280	0,97865922267279	2
-15,50242241913190	-0,11365562714946	2
-15,49853257501870	1,53848672437871	2
-15,49466215607620	-1,55516370171782	2
-15,49238985098370	-2,10966039150399	2
-15,49198456225830	0,56022061549173	2
-15,49167966197740	0,88454175501969	2
-15,48632022491880	-0,63532180953016	2
-15,48308814077740	-0,00321928681108	2
-15,48243448984410	0,52613284415012	2
-15,47993094137640	0,33030045949709	2
-15,47981999991460	-0,45210257359219	2
-15,47840420485980	0,70859283312964	2
-15,47418409218640	0,05063431761947	2
-15,47197081281610	0,22695574944827	2
-15,46614717566000	-1,91750683756302	2
-15,46592280081910	1,13973729538016	2
-15,46474128479230	-1,08780777039449	2
-15,46304801778580	-1,05284044453148	2
-15,46221764139820	-1,86165700801383	2
-15,46214700638260	0,20282973098087	2
-15,46092060070980	0,01975506379022	2
-15,45913089779150	0,33649065896084	2
-15,45841938703490	-2,06553795729801	2
-15,45591432829480	0,56244698240129	2
-15,45587513611590	0,63292993248603	2
-15,45553133591810	-0,94577501599227	2
-15,45373027743680	-0,13602815238727	2
-15,44964886055430	0,68789191741738	2
-15,44894213794810	-0,14494832995261	2
-15,44865146668120	0,52962115296981	2
-15,44563804912290	-0,52205631846584	2
-15,44533794149690	-0,27658319611711	2
-15,43994911537130	0,21440441779520	2
-15,43907263994220	1,35205036849618	2
-15,43804761725440	0,94707745151509	2
-15,43667938590770	0,63373914054778	2
-15,43479892942410	0,92216421461660	2
-15,43449723822450	0,07619557223273	2
-15,43390575473840	0,63284309408518	2
-15,43203907914890	0,70330121172441	2
-15,42968439654180	1,40133857073557	2
-15,42651004323400	-0,06354785129372	2
-15,42261362777400	0,86072880494778	2
-15,41820734193030	-0,80097299098603	2
-15,41802897292330	-0,80823694237090	2
-15,41687202443150	0,48087021114097	2
-15,41495515045130	0,22258273897606	2
-15,41331793167420	-0,91160791887323	2
-15,40772423918880	-0,23492178439006	2
-15,40767256966760	-0,03193684830308	2
-15,40725385748210	0,40386971499217	2
-15,40721063199650	0,50829935406061	2
-15,40304318477450	-0,14470477341660	2
-15,39793802399470	0,41043989833994	2
-15,39768724792090	0,66926713732607	2
-15,39738079238900	0,03452311342351	2
-15,39488841789460	0,45126572933623	2
-15,38974630848810	0,27580124494710	2
-15,38914469306940	1,25349214092575	2
-15,38856853323930	0,43766877599290	2
-15,38713730757650	-0,15441728840431	2
-15,38243393825010	0,72425615981982	2
-15,38141629391570	-0,22474610653657	2
-15,38074104922060	-0,25854031587318	2
-15,38034518125880	-0,54028098100368	2
-15,37760804020000	0,62881491401593	2
-15,37655169699140	0,69973967085121	2
-15,37171238680870	0,86804425407286	2
-15,37070962666570	1,13059536099834	2
-15,37003628620130	-1,55117740430383	2
-15,36952860733680	-1,44903122885316	2
-15,36916455087940	0,68125038992744	2
-15,36879942576390	1,32538625059048	2
-15,36679513011370	-1,41398983949650	2
-15,36587064985460	3,74217137084836	2
-15,36452996858130	0,94094696876013	2
-15,36197211888430	-1,40832743933365	2
-15,36088551563910	-0,53770252313928	2
-15,36031119856840	0,87490852805276	2
-15,35977977672390	2,28758632097786	2
-15,35928554759120	-1,00961334202437	2
-15,35451776050340	2,75796226796602	2
-15,35439886404460	-1,30046438561918	2
-15,35433372762370	0,64831167643044	2
-15,35422394906090	0,83999383594735	2
-15,35280984852710	-0,70295424614050	2
-15,35244660256450	1,02393492899828	2
-15,35133789740540	1,18185465141359	2
-15,35015605660100	0,31569716895110	2
-15,34974334007800	0,42289153449704	2
-15,34846106863900	0,25035337985152	2
-15,34583898492880	-1,13384544543455	2
-15,34455790162640	1,20622766786893	2
-15,34232865879390	0,41414900775875	2
-15,34008963496050	-0,43194025558183	2
-15,33990617338640	0,13036211236637	2
-15,33896895230740	-0,40336827574599	2
-15,33813668908040	0,71232194240214	2
-15,33734967063020	-1,85300995160865	2
-15,33455407404320	-0,80102508006467	2
-15,33422387033170	-0,20629478064673	2
-15,33421860931300	-0,08641760624479	2
-15,33365844610110	-0,07566625013784	2
-15,33152540674260	0,36478786036087	2
-15,32973958261600	-0,07620982507886	2
-15,32739509284810	-0,41120700289648	2
-15,32366124630950	-1,30303567334879	2
-15,32361913516820	0,37754071297413	2
-15,32335280884920	1,64616573533389	2
-15,32010966621520	-0,35842949453751	2
-15,32003287691950	1,28249848076878	2
-15,31954426535190	1,76765345716793	2
-15,31678460997960	-0,88318537782738	2
-15,31571086284970	0,74270641776000	2
-15,31525281231660	2,48525828537307	2
-15,30891428499480	1,17201195499693	2
-15,30722418879600	-1,02317936823264	2
-15,30514334349410	1,87696192244332	2
-15,30276544126590	0,51905727273372	2
-15,30206391661280	0,49669240058531	2
-15,30112456434810	0,01318708791710	2
-15,30057868309780	-1,30511967770232	2
-15,29880287213580	-0,37715303130120	2
-15,29777841690130	1,19614006084163	2
-15,29707320569760	-0,95578663985252	2
-15,29510334227240	2,14900205281564	2
-15,29473611733550	0,44031672876346	2
-15,29141048872030	-0,55758648398682	2
-15,28978348740460	0,88216128212812	2
-15,28975600402150	0,57490077412872	2
-15,28936087497180	-0,37484073151085	2
-15,28737762151550	-0,77976904206334	2
-15,28587973483750	-0,19162498627006	2
-15,28338432472200	-1,62111128006707	2
-15,28272606189830	-1,20254713657205	2
-15,28039362548420	1,39338773719996	2
-15,27939995925700	-1,26741706735952	2
-15,27935521889490	0,36247719674571	2
-15,27636745709820	0,62822996380481	2
-15,27607459168250	1,62975524723170	2
-15,27508620698670	-1,73317450753766	2
-15,27237756463200	-0,57195219640779	2
-15,27210386082310	1,02893483596915	2
-15,27101116348930	-0,32688986556368	2
-15,27028396207570	-0,92608063113106	2
-15,26527937936720	0,45125894027485	2
-15,26515443794410	-0,53314408753376	2
-15,26123142113150	0,06752206436495	2
-15,25853149710700	-0,04635267828971	2
-15,25526264572060	0,39713077242816	2
-15,25370393324780	0,68806531962929	2
-15,25358732616300	1,01889293658815	2
-15,25163415488370	-1,13689977598355	2
-15,24897324218110	0,66099977298099	2
-15,24636030928840	-0,93638903810233	2
-15,24609999247970	1,41502556324497	2
-15,24500371499510	0,01702961853579	2
-15,24348767245720	0,12631705611893	2
-15,24274998997560	0,95783952980162	2
-15,24102593704090	0,99562688043890	2
-15,23776835212910	0,01698159905041	2
-15,23669839925330	1,04175287620440	2
-15,23433770788910	0,24567183707312	2
-15,23372884529860	-0,12428780038921	2
-15,23116738293000	0,53373098675574	2
-15,22857730386340	0,64785999226125	2
-15,22791952021950	0,17969371533611	2
-15,22364256228780	1,91717825681757	2
-15,22133208675250	0,29723896971837	2
-15,22072106629250	1,05694936798512	2
-15,21997539471980	0,78166060977770	2
-15,21885622222440	0,40256852301906	2
-15,21583268785260	1,05514304497440	2
-15,21519819861790	-1,03538591600342	2
-15,21343458033550	0,68139508668928	2
-15,21199033818520	-0,01829839136550	2
-15,21114720368930	-0,64480542218836	2
-15,20741243584220	0,42313142694829	2
-15,20715195503520	1,59261143265470	2
-15,20676389583380	-0,81777339387741	2
-15,20612551179870	-0,46818254764770	2
-15,20434516156270	0,54644073340609	2
-15,20376154600370	-0,40944061793558	2
-15,20283356223710	2,34458110028174	2
-15,20254262383840	-0,20320905574780	2
-15,20236537748130	1,65706918574957	2
-15,20213010187050	0,86622809788176	2
-15,20057230236960	0,24554578136415	2
-15,19946382539610	0,04084545444287	2
-15,19821702205150	1,12169427449869	2
-15,19470241784090	0,50418641951474	2
-15,19468299206170	0,45222794905858	2
-15,19268060058510	-0,95139128265266	2
-15,19213514713040	-0,29163105227638	2
-15,19110813135490	0,15020622933357	2
-15,18764683316640	1,79227646080644	2
-15,18752510750090	0,29619573472351	2
-15,18719970270870	1,81516302126052	2
-15,18556665131530	0,55667576765252	2
-15,18402797078800	0,12961720066831	2
-15,18386051335300	-1,51291913944711	2
-15,18253417445370	0,79203525146636	2
-15,17909048517590	-0,38926412581066	2
-15,17693218772560	1,26660842950663	2
-15,17641177980670	-2,06034793986002	2
-15,17425912655560	-0,82307255222174	2
-15,17407258831090	-1,23667906003261	2
-15,17325072360170	1,02964867498639	2
-15,16966454804710	2,26379434157585	2
-15,16664450286660	-1,26807487655884	2
-15,16597160296590	1,12719654382739	2
-15,16149656832180	-0,84531751455506	2
-15,15990314261690	-1,35225474515922	2
-15,15894149036750	2,41774446087057	2
-15,15857676577300	-1,23430681931767	2
-15,15801112314370	-1,10115054567375	2
-15,15726661361850	0,48878981120185	2
-15,15670110080030	0,68825779029240	2
-15,15253547201040	-0,78354352097853	2
-15,14952929687650	1,72464871322707	2
-15,14947237833440	-1,76563354387812	2
-15,14915210745200	0,01102135631402	2
-15,14692185802370	0,76243030429213	2
-15,14604575787460	-0,19010364245965	2
-15,14498878693440	-0,33624937192546	2
-15,14368472257710	1,01522162511320	2
-15,14254261640030	-0,85478980271284	2
-15,14238838262160	1,13895730388215	2
-15,14022665135240	0,89584297240147	2
-15,13956136526100	-0,27913917034508	2
-15,13854366840280	1,41608099532670	2
-15,13656982537830	-0,99496172760378	2
-15,13486950724490	0,98057589273610	2
-15,13293113344280	-0,93413347725349	2
-15,13192999014040	-0,68995470713991	2
-15,13050747446070	1,43553352539803	2
-15,12957978159560	2,20594052844052	2
-15,12884340758360	1,14504343018490	2
-15,12817312930600	0,90113865020123	2
-15,12600746291790	0,41394016116611	2
-15,12577278291900	-0,62803183650217	2
-15,12483911186910	-0,19833540222978	2
-15,12415757815320	0,55760657714478	2
-15,12096987910480	-0,15533889691004	2
-15,12080116090460	-0,00347060661971	2
-15,12057909913820	-1,99780799807046	2
-15,11946153203170	1,13298326877085	2
-15,11632004314530	-0,37322073865771	2
-15,11630887514700	-1,04735322475014	2
-15,11355814847860	0,20819880370981	2
-15,11344732165920	-1,39811032551157	2
-15,11107557847300	-0,59465665411908	2
-15,10686645887530	0,31495227690058	2
-15,10582442460410	0,63689037684569	2
-15,10266022918140	1,41777565848235	2
-15,10176809243150	1,84926530853487	2
-15,10167647714600	0,12922784296844	2
-15,10141591031350	-0,79503604289705	2
-15,10114063601560	0,08682320391479	2
-15,09847379585050	0,40143833178302	2
-15,09744908340340	0,53638876204840	2
-15,09679919711180	0,11054963188312	2
-15,09560520840260	0,21309253628941	2
-15,09492066500140	0,24242788862905	2
-15,09198998959880	-2,67360924844346	2
-15,09157526264900	1,99135064236949	2
-15,09027722565620	0,16827727722585	2
-15,08872352855060	1,56533321993917	2
-15,08716714321050	0,77449038334708	2
-15,08693934187050	1,99476638385787	2
-15,08681072791630	1,52740629041306	2
-15,08660905646360	0,84148626879870	2
-15,08381397230000	0,05731587314235	2
-15,08323770226040	-0,14114208332964	2
-15,08258190634600	-0,68090690502555	2
-15,08124480620930	-1,03338918173795	2
-15,07856645053660	0,38762415714856	2
-15,07754098235110	0,75491225111738	2
-15,07695302534290	0,33591625169667	2
-15,07467576653500	2,49506982528593	2
-15,06994010358430	-2,48847354391774	2
-15,06567677764810	0,77250909345089	2
-15,06542450220190	1,71294532390644	2
-15,06482407922530	0,23031732321811	2
-15,06260615648300	0,54876413483773	2
-15,06041821183220	-0,00137242943404	2
-15,05771711302880	0,56738295741284	2
-15,05352257436840	0,03330592508592	2
-15,05082125058280	-1,30218008039769	2
-15,05073410713990	1,66693952911289	2
-15,04868322361950	-0,48111543071158	2
-15,04764018137660	0,30497008644205	2
-15,04763547233380	-0,19424454910507	2
-15,04730064466720	0,20405529097770	2
-15,04713514512830	0,55420313213160	2
-15,04552248238360	-0,81584985934441	2
-15,04549064618280	1,55139569354047	2
-15,04508284448900	-1,40528741401949	2
-15,04441469550810	0,57491285760012	2
-15,04371594620590	0,73508074320341	2
-15,04363762007980	0,60853130988641	2
-15,04355835271160	-1,57490929354864	2
-15,04283072851850	1,54218139100278	2
-15,03968576007530	2,53328380416828	2
-15,03894925177860	-0,84691321380079	2
-15,03886655229510	1,14457715096007	2
-15,03840493769370	1,85024266007337	2
-15,03617939634810	-0,94836561214018	2
-15,03456786539990	1,22260974051647	2
-15,03344749438460	-1,37486500619868	2
-15,03285208326720	1,63845704983592	2
-15,03199648584180	-0,39993645182439	2
-15,03177103218940	-0,97544418708368	2
-15,03062912091150	-1,00764186305012	2
-15,03046076783450	0,88744331458331	2
-15,02961176858760	-0,21982050921851	2
-15,02693172402410	1,52707379307913	2
-15,02597332748780	1,05769819972702	2
-15,02576543598030	0,99619442686098	2
-15,02529041110310	-0,02309423820185	2
-15,02503762635130	0,57977403667000	2
-15,02477692185730	0,77940916601146	2
-15,02405262116430	-0,85135618044514	2
-15,02180794444830	-0,70951561028555	2
-15,02028823418360	-0,26459462414574	2
-15,01961070643220	-1,95976360147985	2
-15,01829359845970	-0,96341463693915	2
-15,01777446195330	1,13892470673276	2
-15,01707863441140	1,66580559860677	2
-15,01514101152690	0,21912137922556	2
-15,01105382648840	-0,29998138583077	2
-15,01098835503600	0,94175803618689	2
-15,00937935537580	-1,64233827264091	2
-15,00923037357250	1,07253226180258	2
-15,00749053714110	0,29104227184199	2
-15,00590377522170	1,77229721698438	2
-15,00503260308020	-0,23156564320086	2
-15,00443435755830	1,26906779558514	2
-15,00442710784530	-0,55083571164725	2
-15,00166526267860	-0,20773748782614	2
-15,00147900934750	0,94312641902919	2
-15,00126528660980	-0,41405925187676	2
-15,00103987762480	0,21068924488094	2
-14,99480192429020	3,06807955951447	2
-14,99448260646850	-0,10327372992129	2
-14,99433863720300	0,65645581513842	2
-14,99414317303190	2,28280167055870	2
-14,99344690808130	1,88981668334648	2
-14,99338056010780	-0,23890234025113	2
-14,99194366871380	-0,15180018364848	2
-14,99161870450560	0,06973147762446	2
-14,99129625612200	-0,38098580970360	2
-14,99110537149940	-0,37607072627481	2
-14,98938576289010	-1,14948836157623	2
-14,98709821556280	-1,13912291406752	2
-14,98495398103260	1,80806952611313	2
-14,98139373227690	-0,74657283617582	2
-14,98132730479160	-0,59268610436393	2
-14,98117190751120	-2,56894931024822	2
-14,97707047899310	0,53189080136791	2
-14,97699622718710	-0,56230209170091	2
-14,97670775040480	-0,13659380648594	2
-14,97598161232800	-0,07923240282523	2
-14,97544359773130	-0,13921020393680	2
-14,97532974876260	0,52791992901894	2
-14,97482742147960	-0,07225298128043	2
-14,96911784102910	0,19534764871059	2
-14,96841674900600	-1,52916859679511	2
-14,96837113634010	1,64327523645058	2
-14,96493355421350	0,31260288051680	2
-14,96410458026310	1,38576682899994	2
-14,96276857791450	1,30778823174853	2
-14,96106662224390	0,07563253047912	2
-14,96099860906990	1,04832397409702	2
-14,96059223741030	-1,71026999742422	2
-14,95950924277650	0,15943515828003	2
-14,95829910504000	-0,59958352487605	2
-14,95725060854410	0,26893787243697	2
-14,95640015584370	0,55673782555241	2
-14,95584916019400	1,20886851870814	2
-14,95496306878370	-0,21361892627547	2
-14,94973817477760	1,24514935724187	2
-14,94599430603070	1,33845093374385	2
-14,94540470336390	0,88008343455612	2
-14,94511783963070	-0,02560912124464	2
-14,94504457423630	-0,04343672408232	2
-14,94485636445590	0,83173757842898	2
-14,94482686322420	0,23659544477571	2
-14,94452332473190	-0,50675800276585	2
-14,94438308619300	-1,77453422682453	2
-14,94395154363770	-1,12178149559160	2
-14,94324415821260	1,05029982172838	2
-14,94084644779430	2,69416481906721	2
-14,93930652946280	-0,72189947064219	2
-14,93922168381960	-1,67191178635358	2
-14,93836931840440	0,12261038197958	2
-14,93814719654310	-0,42249431623122	2
-14,93693285268190	1,36046568305934	2
-14,93672928801720	-0,09832016784322	2
-14,93660192916640	-0,56046163148178	2
-14,93582240394350	2,33868289507684	2
-14,93434892244450	0,89844914967942	2
-14,93290986456340	0,05957304103739	2
-14,93139564265310	0,64556527346995	2
-14,92726884024910	0,44141524681725	2
-14,92668368680280	0,97409641188960	2
-14,92648117510770	0,87516132843858	2
-14,92631883102310	1,49024801556076	2
-14,92631521006270	0,29808654391258	2
-14,92622692718170	2,61740066662932	2
-14,92607582765320	-0,28827567606507	2
-14,92537815393560	2,74823683606042	2
-14,92461076302240	1,66214613659615	2
-14,92313130035960	0,12689814808147	2
-14,92304535753400	0,10004527273602	2
-14,92147565261730	-2,98612306611418	2
-14,92104969024270	0,07641817747351	2
-14,92093424723650	-2,01207943044389	2
-14,91472994514910	1,52104033176993	2
-14,91389557864810	1,62224982305217	2
-14,91388013524760	0,83602898863039	2
-14,91327101229830	1,19473775873198	2
-14,91303913939070	0,55587867933640	2
-14,91051364033460	0,62936273080943	2
-14,90978670898130	-0,09791946981609	2
-14,90751994962890	-0,51214583173634	2
-14,90668338076130	-0,72773761273869	2
-14,90609676504570	1,01626944663555	2
-14,90495758209230	1,22486367967634	2
-14,90480725335540	-0,02837325160326	2
-14,90428451424070	-0,55953950329565	2
-14,90399583782040	-0,85236792141664	2
-14,90289048378170	-0,84299888508876	2
-14,90181384917830	0,29259365282353	2
-14,90057347610750	-0,66525137004492	2
-14,90056868996260	-0,71214492162031	2
-14,90029714803340	1,15064414514616	2
-14,89995409673520	1,37173101219560	2
-14,89949264003050	-0,48642751590139	2
-14,89864276811960	-1,09625510948767	2
-14,89818972585840	-0,06760581058010	2
-14,89797090577210	1,44299289629670	2
-14,89778284923690	-0,70810267008956	2
-14,89720279497250	0,85789458054166	2
-14,89379241763490	0,64788674414051	2
-14,89293438018420	0,74030322641398	2
-14,89288005738560	0,88008780016818	2
-14,89233110739940	1,20466710521236	2
-14,89225054320980	0,21568798001866	2
-14,89194219121450	-0,21528297275864	2
-14,89137845086820	-1,76608273711976	2
-14,88446707106090	1,89075188632448	2
-14,88431795373280	1,10098817773401	2
-14,88422404648000	0,23379356887829	2
-14,88421307844840	1,33297031867522	2
-14,88137049793770	-0,63867380490600	2
-14,88116567978130	1,47790591503671	2
-14,87850332688830	0,70243198669399	2
-14,87767003088580	0,32756038622221	2
-14,87753481181350	2,45601646498408	2
-14,87682404477990	0,01736046901273	2
-14,87595436433360	1,51052223412337	2
-14,87591928710970	-1,17924872335312	2
-14,87587036487180	0,81692659215199	2
-14,87379574635490	-0,27770082604051	2
-14,87043441404640	0,51762244553822	2
-14,86924665488670	0,07783298331334	2
-14,86864424069610	-0,86308084724343	2
-14,86840830748680	0,45690939763678	2
-14,86803650856880	-1,26878673511751	2
-14,86729620053150	1,69665767133295	2
-14,86703364852760	-0,30451859066650	2
-14,86507566816490	-0,24476242354887	2
-14,86299447581860	1,34150799106423	2
-14,86192678905560	-0,42329457580412	2
-14,86189036291060	-0,68446760280518	2
-14,85972563462210	1,01281831847924	2
-14,85930514972690	-0,38965647980128	2
-14,85872322000160	-0,60301806414672	2
-14,85817979153540	0,12770659277975	2
-14,85665551736310	0,88074142491616	2
-14,85619221475840	1,52745004817664	2
-14,85614308250710	0,84893630011893	2
-14,85568619787810	0,22330088877651	2
-14,85558715893010	0,06564536751639	2
-14,85541195769390	0,89955580870849	2
-14,85439234802060	-1,07552036769624	2
-14,85381826221720	0,13354738840523	2
-14,85246839278220	1,50302790238343	2
-14,85224143756630	-0,10177981588013	2
-14,85223939649590	-0,97574553687557	2
-14,84891029069660	-0,00410268336382	2
-14,84819544007620	0,07737151619720	2
-14,84797496806940	1,69265151600300	2
-14,84691263151440	0,57072461076773	2
-14,84608683641490	1,35180977428236	2
-14,84480894722070	0,25834577894536	2
-14,84450640298650	-1,60517192572109	2
-14,84410454637010	0,77550615720849	2
-14,84220571867620	-0,03175088141369	2
-14,84111819108440	1,09353613171637	2
-14,84069284953130	0,36169063302799	2
-14,84040491969210	-1,71338662355148	2
-14,83900037734560	0,16430346830489	2
-14,83875502639970	-0,25850043239069	2
-14,83719469820420	-1,85042944708017	2
-14,83610843405530	0,31815872052485	2
-14,83591700147760	-0,41944985690094	2
-14,83412006571870	-0,44693847404429	2
-14,83411189253290	1,96273126224797	2
-14,83353957622190	0,71867126763679	2
-14,83316487763420	-0,90703722197793	2
-14,83290323597420	0,56259166029383	2
-14,83268319649400	1,52540891072259	2
-14,83166060755090	-0,82018220570019	2
-14,83107169748940	0,80073834995361	2
-14,82955156074170	0,54181576034096	2
-14,82920517737060	-1,33827278882459	2
-14,82624065709370	0,12326119029267	2
-14,82578814593540	-0,43278191304175	2
-14,82553596566920	0,19793412890778	2
-14,82476781827370	-1,84941657820992	2
-14,82476704906930	0,89315947446533	2
-14,82434606275820	0,10541481709093	2
-14,82388019182300	0,69369359876252	2
-14,82386403799470	-0,43017470399499	2
-14,82127750484260	0,41521149895184	2
-14,82092577442000	-0,13734441505941	2
-14,82091215823350	-0,67280338067831	2
-14,82060979146180	0,20184703775788	2
-14,81935580246050	1,15307668631063	2
-14,81800524865750	-0,51100229554534	2
-14,81772580321090	1,07020341819562	2
-14,81738788091140	-0,29953746802971	2
-14,81340900103250	1,41307504417197	2
-14,81303977251350	0,53943763871194	2
-14,81173971219920	-0,00730855370643	2
-14,81142822155230	3,47560884402022	2
-14,81086886605650	1,69024415000329	2
-14,81066901711320	0,57927749615037	2
-14,81043262171360	1,85589309983912	2
-14,81032719493530	0,70842491574523	2
-14,81008718870990	-0,93949676993738	2
-14,80900092233070	-0,65882119955662	2
-14,80854279781980	0,62944799310539	2
-14,80611454366850	-1,45553819085087	2
-14,80500641055750	-0,89147136428492	2
-14,80494919462180	-0,31049331192497	2
-14,80407328054870	0,36183522232418	2
-14,80386387444760	0,75226880342051	2
-14,80330795142900	-0,58988270899224	2
-14,80324229990900	0,37721608115727	2
-14,80309686955520	1,57338220912022	2
-14,80244676806660	-0,23155301018953	2
-14,80163540180730	-0,58115528347538	2
-14,80080470782710	-1,42442510464138	2
-14,79860742334190	0,95622211200367	2
-14,79847027793070	-0,32280470555160	2
-14,79760236590660	0,14194988906733	2
-14,79610665012160	2,34375483396425	2
-14,79594027436450	1,79554193495697	2
-14,79573322120690	3,29509770344953	2
-14,79567725777590	1,96202254328340	2
-14,79542584419400	1,17494309509693	2
-14,79495124682920	-0,23515422530710	2
-14,79182379650800	0,26923151582655	2
-14,79037502300830	-0,32776484506091	2
-14,78765293765770	0,69010239291237	2
-14,78635081297330	1,03649179819280	2
-14,78474977226920	-0,77796097444232	2
-14,78471621618420	-0,03557045443814	2
-14,78460762731560	1,10011770767590	2
-14,78281833936300	0,85831806857830	2
-14,78248653461030	0,92730992093755	2
-14,78222217585390	-0,63699838901388	2
-14,78148448596820	-0,31109840005654	2
-14,78036650396530	-0,37002701332304	2
-14,77925376331470	-0,91554208291323	2
-14,77861801279410	0,20156509949486	2
-14,77749758151950	0,06410795439689	2
-14,77651122210150	2,22330921862869	2
-14,77645047066120	-0,77753513621769	2
-14,77535218848980	-0,79457381498121	2
-14,77503612352390	-0,56766629643157	2
-14,77400853591990	0,12435811259175	2
-14,77400298015620	-0,83439328217946	2
-14,77287083722910	1,03442923369023	2
-14,77081001383620	-0,03807299981151	2
-14,76997180789350	0,03974875533384	2
-14,76898185041490	-0,59617548093154	2
-14,76891147027690	0,36808651311353	2
-14,76805138988690	0,61932553886056	2
-14,76711102761990	1,24647852523753	2
-14,76581109982100	0,43318481408657	2
-14,76367407069450	-1,13585655011969	2
-14,76357358625710	1,32511149745159	2
-14,76194543454490	-1,19066810950821	2
-14,76076185719980	-0,36505961765144	2
-14,76060860805860	-1,09230448525577	2
-14,76021908617700	-0,21907990374084	2
-14,76018081916380	-0,19691744252582	2
-14,75923052582500	0,77200832530574	2
-14,75869376104290	0,60103905504424	2
-14,75733932043140	0,65528445377224	2
-14,75732448172260	1,23361176886640	2
-14,75725428543900	0,63152529333745	2
-14,75720657160940	0,49509573959588	2
-14,75616159350480	0,13502003661257	2
-14,75536496057230	-0,56227095085459	2
-14,75516099224080	1,68048188344185	2
-14,75173241759390	0,10312445269953	2
-14,74997637245820	-0,29826371228978	2
-14,74942168295880	0,88616492935833	2
-14,74915068833450	0,65725447478069	2
-14,74888119675540	-0,45340915194306	2
-14,74832044186810	0,40577793240518	2
-14,74824818627900	0,03919914995871	2
-14,74759017565330	0,17404219261537	2
-14,74638983956020	-2,28866803522946	2
-14,74485745708860	-0,46534282487745	2
-14,74417571432500	1,80909433287340	2
-14,74327136807130	0,68513816619463	2
-14,74240451219500	0,97035178462721	2
-14,74024472457850	-0,24480591757302	2
-14,73986271520130	-0,16138263876716	2
-14,73980228126370	-0,70575220909788	2
-14,73753765506150	1,96473294473749	2
-14,73538025420180	-0,14211014338926	2
-14,73478377741340	-0,72101567720297	2
-14,73457678348860	-1,75908602760904	2
-14,73371393336610	-0,97499792188224	2
-14,73269641218190	0,10866425118070	2
-14,73232963063670	-1,23808752333775	2
-14,73121259451750	1,14229987931629	2
-14,73079216536610	-0,61869877298056	2
-14,72562395476540	0,32191906546903	2
-14,72385111227050	-1,84611082982502	2
-14,72288052071540	0,54704862175627	2
-14,71986653283230	-0,43676291621600	2
-14,71925709062920	0,15295897606522	2
-14,71896740416630	0,05257904364479	2
-14,71839334544830	1,32403304676855	2
-14,71801863859020	-0,85285412830428	2
-14,71586683257860	-1,04500356908476	2
-14,71562131758890	-0,10316356683613	2
-14,71558670038790	1,26869238111460	2
-14,71483368307150	-0,55702118174767	2
-14,71482607794720	0,45132013793183	2
-14,71349038604770	-0,00149709243283	2
-14,71201160256130	1,17456236151265	2
-14,71005807304560	-0,89401778496278	2
-14,70963713366340	2,37570830976613	2
-14,70961383003990	1,43115680053540	2
-14,70774114930180	-0,10611451168018	2
-14,70683829410270	0,29313473652437	2
-14,70587357733640	2,71011098478916	2
-14,70570749107090	-0,37009054594165	2
-14,70493130792660	1,68930092126700	2
-14,70490905318800	0,41581702189569	2
-14,70457738165480	-1,59311864510488	2
-14,70431282301840	-1,43745984830175	2
-14,70424767144450	0,64001069656439	2
-14,70251183439520	0,19476071332621	2
-14,70124490025710	-1,07836812127863	2
-14,70050139705310	-0,92232135748712	2
-14,70031182545990	-2,14689093385431	2
-14,69991018782820	-0,89080347080120	2
-14,69953249538050	0,81547754839799	2
-14,69811320642420	1,96698590918051	2
-14,69734247968470	-0,38369258312491	2
-14,69533121245880	-1,15924056538936	2
-14,69484046906260	0,35207588306021	2
-14,69360610641340	0,03168604186209	2
-14,69206912776000	0,28074178251443	2
-14,69175591031800	1,08524272329230	2
-14,68888013553750	-1,11637608460021	2
-14,68834200704480	-0,24393307373558	2
-14,68802758668140	1,47530286978994	2
-14,68801476844060	0,30018111843928	2
-14,68710972498600	-0,20139681484943	2
-14,68632933101360	0,27455360037746	2
-14,68629391386260	2,07606776864251	2
-14,68613444422210	0,92201016825972	2
-14,68524748794040	0,56535191223939	2
-14,68452391301380	-0,97593416032084	2
-14,68423588038950	-0,38593240624866	2
-14,68366022299830	-0,21035579946962	2
-14,68063548783210	0,44864214891708	2
-14,68056768687730	0,81591578212585	2
-14,68026619412740	0,11452927087674	2
-14,68017751151990	0,00296401505055	2
-14,67899299381070	1,43816382302228	2
-14,67844169071670	0,52595507270071	2
-14,67812731459110	-0,66256953120475	2
-14,67805780613050	-0,08825368827901	2
-14,67762320160630	1,33008940712231	2
-14,67601333675250	-0,45040618055046	2
-14,67524624332450	-0,84245416546624	2
-14,67347123430460	-0,84376291713634	2
-14,67030037074020	-0,14901025136002	2
-14,66902403924480	0,69046607529357	2
-14,66869820153560	-0,15451426168545	2
-14,66850989708510	0,02838309681067	2
-14,66358041402670	-0,93050437181193	2
-14,66329293757500	1,26122999765994	2
-14,66268295800170	1,12715591184409	2
-14,66246583155070	-0,00832515595559	2
-14,66216430882480	-0,09174958044835	2
-14,66008695885240	-0,34830080055716	2
-14,65970417489640	-0,33348095645946	2
-14,65913420601480	0,41422892746963	2
-14,65845812497190	-1,58816855181424	2
-14,65842452650300	0,25811541621277	2
-14,65824451025210	1,33979365705588	2
-14,65735381318600	0,10187080917393	2
-14,65689117495430	1,67356625716418	2
-14,65669716671400	0,75947277465176	2
-14,65082606757540	-1,33500165062156	2
-14,65011892915440	0,31332106225592	2
-14,64940534170310	-1,71778883421691	2
-14,64940173540130	1,77628065016759	2
-14,64802908343080	-1,27199611653834	2
-14,64504163189780	-1,34453897684652	2
-14,64482824987540	-0,30636912527229	2
-14,64165455281040	1,01120008337162	2
-14,64050395564140	1,77766855742669	2
-14,64039170037380	2,19668187498936	2
-14,63972264019250	0,25260982988472	2
-14,63899952696700	-0,73975803624220	2
-14,63891135295700	-0,87216744067870	2
-14,63887162929660	0,19037353655054	2
-14,63538248101590	-0,36372984995328	2
-14,63479246623380	2,06588536403091	2
-14,63197842308360	1,13524254213132	2
-14,63059342782340	1,41807120751246	2
-14,63051335127500	-0,58363537279113	2
-14,63004775170390	-0,03249922086305	2
-14,62926904268750	-0,84920697360120	2
-14,62881355905620	0,29278986003890	2
-14,62872488282930	0,25976224888533	2
-14,62827021631820	0,48017776361146	2
-14,62562703873100	0,45681301346475	2
-14,62423382167070	-1,53602656342698	2
-14,62303452493120	1,88869603962904	2
-14,62267555637710	-0,31390254519317	2
-14,62213738761210	0,11909544399168	2
-14,62129185785720	0,55797276161826	2
-14,62105861561830	0,51479127467858	2
-14,62073184810780	0,91079226569922	2
-14,61941101111160	0,81174877502416	2
-14,61929333034900	-0,58795072180058	2
-14,61869847399590	0,46172436962349	2
-14,61843566535540	-0,17798060773267	2
-14,61786340931420	-0,85367973345796	2
-14,61785167496250	1,45523030362514	2
-14,61760009507140	1,06486234622885	2
-14,61702528838020	1,66624729677846	2
-14,61467931725870	0,08498467182828	2
-14,61399153260520	-0,26301103656578	2
-14,61124441703990	-0,44859088028173	2
-14,60915709436830	-1,04492849476181	2
-14,60806538710910	-0,46799353985922	2
-14,60744958343740	-1,24703976235491	2
-14,60741989859140	0,89128706019914	2
-14,60673672278470	-0,87175480545997	2
-14,60659361248820	-0,80018864330915	2
-14,60575222170300	0,27989913347260	2
-14,60546975726750	-0,25000028198875	2
-14,60527893639260	0,81799460363360	2
-14,60329956716840	-0,43070382741172	2
-14,60325679565240	-0,52499235571364	2
-14,60295356723030	0,26069630513021	2
-14,60064733066180	0,70135134528531	2
-14,59969409569340	0,18455055835550	2
-14,59914415280730	3,04294426586763	2
-14,59794960206210	-0,44062054097744	2
-14,59475351742970	2,83402637622599	2
-14,59405618558280	1,26783472232757	2
-14,59401521946820	-1,00991734885437	2
-14,59371299220060	0,25502707394039	2
-14,59365965245440	2,54781244002826	2
-14,59290808062460	1,27977801062161	2
-14,59271992703940	0,52969558182154	2
-14,59269405381350	-0,63340553064240	2
-14,59238741522670	0,88118358005769	2
-14,59212532650910	0,95174977419697	2
-14,59167633585460	0,01290864165961	2
-14,59153803041490	0,56820743186686	2
-14,59090782185520	-0,33438119560581	2
-14,59044774194750	2,00778965569437	2
-14,58959820091760	-1,11858442266821	2
-14,58936020801090	-0,29998589305308	2
-14,58823120758320	-0,27736810133323	2
-14,58758973447090	0,98801108436214	2
-14,58752884984450	0,89818000905779	2
-14,58571875197100	0,62862856253363	2
-14,58517044045530	-1,43004349173626	2
-14,58515607822290	-0,62472116814086	2
-14,58427523694520	0,86291595557478	2
-14,58399762592710	-0,21408749030579	2
-14,58332573022020	0,95368109961255	2
-14,58317390977270	3,11111235045345	2
-14,58309963098800	1,13520855597790	2
-14,58182192071080	-1,97871591873013	2
-14,58117887331140	1,09822030376192	2
-14,58029746643670	2,00349248994740	2
-14,57909817456340	1,82736249898808	2
-14,57852325375730	1,64677845287297	2
-14,57770825816220	-1,37046600953932	2
-14,57684451607680	0,03123762146919	2
-14,57574282265640	0,67223565321334	2
-14,57477264252510	0,68198062116738	2
-14,57423947389770	-0,23512308610418	2
-14,57332173512450	0,76116213260034	2
-14,57234972258110	1,31990512265067	2
-14,57196052658150	-0,24481210025298	2
-14,57181065493280	0,31547583924872	2
-14,56914230292790	-0,58118797750332	2
-14,56889788049220	0,94461548280077	2
-14,56844920956000	0,79948451448953	2
-14,56777514661540	-0,30232948637348	2
-14,56774672509190	0,51750590534727	2
-14,56619197322920	-0,16688163740273	2
-14,56538069105850	-0,32853338718027	2
-14,56414766791020	-0,03112482677620	2
-14,56303986570010	0,64435101147320	2
-14,56225526248610	-0,01287424893305	2
-14,56207244135380	0,70673399279023	2
-14,56098738984510	0,37473283988477	2
-14,56032886622140	0,60822539799136	2
-14,56025079972940	-0,03604097462987	2
-14,56017201518940	-0,31833058527930	2
-14,56002191335970	-0,43097730502841	2
-14,55962032043700	1,05135853945200	2
-14,55813806193670	0,04943387757854	2
-14,55566222604480	-0,48898889499547	2
-14,55519930744220	0,65096238684199	2
-14,55390191416420	0,40206262942100	2
-14,55299541130270	-0,37847888578267	2
-14,55291373711410	-1,01053415136317	2
-14,55168170394280	-0,04960642804789	2
-14,55157681903620	-0,70418503367117	2
-14,55127362464440	-0,40055022567906	2
-14,55106327793340	1,24032592989543	2
-14,54947766491410	-0,52461331910429	2
-14,54821684542930	-1,83548276292548	2
-14,54766936377690	0,94949299288974	2
-14,54726462152440	-0,70792131643653	2
-14,54665369013600	-1,10815776939282	2
-14,54664068470020	-0,27943507782957	2
-14,54658556079550	1,44753070782185	2
-14,54644691788740	1,04489704739683	2
-14,54541121883000	-0,09779492430032	2
-14,54505962592630	0,01669219248986	2
-14,54464003084470	-0,14445739818916	2
-14,54279801483450	-0,34130235545475	2
-14,54196016182230	2,23856177541363	2
-14,54187574597270	0,41617928838707	2
-14,54154105633420	-0,28833336351673	2
-14,54139422676820	1,24493446726897	2
-14,54112133567310	2,09143389165927	2
-14,54061962662680	0,48001017102512	2
-14,53980267441390	0,35824038395710	2
-14,53937337422730	1,94951704774756	2
-14,53930490815250	-0,00828585760572	2
-14,53711651181500	-0,30480436338882	2
-14,53566899584230	-0,37750986886248	2
-14,53513280278060	0,58239134257329	2
-14,53442758451290	-1,21858489766579	2
-14,53377116180160	-0,73239158087044	2
-14,53332932221940	0,82488055943504	2
-14,53157440135380	1,80496409530694	2
-14,53137125886890	-0,01869445822673	2
-14,53010534354730	-0,18858853399560	2
-14,52939939511230	0,93251918552958	2
-14,52907926539890	0,08552965729373	2
-14,52893609057610	0,61092462947072	2
-14,52868899956970	0,60919784921404	2
-14,52860820923440	-0,34594272246507	2
-14,52832164804930	0,48535235806799	2
-14,52785363684730	-1,10455890397732	2
-14,52608541818280	1,70081765780625	2
-14,52498927413540	-1,14424747184780	2
-14,52480040029080	-0,54423538522380	2
-14,52454314716250	-0,81236596465661	2
-14,52228682438250	-1,03486787419962	2
-14,52041918661980	-0,60612525302084	2
-14,51832461128700	0,26664020668334	2
-14,51683323503610	1,16964564706798	2
-14,51626776463520	0,58671610119971	2
-14,51606530493580	0,23493881440469	2
-14,51575396266310	-1,20888387196941	2
-14,51541732694660	0,35348710738754	2
-14,51531587397940	-1,07388515057949	2
-14,51479988753180	1,41539995345847	2
-14,51429612740720	1,20654820081835	2
-14,51333965731990	-0,07080574838547	2
-14,51263123304390	0,35009022951212	2
-14,51258449146780	1,00690642942518	2
-14,51248465228410	-1,65797846346036	2
-14,51229549366990	0,32345709464243	2
-14,51206341328010	1,37817076069217	2
-14,51132843669870	1,35877663722435	2
-14,51089469863810	-0,66776382575123	2
-14,51069511649250	-0,38385051884367	2
-14,51053108626610	-0,53005663869247	2
-14,50964919391990	0,68082671036541	2
-14,50943696420310	-0,04296428964889	2
-14,50812122971900	1,22463957385315	2
-14,50771362695380	0,73678884923935	2
-14,50584934334460	-0,50107342491044	2
-14,50466490865580	0,06465093042992	2
-14,50382280476510	1,02279012358769	2
-14,50364786869380	-0,13232109071704	2
-14,50363525360820	1,49195894477705	2
-14,50265629955030	1,39430339565464	2
-14,50216368278730	0,52447440440844	2
-14,50135878479080	1,72400931587712	2
-14,50122614462870	0,81953199029530	2
-14,50001510126090	1,58868270529662	2
-14,49936900420120	0,96866293628511	2
-14,49797091018580	-0,47420722796463	2
-14,49762028318820	-0,07057174821390	2
-14,49743928768160	-1,23831994914780	2
-14,49739775143160	0,32800903692310	2
-14,49687361469930	1,09474448069664	2
-14,49497095064840	0,17012107320282	2
-14,49360334415980	1,08048453566071	2
-14,49351621700910	0,54751355715548	2
-14,49327076736370	1,14959683183634	2
-14,49275289677780	2,48314456502163	2
-14,49268745648940	0,18187862605246	2
-14,49172940308920	-3,32984313459084	2
-14,49157298704540	-1,68308269651814	2
-14,49137381673020	0,00629636075046	2
-14,49125505533850	0,67788261950281	2
-14,49123384855020	0,97813209236821	2
-14,49120296524550	-0,58734353740481	2
-14,49005450680160	-0,73494699174988	2
-14,48988920716230	0,32626030451200	2
-14,48944982779860	0,68160346768350	2
-14,48718041602640	1,85452255134525	2
-14,48689508710320	1,05239757119749	2
-14,48635838565620	0,85114747236638	2
-14,48623206371180	-1,61712894013718	2
-14,48553168518910	0,89782176171733	2
-14,48533441262660	1,74805675861156	2
-14,48518278181960	0,90017199017278	2
-14,48460954844970	1,56677518872592	2
-14,48439742729480	0,66220765399487	2
-14,48179052131830	-0,21169055227577	2
-14,48085470765900	0,44833800305298	2
-14,47899797085820	0,63635983979729	2
-14,47754674573530	-0,37204232172230	2
-14,47732930493030	3,56594013348828	2
-14,47673237917410	-0,33769163994695	2
-14,47557440897350	0,89422887933828	2
-14,47500287949450	1,47160393171744	2
-14,47446731783610	0,14477586333347	2
-14,47409177612170	-0,15213079195435	2
-14,47326511142530	1,07577542445086	2
-14,47254706915330	1,11616518699856	2
-14,47239757016020	0,09035133971899	2
-14,47190998856880	-0,20591434688759	2
-14,47095191022360	0,72937604404075	2
-14,47064225625490	-0,60047060152565	2
-14,47035831247390	1,04350175431697	2
-14,47002936982250	-0,40575902178292	2
-14,46946899280030	1,80719661385003	2
-14,46916640532610	-0,93231126807496	2
-14,46910157425740	1,60067235309167	2
-14,46713729563330	0,18511898114607	2
-14,46685755987640	-1,52168309660193	2
-14,46676047698040	1,65235222628080	2
-14,46592660593320	0,89292874938858	2
-14,46544230605570	0,67439675159362	2
-14,46532247413310	0,50301984432278	2
-14,46471815657270	0,24946411724434	2
-14,46461082005100	1,38171399142813	2
-14,46356070899730	0,54017660596276	2
-14,46258709282840	-1,37357046368343	2
-14,46257967725890	0,80052245983383	2
-14,46185792840740	-0,18849996239118	2
-14,46115165419390	2,30648191975875	2
-14,45994916658190	-1,84062938030008	2
-14,45899988366570	-1,15540527480878	2
-14,45862446322380	1,34379534415375	2
-14,45841318552680	-0,75534081840708	2
-14,45735844291050	-1,89123293300021	2
-14,45502127745220	0,87089520944134	2
-14,45435666650150	2,57824816414094	2
-14,45116908874240	1,08333285921909	2
-14,45103396557970	-1,84061212924318	2
-14,45077344986250	0,78872449645096	2
-14,45028205907660	1,62266442600439	2
-14,44990985564030	-2,13871656674847	2
-14,44958987629650	-1,03000782257805	2
-14,44814609563760	0,38341723504751	2
-14,44744198110690	-0,52909889809008	2
-14,44683384423650	-0,34096629528794	2
-14,44638798784720	0,52788870527309	2
-14,44572190226370	0,77267244485578	2
-14,44562431961340	-0,12277199680888	2
-14,44480898177550	1,04759509812398	2
-14,44474044074640	-1,05744668598855	2
-14,44403316884710	-0,15331658666622	2
-14,44383029605160	1,18745004350211	2
-14,44378657565200	-0,93322548518367	2
-14,44372508181600	-3,26661509661163	2
-14,44326695845120	1,29381118185358	2
-14,44319718035840	-0,94308522335153	2
-14,44141446337580	1,33727860758804	2
-14,44128067717790	-1,18091633064405	2
-14,44118879803390	1,01025339754981	2
-14,44114625544100	-0,79250452011925	2
-14,44099892873190	0,67784932204181	2
-14,43873682199160	1,34996914877495	2
-14,43870832460790	0,35701008249248	2
-14,43617447614410	0,41949377804546	2
-14,43482156922270	-1,28264551513486	2
-14,43294871856660	-0,73933520187727	2
-14,43293877191770	-0,54709298455389	2
-14,43052457791320	-0,55723343852313	2
-14,42964085158340	0,77759528505501	2
-14,42798099077620	1,91357568454539	2
-14,42701139754630	-1,49498182166687	2
-14,42696820565130	1,64698640990595	2
-14,42677943636560	0,36129073265795	2
-14,42511926315620	0,57134083369654	2
-14,42487379939790	1,88557549383722	2
-14,42123646672860	-0,03022021579074	2
-14,42067152945460	0,36059077140606	2
-14,41899117849330	1,84501618031056	2
-14,41794355748640	-0,74417846020222	2
-14,41780895700150	-1,04912408017758	2
-14,41711229574460	1,79236521699954	2
-14,41523244462930	-0,08454693409376	2
-14,41397671140200	0,09303542483938	2
-14,41319168865600	-0,80943846713788	2
-14,41233718731040	-1,68389540447165	2
-14,41221254248820	0,33799265171670	2
-14,41114608867130	0,54174117004505	2
-14,40944809257020	-1,39372878837137	2
-14,40696717206810	-1,22061755097199	2
-14,40592621357370	0,34099697916114	2
-14,40587346626690	-0,63790146465199	2
-14,40568828176790	0,12616831186314	2
-14,40328309042670	-1,03235162380680	2
-14,40253137042760	-1,10161609241004	2
-14,40184344477140	0,38870129414721	2
-14,40182490224000	1,24007854021855	2
-14,39709026608680	-0,99299749498911	2
-14,39701343161530	-1,04730620993809	2
-14,39688278295870	-0,62580305378685	2
-14,39444491891440	1,82700546840712	2
-14,39368087201650	0,28770648394219	2
-14,39355358674550	0,61217311248938	2
-14,39302538962340	0,47498970979752	2
-14,39230504063690	0,11655228050173	2
-14,39219487623610	-0,43013617868507	2
-14,39144538989810	1,29026230726695	2
-14,39062542538290	0,27948280999073	2
-14,39038883840770	-0,88739608447274	2
-14,38996593957300	0,59139232488807	2
-14,38992025068000	0,77799309959316	2
-14,38867888777680	1,32974340818390	2
-14,38867795631070	2,81834832061107	2
-14,38842259834200	-0,51361894188148	2
-14,38806832558820	0,94202502012357	2
-14,38795095337400	-0,81858631768520	2
-14,38757524291020	-0,42927152292572	2
-14,38718981880630	-1,08876158729848	2
-14,38410842164670	-0,35748506043502	2
-14,38178008848310	-0,14359628907506	2
-14,38162249302980	0,22004742603549	2
-14,38099342836270	0,71539784833724	2
-14,38095776510740	0,88838762305726	2
-14,38072513677890	0,25387271209594	2
-14,38064911796540	-0,94585619147295	2
-14,38020016072220	0,74270074218629	2
-14,38015383874500	0,42184100439049	2
-14,37924346596030	-1,49433896662573	2
-14,37884416909050	0,32289453593917	2
-14,37865312690220	1,36553654879894	2
-14,37833722485100	0,05742996119983	2
-14,37819630868870	1,86958254976541	2
-14,37694920486000	0,39224149197450	2
-14,37521723333490	1,09076324643741	2
-14,37411913740070	0,59863859146282	2
-14,37390582397550	-0,97175436563902	2
-14,37361691021470	2,30006961110386	2
-14,37321095541200	-0,01933945496667	2
-14,37232809835800	-0,24028373774726	2
-14,37073321063030	0,63221929283464	2
-14,36832662398200	-0,59340906904833	2
-14,36806517595100	1,00146477524044	2
-14,36793443150880	0,85825855587144	2
-14,36761890392480	-0,02985938541080	2
-14,36581574463650	1,17782807402382	2
-14,36502484838530	-0,36206128003260	2
-14,36472529896740	-0,23284262496196	2
-14,36259654397150	1,01704694398121	2
-14,36215361918110	1,46520647933856	2
-14,36147870679830	0,21454970906410	2
-14,36094111812380	-0,25236086891639	2
-14,36078578420650	1,85957992143543	2
-14,36074906614880	0,52193991750398	2
-14,36028316642720	2,00344121536357	2
-14,35920678069360	3,35765169800332	2
-14,35914613280640	0,27562224919777	2
-14,35887977388350	1,02358633180413	2
-14,35724584883620	0,87205377554704	2
-14,35658416945240	1,38612464286652	2
-14,35652173952750	0,03847874602252	2
-14,35647177663830	3,31525031761554	2
-14,35632212109580	0,05568677340128	2
-14,35603250970590	-0,95234843604136	2
-14,35552585969220	2,00444737020534	2
-14,35547813162130	-0,93808816810236	2
-14,35470445823950	1,17380744562757	2
-14,35415411042580	-0,11945933531337	2
-14,35246259937370	-0,28906338263837	2
-14,35159832147920	0,36325971693152	2
-14,35114487711060	1,06469443678286	2
-14,34856367566460	1,84985651191836	2
-14,34767086145270	0,61454374107311	2
-14,34722854167180	-0,35003396535577	2
-14,34714662630090	0,47180604902463	2
-14,34593700242850	0,61891510366640	2
-14,34454216869280	-0,82439659577603	2
-14,34372034180660	-2,05459323220795	2
-14,34352207338710	0,01223912870581	2
-14,34104721560640	0,06841885964071	2
-14,34027989628110	0,24415193926793	2
-14,33947081227570	0,41237982492839	2
-14,33833741680880	-0,07253130183035	2
-14,33783360837930	-0,34980137386376	2
-14,33702489863250	0,73846975049515	2
-14,33689902160980	-0,34438065400218	2
-14,33582956628860	0,08368754386759	2
-14,33457583165790	1,26074016309424	2
-14,33456904526140	0,29699508444438	2
-14,33414152093100	0,35054888449582	2
-14,33383132998890	2,58383126896828	2
-14,33033687173600	1,61654777199751	2
-14,33003877862780	0,54058306786168	2
-14,32838304421510	0,65935393611940	2
-14,32775070554260	0,49530571677153	2
-14,32745867201140	1,36511444781598	2
-14,32666551185670	0,52953542155386	2
-14,32555858319590	2,48737139426008	2
-14,32515800795130	-1,38684441533261	2
-14,32476532779790	1,02864113396067	2
-14,32462061445420	0,41126589138491	2
-14,32427162442560	-0,06801599650501	2
-14,32421029358430	-1,72592303353996	2
-14,32415988442060	1,19583031976363	2
-14,32327514464740	0,18867254028787	2
-14,32306393954010	1,39395387081102	2
-14,32278018985940	1,30806860756809	2
-14,32267194455020	0,56289535474650	2
-14,32264914947090	-0,68744375708621	2
-14,32237928412800	1,20226399878231	2
-14,32188097283110	-0,60844669407654	2
-14,32186854258470	0,79111960271589	2
-14,32132850799000	-0,92877972975180	2
-14,32071557086120	0,21480087821448	2
-14,31936189224280	-0,35808166218353	2
-14,31921006622720	2,14048897521911	2
-14,31760729580760	0,95516474531041	2
-14,31709000186030	1,45311900376791	2
-14,31614631261680	0,76505734301347	2
-14,31506806430960	0,39258515075289	2
-14,31477980305570	1,21500607539929	2
-14,31420714435420	0,34421336261658	2
-14,31392124616860	-0,64941358812206	2
-14,31307438377520	-0,40077500929594	2
-14,31297939118030	-0,16446834057467	2
-14,31103338621100	-0,88967809989292	2
-14,31075193706480	0,79155696281450	2
-14,30927606813210	1,71421060488708	2
-14,30722473298940	-1,01866113018812	2
-14,30597614839350	1,48998924022877	2
-14,30550377332930	-0,58851541133793	2
-14,30488568569350	1,08660374109745	2
-14,30427220647070	-0,30900325122889	2
-14,30295990548080	-0,41677982819315	2
-14,30060847345170	0,20270543133768	2
-14,29921705559950	2,15911401602939	2
-14,29839964990690	0,35015772018091	2
-14,29824236476630	-0,26450684080958	2
-14,29708161084820	-1,26552926121433	2
-14,29696003053090	-0,35769822881631	2
-14,29674734025600	1,12954390805116	2
-14,29598862761020	1,15764854740741	2
-14,29451943570600	0,39957215517387	2
-14,29432898809870	0,65058040540790	2
-14,29391218020870	-0,96078919119964	2
-14,29279561738360	0,54534813573334	2
-14,29270591031500	1,56299261942540	2
-14,29267871045130	-1,02837160256205	2
-14,29226027433840	-0,50703658797104	2
-14,29142838852610	2,00529051685986	2
-14,29136949209830	0,13573418670329	2
-14,29095284526400	0,44984834576586	2
-14,28996249387620	-0,69693191464262	2
-14,28987703874500	2,60267096571234	2
-14,28973606281820	1,02265720370199	2
-14,28798019988960	-0,70400727862478	2
-14,28683570884720	-0,46783009380665	2
-14,28612798983590	-0,84240623314066	2
-14,28555025115810	-0,95649034969243	2
-14,28535388734880	1,97266467199817	2
-14,28443414277920	0,06868827794065	2
-14,27984529340310	0,76281393484962	2
-14,27617154619420	-0,38195585738677	2
-14,27605117997210	1,08039310007776	2
-14,27542787277420	-0,07362349422849	2
-14,27459484197050	0,69429019207568	2
-14,27435609712320	0,04073368115227	2
-14,27369687552830	-0,93148838138847	2
-14,27340358599160	-0,35968330702686	2
-14,27327471196530	0,34720129991421	2
-14,27218334333890	0,95192527813020	2
-14,27215023647220	-0,37675023159949	2
-14,27115404370930	0,88236599750724	2
-14,27105123569170	0,61201872362538	2
-14,27099288522740	0,14206774823023	2
-14,26841978583430	1,10213438350819	2
-14,26608242315220	-1,37620985688019	2
-14,26588587366760	1,03464811947993	2
-14,26552592040190	0,58626134201148	2
-14,26324879021320	-1,73476393152074	2
-14,26156270092240	-0,19110192147543	2
-14,26113169535720	1,90457221059319	2
-14,26103485370300	0,46483329248265	2
-14,26055987376490	1,91850341995809	2
-14,25943367409590	1,05030285533409	2
-14,25911057510980	0,34231387888174	2
-14,25894332086990	0,00211059718539	2
-14,25848731828180	0,56669661765744	2
-14,25564669433330	0,84163560075206	2
-14,25547178612750	-0,51899689326305	2
-14,25521420024620	0,19667392965036	2
-14,25418895356130	-0,27645383117782	2
-14,25403048760280	1,33500509096556	2
-14,25401032181880	1,85932089222823	2
-14,25366991162960	-0,39756270920590	2
-14,25205309978550	1,34705936624280	2
-14,25047122230230	-1,61889560062932	2
-14,25003901028980	1,49381819188163	2
-14,24727040922740	0,65777633767016	2
-14,24691915603110	-1,57350533649210	2
-14,24680780404730	0,52651059811742	2
-14,24541505883040	0,94175315546971	2
-14,24529007687830	1,88674677611427	2
-14,24362537216490	0,51356232531681	2
-14,24344941450480	-1,08588371596981	2
-14,24317332437820	0,01602636384393	2
-14,24205779101520	1,01264785044108	2
-14,24183630463210	1,58170981389491	2
-14,24139110568950	0,46844383529865	2
-14,24098243453600	-0,49318955029322	2
-14,24084984992780	1,16850909088248	2
-14,23906124917440	0,15056356005513	2
-14,23669472544060	0,69965353857865	2
-14,23536777360700	0,18318907095630	2
-14,23490758000180	2,21728160118850	2
-14,23457379853720	0,74043389776022	2
-14,23448460708380	1,34591166944291	2
-14,23406877772930	0,51671359200607	2
-14,23216240115910	1,85790742556483	2
-14,23182410330460	-0,23482372403696	2
-14,23067691396040	1,69183657632272	2
-14,23013355601190	-0,74959018766476	2
-14,22992217893520	1,13156402514801	2
-14,22966813001520	1,42122336251613	2
-14,22941433468650	-1,37124310152404	2
-14,22896952712450	0,97796288712258	2
-14,22644069196350	1,09853579374578	2
-14,22481581991770	0,44504693668492	2
-14,22445029615800	1,49418574959708	2
-14,22392261609060	-1,00686304999893	2
-14,22292226944580	0,49685789228199	2
-14,22273086345860	1,64478391291574	2
-14,22259688325290	0,97770167195683	2
-14,22031150911190	-0,05337791668016	2
-14,21828973804180	-0,14146672555332	2
-14,21701190433770	-0,58802013149456	2
-14,21667659556990	0,27994944523542	2
-14,21659504610720	1,09532423593534	2
-14,21473878569440	0,07533007264210	2
-14,21348688903690	-0,56708152207956	2
-14,21332206008790	2,52868572677394	2
-14,21292496840950	-0,28995509341303	2
-14,21195086534920	0,97348795049259	2
-14,21132131773540	0,19357439054787	2
-14,21063751586010	0,61467636649013	2
-14,21031072372090	0,27788312336445	2
-14,21023754062860	1,34108633270214	2
-14,20998160456800	0,53919399175861	2
-14,20997836940070	1,29564994775089	2
-14,20985475758610	1,87936850549654	2
-14,20921507520100	-0,29960634198447	2
-14,20861154878960	1,50061269920202	2
-14,20831161513700	1,40128125835508	2
-14,20830638014370	-1,35970449279158	2
-14,20769321459220	-1,68405676231353	2
-14,20700740090250	-0,99646157263655	2
-14,20482850145780	-0,20859625348432	2
-14,20474051882030	-0,54582990418283	2
-14,20448552701190	-2,60752689301007	2
-14,20435033933260	0,04789775646542	2
-14,20370653550450	1,63848477765662	2
-14,20354302163300	0,82923083863626	2
-14,20279692062930	1,80420917042122	2
-14,20179792101450	-0,28917197558294	2
-14,20169025644000	0,46222847716323	2
-14,20139872696400	0,96344267504606	2
-14,20014796406640	0,28211244732503	2
-14,19991096027700	0,24881886624079	2
-14,19928292934490	1,56932253902879	2
-14,19920353028350	2,15295776298268	2
-14,19904727516550	0,22259912620227	2
-14,19773254033060	0,17822724508967	2
-14,19701446122290	-0,98070007804622	2
-14,19639742153530	2,96360983655708	2
-14,19320954826080	-0,76464240889926	2
-14,19182299076650	0,66349420815910	2
-14,19146064367960	-0,35850874651881	2
-14,19067221832210	1,08732341270420	2
-14,19033236547280	-1,32298924669969	2
-14,19006683515850	0,64501841521068	2
-14,18974849983690	0,79783054486526	2
-14,18891888361110	0,25776247185842	2
-14,18750513244210	-0,11201858953430	2
-14,18685378580490	1,88408177763990	2
-14,18657604770970	-0,84459016302599	2
-14,18635926206820	0,64407049361885	2
-14,18619572537390	0,29930088789928	2
-14,18502065637960	1,00006927054334	2
-14,18491260689070	-2,42220206643398	2
-14,18398104537990	0,61872807958569	2
-14,18390906381880	1,80483595193268	2
-14,18304949490540	1,49726063105311	2
-14,18097264078440	0,44954206857517	2
-14,18057628104300	2,03036610413151	2
-14,17867623769390	-0,26248820286414	2
-14,17863610974090	1,59539880560899	2
-14,17835256473610	1,36338745800158	2
-14,17644252223220	0,46795314404885	2
-14,17614295157750	-0,99638394945017	2
-14,17566307856280	1,31849609543400	2
-14,17348140329890	0,57927483424963	2
-14,17306494420700	-1,11747697105211	2
-14,17222493716120	0,02178314695165	2
-14,17213451830270	2,02009195905511	2
-14,17145930479890	-0,01482878453017	2
-14,17092465685600	0,09053900572009	2
-14,17082860301540	0,28231082560379	2
-14,17075285643850	-0,08675068011988	2
-14,17031907056480	1,63090646495974	2
-14,16908054015950	0,61647950587922	2
-14,16882472666810	2,05153583783230	2
-14,16880491149530	0,79426404499200	2
-14,16724042679150	0,99926969562293	2
-14,16722664905230	0,70932455642908	2
-14,16707027384240	-0,24521217295356	2
-14,16672430984610	0,58542199417845	2
-14,16602460619280	-0,12659502637921	2
-14,16551342909130	0,71855449168274	2
-14,16541437225110	-0,12476961602571	2
-14,16534749328320	-0,83040458208723	2
-14,16402092826310	-0,09696675061457	2
-14,16381036522240	-0,08191614688503	2
-14,16300007006110	-1,20450073737980	2
-14,16286926125680	-0,88571351906970	2
-14,16266737280320	0,40153797166425	2
-14,15260591316400	-0,10293967267793	2
-14,15210790094090	0,27842363610796	2
-14,15209619743730	0,75394120455005	2
-14,15169861677650	-1,60605125405449	2
-14,15137727446150	-0,12666446977759	2
-14,15029822001880	-0,19061941276065	2
-14,14990688827050	-0,38094517929800	2
-14,14938020300340	-0,41431720032912	2
-14,14916543233400	0,88224120622425	2
-14,14894937298950	0,18431227276879	2
-14,14880345657300	-0,23771631470542	2
-14,14764570622510	2,12486794653821	2
-14,14757648134360	-0,05743632108725	2
-14,14654317242970	0,47054387042574	2
-14,14602174587160	-1,06970927945045	2
-14,14556356200090	0,40406464964468	2
-14,14536584247900	0,13868345994263	2
-14,14501474455530	-1,04669935025795	2
-14,14391321126590	-0,50823665590722	2
-14,14345525794540	0,33369208247449	2
-14,14299594003810	-0,22292396870031	2
-14,14222342654250	-0,56722447273523	2
-14,14152576558190	0,68408020925769	2
-14,14078998844020	0,80117227893993	2
-14,14038522673560	0,61041869468158	2
-14,14002382212740	0,04629208755322	2
-14,13926111258780	0,64888664464601	2
-14,13907218497940	0,98990052351380	2
-14,13856810062320	-0,25003677041290	2
-14,13856649862970	0,15099611260200	2
-14,13799827524070	1,14649708631264	2
-14,13757098686200	-0,73874171117700	2
-14,13715486946000	1,03612502838512	2
-14,13569514895940	-0,79095786250768	2
-14,13520468610370	1,06492839577763	2
-14,13473702322330	-0,59009742284434	2
-14,13338691080730	0,66271922228821	2
-14,13242954352810	0,28196609157943	2
-14,13222926198380	-1,01308036280875	2
-14,13086322340050	-0,86233642330152	2
-14,12877634924230	-1,04214053745838	2
-14,12869335645080	0,78936357790727	2
-14,12856443069600	-1,06546113203768	2
-14,12845992799770	1,09101710982534	2
-14,12841884296950	-0,15302948906327	2
-14,12760050010960	-0,31661885607975	2
-14,12634751300280	-0,24004588330249	2
-14,12629614979170	0,11269965278556	2
-14,12453652090500	-1,13899552423094	2
-14,12448076978430	-1,32952502913128	2
-14,12384634810970	0,04004826949617	2
-14,12294497245550	0,70547234681106	2
-14,12289128930760	-0,57974154525225	2
-14,12130285780350	-0,12208225167654	2
-14,12017659222440	0,88223213304580	2
-14,11918663346890	0,20321633262438	2
-14,11906146641450	0,63572627737256	2
-14,11873021679560	0,67410703961100	2
-14,11774299679980	0,89447806936959	2
-14,11696820873090	0,28159703176515	2
-14,11691231414620	0,95012325230996	2
-14,11661383238220	-0,35977160447225	2
-14,11637656873630	0,59433905640656	2
-14,11536538310780	1,38452271823218	2
-14,11521568950020	-0,16328280525267	2
-14,11509136266530	-0,34602128713586	2
-14,11371417612380	0,11027089546101	2
-14,11150395518270	1,41731663079354	2
-14,11118457148190	0,56405062908647	2
-14,10950520217090	-1,03645878784805	2
-14,10899712952170	-0,24959015508117	2
-14,10519387814670	1,11021044258114	2
-14,10460559747180	0,75282493546733	2
-14,10406713693200	-1,35886062798626	2
-14,10401214451110	-0,27941219971062	2
-14,10282081078060	0,63560712477919	2
-14,10159508823370	0,70380635974498	2
-14,10057296760940	1,32034940623804	2
-14,10016520993330	-0,17490152687535	2
-14,09973009545710	-1,16455218175397	2
-14,09946116705550	-0,46772547586482	2
-14,09917524644280	1,51318984481206	2
-14,09637746447270	-1,32974322920863	2
-14,09550239138150	-0,19713997007458	2
-14,09505678122770	0,03185061616379	2
-14,09481924548290	1,83052331292757	2
-14,09479611596990	0,06925904836593	2
-14,09446358642110	-0,80426349578757	2
-14,09432477225160	0,82086159147918	2
-14,09293133437470	1,09731141953261	2
-14,09211385293110	1,47966708997135	2
-14,09172149989400	0,80163185206028	2
-14,09144441996480	0,03443416333565	2
-14,09121407246620	-0,16356254687714	2
-14,08975960063750	-1,78552881600079	2
-14,08734688317970	-1,23691225373937	2
-14,08713584062210	0,31138090110975	2
-14,08691827464510	0,70728801008453	2
-14,08637730358380	0,66962207898249	2
-14,08622492373190	-0,29532196083189	2
-14,08284017309140	0,67161424672991	2
-14,08245656083060	0,94645328398086	2
-14,08190613418270	-0,15625121555550	2
-14,08112204751510	-1,52586395003296	2
-14,08092704537260	1,64181370625120	2
-14,07820184557920	-0,56702642908688	2
-14,07780397967260	1,32151536936101	2
-14,07690085748580	0,22614220112727	2
-14,07685707311410	-0,23488686557992	2
-14,07623330162460	1,14338836870254	2
-14,07545031985180	1,45357245952764	2
-14,07394803647380	-0,04667133508993	2
-14,07275933904050	0,08034719596086	2
-14,07216436148290	0,28175483918010	2
-14,07139216035060	-0,65666879613169	2
-14,07137666449530	0,96804593596600	2
-14,07121835008900	1,75208517896133	2
-14,07053333239470	0,41214468004435	2
-14,07019539701200	-0,38290279290996	2
-14,06721042401020	1,01219222008752	2
-14,06707166245820	-0,16697761293060	2
-14,06702455823960	0,27640981412481	2
-14,06587867750940	0,83543765394331	2
-14,06522503049380	0,23475512501832	2
-14,06459141194020	1,08820152222977	2
-14,06125685711550	1,05858919322034	2
-14,06102131956350	-0,01845886839394	2
-14,05875516990510	0,97525654280447	2
-14,05777334364760	-1,25983648965998	2
-14,05623914926950	1,15829647539890	2
-14,05615413057450	0,90433309584861	2
-14,05543794465770	-0,87768049224026	2
-14,05251982786570	0,22814594998666	2
-14,05219290757370	1,80551025666545	2
-14,05217882157420	0,53851035704438	2
-14,05149431333930	0,17968657028105	2
-14,05146147599320	2,04141543812085	2
-14,05141150510060	-0,90888792409232	2
-14,05065955831360	1,13209759198408	2
-14,04988637842640	-2,20705575700346	2
-14,04819210532390	0,34076063345611	2
-14,04806359843440	0,24070509817081	2
-14,04651109825210	-0,63762599757806	2
-14,04619731379840	-0,75177132766184	2
-14,04305185740940	-0,76816787254688	2
-14,04295317890660	-1,25236332141355	2
-14,04158797215020	-0,88186495493190	2
-14,04124624816260	1,65071129069181	2
-14,04111052000460	1,62378621853544	2
-14,04057032817280	1,10547835668108	2
-14,03865797482450	0,54196222020050	2
-14,03808939324920	0,14478186401843	2
-14,03802457842450	0,62032904322733	2
-14,03761457162820	-0,58058326118535	2
-14,03721718785260	0,75744085692366	2
-14,03629932925910	-0,36374972628665	2
-14,03533806017720	0,84500463541405	2
-14,03383687104940	0,28350290912117	2
-14,03298313096270	0,12544740601743	2
-14,03162044538640	1,80325021390996	2
-14,03128581711850	0,57871538891936	2
-14,03116655402950	1,25048152270570	2
-14,03116367613440	-0,14736437800411	2
-14,03081982820100	-0,39129957829531	2
-14,03069533473980	2,36929819933509	2
-14,03063733925370	-0,02993329976550	2
-14,03038626234000	0,66070801494925	2
-14,02948023590020	1,17782626006867	2
-14,02641280159720	0,96813443672717	2
-14,02597558045210	1,74462221700725	2
-14,02578325594270	-0,82103853223900	2
-14,02510896586950	-0,23154073259683	2
-14,02376073362300	-0,14698091537016	2
-14,02354675629520	0,91505451674681	2
-14,02116970322360	-0,15678134803597	2
-14,02049819140300	-0,53911518562896	2
-14,02048441941580	1,50371812529210	2
-14,02048410340310	1,78764840458525	2
-14,01990832035730	1,00334531666148	2
-14,01511726695850	1,08675869420145	2
-14,01297456966720	1,46832451406775	2
-14,01269929835460	0,08251629260986	2
-14,01248704387470	-0,36520958671294	2
-14,01223679035140	1,28767255407480	2
-14,01195567319970	-0,28216555078281	2
-14,01124780053170	0,03274790619905	2
-14,00962180761060	-0,94856140274067	2
-14,00950782337200	1,39782243128160	2
-14,00946955957700	1,87235532607398	2
-14,00935714961280	0,86810277727206	2
-14,00927246212290	-0,30580788518971	2
-14,00880012202690	-1,53395849492747	2
-14,00837058395840	-1,07256401206675	2
-14,00821658172310	1,08512579096942	2
-14,00781203120370	-0,03643070186207	2
-14,00719499660040	-0,07174499963042	2
-14,00656566567820	-0,13964867968445	2
-14,00574468704700	2,60988649622351	2
-14,00571814544820	2,16625550783561	2
-14,00477378550730	-0,79249735508873	2
-14,00466539195130	-0,01056560888919	2
-14,00445075871280	1,95241117330044	2
-14,00400837932470	-0,07091337795742	2
-14,00397903532350	-0,24181369578131	2
-14,00395939310360	-0,74646209502076	2
-14,00262254240990	-0,38029216571290	2
-14,00147533915990	-0,01389627993983	2
-14,00135561731930	0,52068714414867	2
-14,00075465866180	2,93660611015892	2
-13,99803040334360	0,49089357963566	2
-13,99794872334880	-0,63842519871951	2
-13,99722126695200	-1,61910488845924	2
-13,99640707160230	-1,90025017462593	2
-13,99611845035450	1,73840188383338	2
-13,99585146290210	0,18135722792271	2
-13,99554764449690	-0,08532854581963	2
-13,99416175794310	-0,93208149806959	2
-13,99408261924320	-0,53180640252947	2
-13,99210899840990	-0,47282858931773	2
-13,99184809508420	-0,49066726250763	2
-13,98995570593000	1,44286429798893	2
-13,98892397719090	-1,07736276582552	2
-13,98819824961820	0,59261257919532	2
-13,98726627537370	-0,70096567051928	2
-13,98718025321400	-0,71977668356706	2
-13,98703420063210	1,24917007188859	2
-13,98622279639930	0,10067956011388	2
-13,98569741836490	1,35561262517823	2
-13,98524674129650	-0,42298930864011	2
-13,98512218944000	0,73194531053794	2
-13,98452490148500	-0,60571654734082	2
-13,98350935322620	0,26481794359331	2
-13,98328380172300	0,72693794992600	2
-13,98286467012510	0,59197835710860	2
-13,98224103476260	-0,71639733736464	2
-13,98212398682250	0,79058918622014	2
-13,98186072745490	0,41345698742672	2
-13,98105421699020	1,50194409243816	2
-13,98070875633080	1,40866688944407	2
-13,98051576425220	-1,19734828649070	2
-13,98023811987990	-0,64926348194559	2
-13,98020599509610	0,18791356033635	2
-13,97913611325010	0,73432482672416	2
-13,97891364435990	0,51837994791938	2
-13,97851159280860	0,98040741954620	2
-13,97771677321770	-0,03278581397140	2
-13,97750493136020	0,97453231368262	2
-13,97649885654720	1,13460360962273	2
-13,97614831177830	-0,20269986465553	2
-13,97495718906680	-0,68677492925339	2
-13,97471166058710	2,08572155412147	2
-13,97268079940130	1,02795237691368	2
-13,97223951151330	0,64679733581011	2
-13,97200748686520	0,15559474584245	2
-13,97135288789320	1,23171019438123	2
-13,97026947284610	-0,03702971469353	2
-13,97001554950540	-1,40217768401479	2
-13,96898198748110	-0,23706011247109	2
-13,96872027737950	0,59066056068168	2
-13,96838661122110	1,85422695346987	2
-13,96717791348310	0,42464770226126	2
-13,96712663734180	1,94465936382414	2
-13,96687006022670	0,23648102133187	2
-13,96662174688700	1,29789505313030	2
-13,96658199865410	2,15985201176828	2
-13,96589430530990	1,10836598221966	2
-13,96487195050850	0,87045654238567	2
-13,96381718545170	0,28528043317682	2
-13,96376457485400	1,33563222177692	2
-13,96348826441770	0,20602088277675	2
-13,96330314834200	1,47041934306468	2
-13,95798699591250	0,53197209032142	2
-13,95756301663150	1,11329452700460	2
-13,95654292479420	1,20170147917311	2
-13,95585102832340	0,29541752931493	2
-13,95367439905560	2,25030081943543	2
-13,95317669819420	0,41336982009638	2
-13,94997514318010	0,42949956536619	2
-13,94864864818670	0,80722086389182	2
-13,94803091163490	-0,65613839381733	2
-13,94793454972410	-0,51071207483608	2
-13,94764068129300	0,42618096031593	2
-13,94721239938200	0,48838712988559	2
-13,94445537521140	0,95344810500431	2
-13,94309067999770	0,27198124922820	2
-13,94127275696800	-1,70143079573593	2
-13,94126309404180	1,28724059127909	2
-13,94122468670870	-0,65213845322214	2
-13,94072018462810	0,86617457893159	2
-13,93871136564890	0,49040249130034	2
-13,93700996569810	-1,57347101351781	2
-13,93646815430730	-1,37910194610336	2
-13,93626249197460	-0,12261433486401	2
-13,93576533110150	-0,32346610787050	2
-13,93566129124780	-0,84820189131563	2
-13,93425749817390	-1,39197225070813	2
-13,93359928064930	0,71760444679268	2
-13,93297095155780	-1,11881519902378	2
-13,93137425409760	-0,06778454384897	2
-13,92781736481360	1,49927487835075	2
-13,92721350244180	-0,32987629693331	2
-13,92719390073020	0,70181445576784	2
-13,92678321998890	0,75564589845220	2
-13,92609336551760	0,09670291680804	2
-13,92574582269670	0,38957830195900	2
-13,92572582183720	0,69045215940225	2
-13,92535309735690	1,61429802126255	2
-13,92301303235870	-0,42158076674859	2
-13,92293717708930	0,96100985997253	2
-13,92222519779720	0,25243452741978	2
-13,92206130263990	0,64856235912151	2
-13,92025185700210	-0,77559658622142	2
-13,91995796486330	1,27143346647493	2
-13,91849235688550	-0,40227347312210	2
-13,91774092169860	1,74278820289209	2
-13,91772838907950	0,76129932204438	2
-13,91696757018980	0,36969911257610	2
-13,91651120532430	-1,47987328267230	2
-13,91502008519010	-1,05004268587841	2
-13,91492947172250	0,21403862034665	2
-13,91426992485590	-0,56908082508244	2
-13,91350293541510	-0,27378631853841	2
-13,90973009254800	1,89685366787095	2
-13,90899176998630	0,57438969856671	2
-13,90888626856460	0,00111793513789	2
-13,90872524049460	-0,25729186871093	2
-13,90828212796660	0,10350550234695	2
-13,90799488544250	-0,14246860401144	2
-13,90799477152040	0,63196152525623	2
-13,90707845006170	0,38080442345196	2
-13,90666542902810	0,66466349681647	2
-13,90599858479220	0,14587044263262	2
-13,90536011766710	1,68163562788850	2
-13,90520943673420	0,19121322304897	2
-13,90465708075840	-0,41283346505580	2
-13,90250247562670	-0,53827109922867	2
-13,90247057849820	1,13947014061931	2
-13,90213382017200	1,81330569063418	2
-13,90134152840200	-0,35469089089250	2
-13,90102296232680	1,00251815176313	2
-13,90019388585920	-0,09314394292300	2
-13,90014758253900	0,93793129684200	2
-13,89877631734630	0,86931632372634	2
-13,89836794648460	0,56912118985642	2
-13,89728680822020	-0,45354123466380	2
-13,89687296338700	-1,16757830767436	2
-13,89575054499510	0,05999430631474	2
-13,89574242066690	-0,25487165022089	2
-13,89459206606750	1,29306072105002	2
-13,89430557410260	-0,14895968499921	2
-13,89361776223210	1,61951587116442	2
-13,89151752078820	2,03981134328345	2
-13,89061438616160	0,58108216436721	2
-13,89011646204210	-0,14421510361331	2
-13,88997972438760	-0,31406363318453	2
-13,88971638585580	0,73646485764095	2
-13,88874276238820	0,62140058492253	2
-13,88866334802850	0,25451105954675	2
-13,88851412045860	-0,65887188467586	2
-13,88779841598450	0,85554000526753	2
-13,88766996990560	1,30801518200504	2
-13,88745684398920	1,01673260184440	2
-13,88669976424780	1,89856459911346	2
-13,88620465482140	-0,65838747441356	2
-13,88496197578980	-0,53384219786227	2
-13,88401746514760	1,17546534329515	2
-13,88338835817720	-0,32730628043009	2
-13,88200153935580	-0,89697107229283	2
-13,88137641756050	-1,04248080427138	2
-13,88131025192800	3,55534141728022	2
-13,88047764551950	1,98026421321630	2
-13,88022470402200	-0,10503464852004	2
-13,87921450967550	0,95934069860683	2
-13,87847608667780	-0,62447746165026	2
-13,87748141221780	-0,77479069040487	2
-13,87648154155820	1,08775937842814	2
-13,87647797846380	-1,35448773569912	2
-13,87610735321180	-1,11078627921751	2
-13,87531480100510	1,24418325784796	2
-13,87530248955170	0,87033135496407	2
-13,87438160036850	0,77342509174517	2
-13,87415249749670	1,70746868890753	2
-13,87333666960080	-1,20488627015362	2
-13,87294679317030	0,63596421220366	2
-13,87190547958540	1,46967134803917	2
-13,87035140661090	0,00863879836625	2
-13,86912947192250	-0,43872309520514	2
-13,86804708267250	0,10234385603480	2
-13,86739960818200	1,52127649462673	2
-13,86601276490130	-0,73818322552896	2
-13,86600566437900	0,06296761930427	2
-13,86592852473750	-0,30478454531566	2
-13,86336519837510	0,73630739351909	2
-13,86262466014790	-0,13380072630331	2
-13,86172165834120	0,66120557638381	2
-13,86102582929750	-0,00623020265156	2
-13,86096275847770	-0,41939352029806	2
-13,86078059562930	0,49363559652701	2
-13,86062107060280	1,16459066093637	2
-13,85823542529000	-1,19323444697506	2
-13,85770567668850	-0,06274428625981	2
-13,85614977656630	0,20783444610975	2
-13,85601743252850	1,64452485322252	2
-13,85538044301630	-0,86144252241211	2
-13,85405115933800	-0,25587733788569	2
-13,85402467647110	0,83324267762679	2
-13,85334613775930	0,17623100642016	2
-13,85258290140550	0,97425986850428	2
-13,85201708540850	-0,15013622950633	2
-13,85127233932500	0,09922895637065	2
-13,85115986126990	1,11175916179965	2
-13,84953881130070	-0,41049431526905	2
-13,84938369674770	1,49890204245724	2
-13,84871343403150	-1,58616781865574	2
-13,84780133610020	1,22894194397257	2
-13,84704444561620	1,41066684130663	2
-13,84623033311570	-1,27965714674147	2
-13,84617445373840	1,33434156214682	2
-13,84514961353960	0,22666853084722	2
-13,84507101181260	-0,35660331990389	2
-13,84386934929480	2,11077413445807	2
-13,84368275903850	0,61283344788373	2
-13,84333508364000	2,06950449609871	2
-13,84325878526090	1,23503187686227	2
-13,84271666331400	-0,43498885030449	2
-13,84076773371990	-1,25716710067461	2
-13,84035693180890	1,00074045539764	2
-13,83996476815500	1,47222705566002	2
-13,83873031458380	1,53282325586099	2
-13,83787695306830	0,54610891314299	2
-13,83710768333590	2,18674918452347	2
-13,83698262748350	0,70498740096931	2
-13,83686048927280	1,36179678666488	2
-13,83683233718490	-0,43704665225684	2
-13,83638523114850	-0,37208073800564	2
-13,83521210834770	1,16620099298516	2
-13,83494505056090	-1,24594774446343	2
-13,83397302604650	0,23601453485608	2
-13,83382441822790	0,71142067262646	2
-13,83349582036240	-0,26865695770339	2
-13,83227899692020	-0,09141095201939	2
-13,83094431209000	0,49600032847535	2
-13,83010416601580	0,63463331159945	2
-13,82895791140890	0,07944834634447	2
-13,82857783744490	-0,92843876653026	2
-13,82804953107190	0,52854684293155	2
-13,82719345345920	-0,88735568517296	2
-13,82670151552910	-0,23558925434662	2
-13,82659527325080	0,52887978086692	2
-13,82422695966080	0,31799762505318	2
-13,82415580114830	0,79260985426502	2
-13,82404687455820	0,02406104493347	2
-13,82254344556050	-0,41858329926093	2
-13,82245377549000	2,47841336566359	2
-13,82213569976800	-0,56780392212592	2
-13,82044797062910	-0,62226026350850	2
-13,81971759216850	-0,47979302349113	2
-13,81915604828290	0,39616776899862	2
-13,81790967682050	1,30759761712786	2
-13,81649489736470	0,24749872491688	2
-13,81588583536470	-1,82307502473760	2
-13,81553179983530	-0,08057174777946	2
-13,81497030689890	0,16459547241749	2
-13,81391713004090	-1,05781754410879	2
-13,81214865732050	1,28287837738548	2
-13,81138971808090	-0,09304423655091	2
-13,81132553881430	1,22479334149739	2
-13,81114940124750	1,06359716907040	2
-13,81100654228760	1,12121517003522	2
-13,81054416034670	1,50377042052059	2
-13,81036462929860	-0,68655076889388	2
-13,81001725412370	1,15851837385640	2
-13,80973264937300	-0,04210240632438	2
-13,80861581951920	1,18726033894785	2
-13,80855465078020	0,49793797615481	2
-13,80773103940250	1,01189576926606	2
-13,80705482408360	-0,42353926840640	2
-13,80680985893040	-1,43451398561196	2
-13,80640426996740	-0,01636931859181	2
-13,80592498989010	1,37876165760910	2
-13,80581599836880	1,26435611881446	2
-13,80577632903820	-1,06788811914711	2
-13,80368829269780	-0,56780079082550	2
-13,80348831887510	1,88014811381326	2
-13,80325387153610	0,27994139383567	2
-13,80220989827610	0,55256892301317	2
-13,80125745512620	0,56789449504382	2
-13,80106848898680	0,49184943387790	2
-13,80077745151840	0,23316349023944	2
-13,80070122215920	-1,00481032464634	2
-13,79969578343390	-0,72292060947320	2
-13,79712316960990	0,27379414670550	2
-13,79687569716500	1,50708352677562	2
-13,79614596094240	0,12405944578248	2
-13,79522197849280	-1,64888700925752	2
-13,79386037192370	-1,23347591076205	2
-13,79359120173830	-1,52148506499034	2
-13,79327314805230	-0,95816104650599	2
-13,79173178472830	1,82760208496187	2
-13,79118499309680	-0,87490019282983	2
-13,79044474230650	0,04315326372090	2
-13,78905195406120	1,57037434960151	2
-13,78884820275510	-0,36114538465196	2
-13,78864558135390	0,21148088991865	2
-13,78841402108440	0,66050819685740	2
-13,78808321141650	0,37302005876172	2
-13,78660938720610	0,73850467036562	2
-13,78582095975820	0,74224691705937	2
-13,78553529275860	-0,44172027143511	2
-13,78453987809100	1,92454316173422	2
-13,78449742241080	1,32832756588178	2
-13,78277869237780	-0,71854647581497	2
-13,78155329861400	0,49723737620225	2
-13,78108115976660	-0,47047099990507	2
-13,78002137891360	-0,26627894302480	2
-13,77994953468050	-0,12014400168201	2
-13,77828280480490	-0,53632274242765	2
-13,77673400958800	-1,62040720915065	2
-13,77572479223290	2,63014857753788	2
-13,77483372635490	1,56605848833745	2
-13,77254678212470	-0,01794701341163	2
-13,77249820856170	0,52692177429214	2
-13,77139926688300	1,91819416115359	2
-13,77123374202530	1,26474474531241	2
-13,77095931577410	0,26016088365971	2
-13,77085299540310	0,42043486319307	2
-13,77027829595720	-0,95940217567617	2
-13,76994983848010	0,58869251124232	2
-13,76925941639200	2,12829337820852	2
-13,76840170356050	-0,42176792437371	2
-13,76712370871380	1,35740082648833	2
-13,76477270723380	-1,50227149022718	2
-13,76427481353670	0,52724909586961	2
-13,76354728026690	0,59084762688623	2
-13,75929301777560	-0,65746497355101	2
-13,75830296777760	1,11831992549824	2
-13,75757773434510	0,07708146655920	2
-13,75735482010640	-0,04755555383163	2
-13,75677665715810	-1,01346371195083	2
-13,75572955788210	-0,03352277479675	2
-13,75534722275600	-0,73022294095181	2
-13,75410413494110	-0,08364732035090	2
-13,75315443315310	-0,71291214255001	2
-13,75314886543730	1,22040461753672	2
-13,75121739014810	-0,00582185429488	2
-13,75054648570320	-1,03408040671496	2
-13,74966374846490	0,01953531304130	2
-13,74941148005660	-1,04858384435927	2
-13,74901065165020	-0,29408144000376	2
-13,74723684984990	1,24734495438655	2
-13,74595150054770	0,37904190373899	2
-13,74591028653050	0,06620018584283	2
-13,74569975356920	0,33796618301214	2
-13,74478536777050	-0,82835888736795	2
-13,74320659504360	1,23526058140639	2
-13,74319430444320	0,63844572121562	2
-13,74013423987710	-0,27212089387968	2
-13,73911318268690	1,07832697950679	2
-13,73899582878960	-1,13902498604550	2
-13,73787041676460	-0,46804051762005	2
-13,73686982597770	1,82475132921571	2
-13,73661327281140	-0,51944445361570	2
-13,73589737922500	0,74467581252358	2
-13,73503553168320	0,76269232216649	2
-13,73284693227460	-0,44417382984911	2
-13,73278683086890	1,14721066090666	2
-13,73117413508840	-0,58417332165098	2
-13,73066244339710	0,81513695726249	2
-13,73038395657880	1,33657214405899	2
-13,73034274843360	0,96341936977911	2
-13,72878363242310	0,91318400168025	2
-13,72818921031790	1,39075299194366	2
-13,72667781836010	-0,54858593762203	2
-13,72635570589210	0,11400134591781	2
-13,72508395737070	1,00630352862066	2
-13,72491725373520	-0,70582541466277	2
-13,72435982302640	-0,47985805824619	2
-13,72338117348240	0,30448642943398	2
-13,72309270546120	0,08560579146498	2
-13,71985264662970	-0,11746673938395	2
-13,71967761273670	0,51685902835686	2
-13,71954351406780	0,14227029296444	2
-13,71933438287160	-0,25768839631305	2
-13,71847231484360	1,81423039475476	2
-13,71834837746530	-1,05146542705180	2
-13,71764281288060	1,23765708631824	2
-13,71752473499750	-0,28024112547961	2
-13,71735194129270	0,33561689837654	2
-13,71685465284820	-0,41757014744493	2
-13,71427032691740	1,80448693005352	2
-13,71289533365100	0,85206204121029	2
-13,71234433485970	-0,04229130170967	2
-13,71195150127580	0,96433726855448	2
-13,71055563694880	-0,85824068755227	2
-13,71055000916650	2,23967065101163	2
-13,70959715646430	0,65477861768532	2
-13,70763864539890	-0,35338446449045	2
-13,70752812490250	0,18445996748546	2
-13,70669821488240	0,35143183665264	2
-13,70587886220430	1,71174958811932	2
-13,70572949253170	0,22945792704495	2
-13,70499071372200	0,52949773565391	2
-13,70460449487470	-0,92296202569587	2
-13,70221952416190	1,53019162596340	2
-13,70155578324590	1,25442683979571	2
-13,70087934476700	-0,05643552155497	2
-13,69991614689170	0,47144759053225	2
-13,69983732498560	0,09715744299198	2
-13,69833038623210	0,92655091403816	2
-13,69813460511710	-1,00462664049221	2
-13,69794281377420	2,55961156115982	2
-13,69776445787120	-0,62731929721524	2
-13,69625077950830	0,06368732857415	2
-13,69605470904180	-1,62647874524640	2
-13,69460391036660	0,90082718050696	2
-13,69199433802270	1,10285787758132	2
-13,69046767719150	0,27808758792412	2
-13,68996575100880	0,59733781085158	2
-13,68901158644470	-0,83167997486388	2
-13,68897995817600	0,18855604469295	2
-13,68809272581380	0,23474932037959	2
-13,68737941016070	0,24349599028785	2
-13,68658426377490	0,48767366837036	2
-13,68608163706300	-0,12755481243025	2
-13,68523810925650	0,18453330713970	2
-13,68348288661120	0,84988769318286	2
-13,68336080188590	-1,33937102729953	2
-13,68229963679700	-1,33234630032540	2
-13,68202962157180	0,60941011646072	2
-13,68200671773360	0,10872395810211	2
-13,68118164820430	1,36845419758508	2
-13,67954406801760	0,19094999111554	2
-13,67891361345450	-1,12928243113765	2
-13,67808385019720	-0,10670552044428	2
-13,67704878718770	-0,35234800314107	2
-13,67521343747580	-1,05127125991717	2
-13,67474417513790	0,33643099005435	2
-13,67462844621220	0,16511910004529	2
-13,67425871114240	0,21266864136430	2
-13,67412533826300	0,32588323727691	2
-13,67282309367280	0,18768187760233	2
-13,67155672829500	0,05443040013396	2
-13,67037819873870	-0,52162998281683	2
-13,66858328526880	0,36764362752290	2
-13,66839884327940	-1,22986695313885	2
-13,66797749000700	-0,37383718169787	2
-13,66732970207630	0,63291289627540	2
-13,66644732994100	0,26200248059857	2
-13,66615630750890	0,76448164953505	2
-13,66546870288830	1,08432395241492	2
-13,66305923182510	-0,52653180194191	2
-13,66267880671060	-0,26123354621981	2
-13,66247271553790	1,04039315385342	2
-13,66161388678260	0,54689000107632	2
-13,65973171481210	0,01625880791198	2
-13,65887790542840	1,85244276063953	2
-13,65887357521710	-0,43905828019255	2
-13,65578562062860	-0,76692324340045	2
-13,65249716562820	2,12913371099427	2
-13,65143648551170	-0,18223576422094	2
-13,65112620050710	1,30403027538584	2
-13,65102434355940	-0,70443583487015	2
-13,64965762773320	0,20465851242354	2
-13,64802536740480	0,32252055911814	2
-13,64720152661700	1,07470041539659	2
-13,64630365282780	-0,55465489792220	2
-13,64269638780290	0,78563628927644	2
-13,64185570175570	1,31339407804776	2
-13,64110023248930	0,25539649697108	2
-13,64050960442450	-0,31907228712565	2
-13,63927895161000	-0,01929455776983	2
-13,63567437645940	-1,22577904069960	2
-13,63486471454330	0,48995334133853	2
-13,63394752350660	-1,01086429374451	2
-13,63388541793600	-0,99661019539422	2
-13,63372513864960	1,78337821873527	2
-13,63320769384040	0,36010881687027	2
-13,63192133748800	0,82087985956788	2
-13,63145765098210	0,74641575497264	2
-13,63094849829650	1,44600848149906	2
-13,63004520663580	1,16596069654836	2
-13,62784979814880	0,62997824958471	2
-13,62776209695530	0,47494725321507	2
-13,62747431168970	1,02649591664753	2
-13,62449440180520	1,22987005067985	2
-13,62268319581710	0,48595659017939	2
-13,62256854159860	0,96026093774738	2
-13,62182253580000	0,47527506928212	2
-13,62142857339910	-0,12159472532416	2
-13,62116653139510	-0,91877945530520	2
-13,62044114162610	-0,31292606943450	2
-13,62006511639020	1,21066150788215	2
-13,61971861165780	-0,97188635420810	2
-13,61790132524140	0,10410321032114	2
-13,61712004762740	1,00045698298557	2
-13,61630076372100	-0,26304974539150	2
-13,61508584810910	-1,19274110390511	2
-13,61453047996050	0,27532406001121	2
-13,61448316733900	0,75840392194613	2
-13,61399024600500	1,45273427180293	2
-13,61387956374640	0,33202271952299	2
-13,61244976456020	-0,22003162186444	2
-13,61214652589890	0,27868603722332	2
-13,61096501918620	1,50171672733786	2
-13,61055389452710	0,87770907709147	2
-13,60937007748930	0,79273319859682	2
-13,60902390032090	-0,29314588335939	2
-13,60863793465620	-0,41448943103805	2
-13,60734194485070	0,86662031462611	2
-13,60532227471870	0,09343959397636	2
-13,60344047353550	-1,14678286027284	2
-13,60216641263130	2,31747504556797	2
-13,60196715337820	-0,26106489712637	2
-13,60148023323630	0,70337488841889	2
-13,60141659457770	-0,02913978350298	2
-13,60021838549050	2,09887417462546	2
-13,60001064440100	-0,20779446287594	2
-13,59976009455500	0,64638180311153	2
-13,59968079022340	0,28259684087490	2
-13,59964079910320	0,72251410033751	2
-13,59915788571230	0,75532076787927	2
-13,59685529889260	0,67004721406877	2
-13,59649671124360	0,06242376747584	2
-13,59404983884200	0,22795897411388	2
-13,59364708778160	-0,07456707868859	2
-13,59359733609000	1,08369574855486	2
-13,59356686097520	-0,14068629387259	2
-13,59073918609190	2,02067668371833	2
-13,59069071073530	-0,05139727454677	2
-13,58857567219340	1,05451707436859	2
-13,58798440020700	-0,27974547915161	2
-13,58787173073880	1,35717907895806	2
-13,58669492217880	0,56339075884979	2
-13,58652485622590	-0,30859231111598	2
-13,58639044981210	0,03404729832671	2
-13,58472403657320	-0,39986379002370	2
-13,58335899290030	0,48200727822015	2
-13,58059376121540	-0,12226008626388	2
-13,57965139945210	2,54943390001789	2
-13,57907790359350	0,01299283134988	2
-13,57828235974880	-0,83223118147991	2
-13,57795496062410	-0,56662467236720	2
-13,57786826305400	0,46004912842126	2
-13,57587883590700	2,04587258351985	2
-13,57575102034810	0,87608553237198	2
-13,57279660167190	1,57180657032425	2
-13,57239908188620	-0,90054138774717	2
-13,57168580989680	1,14938977249962	2
-13,57168272484270	1,23561842153978	2
-13,57095368423780	0,93735506792473	2
-13,56942630958340	0,66409369205014	2
-13,56876960007960	-2,69899531355547	2
-13,56862632490830	0,24818317184132	2
-13,56861485884260	-0,73904151675595	2
-13,56836282957230	-0,28095888376660	2
-13,56802040184780	-1,49554107912818	2
-13,56733484982740	0,37377165772981	2
-13,56686557150540	1,16467496835902	2
-13,56592374238430	-0,04365182752171	2
-13,56428110824660	0,17653550073022	2
-13,56034663180800	1,12604769725925	2
-13,56001003234700	-0,34227707361857	2
-13,55705998883680	1,17565686335041	2
-13,55652880548140	-0,13071859637157	2
-13,55581039777150	-0,24632757633135	2
-13,55562188474570	0,24225004874285	2
-13,55488451108970	0,01031048761795	2
-13,55485848563930	2,11195300368349	2
-13,55376655033240	0,69606800783284	2
-13,55301609811760	1,80769561517222	2
-13,55187370592130	0,79933959807026	2
-13,55122075622590	-1,88072606715323	2
-13,55072574736720	0,03058130030818	2
-13,55061834283710	0,72963296353000	2
-13,54934184312330	0,30662046483630	2
-13,54875540020930	1,13144701605082	2
-13,54863463417890	-0,00686758214436	2
-13,54859944490390	0,30269205202380	2
-13,54700252575210	0,03641069341662	2
-13,54692557197510	-0,22707473820749	2
-13,54670159452570	1,63541641327264	2
-13,54422660091680	-0,29586095229705	2
-13,54382403615260	-0,39760127992772	2
-13,54236239495020	-0,13282415429631	2
-13,54175176684790	-0,75443755691074	2
-13,54098141263570	-0,08972460446908	2
-13,53733748624410	0,98316682735776	2
-13,53698955378990	2,05953017894902	2
-13,53524303471490	0,46858411322317	2
-13,53483822211110	-0,44222153269750	2
-13,53437032605260	-0,22889113315313	2
-13,53421380455770	-1,48544325981018	2
-13,53415141491430	1,82681194345275	2
-13,53399768719780	-0,59353598983872	2
-13,53370762388410	-0,15817132748087	2
-13,53363052174530	-0,97786908343799	2
-13,53328169565280	0,77508293459339	2
-13,53121480775940	0,37923716059825	2
-13,53086426462070	-0,20531600658995	2
-13,53070571154870	-0,70787726783110	2
-13,52604374181670	1,57618549129281	2
-13,52493935294810	2,25374957630790	2
-13,52459100856110	0,88828723713782	2
-13,52378457541210	-0,19107926689655	2
-13,52373762288450	0,59654300061243	2
-13,52301524999970	0,72274445898085	2
-13,52292247916030	0,96607313322875	2
-13,52279635299410	-1,24539025701026	2
-13,52151044579570	-1,72983628303430	2
-13,52093436599350	0,59036759680121	2
-13,52090819878590	0,84443349985113	2
-13,52086297697560	1,70712199563975	2
-13,52083873249180	1,20105223370634	2
-13,52064818006930	-0,73818832322696	2
-13,52000814629930	0,46396355807423	2
-13,51938203718720	1,87158356299489	2
-13,51908561504250	-1,06051595861548	2
-13,51764556147800	0,63951481098412	2
-13,51700813842270	-1,28529801809947	2
-13,51570509690720	-0,61234044514313	2
-13,50983354578590	-0,80026018062759	2
-13,50944601734170	1,65557819802047	2
-13,50942044230200	0,07096717766466	2
-13,50907282947480	-0,95643765102223	2
-13,50738144329410	0,52141013520894	2
-13,50336732644850	0,51811332665643	2
-13,50318594194920	0,57002075537376	2
-13,50272733769800	0,96891864096293	2
-13,50246093890080	-1,86507243220505	2
-13,50094675951810	1,67169293933069	2
-13,50078910794300	0,72908990377372	2
-13,49918179358890	0,46035183804926	2
-13,49912315533610	0,81507011975052	2
-13,49893725953470	1,28351024243247	2
-13,49889639554630	-1,09570401274015	2
-13,49740403094390	1,83724637178159	2
-13,49588495503880	0,81601327134513	2
-13,49361536180270	1,16216266429066	2
-13,49305164097940	2,47938510556031	2
-13,49257757424360	-0,22506114489948	2
-13,49012195170650	1,58320163671595	2
-13,48890318990580	1,13756758868707	2
-13,48852117783800	-0,84627834313052	2
-13,48616889042170	0,28108691477069	2
-13,48383218509010	0,42468123150066	2
-13,48076806173770	0,15475583737289	2
-13,47982592621340	-0,26439502346011	2
-13,47862591101330	-0,87296117565317	2
-13,47823037142580	0,61227028312491	2
-13,47715817096980	-0,38416331589228	2
-13,47625154305970	1,18299913864378	2
-13,47467187369110	2,19095384999254	2
-13,47414276767750	1,98977450391302	2
-13,47338993820030	1,57928582943258	2
-13,47322485665380	-1,85743893816552	2
-13,47298619654230	0,39038348313511	2
-13,47064796161560	-0,02350588829313	2
-13,47012075386590	-0,08191390467180	2
-13,46948036386520	0,99541934040575	2
-13,46928781811810	-0,12817971140582	2
-13,46837336710760	-0,40317717238698	2
-13,46589700248780	-0,06677161886853	2
-13,46576539032570	-0,29544149011810	2
-13,46525068225650	1,02684693190056	2
-13,46283328112220	-1,22813238110386	2
-13,46265489686530	-0,21893625798936	2
-13,46173749047310	1,06748169491326	2
-13,46136433757000	1,41314987444468	2
-13,45931543189940	0,27130218352989	2
-13,45881627038430	0,94755390941479	2
-13,45847174898350	0,90580642961044	2
-13,45675964623360	0,25243128322531	2
-13,45524503581260	0,28330641213446	2
-13,45464010573640	0,26136374157827	2
-13,45368277578590	0,86131020974922	2
-13,45350170400400	-0,33378754047611	2
-13,45329626696490	0,48619317205710	2
-13,45316255295260	1,35618814417762	2
-13,45210402830880	1,73290323297039	2
-13,45025963049810	0,37166435894857	2
-13,45000159885030	0,85807020212794	2
-13,44887884449550	0,23583525436367	2
-13,44876709463710	0,51333021551772	2
-13,44789380707590	1,49788221795615	2
-13,44759172125040	1,12298873988085	2
-13,44684839695670	0,13543366083315	2
-13,44671249670990	3,05368599772161	2
-13,44524617478760	-1,15100830166140	2
-13,44486994455440	-1,02949840421803	2
-13,44299025563320	0,48449684445200	2
-13,44163021868200	-0,04845145149845	2
-13,44138790738760	1,50861209265662	2
-13,43874097009850	0,44429520210003	2
-13,43488959594280	-0,27852100376977	2
-13,43420033908290	0,70086364117932	2
-13,43357511613580	0,43262157462246	2
-13,43324966962890	-0,17947296088947	2
-13,43320770311250	-0,45467457218987	2
-13,43034902296230	0,68567519183820	2
-13,43006310725670	1,66977160618699	2
-13,42727053561340	1,32970814262180	2
-13,42590582950340	0,59877360606568	2
-13,42493408109120	1,36782873556920	2
-13,42356606741670	-0,58351779819774	2
-13,42297607637000	0,65600201980124	2
-13,42242080799510	1,79876412516860	2
-13,42223289805890	-0,42777336576637	2
-13,42168571030890	0,93628119481333	2
-13,42146865067220	1,32948499185642	2
-13,41913247580080	0,90623657161690	2
-13,41907978934140	-0,60458204897435	2
-13,41831139066810	1,81433785015346	2
-13,41795549669850	-0,19230890977896	2
-13,41671011158680	-1,41705413166314	2
-13,41663702764900	-0,72112121838369	2
-13,41651439715350	-0,74228759274391	2
-13,41578831568920	-0,36843178337461	2
-13,41484698789030	0,71468753030047	2
-13,41476935794990	0,36873631522691	2
-13,41438201124750	-1,21721005180841	2
-13,41410615389400	1,58575866126340	2
-13,41359214002220	0,54061135941820	2
-13,41318615666020	1,44900803935853	2
-13,41294170126130	-0,41502176844293	2
-13,41278436703680	1,61471611834166	2
-13,41219513655010	-0,30423648792157	2
-13,41173041241680	1,68595209838359	2
-13,41029693633610	-0,18482258955783	2
-13,40817303818870	0,45876525160768	2
-13,40812346113880	0,27095578647303	2
-13,40618778019170	-0,02150648409844	2
-13,40604935164480	0,80678031230798	2
-13,40572316813040	1,23265228482128	2
-13,40395210198630	0,09310531266135	2
-13,40355138140920	-0,47030022530503	2
-13,40271705944170	0,58598687878481	2
-13,40209143246420	-1,11583038829998	2
-13,40148320961850	0,74866694661967	2
-13,40093532472970	0,43305240953028	2
-13,40050818735980	0,92345036659472	2
-13,40049269466460	0,64238165504645	2
-13,39941650222800	1,35584622264853	2
-13,39906631533560	0,07138644210301	2
-13,39904011792530	2,01001381669337	2
-13,39898532266720	-1,02946310960586	2
-13,39755966917580	-0,63514058271708	2
-13,39658143934470	-0,70144921694180	2
-13,39622693619190	0,00783872933778	2
-13,39607184217550	1,98802892106565	2
-13,39536261246280	-0,15082949294311	2
-13,39492691637020	-0,03086499194074	2
-13,39395320859440	1,18066515418871	2
-13,39330631337780	0,39243207257671	2
-13,39166627205750	0,55134487241500	2
-13,38988449662560	1,51945623422124	2
-13,38862053859220	-0,50747038576344	2
-13,38812570836690	-1,34986098147227	2
-13,38638485685840	0,96718078959891	2
-13,38500762590040	1,31932760951100	2
-13,38442572454510	0,15245638045293	2
-13,38374149833230	-2,56252577983977	2
-13,38320022697540	-1,19785279390581	2
-13,38296175085560	0,08722226467579	2
-13,38261421569480	0,95988083010930	2
-13,38151093174450	1,68299342377992	2
-13,37905003839110	1,67357490411152	2
-13,37883042430360	-0,94829254616755	2
-13,37630754567420	0,48215619023534	2
-13,37552440730860	-0,09679023670802	2
-13,37537519316080	0,33758367519170	2
-13,37339210805580	1,07950768393573	2
-13,37260341045910	-0,83161714149190	2
-13,37234244917650	0,52686305884713	2
-13,37233065810570	0,30548568617386	2
-13,37141115547640	0,83208236270295	2
-13,37115795132150	1,17918699417692	2
-13,36895222882570	-1,36157680058851	2
-13,36659124997330	1,18908574755722	2
-13,36574139479490	-0,24713220996597	2
-13,36446647623120	0,84367649274304	2
-13,36414175035890	1,06616719953661	2
-13,36381485119140	0,68593916046596	2
-13,36326993817550	0,05406010609847	2
-13,36303054743190	-1,25647825150349	2
-13,36227937889760	-1,18767612657515	2
-13,36062122645700	-0,66049442689180	2
-13,36000627457490	-0,10344325920359	2
-13,35537665255210	-0,45361019956625	2
-13,35471525323670	0,47177199970552	2
-13,35458264646610	1,21773223141336	2
-13,35452320131790	1,42359441430810	2
-13,35368165777370	0,11382419499940	2
-13,35325477810080	-0,34877822089910	2
-13,35295188311050	-1,03100804085553	2
-13,35292939031090	-0,03281487009775	2
-13,35261435472340	0,31912422788373	2
-13,35226207077030	-0,23926513821882	2
-13,35218683508260	0,10247319485282	2
-13,35153372234580	-0,70103460350803	2
-13,35134519441760	0,10133582539961	2
-13,35030527963060	-0,09854776786488	2
-13,35005625948990	-0,36745249148986	2
-13,34697378811080	2,08954795895460	2
-13,34626993538250	-1,15051174503507	2
-13,34482519417200	0,55825664076695	2
-13,34364182697680	-0,64327039561712	2
-13,34293665859510	1,85250917031225	2
-13,34251460641590	-0,20195308309877	2
-13,34156328823340	0,33824695380502	2
-13,34028733332750	1,22977830110700	2
-13,33962312658080	0,20318244163612	2
-13,33944865810420	0,68975425681682	2
-13,33744447450650	0,13602447038020	2
-13,33712207523280	1,30008169585161	2
-13,33685250522980	1,01067429989558	2
-13,33620047520320	0,88396364605752	2
-13,33586760555800	-0,59780096945066	2
-13,33371641056520	-0,15167782228433	2
-13,33246302831420	-0,58834037095285	2
-13,33174757150500	-0,34153904215636	2
-13,33161486564860	-0,30237754808283	2
-13,33128279041910	0,92521161771923	2
-13,33105550124730	2,15947568517447	2
-13,32653494338470	-0,00351136095787	2
-13,32573026088530	1,08759544068013	2
-13,32369856910880	-1,17438700909190	2
-13,32232031190550	0,53624932071592	2
-13,32154987692100	0,43744339183412	2
-13,32048362935720	-0,31585744940326	2
-13,31960962855580	1,92525773353594	2
-13,31909658589500	-0,38903414677393	2
-13,31617976055600	0,81578180960212	2
-13,31578274773520	0,21761153025802	2
-13,31548667743190	1,06080724980667	2
-13,31524753078050	0,83041379761371	2
-13,31277380637390	-0,26400200962083	2
-13,31188063711770	0,98665422843610	2
-13,30688390438330	-0,42783270116000	2
-13,30570941310540	0,10616960354257	2
-13,30487944158510	0,14630495727807	2
-13,30230767584740	1,39369835413911	2
-13,30190725239310	0,49356194952922	2
-13,30154129044480	0,02685284172538	2
-13,30151803105570	0,90031755062528	2
-13,30130753569590	0,60626822631341	2
-13,30130599070410	0,78948549105609	2
-13,30040768368100	1,56725517984368	2
-13,29731271359110	0,74422008050949	2
-13,29615339127190	-0,63116626141383	2
-13,29561680322310	-0,20130697334693	2
-13,29509396220210	-0,93597038316071	2
-13,29489132086100	0,07815889782780	2
-13,29464626804770	0,60131741292673	2
-13,29301450101600	-1,54894213579704	2
-13,29218672625520	1,10729376854523	2
-13,29031088186360	0,02935921626775	2
-13,29007629224600	0,50562643475947	2
-13,28966479281540	0,56553843580024	2
-13,28895942845000	0,14855029347460	2
-13,28498938487350	-0,51161424971484	2
-13,28467006913220	0,49224811831994	2
-13,28285966823880	-0,15482131758690	2
-13,28250032696670	3,23683936978070	2
-13,28210232567320	0,92880674527492	2
-13,28147497842000	0,67251536387612	2
-13,28000209340490	0,11163716828292	2
-13,27927028735390	-2,18611774215040	2
-13,27816966077430	1,60304725972324	2
-13,27808567757100	2,15317450674203	2
-13,27781461632330	0,18486194082332	2
-13,27507097842090	-0,31357400794163	2
-13,27441411125710	0,20853204837966	2
-13,27342038363790	-1,54397661949559	2
-13,27240852630900	0,10542176131687	2
-13,27200293977380	-0,68478125731392	2
-13,27162758553600	1,00769552880500	2
-13,27140288364280	-0,35454138049515	2
-13,27040269905530	0,10517786951534	2
-13,26991675744880	-1,13012517811496	2
-13,26972592567640	1,14578446217323	2
-13,26837039525560	-0,82107593067819	2
-13,26587101147540	-2,38780108245322	2
-13,26441072813260	-0,42848739956068	2
-13,26389163828700	0,85991885451547	2
-13,26166164254270	0,45233685222389	2
-13,25671409102070	-0,29028642672491	2
-13,25649775520360	0,15454703045949	2
-13,25155804613090	1,48458142165833	2
-13,25005493764180	-0,16066900599508	2
-13,24996341612110	-2,08372021084839	2
-13,24934775003270	0,45005706249478	2
-13,24670106683190	0,36152782802603	2
-13,24542039424640	2,09609605384916	2
-13,24242466330070	-0,07573391930389	2
-13,24183530194620	-0,24918025897310	2
-13,24157581259470	-0,10344973703450	2
-13,23897572252910	1,75979895705638	2
-13,23892889114900	-0,38991196880502	2
-13,23760378218270	-0,02983940537739	2
-13,23745470748950	1,61859074578301	2
-13,23712245512370	-1,02040649952095	2
-13,23708606698010	0,86033738590878	2
-13,23579022761520	1,07712573413704	2
-13,23517449548750	-0,29338516673634	2
-13,23369013222880	0,94734917279156	2
-13,23262046628410	-0,87358063571210	2
-13,23161979962510	-0,00898498947963	2
-13,23101747413200	1,34138509025879	2
-13,23039080052530	1,26167032195823	2
-13,22923237667410	0,83437716964290	2
-13,22765357668220	-0,35091758798577	2
-13,22041770803880	1,27691547272256	2
-13,22035023222320	-0,77485533963157	2
-13,22015006554240	0,18794776231133	2
-13,21904713252870	2,39024674198509	2
-13,21833589700380	0,84979686114305	2
-13,21802232533110	0,22557996087072	2
-13,21795544908910	-0,42426808202765	2
-13,21773456282410	3,01530354446952	2
-13,21694872693460	-0,01069485869853	2
-13,21632947350920	-1,05512944748510	2
-13,21621251681800	0,08862758601838	2
-13,21579932943700	0,71764178055677	2
-13,21413227665550	0,17916818801798	2
-13,21411426324920	2,43037735081930	2
-13,21368372678730	1,28817637254618	2
-13,21333497505900	0,90618574897738	2
-13,21239788980820	0,05140342722774	2
-13,21173471403540	0,23833593008603	2
-13,21170733736770	-0,01107252863814	2
-13,21027832337250	0,59028749935784	2
-13,20569853223930	1,52705852673747	2
-13,20495389244850	0,63816746003518	2
-13,20455662087270	-0,63554472070014	2
-13,20133319557060	1,48453569745245	2
-13,19597384629950	1,02798230500480	2
-13,18992277810010	1,78124056287485	2
-13,18795703480040	-0,35668398953414	2
-13,18634511206240	0,63479704162616	2
-13,18316711052510	0,90837714985356	2
-13,17981459657130	0,81370597451756	2
-13,17975520953720	1,13159976323987	2
-13,17930674069540	1,59742284004803	2
-13,17865369792250	1,45149910100124	2
-13,17796080001420	-1,34513196081231	2
-13,17670071191780	0,58240682687780	2
-13,17484271633480	-0,10963331802414	2
-13,17479049682650	-0,92955479345364	2
-13,17370825175000	-0,50201671609714	2
-13,17282738444000	-0,25722142941241	2
-13,17210656530890	0,05369278855452	2
-13,16988034916070	2,26186992568759	2
-13,16986808184540	-0,98843915754449	2
-13,16908009901420	0,97869069818964	2
-13,16712093827650	0,37078965505355	2
-13,16690542054630	0,10505578295614	2
-13,16623938913930	0,48479564517793	2
-13,16557310503690	0,31637257738185	2
-13,16448322423720	-0,03600916378490	2
-13,16402709659380	0,94656070204001	2
-13,16342746119590	1,76782841997891	2
-13,15885842475310	-0,24197661589872	2
-13,15759447791980	-0,93214973086661	2
-13,15665034265140	-1,79582180334496	2
-13,15536494439190	-0,04926455600023	2
-13,15501130940000	-0,00710914534841	2
-13,15451145247450	0,20706636892047	2
-13,15447712733270	-0,66828626502115	2
-13,15140110429620	-0,06719446466710	2
-13,15025676359680	-0,91755188666306	2
-13,14994741132810	0,47759459190508	2
-13,14898910734600	-0,77395314617340	2
-13,14890178618020	-1,75739413185408	2
-13,14818054840540	-0,65375518994851	2
-13,14729607914930	1,63340527725132	2
-13,14636255502270	-1,33687466255554	2
-13,14404709461140	-0,83894520109639	2
-13,14307697766650	-0,21472287025024	2
-13,14095200165490	0,69195290478779	2
-13,14056765435750	0,57178370692982	2
-13,13916454667680	0,23198471730896	2
-13,13765465342610	2,76437947650142	2
-13,13214738974500	0,43060801655190	2
-13,13094649140590	-1,23377274760204	2
-13,13001211733770	0,66472963509667	2
-13,12985185331480	-0,97551800950082	2
-13,12778051839210	-0,29598595490838	2
-13,12717110201830	0,26102978062862	2
-13,12667644054340	0,02448668877751	2
-13,12571496048430	-0,16100049285009	2
-13,12513047892760	0,19295892920875	2
-13,12458661600010	2,17214769137967	2
-13,12436072378390	0,06298376171332	2
-13,12352136692520	0,15325447073478	2
-13,12277052287830	1,08907595804393	2
-13,12181436806890	-0,51736449157813	2
-13,12173737517410	-1,69622647351429	2
-13,11935057946410	0,73150012759863	2
-13,11884747057060	-0,60333748709575	2
-13,11862554289170	1,14248835770874	2
-13,11859023300250	1,32630611061558	2
-13,11787598406480	-0,03695069119389	2
-13,11759872176820	0,34545826807010	2
-13,11690741666500	0,40966243973329	2
-13,11583770067690	0,84460809760194	2
-13,11393677510800	-0,64781919994190	2
-13,11278182543230	-1,02601827919336	2
-13,11276312479390	-2,28514683826949	2
-13,11251940829770	0,81989357449278	2
-13,11097223719050	0,39545972310283	2
-13,10923863290420	0,56452394734650	2
-13,10590052915740	1,08077628634059	2
-13,10084496908020	2,84938592594212	2
-13,10015953710820	-0,45427999773611	2
-13,10004854766650	-0,30713372686814	2
-13,09706361068790	-1,30428261708051	2
-13,09649462345100	-1,19092396894507	2
-13,09473895175250	1,53237000482162	2
-13,09462711665720	0,79241887090939	2
-13,09063889768190	-0,77022202553580	2
-13,09000778549670	1,27602858619754	2
-13,08950458613930	-0,69083805552595	2
-13,08924178085950	0,74443262556940	2
-13,08908099482470	-1,77099395540236	2
-13,08890413775920	0,78842450387212	2
-13,08827954515060	-0,99152511744358	2
-13,08747408317650	0,77615335402968	2
-13,08664611717070	1,34347026535902	2
-13,08640037301820	0,38274600486546	2
-13,08364221052120	0,48598923600590	2
-13,08029545847030	-0,26518023260767	2
-13,07994952458810	0,84779153778482	2
-13,07663235129510	0,49551379345491	2
-13,07373974044400	1,74645033245840	2
-13,07111947256330	0,67457777417284	2
-13,07023950162020	2,29176520594194	2
-13,06668497635650	-0,75909817568200	2
-13,06561461648670	1,13893167628472	2
-13,06496204881680	0,23084565226340	2
-13,05824977986070	0,50891965575974	2
-13,05772221685570	0,40031512592750	2
-13,05762721776920	1,36615299590368	2
-13,05614161459810	-1,84267967307031	2
-13,05325905823400	1,16663338297442	2
-13,05312431802400	0,53077041093365	2
-13,05218696422180	-1,67892370726815	2
-13,05071180809110	1,52272266139262	2
-13,05002845281350	-0,35381837883105	2
-13,04831053830190	-0,66549362694661	2
-13,04762675760530	0,42032924903377	2
-13,04643232718740	-0,54075482416682	2
-13,04552275860510	0,68260255091012	2
-13,04287158294580	-0,33680836597974	2
-13,04081443303430	1,56017226326956	2
-13,03645444183340	-1,09565460815550	2
-13,03641170133040	1,03703574463573	2
-13,03515485582840	1,54613886275414	2
-13,03243494579440	0,91901336087382	2
-13,03217754297240	0,29438930023722	2
-13,03193894804090	1,07613160773756	2
-13,03152125783480	-1,03686043083187	2
-13,02926911914620	-0,66054662389537	2
-13,02833093379050	2,20631368532436	2
-13,02750846445710	1,58891538358416	2
-13,02583036971830	-0,73769257529831	2
-13,02571732262640	-0,12599483296944	2
-13,02467026602850	-0,57703953426548	2
-13,02123916366430	2,76685572332422	2
-13,01811278350230	-1,59879357532127	2
-13,01656436056590	-2,03424698877780	2
-13,01591318787550	0,76509335599339	2
-13,01522608699590	-0,29727265395256	2
-13,01514825530810	-0,55234712814815	2
-13,01503711508400	0,52663434826505	2
-13,01305866599190	1,30781369024375	2
-13,01135737402130	-0,05181447855091	2
-13,00950176383720	-0,02283423980624	2
-13,00817103450000	-0,03139089006273	2
-13,00621972626180	0,43548964787479	2
-13,00005747683040	0,03211328668524	2
-12,99941111240400	0,99053099959649	2
-12,99940741035950	2,54099516072122	2
-12,99912553135380	-0,79437826483162	2
-12,99693082165510	0,95775188284539	2
-12,99687190461440	3,16110853129070	2
-12,99628457433880	1,12364960274430	2
-12,99388674157760	0,38284859312834	2
-12,99359220152390	0,20358988533435	2
-12,99333772675780	1,81200793431695	2
-12,99073462265230	-0,76215101121116	2
-12,99053204472730	-0,34446120430105	2
-12,99044831561510	-0,83771347903311	2
-12,99017595661470	0,68486403250563	2
-12,99008175880960	-0,20236245122231	2
-12,98954109772160	0,09867322436701	2
-12,98552694282730	-0,91292713088620	2
-12,98455628841640	2,28754356918119	2
-12,98253705915540	-0,02150113441711	2
-12,98163140930020	-1,59794177908603	2
-12,98047344397180	0,28906753956920	2
-12,97931946901160	0,00792171626799	2
-12,97902152293960	-0,02291245752674	2
-12,97613077947010	0,19774284356625	2
-12,97324470878230	-0,79718475514711	2
-12,97143084533990	0,27469025823707	2
-12,96872454345450	0,12504530863422	2
-12,96526105224830	1,73746008741882	2
-12,96320858744550	-0,10771267907566	2
-12,95895125443420	1,17824667714238	2
-12,95702032516280	1,00672962117912	2
-12,95672695188410	0,29544210532325	2
-12,95506906624960	-0,07769962126169	2
-12,95448692431730	1,71630946159713	2
-12,95442219141420	1,57150963626405	2
-12,95439490043590	-0,40390195962780	2
-12,95273524551430	-1,17081376390000	2
-12,95181566558190	0,39392363334905	2
-12,95159088022890	0,38112408063702	2
-12,95138203524520	1,79248701144657	2
-12,95054496764210	-1,99303441695086	2
-12,95004350119010	-0,24699015010244	2
-12,94726099642910	-0,68592015561059	2
-12,94700079946350	1,01444356727469	2
-12,94607379445460	0,83038560440592	2
-12,94601658094130	0,81568641187936	2
-12,94287387112340	1,37668153398435	2
-12,93964811794530	-0,98185098960008	2
-12,93775402485830	0,11344839915701	2
-12,92957134227520	-0,09382051909284	2
-12,92577508855270	1,28917069252540	2
-12,92290822042850	0,62170739005459	2
-12,92284676261360	1,01319992810480	2
-12,91391226744100	-0,31742065453800	2
-12,91356570508950	0,32068146193414	2
-12,91057609043770	-0,65734318746067	2
-12,90963958818970	1,24819809317657	2
-12,90925003367830	0,49693486891472	2
-12,90837471427830	1,26140901356037	2
-12,90830655313410	-0,33162176061755	2
-12,90803241981800	3,45944012254917	2
-12,90559529382160	0,49936393903599	2
-12,90504432709620	-0,56375506797707	2
-12,90459979869140	-0,35214426494480	2
-12,90240775882770	0,07045547724073	2
-12,90159312836460	-0,43513022398663	2
-12,90069659917920	0,62444108826601	2
-12,89974394822950	1,38707504758159	2
-12,89703176901100	-0,32488600953907	2
-12,89559670292890	0,64505166746967	2
-12,89303821979960	1,57036269279335	2
-12,89188855780770	-1,44864634864202	2
-12,89174888678570	-0,36507395227555	2
-12,89026186071250	-0,58131652762637	2
-12,88658282764180	-1,05788792788803	2
-12,88309138474040	0,35021154367803	2
-12,88239750523850	2,53719964978718	2
-12,88109650543420	-1,81270270554159	2
-12,87915273793380	-0,13458088405427	2
-12,87909385069780	1,85272941874749	2
-12,87620643568860	-0,22297450463606	2
-12,87332492149770	-0,79420619360422	2
-12,86969029210470	0,50279888023032	2
-12,86952114846940	1,80654356424967	2
-12,86120192508640	0,09654513965810	2
-12,86007047245190	0,25892561846950	2
-12,85660050237160	-1,76246802564839	2
-12,85501890835830	-0,93687786557619	2
-12,84605707801830	-1,86420446168421	2
-12,84337301871910	1,08712598693014	2
-12,84229117901230	1,98667737856943	2
-12,83782302489020	0,07467232361272	2
-12,83715313924870	0,50856716178226	2
-12,83674496456140	-1,25617602752318	2
-12,83438950152470	2,59296247603623	2
-12,83404075924550	0,62150079460224	2
-12,83193013805120	-0,45460061919933	2
-12,82484585213580	1,16216832149155	2
-12,82289510938410	1,12352386332672	2
-12,81845113487000	0,28369779378349	2
-12,81576082881330	-1,45810163743581	2
-12,81551525915010	-0,37539649407936	2
-12,81018067080600	-0,01795335199022	2
-12,80930905171870	-0,72163994648621	2
-12,80817423363040	-0,68249020842623	2
-12,80795916468660	1,38424740687739	2
-12,80709174580810	1,09630092631350	2
-12,80670950431240	0,32970573196739	2
-12,80323949972220	-0,25995786859324	2
-12,80058084358680	-1,17235660604137	2
-12,80026051747840	-1,14469511343997	2
-12,79824440584850	0,38404231186817	2
-12,79462449689710	-0,51519042287569	2
-12,78807405929450	-0,19730333674402	2
-12,78750147718930	0,57577052619644	2
-12,78740849897660	1,37740294730849	2
-12,78661940568770	0,17647275467348	2
-12,78619743370780	-1,65599113849542	2
-12,78447297798180	-0,03386520743997	2
-12,78088974048720	0,33777885256920	2
-12,77829161921870	1,03521914362739	2
-12,77817897961860	-0,89206963356940	2
-12,77764778379380	1,50908194699218	2
-12,77685282914980	0,54158477036540	2
-12,77639782663910	-0,81168366433001	2
-12,77144213436560	1,84263291228152	2
-12,77120826769090	0,24461726720291	2
-12,77085206268030	0,31764399304265	2
-12,76968552020390	1,05112959792313	2
-12,76807382823180	0,61044757417332	2
-12,76708841649320	-0,07590480163804	2
-12,76664261866210	0,07070617225403	2
-12,76350294215110	-0,46938717098723	2
-12,75825457198270	0,03812153440719	2
-12,75695870013130	-1,21470032025051	2
-12,74305210566510	0,96856726530820	2
-12,74179411709290	-0,41265829339870	2
-12,74042611107200	1,04020677768830	2
-12,73546889956690	-0,86912604824322	2
-12,71958605293440	-0,87839079432895	2
-12,71867645093490	-0,21317610578994	2
-12,71697383586870	-0,94597953255144	2
-12,71652981115500	1,43676762282131	2
-12,71383889816910	0,21754209070881	2
-12,71359148093640	1,02013393118436	2
-12,71075319728620	0,18329687405610	2
-12,70976569363100	-1,37493412450798	2
-12,70668145964440	0,96183046907842	2
-12,70344066298440	-0,63469608992624	2
-12,69963740972230	2,29723939351810	2
-12,69575331643840	0,41457185418379	2
-12,69571070975030	1,45303648270117	2
-12,69200587422960	-0,49068849095920	2
-12,68144287563100	0,03955048139236	2
-12,67947613696540	0,00953077191276	2
-12,67732348462560	0,46621812022225	2
-12,67192705325540	-0,88808658786887	2
-12,66483274869030	1,30205829072941	2
-12,66305788795220	-0,05821703330657	2
-12,65871065191940	1,31906096378205	2
-12,65505026751590	1,35879838410787	2
-12,65096025403840	-0,38951665560432	2
-12,64968492925900	-0,20479133843486	2
-12,64677361895580	-1,05976177130944	2
-12,64676535324010	-1,00002022840175	2
-12,64642628595860	-2,17226308198584	2
-12,64532934916250	0,54437687831439	2
-12,64362436237790	0,72614741517638	2
-12,64213967322460	0,83300936696081	2
-12,63856168742370	-0,47652920420592	2
-12,63628653769340	0,33094742870409	2
-12,63574880006580	0,93964508229497	2
-12,63499933032530	-2,30749909255661	2
-12,63216229658270	1,38098397812001	2
-12,62902601401180	1,47934896015623	2
-12,62827776007320	1,17412184530331	2
-12,62826456591170	0,73396838109214	2
-12,62820811857870	0,63587141915693	2
-12,62415090426980	-0,65068055396312	2
-12,62333604953510	-0,81076302543988	2
-12,62302210896770	0,25595352897198	2
-12,61997603240750	-1,13313421275758	2
-12,61808630818470	-0,14745074226729	2
-12,61763823835380	0,27517683031600	2
-12,61626571757810	-0,15554533549191	2
-12,61213101139170	0,29156779861645	2
-12,61135333812320	-0,38201109301546	2
-12,60861318191890	0,02042824321651	2
-12,60856706712200	0,44709608723855	2
-12,60271893832010	2,42628616961179	2
-12,59884921785600	-0,18264857265587	2
-12,59841986109870	-0,29454113641436	2
-12,59765223836380	0,44597849336917	2
-12,59659154858380	1,02230561294744	2
-12,58967688523610	-1,34304027909794	2
-12,58497313045130	-1,18928158510696	2
-12,58166849204650	0,05568334590797	2
-12,57636870200390	-0,81639070211391	2
-12,57290620505020	-0,20504432717158	2
-12,57246312778240	-0,53384389883083	2
-12,57139562365920	0,73560842326205	2
-12,56515091194360	-0,77296361394290	2
-12,54857319582270	0,29045414750262	2
-12,54770013989660	-2,10872219814710	2
-12,54746923889720	-0,15242344698651	2
-12,54495243666700	-1,95046684487125	2
-12,54350750058050	0,26003145545055	2
-12,54323282753700	1,83368849708803	2
-12,54137061588580	1,09629813405265	2
-12,53483432362910	0,51794328365957	2
-12,52915124874020	1,67851348638026	2
-12,52722278315190	0,42820473480647	2
-12,52396553580260	0,54534595578474	2
-12,51889637672170	2,83227152428648	2
-12,51885338976720	0,39882706542947	2
-12,51237165337390	-0,93664533247768	2
-12,50877201147960	0,95755035332824	2
-12,49899638335910	1,09738451093623	2
-12,49202267545170	-0,48722755348470	2
-12,49031516240330	1,36086039093403	2
-12,48955734736130	0,96238271314717	2
-12,48745427571430	-0,33448011254975	2
-12,48235009952610	0,57094350963011	2
-12,47696653042220	0,42558981685066	2
-12,47360440780680	1,15234595516886	2
-12,47305448124730	1,37609368454710	2
-12,47216580236560	-0,02638725279019	2
-12,46201413632890	0,34127751772286	2
-12,46001842286460	0,44959539083110	2
-12,45750599966300	0,72459329374373	2
-12,45690040582660	0,57910510822034	2
-12,45202315906840	0,49843755619650	2
-12,44637074891060	0,63953398936225	2
-12,44557179268280	0,97428974821850	2
-12,44426841526830	-1,68346162520503	2
-12,44017424075930	0,43988529505551	2
-12,43859836194490	-0,59466859245920	2
-12,43815405513580	1,89953680295067	2
-12,43813726593260	1,11305500602520	2
-12,43174035872640	-0,00356849270414	2
-12,42211717597870	0,38178792295690	2
-12,42091907823580	-0,08083742887466	2
-12,42062659342150	0,40786569772162	2
-12,41996896830370	0,72635665907177	2
-12,41750647935530	-0,04732753383382	2
-12,41094161020130	-0,05557568293741	2
-12,40823468800760	0,02590179897215	2
-12,40437989131590	-0,65127655817128	2
-12,40363557512940	0,30696381003523	2
-12,40157059870490	0,53191119260180	2
-12,40149078092940	0,04430699658206	2
-12,39911096563860	-0,05411213304196	2
-12,38899182250300	0,53196831645410	2
-12,38777795235730	0,79165219023782	2
-12,38210902872210	1,00751122726003	2
-12,38049410788030	0,25538442558803	2
-12,37740281582150	0,51486564581931	2
-12,37713441756420	0,81305171148116	2
-12,37683148389820	0,67518506018086	2
-12,37457740318910	1,42228726501470	2
-12,36395680346370	-0,26401084644852	2
-12,36220150315980	-1,02954380568609	2
-12,36154546110960	1,11221760690219	2
-12,34984192133460	0,03097978362718	2
-12,34546198204520	-0,90919034147988	2
-12,34008838351200	0,05938856589371	2
-12,33982949789970	-1,34211847881895	2
-12,33774837358480	-0,36037090823151	2
-12,33433709566980	-0,39658186934583	2
-12,33259762911860	-0,49642911861826	2
-12,32783867535040	2,08037992640216	2
-12,32478443804210	0,47240396278788	2
-12,32262719840770	-0,06289662757246	2
-12,31882449899670	-0,55045026980824	2
-12,31515265720410	0,11938645054251	2
-12,31034193757440	-0,44737251477747	2
-12,30685911477850	-0,37114275128628	2
-12,29701263682260	1,08461281285724	2
-12,28685578996450	0,73924818877379	2
-12,28234476152290	-1,57635423378105	2
-12,28226608865790	1,34908325028307	2
-12,27647975727250	0,25696345221694	2
-12,27514909851740	0,48523613381299	2
-12,27388565923350	0,51775094926147	2
-12,27373142047680	-0,75103314093383	2
-12,27312111357340	0,80172293628579	2
-12,26905280530780	1,62575806340806	2
-12,26875954697070	0,41435852773224	2
-12,26662331939390	-1,92561162380691	2
-12,26654725585300	-0,11000206622823	2
-12,25983924791240	-1,34813185892671	2
-12,25754482666340	0,31587861579538	2
-12,25626576389770	-1,44084870415351	2
-12,25624058562150	0,33207940014684	2
-12,25563314242900	0,73989284558050	2
-12,25284617524550	1,10640470902550	2
-12,23865754606200	-0,14595056983368	2
-12,23483478763890	0,35707746461606	2
-12,23365389018430	-0,25262201500963	2
-12,22962338981330	0,10751072166042	2
-12,22645941620800	-0,10112852590724	2
-12,22095932077630	0,08894700478615	2
-12,21710425012550	1,16329360457810	2
-12,21213291362340	-0,38886867247988	2
-12,20744462391330	0,19148455636783	2
-12,20422215676510	-0,42966571676255	2
-12,20352209050840	-0,04681960977736	2
-12,19955772790930	-0,26366866438176	2
-12,19948633016750	-1,55878785839640	2
-12,19841403348830	0,78211187963215	2
-12,19617285909830	1,88803760210229	2
-12,19422069945420	0,74458768081821	2
-12,18580330674910	0,60398101723569	2
-12,17785991898100	-1,06075273673852	2
-12,16824698124860	-0,00941181005476	2
-12,16739837323490	-1,10861324268627	2
-12,16204322739010	0,15987453369504	2
-12,16118059561180	0,29910801479036	2
-12,15786141587950	-0,83449733845769	2
-12,15570799273860	1,00819442586729	2
-12,15182425334490	-0,38743948500929	2
-12,15145275588470	-0,73068200203444	2
-12,14436629524360	-2,19200943225340	2
-12,14154313654090	-0,33422312361075	2
-12,14146189036580	1,66735634867635	2
-12,13533177202960	0,18665311509299	2
-12,12935484084870	0,55323731415824	2
-12,11095892048270	1,69325372718796	2
-12,09859667230110	0,46834190169034	2
-12,09684005715870	-1,43485951054288	2
-12,09167317800450	-0,27387744738330	2
-12,08357574012430	-0,40578720577847	2
-12,08203705733930	0,83665251059753	2
-12,07309408155010	-1,49624061609620	2
-12,06623005420380	-0,43258205988061	2
-12,06296832557210	0,05781888583136	2
-12,05993896045220	2,05408643937048	2
-12,04899623288630	0,44709089457829	2
-12,04421506242510	-0,65383099496917	2
-12,02690812214620	-0,39819490560640	2
-12,01866166250980	-0,39770783681628	2
-12,01420317089670	0,51116451437292	2
-12,00624214417230	1,05353219145730	2
-12,00116404553920	0,24972928982950	2
-11,99876707166470	-0,34223678787738	2
-11,99523812831600	1,19192419279119	2
-11,97091808292890	-0,40214319484955	2
-11,95653748204660	2,03202426277665	2
-11,93278637119140	0,98756408041088	2
-11,92483414135110	-1,28549922590988	2
-11,91265722565090	-1,62424766154082	2
-11,89646192898690	-2,15411658106144	2
-11,88328038557700	0,67743536078553	2
-11,85308474546880	-0,72707588270918	2
-11,84419463174530	1,30419105902433	2
-11,84388965419070	1,07387444350882	2
-11,82118408277660	0,33865608978656	2
-11,80070939889140	0,75053185084457	2
-11,79770481711670	-0,71641118324416	2
-11,75797317725780	0,79775021780017	2
-11,74891856149570	1,54131603345304	2
-11,73026362040600	-0,53556191417812	2
-11,72386528425140	0,05408365851677	2
-11,72076279162080	0,68739642760049	2
-11,71102483779560	1,59708248750037	2
-11,70745072715770	-0,75147107179024	2
-11,62000158713410	1,22600620623640	2
-11,60169442113900	0,12135719319018	2
-11,59097965997730	-1,54492224329545	2
-11,58990168577040	1,44687986349405	2
-11,58965035930380	-1,29248814064418	2
-11,52070708924430	-0,06689945011253	2
-11,50843032770700	-0,57431737139534	2
-11,48283077778380	1,20853679715755	2
-11,41975413858530	0,45935191014984	2
-11,39702575615450	-0,12637520308835	2
-11,38456384324030	0,24022153486239	2
-11,33731905157410	-0,02797001499564	2
-11,28940121164850	0,25178015350536	2
-11,25976317606230	1,42153171392626	2
-11,19707683491150	0,16641561830168	2
-11,02319651961750	-0,20062455281410	2
-10,94095394276340	0,63008286669386	2
-10,80507715345450	-0,10129501932757	2
-15,66267006366920	-13,08229063958720	3
-15,53064003505620	-11,62368551635630	3
-15,51284726516840	-10,59723329422660	3
-15,43481971563730	-11,64288019313470	3
-15,34717564053770	-10,08801747617440	3
-15,32618364492340	-12,41521652630690	3
-15,20809139274340	-12,92992037121140	3
-15,14850316745420	-10,58838568451590	3
-15,13639525356480	-10,07617086917300	3
-15,04949422485270	-11,11929274439740	3
-15,04866908112340	-11,26057776425120	3
-15,03803093385610	-10,30050363802450	3
-15,01978363987180	-12,91057343531150	3
-14,95826371649910	-12,99856292602310	3
-14,90260360442600	-10,11681153282210	3
-14,89726307554530	-10,09580659254030	3
-14,85512843778830	-10,78783169137810	3
-14,83586425511830	-12,40281585778230	3
-14,82059740248740	-12,22454269927610	3
-14,80724523342520	-11,42579818110620	3
-14,79808823458720	-11,12473324753520	3
-14,77827616020780	-13,81395116685810	3
-14,77281681654410	-10,57973146246100	3
-14,76623384249060	-11,02827196368490	3
-14,76415165874760	-11,28542216993120	3
-14,75358376170660	-11,67503619901830	3
-14,71944833869020	-11,29099146706760	3
-14,71830274151650	-10,40837258948040	3
-14,69700935440140	-12,74925911846840	3
-14,69439357324580	-9,57454671787060	3
-14,65263034356810	-11,24911973722900	3
-14,63244540615710	-11,01545830265630	3
-14,63063525716580	-10,10993101112340	3
-14,62729990130250	-11,27121130379370	3
-14,62602670355540	-10,56428545573820	3
-14,62437942386670	-11,92103276534910	3
-14,62079757483050	-10,82190984388080	3
-14,62049099035240	-10,97606359115020	3
-14,60965577755340	-12,37399207119540	3
-14,60360075524150	-10,29387706316050	3
-14,60184192848780	-9,73498445945378	3
-14,56676672477640	-12,54989586073130	3
-14,54627072021720	-12,99573154112700	3
-14,54134119834780	-10,35683798107580	3
-14,52511182941800	-12,81592753621010	3
-14,51371760133960	-10,88877871645990	3
-14,51168199695050	-11,47099935914940	3
-14,50794961786000	-11,15547001675710	3
-14,50762047656940	-10,44557828216190	3
-14,48414013905030	-11,01276980351730	3
-14,47237430935000	-11,09913442190660	3
-14,46411508178090	-13,32144647392240	3
-14,46313749697000	-11,42960762495040	3
-14,46274349718920	-12,28859437117810	3
-14,46218569022300	-9,27581785981866	3
-14,46155168252490	-10,71657652881660	3
-14,45428909442540	-11,36230235207370	3
-14,45340144410910	-10,61277744808450	3
-14,44540617484810	-12,24529874399270	3
-14,44421083241220	-11,39952126529230	3
-14,42968605234360	-9,88809637715290	3
-14,42831447285860	-11,53952336340610	3
-14,41859407317110	-9,37251812417513	3
-14,41743344414700	-11,28595315920290	3
-14,41378324294100	-11,54965813717690	3
-14,39924694808930	-10,18422104608460	3
-14,39412108029940	-10,21055758850750	3
-14,36577821810010	-10,27718821413580	3
-14,34255536219290	-11,65371076168960	3
-14,34009488740070	-11,53219020591470	3
-14,33883755947920	-11,58868513907110	3
-14,33620183108400	-12,44321082374210	3
-14,33550156849100	-11,48236600338100	3
-14,33093210760960	-12,69265004693660	3
-14,33038686194090	-9,18017395983599	3
-14,32641408062880	-12,26293655397270	3
-14,32271322207400	-10,73444261332280	3
-14,32165298841680	-12,78190483422880	3
-14,31403014028420	-11,01058482178350	3
-14,31017576121180	-13,30984277747220	3
-14,30778669185300	-10,19825771392140	3
-14,30259115457330	-11,24425714088090	3
-14,28703612027460	-11,35118334937990	3
-14,27977481066510	-11,22013749602610	3
-14,27412261944740	-12,85885035374430	3
-14,27119181586050	-9,71782302058723	3
-14,26988251522480	-10,83599101871460	3
-14,26625345077010	-10,41185150344280	3
-14,26321212377010	-11,77899844352920	3
-14,25927194759840	-10,70909617792740	3
-14,25551453791080	-10,81537043307830	3
-14,25125970456800	-11,89377845823370	3
-14,24983728727830	-12,24708837666800	3
-14,24777867424340	-11,76062037076380	3
-14,23589160391630	-10,66756892122530	3
-14,22918782799260	-9,70162742808484	3
-14,22713626257590	-11,90648811055350	3
-14,21697039096740	-11,33046732977420	3
-14,21055065480820	-11,40686051271330	3
-14,20882744790650	-11,90361977071470	3
-14,20516300615870	-12,62632566439060	3
-14,20428890001650	-10,77483761430250	3
-14,19820639312350	-12,93253237154720	3
-14,18252447239090	-11,14649530728980	3
-14,18080333149820	-11,10184280542630	3
-14,17988883047820	-12,87090909032430	3
-14,16587934541000	-11,45342072094700	3
-14,16491303926520	-12,56795144863260	3
-14,16254932254860	-11,80456008061880	3
-14,15740763214380	-9,33094704803663	3
-14,15575294757220	-8,80978954484720	3
-14,15319256146680	-11,60263267433450	3
-14,15105013612060	-10,16099915537770	3
-14,14722817619270	-11,14229695322260	3
-14,14662959057320	-11,50723613401960	3
-14,14508868051430	-10,92228421662130	3
-14,14446902891280	-11,75495983554340	3
-14,14120309648060	-12,08113544578470	3
-14,13863391863430	-9,07518765308612	3
-14,13719194263480	-9,90158371517853	3
-14,13448945154920	-9,77348961395551	3
-14,13098848322260	-8,64166514751988	3
-14,12447312850900	-11,13239228464160	3
-14,12313481445980	-11,28408819526000	3
-14,12084084121650	-12,04743128743380	3
-14,12070253667390	-12,54297441572420	3
-14,11724800893140	-11,61231006306410	3
-14,11228157591520	-9,13811742688184	3
-14,11043978221320	-11,64318178455800	3
-14,10669116218880	-10,63257545088660	3
-14,10557897028990	-11,47416459723140	3
-14,10155273989750	-12,07668232917140	3
-14,09819047539470	-9,41416771002351	3
-14,09559969095290	-10,70549913680780	3
-14,09534763828920	-11,81554202325660	3
-14,08923143429260	-10,30346899143620	3
-14,08829775497700	-11,74344977070720	3
-14,08297478086340	-9,33069382446237	3
-14,08115282227260	-11,82942008479170	3
-14,07705279438800	-10,78061764339110	3
-14,07412168109490	-11,93959689457940	3
-14,06839091118520	-11,12424295318780	3
-14,06666341652280	-11,14737460107520	3
-14,06332538867540	-10,33045952388970	3
-14,06269716350080	-10,54573157541960	3
-14,06206643779300	-11,90646824314890	3
-14,05354630439500	-10,00855773272650	3
-14,04811727891220	-11,43053190577510	3
-14,04527438988150	-9,54425190722111	3
-14,04510294143700	-10,56560430875530	3
-14,04499951694130	-13,15617927780110	3
-14,04349350954140	-12,08128462074280	3
-14,04178291255540	-10,12297369350420	3
-14,04130219612050	-10,40818051157290	3
-14,03909025819940	-12,68155858358640	3
-14,03845723422430	-10,80113611131440	3
-14,03798160859370	-12,09386525594380	3
-14,03461314172680	-10,76158810894720	3
-14,03360992268890	-10,62887955250910	3
-14,02899491802830	-10,34184996578230	3
-14,02697770589320	-10,91449753678130	3
-14,02271005688880	-11,90029031970840	3
-14,02235785698650	-11,73541670356060	3
-14,02192859582660	-11,35984671782760	3
-14,01958912860800	-11,57019708279730	3
-14,01735583480550	-11,64866908310710	3
-14,01583951150580	-10,35571729663390	3
-14,01482529978930	-11,41797349275500	3
-14,00868374970570	-10,34991816329990	3
-14,00505203816570	-11,09956496323340	3
-14,00480271289240	-11,09772089370240	3
-14,00389531224040	-11,91011436247030	3
-14,00345885130390	-10,38033120520350	3
-13,99058091732300	-8,74972203910806	3
-13,97680294717500	-11,80602432003390	3
-13,97153406077300	-11,21932054766650	3
-13,97026436121360	-13,45514593854950	3
-13,97005010129000	-11,71903565785620	3
-13,96812616224060	-11,70274325447980	3
-13,96446070995050	-11,35031646891410	3
-13,96113358953730	-9,91690991100636	3
-13,95998293098150	-12,03913618975560	3
-13,95994932682850	-10,82364125717670	3
-13,95779508650400	-12,13098076101180	3
-13,95590734246780	-11,84397179601470	3
-13,95301034948360	-9,73134992563196	3
-13,94674521966090	-11,00813546743750	3
-13,94195319640660	-10,68420339931880	3
-13,93766683566930	-11,69535728668140	3
-13,93729383730480	-11,94846220074360	3
-13,93507467395590	-10,45159400872440	3
-13,93211707464720	-11,00963088460280	3
-13,92440995093660	-9,66946801470300	3
-13,92371128084220	-11,21256472253370	3
-13,92312132345820	-8,95210517965256	3
-13,91910575165560	-11,10233044539490	3
-13,91151250844960	-12,20151497474680	3
-13,90930402488990	-12,31440788275450	3
-13,90760718054250	-10,15586795985680	3
-13,90558791052060	-11,93661231065020	3
-13,90191402870200	-10,31671677919010	3
-13,90075942369520	-10,43209903649390	3
-13,89723323780550	-8,42939189871628	3
-13,89690020994420	-11,92949430887680	3
-13,89394633542390	-10,54177442540950	3
-13,89104378072200	-11,32475067753870	3
-13,88762056656220	-9,88909811001744	3
-13,88630195822570	-9,23702559427897	3
-13,88507815447800	-12,02583461408040	3
-13,88420192540140	-10,36974897618480	3
-13,88002862333100	-9,81874811401656	3
-13,87605219079160	-10,75351162066770	3
-13,87512017090030	-10,38263420713250	3
-13,86943834531990	-9,85189664744954	3
-13,86921989309810	-13,87106204886150	3
-13,86845650632650	-11,71303053623650	3
-13,86810386319880	-11,99439401337040	3
-13,86624885145280	-11,02159975914140	3
-13,86525785414640	-12,33761426829720	3
-13,86419157469380	-9,90613708496790	3
-13,86247828967510	-11,42314665587410	3
-13,86148966095480	-11,67124054952530	3
-13,86049032526200	-11,71165086070440	3
-13,86034208889870	-10,74174837550910	3
-13,85377937673020	-10,34348098285230	3
-13,85262055559300	-11,00770996700110	3
-13,85148471656180	-9,61030830395907	3
-13,84391424877200	-11,06305864687980	3
-13,84381581289210	-9,47269976189689	3
-13,84078949238320	-9,39530598349716	3
-13,84059089497550	-10,72083522696850	3
-13,83188654274930	-11,01191997321240	3
-13,83097645027450	-10,77256733635170	3
-13,83033066957030	-9,51881937833689	3
-13,82769811074670	-10,28661077667090	3
-13,82738518782920	-10,81028919041430	3
-13,82653158187070	-9,88839849112859	3
-13,82640994065880	-9,25378885621571	3
-13,82512566677130	-11,90799953332840	3
-13,82157970352540	-11,19631055793340	3
-13,81976713007270	-13,77219442573450	3
-13,81923348880880	-12,40706755272640	3
-13,81705110582570	-8,99769592440455	3
-13,81209744241200	-10,38933767492420	3
-13,81189519756230	-9,59874225556001	3
-13,81092414989480	-10,33700678178980	3
-13,80734416053030	-8,67284632626243	3
-13,80156558498450	-9,23076421327561	3
-13,80122457204140	-10,81248539846100	3
-13,80090007503370	-13,93011705818870	3
-13,80017248426160	-11,10533810896150	3
-13,79766058916000	-11,31130783503620	3
-13,79688297394810	-12,03793573233670	3
-13,79300045740440	-10,41692597662740	3
-13,79289309756190	-9,92748159872338	3
-13,78614713871990	-9,38995078837799	3
-13,78429459886110	-10,94441713594290	3
-13,78091506903790	-12,84392881856620	3
-13,78087822576180	-10,26161171417630	3
-13,77616731860970	-12,51557291111360	3
-13,77077180840410	-11,52144239655640	3
-13,76930123216370	-10,69867215098230	3
-13,76804163980320	-10,95677319778640	3
-13,76484683120680	-11,43407093011940	3
-13,75905443692040	-10,32687634902220	3
-13,75877492167000	-10,56638228084670	3
-13,75675315111100	-10,50832030104360	3
-13,75603764565200	-11,93394285397220	3
-13,75535212446760	-10,80670650171440	3
-13,75370055246950	-9,79692578872023	3
-13,75154736875040	-10,97032551997580	3
-13,75085474622540	-11,75260074887570	3
-13,74666314417150	-11,88214715219820	3
-13,74604013321310	-10,30426058117310	3
-13,74532004879750	-13,74619301625090	3
-13,74367267025500	-12,46651189130870	3
-13,74238380037660	-11,40434287803120	3
-13,73845591744280	-9,93076394471872	3
-13,73780426966020	-10,81371890669890	3
-13,73742800797210	-10,56604027753270	3
-13,73319816108810	-9,88753386449650	3
-13,73297010367740	-11,50208102225460	3
-13,73128633760420	-10,39334141485960	3
-13,72525106893550	-9,05601840278784	3
-13,72312792687580	-11,78177753622690	3
-13,72300736293990	-12,96851586602190	3
-13,72296489023330	-12,94642735582240	3
-13,72043304169080	-11,85262650546630	3
-13,71976584693390	-12,48013002554040	3
-13,71805119360500	-11,44744593374630	3
-13,71508811599810	-11,11483411569970	3
-13,71468341923140	-11,19307200897620	3
-13,71435217467900	-11,29896828447850	3
-13,70908051640660	-10,08262667811450	3
-13,70623707464970	-11,04304522166970	3
-13,70609713845700	-10,85797583936160	3
-13,70557746377430	-10,63278332297780	3
-13,70358831705590	-12,60681720403250	3
-13,70281564545700	-11,47110393441470	3
-13,69562434925790	-9,88266325034216	3
-13,69544016080380	-10,88949728799660	3
-13,69300066614680	-10,06493955824160	3
-13,69224135784810	-10,34573124715080	3
-13,68978153332230	-11,02131008714360	3
-13,68674586729390	-9,41617378627995	3
-13,68597863417720	-10,41159528127870	3
-13,68558314427900	-12,21170014719160	3
-13,68448488091460	-11,17437840553270	3
-13,68010022208010	-9,89843852698723	3
-13,68006413553860	-12,55653057067860	3
-13,67832371364910	-11,63590850422720	3
-13,67828039968300	-11,20809720174380	3
-13,67806752268610	-11,98353563716760	3
-13,67620974958890	-11,63904610546410	3
-13,67579248860110	-11,19450761974340	3
-13,67477998775670	-10,42865458887710	3
-13,67221453847320	-8,02942631954584	3
-13,67156658550060	-11,64529285226560	3
-13,66739271733120	-10,54248807872970	3
-13,66598101611220	-12,60943254827250	3
-13,66282102347800	-10,41995643793210	3
-13,66133385287610	-10,16728281506340	3
-13,65883421252470	-11,20765229445790	3
-13,65416235440920	-10,20127725249990	3
-13,65279090458320	-11,45920362350610	3
-13,65188434046340	-11,39579720173710	3
-13,65159384003300	-12,26327983950040	3
-13,65080681062760	-10,16301648546100	3
-13,64978134486660	-12,20658989536480	3
-13,64842561041330	-11,81457945220000	3
-13,64822561715190	-9,51250218722239	3
-13,64748320878820	-8,31136965717623	3
-13,64706828251930	-10,44586711837390	3
-13,64547249621100	-10,91211696409440	3
-13,64540388562080	-11,12485797974100	3
-13,64418927549310	-11,03668197951140	3
-13,64384129439310	-10,83099332086600	3
-13,64020632212350	-11,04878926220450	3
-13,63456712045280	-11,00987225329030	3
-13,63312962979270	-12,48362233656200	3
-13,63024652826550	-11,23307778773200	3
-13,63014074924390	-11,54452008139120	3
-13,62824941643200	-11,18771079772430	3
-13,62620619030940	-11,03575417121020	3
-13,62593163211920	-10,83724671683480	3
-13,62504661189120	-11,36350467040770	3
-13,62501677201900	-10,28409142358260	3
-13,62480463921550	-12,18802650421850	3
-13,62441392495150	-12,27057398180350	3
-13,62314293933470	-11,35579862423510	3
-13,62209189461350	-10,74144767267030	3
-13,62011394743000	-11,15231344093260	3
-13,61634598375720	-8,75328859784482	3
-13,61580233087560	-10,36663924879030	3
-13,61528768466680	-9,65152180548756	3
-13,61206763058970	-10,61580863789260	3
-13,61031496139710	-12,31773596771090	3
-13,60737894334740	-10,75312603985730	3
-13,60719918015970	-9,87267451238790	3
-13,60620833208550	-9,14475192173200	3
-13,60604233431340	-9,45115651933711	3
-13,60369295704460	-11,05395716240140	3
-13,60339069611050	-10,83372756858850	3
-13,60252821933510	-11,11448213400600	3
-13,60245136226360	-10,68190466866630	3
-13,60117683608730	-12,90903137055270	3
-13,59689163991310	-9,83164935640500	3
-13,59284885785850	-10,50341993205940	3
-13,59188890939860	-10,38036497071020	3
-13,58799359524870	-10,33416344834180	3
-13,58749727810860	-11,43736399005130	3
-13,58532147675410	-10,69569613671080	3
-13,58453355578900	-10,41624927724620	3
-13,58158561174780	-12,64749065331870	3
-13,57990879476050	-11,10714336637110	3
-13,57953450594020	-11,20843728344400	3
-13,57804894799830	-11,09518794239490	3
-13,57645283248920	-11,32025190282890	3
-13,57630944456050	-10,78035840121540	3
-13,57579710959330	-12,04508176058180	3
-13,57520233850180	-10,70269837467540	3
-13,57339225775970	-10,41078660488660	3
-13,56336886300070	-12,02206543498550	3
-13,56293225484750	-11,71748030838620	3
-13,56285784862130	-11,27466369419060	3
-13,56043022341300	-11,56594420920500	3
-13,56020769826910	-10,57264899680790	3
-13,55890917715510	-11,03685577765270	3
-13,55635985650960	-10,74153345504240	3
-13,55622113589170	-9,19560147008482	3
-13,55596525888650	-12,04289366855730	3
-13,55533256960170	-10,65150311355720	3
-13,54840414432710	-12,26738700606710	3
-13,54804514683150	-11,99790685471310	3
-13,54727177029080	-13,59928834774810	3
-13,54214646001290	-12,18436614769100	3
-13,54155200948600	-9,15090494022158	3
-13,53991958846820	-12,30714951079540	3
-13,53956678358550	-9,77942544206885	3
-13,53692245560320	-10,61369039053230	3
-13,53687634356590	-10,77845834996370	3
-13,53585407781970	-10,98402321729210	3
-13,53540665643820	-11,96094649619020	3
-13,53517365034220	-12,11784031811790	3
-13,53242544284470	-10,98562977401320	3
-13,53070473283190	-10,01332418078240	3
-13,52933556221060	-12,36085122582200	3
-13,52821431393160	-11,49045841632710	3
-13,52783670668590	-11,98590530264290	3
-13,52780049838260	-10,49150162381200	3
-13,52527626227280	-10,74586447409060	3
-13,52434489636420	-9,29933916310239	3
-13,52433531853340	-11,21937066234930	3
-13,52430424371470	-11,91708009551800	3
-13,52255946679290	-11,56840758919210	3
-13,51741843415930	-11,02723262248830	3
-13,51606483207420	-11,21702341829690	3
-13,51587099756160	-11,87067558911950	3
-13,51458474206330	-12,92288146290950	3
-13,51456037473580	-11,15949861084450	3
-13,51441430713010	-10,72167891159360	3
-13,51136660105840	-10,10180537497600	3
-13,51045037847320	-10,20282790985650	3
-13,50831254874680	-11,04211094239000	3
-13,50645692939800	-9,75457759507236	3
-13,50244324249440	-11,95120349240060	3
-13,50086403135420	-9,59547548440161	3
-13,49797027026900	-11,40058997230760	3
-13,49366420444350	-10,37974540374880	3
-13,49292683451800	-10,44956202146710	3
-13,49247806966610	-12,28789557866530	3
-13,49214392364220	-11,11494561696700	3
-13,49132975793660	-10,27590029428790	3
-13,49039304028570	-9,76900773087997	3
-13,48859844219670	-10,52349795914400	3
-13,48798285953170	-10,04157266092530	3
-13,48757015505810	-12,10233495205050	3
-13,48714953201290	-10,52322471763320	3
-13,48630885236420	-10,33447402178560	3
-13,48446756263410	-8,67413493341767	3
-13,48294579106730	-9,53953316612129	3
-13,48128649256140	-11,61814994630560	3
-13,47978526240200	-9,07445616558419	3
-13,47525620739290	-11,76912580111110	3
-13,47495127210850	-10,75340248023520	3
-13,47482902175580	-10,41092609130190	3
-13,46972989693280	-11,96874342681830	3
-13,46856917924570	-9,70096056919091	3
-13,46822571315390	-10,92031084871350	3
-13,46450967991490	-10,08625798403270	3
-13,46385830232920	-11,89188541324890	3
-13,46245722060070	-9,89421752133097	3
-13,46188735540000	-11,64514731618860	3
-13,46172923008300	-12,67524448281150	3
-13,46053438090360	-9,65827142679709	3
-13,45985634702880	-12,12236819139640	3
-13,45933020982850	-11,37854183844760	3
-13,45453994221200	-10,42938714796320	3
-13,45431852098890	-9,93402423711557	3
-13,45251350252960	-10,06248542404340	3
-13,45230417993970	-10,43575963282030	3
-13,45097838568980	-11,02049240672430	3
-13,44927763525610	-12,65091432726490	3
-13,44747788300830	-8,80937295296108	3
-13,44604881069670	-11,29422561477190	3
-13,44501439126250	-10,88559347832740	3
-13,44444590650120	-10,08451722075880	3
-13,44381903229750	-13,61744460046830	3
-13,44326693827630	-11,10287109786230	3
-13,44190648139940	-11,63576828157940	3
-13,43982300590620	-8,31815385222123	3
-13,43888787475430	-11,75309706037600	3
-13,43796865970750	-11,95999941164150	3
-13,43741282217170	-11,79898523334900	3
-13,43215290937250	-9,98274132774349	3
-13,42778348796540	-11,00479284047810	3
-13,42768544177300	-9,78362269713186	3
-13,42449153075500	-11,76056118206680	3
-13,42376354785080	-11,13503742554510	3
-13,42366621017660	-12,11708477328000	3
-13,42287716281680	-11,47667724656740	3
-13,41936936130300	-12,42030023400690	3
-13,41875935004860	-12,21073183274420	3
-13,41707015505270	-11,95524268801610	3
-13,41627530204990	-12,53924607303040	3
-13,41567754465200	-9,89423005017255	3
-13,41536293198200	-10,47802740180540	3
-13,41487714805810	-11,48167245100920	3
-13,41473312926120	-10,07764840885210	3
-13,41280032344790	-10,52499670716300	3
-13,41184157464980	-12,12849558999200	3
-13,40824601376380	-11,53248261198230	3
-13,40820745644030	-11,89003925038190	3
-13,40814909266840	-11,39091722614650	3
-13,40532256992790	-10,57139842798050	3
-13,40439314565130	-10,08288640221940	3
-13,40211694154110	-10,06125808618520	3
-13,39881562569430	-11,39580491001800	3
-13,39731362432320	-8,58784725127917	3
-13,39545110220640	-10,42916704476430	3
-13,39403416823380	-10,18219949080780	3
-13,39382618147290	-10,54618813029770	3
-13,39372175297280	-10,71797844190910	3
-13,39361417218090	-11,40711737837980	3
-13,39271389814920	-8,85137961428286	3
-13,39165889323380	-11,15883145202640	3
-13,39120399294760	-9,87372676329247	3
-13,39076734303350	-11,02984958472700	3
-13,38962090222840	-11,36128774874280	3
-13,38572400524440	-11,20208070900950	3
-13,38555064858460	-11,15543930978970	3
-13,38372624677170	-12,09389640338560	3
-13,38335927363230	-10,98444415209670	3
-13,38324208038370	-12,61142592249950	3
-13,38298584724150	-11,54462586729280	3
-13,38192928078800	-10,82063975015640	3
-13,38181782137490	-10,15856279322130	3
-13,38124398052280	-11,48357162276350	3
-13,37948972174490	-10,80307056424040	3
-13,37888054702690	-11,36510406900130	3
-13,37832057689410	-9,88803344740418	3
-13,37511767945590	-11,53444020567370	3
-13,37186811496240	-9,70795507298915	3
-13,37142187220450	-11,65685908663380	3
-13,37043113692330	-11,21990547244120	3
-13,36998793494780	-11,95170497953260	3
-13,36970644442960	-11,25988358747970	3
-13,36838914052840	-10,30305275358130	3
-13,36799836985560	-10,33364007274380	3
-13,36639667889840	-11,28869370110600	3
-13,36450251385830	-11,35524500701780	3
-13,36431488363750	-12,21390587922680	3
-13,36394628779420	-11,29514793859700	3
-13,36256049430120	-10,97573339581650	3
-13,36139647499710	-11,73214306734580	3
-13,35932296206670	-11,45830733534310	3
-13,35468615720040	-11,08453208156140	3
-13,34913037539430	-8,48514451375237	3
-13,34535793329390	-11,14999096912660	3
-13,34437537166840	-10,75773891373380	3
-13,34416362343620	-11,73431012536430	3
-13,34285787579680	-10,83486377370300	3
-13,34277008131510	-10,85264677289620	3
-13,34227718033600	-10,41864441267290	3
-13,34106333395550	-11,28681678262280	3
-13,34091118197620	-11,40385389572880	3
-13,34034879141530	-10,22170266567440	3
-13,33977644819630	-11,19989740180850	3
-13,33855815521660	-13,12095956329780	3
-13,33523716368140	-11,40847246811680	3
-13,33220009884520	-11,33583042008960	3
-13,33026536637230	-12,11743750979930	3
-13,32929033304880	-11,08238618438210	3
-13,32923401135090	-9,35634184110828	3
-13,32692179604670	-10,22969524874960	3
-13,32596555838900	-11,77615009037620	3
-13,32567429819320	-11,80218297229110	3
-13,32478150746000	-11,46311284493000	3
-13,32339573466000	-9,74527648396523	3
-13,32269716021470	-11,30651174862440	3
-13,32248213831350	-10,11285870064010	3
-13,32057519179710	-10,85507724882370	3
-13,32040793344150	-11,19162414578980	3
-13,32025792193600	-11,42722280055310	3
-13,31996537712190	-11,47138222124310	3
-13,31915326993430	-12,39626235291060	3
-13,31258417775390	-10,19186060918600	3
-13,31144184998040	-11,41750982242700	3
-13,31105376871810	-12,78644210178900	3
-13,31030295052830	-11,41214478330910	3
-13,31015840202310	-10,18311689347620	3
-13,30861073918350	-12,00410297053170	3
-13,30850675702710	-11,07424016281540	3
-13,30835276743860	-10,42256590485820	3
-13,30668777386150	-11,84205903256240	3
-13,30667203486720	-11,01952645789440	3
-13,30551421643850	-12,06739461073580	3
-13,30547743888470	-11,51758156088830	3
-13,30478430898300	-10,25738547245460	3
-13,30466892981810	-11,50970066841980	3
-13,30458521692030	-10,62708437565740	3
-13,30236613540090	-11,18447314927520	3
-13,30182789681530	-9,55137561554110	3
-13,30182247024020	-10,47040418320620	3
-13,30176139871240	-10,99218023191820	3
-13,30151939267340	-10,42086854365790	3
-13,30141680734680	-10,86993470549910	3
-13,29824134086270	-11,17757735018910	3
-13,29754690040120	-10,81268914385010	3
-13,29703699239660	-10,68405941900370	3
-13,29457760347170	-10,76306901697590	3
-13,29191664653450	-11,80648833324310	3
-13,29089451504620	-10,81769582908630	3
-13,28953577560910	-12,64375052285700	3
-13,28850401628200	-12,20624109777920	3
-13,28818380410550	-12,12074563521570	3
-13,28786888895970	-11,46148417026910	3
-13,28494323832320	-12,56899211834200	3
-13,28097819297500	-11,06900515262400	3
-13,28094406367760	-11,83590667918020	3
-13,27651522500310	-10,79942699919830	3
-13,27626702981940	-9,59473956180114	3
-13,27590035573710	-10,49741815469170	3
-13,27558300900190	-10,71401094234170	3
-13,27540155976440	-8,96830938300392	3
-13,27456970898800	-9,12215971644857	3
-13,27394871777980	-10,61921910037110	3
-13,27342749143530	-13,38163665408520	3
-13,27105693006540	-9,69013759801499	3
-13,27074242742790	-11,49905645423600	3
-13,27049766435520	-9,76408865322378	3
-13,26964589953690	-11,52060379647190	3
-13,26918044857820	-11,45686040964060	3
-13,26875055761430	-10,56772183832360	3
-13,26836718222130	-12,68570407705380	3
-13,26723041622450	-11,52665057702390	3
-13,26716676331210	-9,43316882965221	3
-13,26530707563500	-11,38520060678400	3
-13,26473345852250	-10,60037168582310	3
-13,26417593366550	-12,13482373313290	3
-13,26225893292320	-11,42621607303750	3
-13,26040447813310	-9,93130594973648	3
-13,25850851589820	-11,28715212883650	3
-13,25822207522230	-11,90776840178370	3
-13,25777926627140	-11,99557103088150	3
-13,25756383918220	-11,06242690624690	3
-13,25686424879670	-10,91255101720050	3
-13,25620775286160	-10,52259598821550	3
-13,25608680880820	-13,76850586689120	3
-13,25580605962210	-11,74954288946780	3
-13,25455952156140	-11,30892186883540	3
-13,25132422738690	-10,85033292452150	3
-13,25085085679930	-10,57833949254600	3
-13,25078429759050	-11,33896604099300	3
-13,25039425370110	-10,61475169676770	3
-13,24995925408080	-9,51593899648251	3
-13,24949798184950	-13,29539506707730	3
-13,24850240131930	-10,04340912144680	3
-13,24840092357080	-12,42797926329640	3
-13,24806066464140	-12,65762357641810	3
-13,24799010123510	-11,26678815615280	3
-13,24734510847930	-11,78354227456880	3
-13,24686317111210	-11,06857452680550	3
-13,24580234560840	-8,62284142381627	3
-13,24425502011920	-10,39801636321690	3
-13,24418909634380	-12,12454858364280	3
-13,24383847049760	-12,45285716754920	3
-13,24025034090300	-10,01335910481380	3
-13,23905682636300	-8,69661186098694	3
-13,23841818261480	-11,39508719712540	3
-13,23835846619610	-10,60047580107270	3
-13,23681803664590	-11,33228382024820	3
-13,23673214850110	-11,60441084650950	3
-13,23657561389110	-11,54019116555710	3
-13,23501205807740	-10,84339097658020	3
-13,23457085767780	-10,92389571057970	3
-13,23376390788020	-10,84125222066500	3
-13,23249158821780	-12,31208681459810	3
-13,23197023060480	-9,04056242397174	3
-13,22944028293520	-10,63230394091200	3
-13,22870480005770	-9,87897211021047	3
-13,22817517740020	-12,26518593207160	3
-13,22573838317210	-11,61424529131480	3
-13,22556673460390	-9,76172064679715	3
-13,22181001971170	-11,20898767385050	3
-13,22147560684290	-12,37040946345870	3
-13,22060901418140	-10,84524795398280	3
-13,21759892118910	-10,22445705051420	3
-13,21736815608530	-9,76293385110023	3
-13,21608715936210	-12,06913322729780	3
-13,21481859629980	-10,23536021760610	3
-13,21402534759030	-8,83757152177232	3
-13,21363767228500	-9,83754864794592	3
-13,21213268185080	-11,85206556348590	3
-13,20891364715090	-8,41173471456942	3
-13,20821234954610	-11,24909238247690	3
-13,20674302183810	-11,15359152083660	3
-13,20447527441390	-11,72089308765330	3
-13,19995121660580	-10,93546807667930	3
-13,19979900604400	-10,05398912857820	3
-13,19674864424720	-11,67075074938350	3
-13,19526396436080	-12,15289121896640	3
-13,19484969786020	-10,89154340005270	3
-13,19460440039560	-11,79125771207880	3
-13,19375577195510	-11,49710037742100	3
-13,19232951518610	-9,69058715591303	3
-13,19192799859170	-11,32183602741380	3
-13,18971356292680	-11,49649120443620	3
-13,18637823439930	-10,05535807604260	3
-13,18574572266370	-11,14756174195670	3
-13,18435573654300	-11,04919441489300	3
-13,18352275661560	-12,25823938560150	3
-13,18304306444670	-11,70192976234220	3
-13,18286796220330	-11,67553323521180	3
-13,18208010392520	-11,56873385667390	3
-13,18034458518530	-11,42526198439680	3
-13,17911252716050	-10,55015963109680	3
-13,17829319601200	-10,80895344330660	3
-13,17824262682610	-11,58166166978500	3
-13,17720695986790	-10,95276672824900	3
-13,17520773404340	-12,01806765866610	3
-13,17412333756870	-12,88813095799520	3
-13,17227370339220	-12,37142874501670	3
-13,17033410060220	-10,62141520823270	3
-13,16714559107040	-10,82678019149160	3
-13,16711932023600	-10,34196674383030	3
-13,16671005120530	-9,76789641351913	3
-13,16645954850560	-13,22279169250730	3
-13,16376420066320	-11,05323144547780	3
-13,16311235373230	-9,03820226670395	3
-13,16296519443810	-9,93324798554612	3
-13,16292160543870	-10,34326368366710	3
-13,16265233024890	-11,61781393907780	3
-13,16241746987560	-11,28665545342270	3
-13,16007273945390	-10,70412683436910	3
-13,15973861093840	-10,28980979168180	3
-13,15947016396080	-9,44630233432200	3
-13,15905269900520	-11,32838244432770	3
-13,15820304270020	-11,09185944270810	3
-13,15767049387680	-12,58954800185110	3
-13,15760439408790	-12,40180554835070	3
-13,15639577751780	-9,66404850083468	3
-13,15526500401510	-10,64350285205560	3
-13,15370850506560	-10,65695101463500	3
-13,15338996197230	-10,48447272534410	3
-13,15088746656610	-11,43048929755120	3
-13,15058250925760	-10,64036071817720	3
-13,15015174049380	-12,09581740827120	3
-13,14986220708260	-10,97418754005840	3
-13,14662350235410	-9,36427418691284	3
-13,14612325911100	-11,45007916405670	3
-13,14531948217480	-11,71517612249850	3
-13,14395243622440	-10,54160664167190	3
-13,14372152602530	-12,47351808995260	3
-13,14227210243210	-13,13283662421720	3
-13,14095148250730	-11,75337076916710	3
-13,13934915377660	-11,54588884422070	3
-13,13918855873770	-11,35992140606880	3
-13,13768591112280	-12,69371579101450	3
-13,13759736686060	-10,45246552130680	3
-13,13636273144110	-12,86425663986530	3
-13,13300213611700	-11,61930524787540	3
-13,13256138444080	-10,47260653290830	3
-13,13216214112200	-11,28333016381370	3
-13,12987990920600	-12,13843331295630	3
-13,12460638422580	-11,57355853181480	3
-13,12448791011630	-9,75858214211144	3
-13,12405125992600	-10,66943980201480	3
-13,12356293686390	-11,23354104493250	3
-13,12229239753280	-10,85827605203180	3
-13,12119043496530	-12,36937283989900	3
-13,12108789264700	-10,79442386002370	3
-13,12066725742290	-12,03848927286370	3
-13,12064441189540	-11,70794559046670	3
-13,12015948729850	-12,38440251180030	3
-13,11727588005460	-10,01968948392740	3
-13,11676145620130	-12,57257977682620	3
-13,11631697781760	-11,17425762642340	3
-13,11064739081120	-12,09677368159680	3
-13,10976756754170	-10,00752712591440	3
-13,10694857657540	-11,86313238647430	3
-13,10606263722280	-10,95339327861900	3
-13,10571415206450	-11,26507396623580	3
-13,10481297434670	-10,02755140383620	3
-13,10435884516700	-10,04338195081870	3
-13,10283108832740	-12,44843059550640	3
-13,10049268394760	-9,29872403159192	3
-13,09982823887270	-10,99109862957960	3
-13,09834080605700	-11,86261814739050	3
-13,09705769402330	-9,78772161229395	3
-13,09651916421250	-10,46486979830750	3
-13,09565219958560	-9,80477809000395	3
-13,09559440709250	-12,18844860900310	3
-13,09487186086800	-11,47843236431500	3
-13,09312374870350	-10,30864924662320	3
-13,09183619389980	-8,74308784638299	3
-13,09153214241070	-10,05419307479810	3
-13,08734000535000	-11,21192169295670	3
-13,08716982708070	-12,06489786532180	3
-13,08702971765000	-10,03702937233270	3
-13,08659571143760	-11,00281863620280	3
-13,08648185862640	-11,42624468751230	3
-13,08550233500550	-12,98358582475920	3
-13,08498361295390	-12,89531259064710	3
-13,08327267911390	-9,38530918014675	3
-13,08221120628700	-12,02401839536600	3
-13,08205772333880	-11,47946349710890	3
-13,08126757498100	-10,26201489647140	3
-13,07901437867120	-10,76294215266900	3
-13,07775120816870	-10,76546144425570	3
-13,07757575334630	-12,35249090521150	3
-13,07541283942650	-10,26521970390010	3
-13,07510158068290	-12,72469728062270	3
-13,07456319424800	-12,34223605454840	3
-13,07423296483940	-12,94283155049400	3
-13,07166820765470	-11,45338986889620	3
-13,07119068924800	-11,40410327270910	3
-13,07086825286600	-9,91477887908646	3
-13,07000201483150	-11,51329431150170	3
-13,06955890945790	-9,72293167803834	3
-13,06931971364920	-10,92624202381240	3
-13,06921662658770	-11,63349983773470	3
-13,06802157049150	-10,37897218236470	3
-13,06477068673350	-10,65738138718290	3
-13,06314908984480	-11,13117200581830	3
-13,06084401900720	-10,61263327268150	3
-13,06040205982500	-9,90002009999379	3
-13,06021898082390	-10,68747632199340	3
-13,05929716504250	-11,41786540221200	3
-13,05884404049210	-10,21452774812870	3
-13,05452051865110	-11,62676472542520	3
-13,05255127296320	-12,75397918125480	3
-13,05179326939390	-10,21384386802840	3
-13,04811041842430	-10,73323110855870	3
-13,04795983917150	-9,73834080427707	3
-13,04784432106080	-12,70164958567220	3
-13,04444769427620	-11,77851217667850	3
-13,04334009081040	-11,70868768539390	3
-13,04317675528150	-11,74001777424120	3
-13,03966101239200	-10,84986429544350	3
-13,03949596200970	-9,52463406957654	3
-13,03877885998550	-9,89941357262332	3
-13,03810953596710	-11,00482462283990	3
-13,03765841944270	-11,94781940246260	3
-13,03706724180590	-11,27030068612270	3
-13,03619482156940	-10,54787596509480	3
-13,03368077684700	-11,85368267269150	3
-13,03341131501800	-11,05713359143940	3
-13,03275627359500	-11,54864079615560	3
-13,03252102754620	-9,38173513399628	3
-13,03091453664710	-10,53420932606780	3
-13,02915139617550	-9,11828629441220	3
-13,02888657557040	-12,19663405674350	3
-13,02885400070770	-10,33463707002900	3
-13,02736944070800	-9,67337298825218	3
-13,02707129366340	-11,11166658093980	3
-13,02627980170510	-9,45112271064015	3
-13,02609211941480	-11,98654458546090	3
-13,02586787885340	-10,72486939036530	3
-13,02576953792910	-11,76884848103020	3
-13,02502768835980	-12,31731443951410	3
-13,02457986395860	-10,99189834288810	3
-13,02431497431590	-8,99419820179584	3
-13,02428654634320	-12,39735456762190	3
-13,02409980107380	-11,64984783292770	3
-13,02343180640330	-12,39181580520560	3
-13,02334517700750	-11,90204252011370	3
-13,02057892675600	-9,30298166561146	3
-13,01931643022760	-10,60136509835870	3
-13,01824228561940	-12,48212260808580	3
-13,01762628134100	-11,14494205766730	3
-13,01597607909220	-10,56382270206980	3
-13,01330562620300	-10,29376610017250	3
-13,01297759525200	-9,43632729250944	3
-13,01274355701820	-10,32278196700840	3
-13,01255736719740	-12,81286941958430	3
-13,01205946199660	-11,40300882609620	3
-13,01168540514260	-12,21980756673630	3
-13,01079276875820	-10,59099622144320	3
-13,01052359729250	-10,76215062965550	3
-13,00881096206070	-12,52536136723120	3
-13,00696728997190	-10,33159330962610	3
-13,00608408267610	-12,26428472150270	3
-13,00592358619920	-11,73683452898240	3
-13,00444985794270	-10,14317768507690	3
-13,00441133142280	-8,99467608005392	3
-13,00409667507310	-10,81474200092350	3
-13,00126575285000	-9,64996965640296	3
-13,00102428909860	-11,54750508541040	3
-13,00044364347870	-9,69670704354500	3
-13,00039606499430	-11,23158720874650	3
-13,00021603734650	-11,89029885802710	3
-12,99951971021060	-12,44391321897350	3
-12,99859427752300	-12,04439743475790	3
-12,99842097780180	-10,92498195756580	3
-12,99694897733870	-9,32438340308621	3
-12,99675410439340	-11,98219802403080	3
-12,99581365684140	-10,01294668762870	3
-12,99474138268550	-10,25366016496440	3
-12,99469984229520	-11,59414806267840	3
-12,99396089616760	-10,60610896711930	3
-12,99380848060610	-9,39131803090995	3
-12,99351359995850	-10,02844835090470	3
-12,99309865789570	-10,14601490291390	3
-12,99176455085830	-12,16717454841510	3
-12,99056461848700	-12,43840152017530	3
-12,98642280631990	-10,31105246582500	3
-12,98536555556820	-12,23183808912130	3
-12,98231731510120	-12,32992251436140	3
-12,98155696537890	-11,40299651997990	3
-12,98028427218220	-9,78900281146297	3
-12,97841281231540	-11,49311174835200	3
-12,97801299121200	-11,07571646988820	3
-12,97568186584600	-11,50992357694120	3
-12,97534017243960	-8,99336430553911	3
-12,97508834293030	-10,91417923412120	3
-12,97454657924140	-10,16931080023680	3
-12,97427597052950	-12,04087115104890	3
-12,97366074417470	-10,28237533808860	3
-12,97299732801460	-11,60708475773750	3
-12,97277972682740	-12,59304997601730	3
-12,97216062639470	-9,70767428311835	3
-12,97129167370770	-11,69720458885430	3
-12,96977386560090	-11,20632352131720	3
-12,96877627945140	-12,32153456379730	3
-12,96876084854620	-10,72619929282190	3
-12,96805290528600	-10,13168002534830	3
-12,96725145795950	-12,28732723258470	3
-12,96595388594850	-12,46774154109460	3
-12,96595198320760	-9,90267953116148	3
-12,96527694090790	-12,05568325310740	3
-12,96500685155680	-11,48478628312010	3
-12,96478848831170	-11,77337937256720	3
-12,96467539320850	-10,58850634159680	3
-12,96391307964500	-8,51117261083714	3
-12,96360042926540	-12,24928756270860	3
-12,96331312410900	-11,08687389982670	3
-12,96315607507810	-11,46348009312280	3
-12,96236387426470	-11,60116682503750	3
-12,96135527880530	-10,39856166617670	3
-12,95975700116460	-13,01349443736610	3
-12,95757942624350	-9,96740236977490	3
-12,95548072033400	-10,50121863111410	3
-12,95540986127090	-11,82012512582420	3
-12,95527802223950	-10,33801880216540	3
-12,95521050759500	-8,23668658670459	3
-12,95330661272940	-9,81646781599221	3
-12,95263613827730	-11,30198623105190	3
-12,95133297099750	-11,61832242186500	3
-12,95012333793180	-12,09178670589980	3
-12,94898599682300	-11,00318650137160	3
-12,94889136219660	-11,49169438706790	3
-12,94806914948300	-11,73581375782850	3
-12,94797798230170	-10,22666465295490	3
-12,94795872713250	-10,67792407395600	3
-12,94755266506200	-10,05150686602930	3
-12,94706057847470	-12,61294893943900	3
-12,94567665693030	-10,81569213507390	3
-12,94559577949330	-12,66826011926110	3
-12,94536155733820	-11,48913302547480	3
-12,94450331447190	-12,44119503014570	3
-12,94391889448720	-11,92248422688610	3
-12,94317452936440	-10,21134414893460	3
-12,94272194277890	-11,84605088339730	3
-12,94093061937060	-10,80958444084150	3
-12,93828237612220	-8,94442961352426	3
-12,93797061145840	-10,33512113469780	3
-12,93643548828260	-10,96701762487390	3
-12,93411543430700	-10,89510996459670	3
-12,93349419809440	-10,71206372505740	3
-12,93248499924340	-9,98588495414274	3
-12,93116985650240	-10,39444510616140	3
-12,92993066285920	-11,78485282484140	3
-12,92978156717320	-11,75008139758460	3
-12,92902722874450	-9,38621550758437	3
-12,92858528007830	-12,26413725922030	3
-12,92790136208700	-11,26197351794570	3
-12,92771329471530	-9,61511222053072	3
-12,92436249554660	-11,36278173278490	3
-12,92172727201310	-12,04189621249890	3
-12,92162161164360	-13,48417591639340	3
-12,92154598561550	-10,87133200169680	3
-12,92014215059800	-9,41069493738531	3
-12,91939786140280	-11,03811443633350	3
-12,91908187474460	-10,63448881566030	3
-12,91907498015590	-11,45027648348100	3
-12,91625082436440	-10,53388492346880	3
-12,91505552837810	-10,38645221514480	3
-12,91359911530220	-9,58851551302274	3
-12,91073821009860	-10,85528224248390	3
-12,91016807075620	-12,29175369278590	3
-12,90997337985260	-9,54525082205681	3
-12,90821562460780	-10,97814747455500	3
-12,90821441949770	-10,91979691166040	3
-12,90765641357220	-11,42465749018640	3
-12,90721178407690	-9,75965844920941	3
-12,90702481392740	-11,14101686857450	3
-12,90650482868210	-10,19099884019890	3
-12,90575368847630	-11,13818372034880	3
-12,90515365819260	-10,96306226401930	3
-12,90433485320300	-9,91572955158587	3
-12,90390702541590	-10,44953515357920	3
-12,90303926138910	-10,92561599588400	3
-12,90059670351930	-9,99934750804989	3
-12,89856510445100	-14,25334461541840	3
-12,89846755340220	-10,88293074645270	3
-12,89733139091930	-11,76601638823140	3
-12,89672466442220	-10,36880650744570	3
-12,89664554934440	-10,66320791920860	3
-12,89561392770980	-12,31116264771020	3
-12,89503644392010	-11,96150724271340	3
-12,89446616083640	-10,24564227341550	3
-12,89265068580890	-10,26381089425310	3
-12,89262165725860	-10,08964230511800	3
-12,89169563313330	-10,50893075089260	3
-12,89163334840510	-11,78678506136710	3
-12,89146910466900	-8,98862543928217	3
-12,89106450264410	-8,62881883872275	3
-12,89100885458480	-14,07726832300280	3
-12,89076007215000	-9,50776805772636	3
-12,89060405856990	-10,31809509270160	3
-12,88995157312230	-10,98664830475970	3
-12,88942356227340	-11,12658887543710	3
-12,88908217818720	-11,10056812660430	3
-12,88905774038500	-10,79251838749090	3
-12,88878081379910	-12,58438415814430	3
-12,88837368576750	-11,32648685237280	3
-12,88832766532830	-11,06007583213910	3
-12,88811702691500	-9,49375714239581	3
-12,88723389133490	-11,05081579045010	3
-12,88659849776720	-10,78541621122780	3
-12,88627906094210	-11,38483927928060	3
-12,88512815220380	-11,01480156087140	3
-12,88468854972200	-9,83863544680565	3
-12,88428981875880	-11,46306689674340	3
-12,88317225535450	-10,97710172688980	3
-12,88248325592010	-9,47821835697872	3
-12,88135023415270	-12,34832258469310	3
-12,88125254864670	-11,71142154780450	3
-12,88103040183020	-10,34830245808420	3
-12,87837012006970	-11,49273559861540	3
-12,87726063548670	-11,25272851070980	3
-12,87663498475760	-12,08493190756400	3
-12,87630699245850	-9,96479448933443	3
-12,87555320507250	-9,73251980180761	3
-12,87380960120080	-11,15490817604520	3
-12,87332706329240	-10,73327946349900	3
-12,87311044685790	-13,90050638022800	3
-12,87188085141410	-10,91943255518760	3
-12,87140367936130	-12,69385586106780	3
-12,87063936692180	-9,87232936290652	3
-12,86873349764360	-11,13769311361190	3
-12,86840599173780	-10,83501566315370	3
-12,86626675183660	-9,94689513971199	3
-12,86410893726470	-11,52301763442680	3
-12,86409927787820	-12,85942817950620	3
-12,86380807954120	-11,51699686967030	3
-12,86366196858740	-10,99540164698070	3
-12,86356099043920	-11,00787736559750	3
-12,86316856047530	-11,25374880511840	3
-12,86240156430440	-12,61953248523710	3
-12,86145660332320	-11,29674393334710	3
-12,86036938086480	-13,34236549387780	3
-12,85981101821510	-10,73384740813950	3
-12,85647188547280	-11,91520378695200	3
-12,85640280502920	-9,88261088544401	3
-12,85547670801400	-11,72983029040750	3
-12,85487174415120	-10,55695595210400	3
-12,85462457303280	-9,36617147580997	3
-12,85440830949570	-11,00633507322400	3
-12,85436400721300	-11,11211440844120	3
-12,85410734545440	-13,24173105915650	3
-12,85296507895500	-9,77890805526777	3
-12,85244262588460	-11,17434017418780	3
-12,85096394046330	-9,34628708991606	3
-12,85079607790050	-12,06553762015570	3
-12,85043578738920	-10,26367996500640	3
-12,84892421130230	-10,15332909520530	3
-12,84847455083470	-12,43821431267210	3
-12,84816459791130	-12,97305392879810	3
-12,84797027956790	-11,93796169848880	3
-12,84738249193510	-13,00458690776040	3
-12,84723137542790	-9,84382709125852	3
-12,84718855055800	-10,31751032225740	3
-12,84471725442410	-12,54598309090180	3
-12,84421813731020	-10,87057018651310	3
-12,84355255905450	-11,22869317520940	3
-12,84288379647470	-8,59533310978218	3
-12,84230465179360	-11,90380427380300	3
-12,84199185644990	-10,33123262178940	3
-12,84130127865040	-11,10606542002030	3
-12,84061950508060	-11,41009080901590	3
-12,83945020852610	-11,78242511930830	3
-12,83892819802240	-12,38406010137750	3
-12,83833787006960	-11,64552596692970	3
-12,83650521958500	-9,99278454465824	3
-12,83628451892630	-12,92217620540510	3
-12,83507654113840	-10,36632975127450	3
-12,83376140992430	-10,77499724877280	3
-12,83323954742510	-10,87580638097650	3
-12,83272961619190	-12,88888770499280	3
-12,83245188197840	-11,28559931408320	3
-12,83047913247360	-12,16794528328250	3
-12,83020640490880	-10,95163667809200	3
-12,82985776398080	-12,24303709646420	3
-12,82882086981940	-10,52786699274930	3
-12,82869696550960	-10,99634452227910	3
-12,82789979201990	-11,88288912461020	3
-12,82771704575560	-11,81728790847920	3
-12,82727218606120	-10,55197686422320	3
-12,82680427888600	-12,59345811813440	3
-12,82615483726810	-10,24277454500580	3
-12,82533088178770	-10,85778805734170	3
-12,82511677609500	-9,87724287933831	3
-12,82369803987500	-11,72367966601050	3
-12,82131365903060	-8,95127357121380	3
-12,82091982475800	-9,76228375523563	3
-12,81880004330710	-11,53869148299800	3
-12,81779116523340	-11,30379260557200	3
-12,81659357192540	-10,12231655265870	3
-12,81625098746680	-11,80650542623770	3
-12,81588198695810	-9,71777934044697	3
-12,81572902281990	-9,85292928950338	3
-12,81471117552640	-11,46849202630420	3
-12,81447704127100	-10,47405681594380	3
-12,81434101607710	-10,47002533376850	3
-12,81405782985180	-9,79723564294893	3
-12,81137870509810	-10,94396695302040	3
-12,81098266892040	-11,81126491547010	3
-12,81071936257920	-14,04866541893450	3
-12,81010898601040	-12,38005475378760	3
-12,80968057475890	-11,78282906055470	3
-12,80863757747920	-11,27756067803620	3
-12,80663545234430	-11,62071500213150	3
-12,80505611888300	-11,55228350947440	3
-12,80490122452680	-10,44078206692430	3
-12,80469866427400	-9,52373778310877	3
-12,80206720028390	-9,94770907284241	3
-12,80206419473800	-12,44700855467010	3
-12,80161859445580	-11,61329920172150	3
-12,80097627776040	-10,80044960668590	3
-12,80070046462420	-11,45580805702900	3
-12,79992635355800	-10,12382669360330	3
-12,79962818894030	-11,31437483726700	3
-12,79810195696020	-11,08713208958770	3
-12,79750824830810	-11,21791656740400	3
-12,79737275848540	-11,36891006490010	3
-12,79494968154860	-9,00680053377761	3
-12,79457442363200	-10,04104189789600	3
-12,79418553870870	-9,42199786993733	3
-12,79413634840990	-10,81103504264050	3
-12,79407067022740	-9,70711419169075	3
-12,79388975439480	-10,13193016615980	3
-12,79312084924390	-8,83120262747854	3
-12,79083740169540	-10,24864462119440	3
-12,79048776123460	-11,15801403166140	3
-12,78980399555480	-12,40663057078300	3
-12,78868322951930	-12,05514631054540	3
-12,78651317041020	-11,81111319244350	3
-12,78627718250390	-12,13905652155330	3
-12,78612451129960	-11,63830496997160	3
-12,78585731963820	-11,75208269538520	3
-12,78530019746620	-12,47320417030770	3
-12,78365918779790	-11,10327860870990	3
-12,78356847719180	-11,86954684472770	3
-12,78196854125040	-10,84082659976590	3
-12,78126620759960	-11,87399706761840	3
-12,78125785002690	-12,05348639664860	3
-12,78102677433290	-12,91326113584120	3
-12,78090698748170	-9,34148638664169	3
-12,78069859267180	-12,03724957079020	3
-12,77938717303060	-11,35138209747870	3
-12,77917636984710	-9,79118064925902	3
-12,77797210849920	-12,28897386374600	3
-12,77716354364670	-11,47814793531760	3
-12,77664058914980	-10,13394843811010	3
-12,77640471887740	-12,33312463623920	3
-12,77639166791040	-9,56956264223756	3
-12,77629705829810	-10,05090273056000	3
-12,77565898913970	-10,91703291702020	3
-12,77421268470490	-11,19522587965460	3
-12,77351244946140	-11,29691068267730	3
-12,77039694509470	-9,49669044489716	3
-12,77036114259090	-10,73078312211600	3
-12,76847636400000	-10,38421221913890	3
-12,76717794461830	-10,67324116139780	3
-12,76714254421270	-11,49004670959020	3
-12,76709439769480	-10,60619738238320	3
-12,76671352287250	-12,87186163882090	3
-12,76657228163300	-11,28396255656110	3
-12,76591116179430	-12,46102098288730	3
-12,76556624296050	-12,17403669126530	3
-12,76549295166620	-8,98252464042518	3
-12,76405027365130	-10,43134283085300	3
-12,76403329734220	-10,38211720830080	3
-12,76399389960160	-10,85074724488490	3
-12,76156333564490	-11,51914603870040	3
-12,76120096389600	-11,89128978211330	3
-12,76106790575170	-11,65220293933280	3
-12,76044979799250	-12,44162749669050	3
-12,75909829354220	-11,18266595992340	3
-12,75844655722640	-11,86390099994750	3
-12,75738214285920	-11,87721910468560	3
-12,75710026883430	-10,02699588224430	3
-12,75522264114920	-12,75329728251900	3
-12,75468821564650	-11,76584721873750	3
-12,75251238341540	-11,09068689792170	3
-12,75132802660690	-11,24912233041560	3
-12,75125745247880	-10,95643046442090	3
-12,75091274085850	-9,61823940796337	3
-12,74985343305190	-11,81754086086760	3
-12,74981076385810	-9,18868929470786	3
-12,74947474840210	-12,38557805114900	3
-12,74895344705730	-11,62415144248760	3
-12,74842873302810	-10,93039835985350	3
-12,74806660794450	-10,73921839159430	3
-12,74706198564870	-11,97715518416290	3
-12,74692672009620	-8,91712610549945	3
-12,74599157315190	-11,62193178435040	3
-12,74317896423310	-10,36063732107520	3
-12,74149351662610	-10,09746469066630	3
-12,74130856183210	-9,37013247838926	3
-12,74044496041260	-12,49474355180680	3
-12,73808718610420	-11,57987528840500	3
-12,73702230154740	-10,18151475302090	3
-12,73699736528240	-10,03343700021260	3
-12,73594499440240	-11,62652594716130	3
-12,73409235855280	-10,78573867355990	3
-12,73124118488920	-11,89008870736270	3
-12,72830822629680	-11,14640619601810	3
-12,72741316647950	-11,89538203864380	3
-12,72690599697070	-10,95102181698000	3
-12,72656682669870	-8,96428038396216	3
-12,72652794405060	-12,57764247810910	3
-12,72571819063120	-10,62473311660410	3
-12,72453376534370	-10,05623011006200	3
-12,72398508234770	-11,43674860695770	3
-12,72339660275970	-9,85749134824596	3
-12,72327976643250	-11,61176404122640	3
-12,72264764085660	-11,33394423333120	3
-12,72182437685330	-11,26934461913400	3
-12,72157590217030	-11,98861969533190	3
-12,72139711953890	-11,15062814545860	3
-12,71950151031760	-9,91018902300448	3
-12,71949028250880	-11,44173735823570	3
-12,71877776464710	-11,16947058570260	3
-12,71818547333920	-9,78121082887537	3
-12,71649514277590	-10,12165329310640	3
-12,71541324252110	-11,53865214474820	3
-12,71480969453080	-11,91177426181760	3
-12,71415777298340	-11,63205811920620	3
-12,71169703081930	-11,73643775330650	3
-12,71161364393340	-10,88313712129020	3
-12,71087297937570	-13,29268392576340	3
-12,70866299902000	-11,61522793978760	3
-12,70865157289710	-10,70387852583370	3
-12,70852731103470	-10,32800617772410	3
-12,70781431345420	-12,20902833080230	3
-12,70548046396280	-11,14680454574800	3
-12,70422276653730	-10,47232143720240	3
-12,70201009960380	-13,30107157591370	3
-12,70179019457560	-10,30533746855470	3
-12,69964401576520	-11,42268753971040	3
-12,69928926254510	-12,65454856043840	3
-12,69825690268080	-9,88633327094246	3
-12,69775427760980	-10,24825235100980	3
-12,69593842026630	-11,04331807766900	3
-12,69557630592010	-12,03683971387100	3
-12,69438078310120	-11,07823658183390	3
-12,69281329493600	-11,85515183537000	3
-12,69229137460360	-11,48075175717050	3
-12,69166317143120	-12,92289847497180	3
-12,69067149480880	-11,72607569047720	3
-12,69033451124520	-10,10567423896880	3
-12,68932079681310	-8,74547285893958	3
-12,68928908169770	-12,12446644868490	3
-12,68787784676500	-10,45912446142700	3
-12,68743367554720	-11,27641762326510	3
-12,68506567827580	-11,68111697812760	3
-12,68243761323910	-11,48719338906250	3
-12,68217951431060	-11,71095608845090	3
-12,67798074539930	-11,17124440867440	3
-12,67755888737850	-11,58415773772790	3
-12,67554783569870	-9,29608786635448	3
-12,67341443680190	-11,54709066590530	3
-12,67331385640470	-11,40648939578140	3
-12,67309995673980	-10,52656981225380	3
-12,67299461988600	-11,82365207177030	3
-12,67268454599920	-10,92976234183780	3
-12,67221646939960	-11,82213084762140	3
-12,67112600272820	-10,01058725175910	3
-12,67109009270880	-10,96017342710490	3
-12,66747471310990	-9,83715913985201	3
-12,66654973841500	-11,00124644329420	3
-12,66560713699130	-11,56416279991560	3
-12,66497301828550	-13,34294094515640	3
-12,66469800029730	-12,03721041226470	3
-12,66469680161080	-10,42042991549590	3
-12,66451495267220	-11,64188526128970	3
-12,66433391993580	-11,88924281854720	3
-12,66379991341310	-10,91217433421670	3
-12,66267487386880	-10,45356506929660	3
-12,66083158329310	-12,40474826302780	3
-12,66025502159430	-11,27533534790960	3
-12,65995384048060	-11,27670142482530	3
-12,65843060935800	-11,35849241923720	3
-12,65823531570940	-10,93869454384010	3
-12,65811652745890	-10,92052746335220	3
-12,65703043250540	-11,39021307843000	3
-12,65688390693810	-11,72189656051940	3
-12,65628728783960	-12,31723383914750	3
-12,65416983549070	-10,86032016380700	3
-12,65341802884490	-10,97481320919970	3
-12,65337074887080	-11,31978439497460	3
-12,65305134840830	-10,13169423735880	3
-12,65295858026090	-11,74619499804770	3
-12,65276866560680	-10,92724808973130	3
-12,65229716223810	-10,64047160109150	3
-12,65130763653910	-10,25428961407320	3
-12,65092210519160	-10,90253478737910	3
-12,64933745271590	-9,91719354909185	3
-12,64808555460640	-10,96147633649570	3
-12,64702465576400	-10,98519833242830	3
-12,64657369369370	-10,17647023106610	3
-12,64561706530070	-12,34263618062210	3
-12,64468015002800	-11,29128748877260	3
-12,64421532882880	-11,74682965720430	3
-12,64166227761130	-10,58390042718910	3
-12,64163237157070	-11,13485557591840	3
-12,64124514337490	-11,76242464480620	3
-12,64092809995440	-11,48291967121510	3
-12,63987402422600	-11,13748326502760	3
-12,63942541580310	-13,04114782918360	3
-12,63914485389880	-9,69443147035580	3
-12,63895356332560	-10,49945360149330	3
-12,63715212812980	-11,61949350783260	3
-12,63567035719860	-11,22739236439300	3
-12,63566546864670	-10,74234843817550	3
-12,63493937352490	-10,75092923182010	3
-12,63493225429140	-11,66710947085550	3
-12,63476725010560	-11,53033047143220	3
-12,63466391270840	-11,13531072721610	3
-12,63442001333770	-12,12050686985050	3
-12,63405454424600	-10,20745103278910	3
-12,63347200470860	-10,86124300904820	3
-12,63099818051510	-11,68778816577190	3
-12,63047741159140	-10,95347489994850	3
-12,62891730851920	-12,37769201574410	3
-12,62833978166810	-9,90179016251261	3
-12,62303513954930	-9,59519707468484	3
-12,62194130492980	-10,01321302151530	3
-12,62083301059090	-10,85674291143700	3
-12,62035543878270	-11,87355309225680	3
-12,61954567750130	-10,26897278845600	3
-12,61931365486910	-12,18389118175660	3
-12,61840583744530	-11,33293547127490	3
-12,61674530756780	-12,35009663596420	3
-12,61634195937620	-9,68636517582542	3
-12,61613143541270	-10,25273598428260	3
-12,61553059838080	-10,15661262913110	3
-12,61497168441750	-10,39231310357850	3
-12,61474601430430	-9,94150308813832	3
-12,61261916325790	-11,85558758188190	3
-12,61223375223720	-11,44145593820300	3
-12,61209365474820	-11,57599177213850	3
-12,61206556207090	-10,32909138717590	3
-12,61186481418510	-9,92837643095562	3
-12,61184793224040	-11,04802434234180	3
-12,61174313370710	-8,86867107690801	3
-12,61129154508640	-10,96435855216420	3
-12,60967964356270	-11,57868765346450	3
-12,60953646632930	-12,03879487021990	3
-12,60938292102750	-11,68627122198500	3
-12,60862756317850	-10,89366566039130	3
-12,60812440221770	-11,46743142199120	3
-12,60734396315200	-11,89714688227140	3
-12,60718251576090	-12,04589715894250	3
-12,60707313600030	-12,01039845302000	3
-12,60673658215300	-9,17437757438850	3
-12,60653054181650	-12,84923955836940	3
-12,60585814883800	-11,33339103293650	3
-12,60568674222650	-9,41539027406197	3
-12,60394406153160	-12,08572984640960	3
-12,60385626365210	-11,97906444870850	3
-12,60297161829780	-11,21522742597690	3
-12,60230452977230	-12,49402261588410	3
-12,60051217014590	-11,24034346694830	3
-12,60030663862930	-8,88816342463530	3
-12,59962115923980	-11,23320907995330	3
-12,59923867201790	-10,89273288010850	3
-12,59858371521510	-11,03931892677120	3
-12,59847041529910	-11,48666324366970	3
-12,59838561609630	-10,31778351123500	3
-12,59822790396400	-12,09404888499190	3
-12,59657007226570	-11,34386725813030	3
-12,59498642345840	-10,31650713709180	3
-12,59493322106280	-9,82634451225442	3
-12,59415935368000	-11,58423259482840	3
-12,59411747048820	-10,45734860935740	3
-12,59262295568240	-12,74255837262980	3
-12,59185504913810	-12,04901416807500	3
-12,59177774025550	-11,91443354194200	3
-12,59096487886310	-11,40716769659380	3
-12,59012303035090	-11,72922154097560	3
-12,58965011933460	-10,03953582134760	3
-12,58824914739820	-9,80819179106785	3
-12,58726388729580	-11,76654087640050	3
-12,58522825446590	-10,74586390027540	3
-12,58273913199230	-11,45587044296090	3
-12,58194534854210	-11,56659188266620	3
-12,58182840006930	-9,82291910365426	3
-12,58180092533300	-10,68564994245070	3
-12,58165532740610	-12,04210640465140	3
-12,58146932850230	-10,42547812030130	3
-12,58093606212810	-10,96488879633570	3
-12,57999335041390	-11,51135140770620	3
-12,57980527511120	-11,53863752933520	3
-12,57963545394110	-10,76558472410420	3
-12,57876405249870	-10,95545260672680	3
-12,57799477135890	-9,33544648604324	3
-12,57796592240560	-9,88588555909406	3
-12,57666429092570	-10,15467666476560	3
-12,57608751850020	-10,95521628134560	3
-12,57556205986670	-11,89200239482840	3
-12,57522459853640	-10,71378570616210	3
-12,57250721639370	-12,51520580039550	3
-12,57147042667360	-10,05091876305950	3
-12,57096890448530	-10,88828497559600	3
-12,57088469196430	-10,39313315424940	3
-12,56998407868810	-11,39377778579920	3
-12,56964377531450	-11,34434140283540	3
-12,56878950260120	-11,46000636181250	3
-12,56877483827990	-9,65017766972124	3
-12,56858149757450	-11,53594010953270	3
-12,56740725792440	-11,92824210096050	3
-12,56687488022310	-11,89286640394800	3
-12,56660385605210	-9,64896205836855	3
-12,56660200085280	-11,98660563837420	3
-12,56555991623850	-12,40381042336290	3
-12,56535104611000	-10,76136936425290	3
-12,56533970121220	-12,38327181714210	3
-12,56453460495310	-10,97853487786770	3
-12,56451658046390	-10,58821411843700	3
-12,56445115910850	-10,68370122829540	3
-12,56379228784230	-11,57442669271120	3
-12,56329217322400	-13,74245541473950	3
-12,56313651581710	-11,30293347450770	3
-12,56254509867180	-11,63193006280810	3
-12,56143991632850	-10,26945191313120	3
-12,56099925525510	-10,59607863013220	3
-12,56096339350800	-9,33450032406636	3
-12,56090361610430	-12,09916377576500	3
-12,56003591199300	-10,82223371805540	3
-12,55970758089070	-10,97305839961670	3
-12,55893980219920	-11,06960427570400	3
-12,55784860047670	-11,62677895068950	3
-12,55784069019720	-10,79876600121540	3
-12,55663838240770	-11,18835629268830	3
-12,55586532628880	-10,25020089351300	3
-12,55564263089230	-12,11110841750200	3
-12,55557146619510	-11,07010545351200	3
-12,55399193027090	-10,37095060265530	3
-12,55286327652610	-11,49248233378910	3
-12,55242695917540	-10,17511216755610	3
-12,55185106641530	-11,14596434971720	3
-12,55081011869890	-11,54825844845820	3
-12,55032014407320	-12,58121392972120	3
-12,54984538683110	-9,48725881187753	3
-12,54871608936260	-9,62813796118035	3
-12,54836973779400	-13,54727950260240	3
-12,54804880169080	-10,80633934358290	3
-12,54706916793490	-11,86960334462890	3
-12,54676542265040	-9,77425334678095	3
-12,54629391036370	-9,77946332300726	3
-12,54504018935240	-9,92057227136273	3
-12,54461521381970	-11,04720488349490	3
-12,54459791677410	-10,34980595728940	3
-12,54455954926190	-11,55305801685130	3
-12,54442051451130	-11,89041711683840	3
-12,54364321939570	-10,87117002480260	3
-12,54259103447380	-12,00353327997210	3
-12,54253785850580	-10,80557029058770	3
-12,54202294779490	-12,14632857335370	3
-12,54156072515170	-11,91018078331800	3
-12,54114231481750	-11,61654507416560	3
-12,54003165062840	-11,22451048088740	3
-12,53976139872550	-11,78479420843220	3
-12,53859343341950	-11,94979509348100	3
-12,53820241743850	-10,51236912058670	3
-12,53684986364560	-12,00096139028680	3
-12,53642702108790	-11,30347864185510	3
-12,53637870452510	-11,59239456828550	3
-12,53510869672530	-10,98867251747540	3
-12,53397407014300	-10,95869669128320	3
-12,53319794128930	-11,45995042028180	3
-12,53224978752830	-11,09195255805240	3
-12,53221783028240	-12,41553390106150	3
-12,53134124523310	-10,67646877197660	3
-12,53004737679390	-11,00206831701130	3
-12,52805016050520	-10,86822710603420	3
-12,52784926475770	-10,06939809418790	3
-12,52669940425560	-8,07773639820317	3
-12,52570595261900	-11,60802414302750	3
-12,52525245933490	-8,61184773631498	3
-12,52433837595080	-12,02808072508570	3
-12,52380076776580	-13,47296467204490	3
-12,52031794389310	-12,84644321926120	3
-12,51933300811220	-10,38305656649200	3
-12,51923356306360	-11,54752390001620	3
-12,51904417142550	-11,26303890383210	3
-12,51811806063430	-11,04350560372660	3
-12,51637345307310	-10,34759705330940	3
-12,51471722832930	-12,21376166658770	3
-12,51451159887810	-11,30473469693540	3
-12,51384203714980	-10,16516411774950	3
-12,51358651620980	-10,36213629029050	3
-12,51278470756160	-12,25456473173880	3
-12,51015970460400	-11,57482699954220	3
-12,50889863994880	-10,66303995344620	3
-12,50728892567960	-10,23722159341160	3
-12,50708873449830	-10,96189968646270	3
-12,50656147657620	-9,13793911540843	3
-12,50413252003280	-10,81437218466920	3
-12,50389018559980	-11,32230336700610	3
-12,50308926460790	-9,59657361635288	3
-12,50239919140700	-10,81782019531520	3
-12,50162918997940	-9,67952870076128	3
-12,50024294259680	-11,59469613934150	3
-12,49907468365970	-8,78290346018889	3
-12,49869723342100	-10,90853818489260	3
-12,49856566507590	-11,16195517404380	3
-12,49827965582270	-9,85784789960599	3
-12,49738755901020	-9,36812857559277	3
-12,49632979725070	-11,71498285328230	3
-12,49585684496260	-12,07629285057530	3
-12,49568146934680	-10,87265594619860	3
-12,49520946916210	-12,01550834596270	3
-12,49515439013740	-13,56197633830100	3
-12,49417826989980	-10,97842730199170	3
-12,49198005978700	-10,16080224870280	3
-12,49035940138300	-11,75322199539030	3
-12,48949991634950	-9,13169074957242	3
-12,48915497712260	-11,84576804519950	3
-12,48786569361820	-12,27730830385450	3
-12,48730152406550	-11,40403035312210	3
-12,48569268070140	-10,95123435858950	3
-12,48456453734080	-11,52495216167810	3
-12,48383740715130	-11,45346140171660	3
-12,48381755168640	-9,80526566904716	3
-12,48268593677600	-12,38364193994970	3
-12,48254959783820	-11,51745556126220	3
-12,47867897666280	-10,46976454020040	3
-12,47859580064330	-10,97046845812590	3
-12,47795057627990	-12,96969717234530	3
-12,47756857147410	-10,93215081818650	3
-12,47754394253000	-13,06513195495300	3
-12,47669323968150	-9,47025182064969	3
-12,47657412122320	-9,49041849843377	3
-12,47394357202620	-11,68929246636050	3
-12,47357306229080	-11,11420714528800	3
-12,47291792628900	-12,31097515851860	3
-12,47208278214010	-12,77265617701410	3
-12,47123743342440	-10,59183352356340	3
-12,47117861489150	-9,26625354643842	3
-12,47100440000160	-10,37746288847760	3
-12,46994985636910	-10,34276173741770	3
-12,46942843428590	-11,89016048936690	3
-12,46737384431020	-10,09806762936520	3
-12,46703637910170	-8,36851571815330	3
-12,46676621392670	-10,16076548427230	3
-12,46494957716520	-10,72631880609950	3
-12,46374719288690	-10,47456462392820	3
-12,46292381579510	-12,71814154744800	3
-12,46284062688550	-12,63192008663200	3
-12,46244242246740	-11,07593931245550	3
-12,46228490332020	-10,96174214982770	3
-12,46054003540630	-11,25505766052290	3
-12,45885170956270	-9,49932005871975	3
-12,45856725191760	-10,25228610756920	3
-12,45827226578110	-12,66447499638370	3
-12,45780252517480	-10,81044499166500	3
-12,45681119236550	-11,34824096697650	3
-12,45632658888930	-11,68554743934730	3
-12,45576505754240	-9,65247170938465	3
-12,45501545472400	-11,52735119466050	3
-12,45470458886590	-11,01469188647770	3
-12,45410376864100	-10,57703726382320	3
-12,45348374654560	-12,76128891153580	3
-12,45343035134090	-11,18392499019440	3
-12,45334719265260	-10,01821728353800	3
-12,45313827952280	-10,75562796507580	3
-12,45254084334290	-11,29209137109640	3
-12,45203450945490	-10,61861819218190	3
-12,45198547284100	-11,51972872722520	3
-12,44998179442460	-11,55508681140590	3
-12,44829547793280	-11,47721803414960	3
-12,44739087917410	-10,17752573164080	3
-12,44709413843980	-11,40101554057320	3
-12,44658827826290	-9,85938873975360	3
-12,44617081862390	-12,80737545676620	3
-12,44428523403790	-11,50516897047860	3
-12,44385242999370	-9,15529710387109	3
-12,44357689459430	-10,31449463131640	3
-12,44349549319160	-10,52824048211400	3
-12,44307867827170	-11,90092237879800	3
-12,44277053413490	-9,63899686522831	3
-12,44257518849880	-10,37923474900000	3
-12,44194335607170	-9,65361771467802	3
-12,44074801686930	-11,81825116443790	3
-12,43934163376130	-11,10124950984760	3
-12,43928753217160	-14,00381790308080	3
-12,43867475669410	-10,57125480442500	3
-12,43866823037330	-11,91120190421570	3
-12,43780077851550	-10,70035671816830	3
-12,43762024065720	-11,79220474153390	3
-12,43677153339360	-11,23698590758130	3
-12,43645290092500	-11,92179043978160	3
-12,43466944883840	-10,78896690998130	3
-12,43463989233210	-11,79767282639030	3
-12,43446535566220	-11,86296927164370	3
-12,43445647349230	-11,89086255568340	3
-12,43437470295730	-12,11746831949070	3
-12,43432449134950	-9,08732603424325	3
-12,43041254166210	-11,35149602196820	3
-12,42996735620720	-11,37067610383570	3
-12,42905494035680	-9,76644928352918	3
-12,42782312969510	-11,37994253223900	3
-12,42640580517710	-10,62243543546420	3
-12,42544698002620	-10,58722694574300	3
-12,42465614861930	-10,62939249882540	3
-12,42373847963080	-9,66325688115972	3
-12,42370799876120	-11,82417975413270	3
-12,42349544498440	-10,99939712890920	3
-12,42345167077120	-11,59826868040600	3
-12,42247180975750	-10,76524739537430	3
-12,42187266730420	-10,84148054137420	3
-12,42091015587030	-10,34753345281140	3
-12,42088999480670	-11,30731590921490	3
-12,42064429836600	-12,23536817828210	3
-12,41835179851090	-9,68326024116392	3
-12,41822397364690	-10,30796032950580	3
-12,41412262514340	-12,07675915075310	3
-12,41396746510660	-11,67920564938970	3
-12,41327351149320	-8,92905385883931	3
-12,41284459108690	-12,71316225971850	3
-12,41234349185090	-11,52764204132310	3
-12,41205443261660	-8,91584359491377	3
-12,41146368556510	-11,21765643164020	3
-12,41136707801700	-10,32265326724250	3
-12,41077426494250	-12,89660997764370	3
-12,41070660986590	-11,89798684842850	3
-12,41031631965070	-11,69412700975620	3
-12,41029443481630	-10,08407888702030	3
-12,41006203777470	-11,78440358825540	3
-12,40974563719950	-12,37904248832470	3
-12,40773920308810	-11,13179226407080	3
-12,40651457354210	-10,95756786284540	3
-12,40578745843710	-11,19578568315170	3
-12,40455178556140	-10,47320127937830	3
-12,40159251540640	-10,78384818448900	3
-12,40148604095120	-10,58788303084130	3
-12,40129440742800	-10,96344762514120	3
-12,40011680731560	-11,32916664643110	3
-12,39824843969250	-9,53125748470670	3
-12,39752861592290	-10,77571043501670	3
-12,39686833018310	-12,11467287335250	3
-12,39657340102280	-11,88562130007060	3
-12,39648758433290	-11,03868637870380	3
-12,39635875601560	-11,88346230606170	3
-12,39617946009700	-11,06678851106090	3
-12,39466125108340	-8,24535594510709	3
-12,39366352205580	-11,68908344172680	3
-12,39258034261640	-10,28760508318670	3
-12,39211283468450	-11,04344857115410	3
-12,39185367618910	-10,26596843909520	3
-12,39160065660780	-9,53510059609338	3
-12,39144687036620	-11,38959091097480	3
-12,39018603253960	-10,55698258554780	3
-12,38700954046820	-12,36585499749290	3
-12,38674701665250	-11,46229444513000	3
-12,38649525932840	-12,78213374353900	3
-12,38542335878960	-10,96019594862690	3
-12,38540029492760	-10,10445103526580	3
-12,38476856046200	-11,24514086475600	3
-12,38437333920400	-9,48456535098683	3
-12,38425788197340	-12,83881674840380	3
-12,38376769173910	-9,89158063044735	3
-12,38319492417640	-10,91029358460430	3
-12,38109431588800	-11,78130644582660	3
-12,38071468088780	-10,74780900316750	3
-12,38062027675830	-10,49910339214880	3
-12,37929565173030	-10,92718132167170	3
-12,37907230084590	-10,91949266802530	3
-12,37893117342440	-10,89611482738480	3
-12,37739804270350	-11,81480211632750	3
-12,37737287367800	-10,47776262030660	3
-12,37706833184470	-11,93669484179460	3
-12,37505557241700	-11,08884881150500	3
-12,37325330814450	-11,09184138129030	3
-12,37299524308990	-9,93852318195257	3
-12,37183329844420	-9,89849216712030	3
-12,37144026093880	-11,81286848208910	3
-12,37143090342930	-10,36254171330410	3
-12,37045456924370	-12,06341393391210	3
-12,37024907330940	-10,87010888536750	3
-12,36990806544340	-12,01099322268890	3
-12,36966746184440	-8,61612984234816	3
-12,36953358619340	-11,68590945030680	3
-12,36890792806130	-11,02349236492170	3
-12,36859015775170	-11,40967132475270	3
-12,36782304529880	-10,87732464656660	3
-12,36765489685410	-11,97113965116580	3
-12,36653326701270	-10,32307380838640	3
-12,36574331630070	-11,99743772584990	3
-12,36510483849430	-10,28405980068580	3
-12,36450774494230	-10,54564835569670	3
-12,36386786400070	-12,35379328443180	3
-12,36214644411680	-9,77338283276191	3
-12,36143474663040	-10,00612361807970	3
-12,36133492483850	-10,83790478583620	3
-12,36125114505900	-10,13406230849670	3
-12,36054651018470	-12,92061641600490	3
-12,36019865065170	-13,34398184058440	3
-12,36009852186420	-9,97337687270506	3
-12,36008901083870	-10,34685505181910	3
-12,35977379647730	-11,13744797241070	3
-12,35954979438790	-11,00656759721540	3
-12,35909677050020	-10,59571380414870	3
-12,35900436810610	-11,46600574582370	3
-12,35794778895480	-10,18106142761020	3
-12,35728195507290	-10,75478410112820	3
-12,35712108467070	-10,58869112980410	3
-12,35675093385230	-11,49714527012090	3
-12,35584081404430	-11,46226277090910	3
-12,35452652450160	-10,80490721192720	3
-12,35447280079800	-11,79435797117020	3
-12,35265714102800	-13,21160972065870	3
-12,35258889962390	-10,89651174584030	3
-12,35205914470610	-8,54362153696632	3
-12,35130228362030	-11,40081250845730	3
-12,35064774203040	-11,10248345922440	3
-12,34981911031070	-10,26695826627860	3
-12,34918443930230	-11,22219642171640	3
-12,34619100041330	-9,73659106610719	3
-12,34579263644060	-11,18349734650100	3
-12,34542913579350	-10,57487144461290	3
-12,34356261698330	-12,57391791803300	3
-12,34112827441080	-11,90700305167150	3
-12,34096645388640	-11,57184227532300	3
-12,34087771106210	-11,62105618134640	3
-12,34080655306350	-10,17138802642400	3
-12,33950798211420	-11,94408692489940	3
-12,33946966407090	-12,32806729934980	3
-12,33715683585310	-10,51160449695620	3
-12,33683439544280	-11,90398554019340	3
-12,33519187477720	-11,76139919563030	3
-12,33447880183610	-8,62620382900802	3
-12,33334772223330	-9,97727149838121	3
-12,33325062745220	-11,09124627832650	3
-12,33205117901030	-11,37981355382980	3
-12,33150649131080	-9,14425332062348	3
-12,33066669284810	-12,04290759008640	3
-12,33064308753430	-8,80068122392854	3
-12,33039531604700	-9,48638936969678	3
-12,33016222343380	-11,86599560044100	3
-12,32972455149530	-11,09621357605240	3
-12,32970878037110	-10,16254561359270	3
-12,32880119056100	-12,99769368533730	3
-12,32856395377960	-10,54050995624690	3
-12,32849476856150	-8,85292578183781	3
-12,32803926555160	-10,39783103815420	3
-12,32713238416120	-11,82279940827710	3
-12,32674635385550	-11,00324183311820	3
-12,32591340676810	-10,96877389217080	3
-12,32436839026090	-11,59416334629360	3
-12,32428778109710	-10,59886218577450	3
-12,32151003385800	-9,96050326691236	3
-12,32134154804080	-9,98442543925657	3
-12,32093690701030	-11,49250621037200	3
-12,32089966419400	-10,02617488392400	3
-12,32018891312160	-12,61882517282700	3
-12,31991577304990	-11,75254912832900	3
-12,31966287742670	-12,85159082389100	3
-12,31775769519730	-11,09182377541400	3
-12,31723990464270	-11,58789433931890	3
-12,31701723688660	-11,12523008067940	3
-12,31392219116980	-10,81102512051400	3
-12,31342615809020	-12,23072552688550	3
-12,31327904187980	-10,66300042282210	3
-12,31326440136430	-9,73033076751199	3
-12,31246410158880	-10,56668253013140	3
-12,30988764495480	-13,96222882647560	3
-12,30956319630460	-12,48727989100450	3
-12,30722476968070	-11,37749300032750	3
-12,30690098930610	-11,04841357116090	3
-12,30620709717690	-10,07533543411460	3
-12,30598075003830	-10,92703855515030	3
-12,30390290282130	-9,03395150196194	3
-12,30389948791080	-10,93503050431380	3
-12,30313182458450	-11,71253521854950	3
-12,30240051247240	-12,44984239248990	3
-12,30221983057380	-11,48194517383830	3
-12,30131983502190	-9,16149786228830	3
-12,30086998400070	-9,99513490220710	3
-12,30005433112030	-10,71966915934220	3
-12,29967186649650	-11,30412775089380	3
-12,29837306906500	-10,30074337556640	3
-12,29798972097500	-11,26510432962340	3
-12,29640957298470	-9,55328614197697	3
-12,29640014660430	-10,76668320530850	3
-12,29633886017520	-11,69331492620290	3
-12,29618791450610	-9,83466777825287	3
-12,29571734009940	-10,14345985847210	3
-12,29529912093480	-11,26102062630060	3
-12,29528238133410	-10,40286253340860	3
-12,29501008583040	-11,24781244853140	3
-12,29458726151810	-12,08475822328950	3
-12,29445776650980	-10,29564961462310	3
-12,29329110468550	-12,81489745955990	3
-12,29327469348680	-10,88837450370640	3
-12,29290113744460	-11,16682520952250	3
-12,29236429003300	-9,68295856854953	3
-12,29197211068750	-10,47747710362080	3
-12,29003972742540	-11,96847033463370	3
-12,28977500308060	-10,14005518556460	3
-12,28932747535400	-10,70703390515550	3
-12,28698201833810	-10,85500797285700	3
-12,28687506663140	-10,24016478273440	3
-12,28517416983500	-10,86984691315880	3
-12,28482207026360	-10,22104021769980	3
-12,28457283269230	-10,14462825040150	3
-12,28436030116500	-12,69684031955240	3
-12,28235869283420	-11,53006655490820	3
-12,28129011707930	-12,03699024464700	3
-12,28111912491950	-10,66046019613680	3
-12,28071974661680	-10,47050049201190	3
-12,28046047930830	-12,87062729727540	3
-12,28035464960870	-10,94840873485390	3
-12,28025468907380	-10,46981781747940	3
-12,27994722768880	-12,36343933716590	3
-12,27861070253010	-11,39723436023830	3
-12,27793470025770	-9,85230317706201	3
-12,27739347991580	-11,71468981696280	3
-12,27704192480700	-11,79912900168180	3
-12,27660563173930	-9,19069779638224	3
-12,27472898421410	-10,96293063022530	3
-12,27436110721390	-12,21835286816590	3
-12,27429944563790	-12,77229969210360	3
-12,27402393882650	-13,53455136843580	3
-12,27376891415640	-11,64316156899140	3
-12,27368226004070	-10,15230829687590	3
-12,27266664816780	-10,65738218233310	3
-12,27181361692620	-10,93448897475830	3
-12,26728054595390	-11,76363949820120	3
-12,26687902593770	-10,48766711935280	3
-12,26661237964260	-10,23566024942960	3
-12,26599726886470	-8,05386292103870	3
-12,26574309067570	-11,20353280329580	3
-12,26532165100230	-11,33724748638650	3
-12,26489368371680	-10,50888375010790	3
-12,26473976176660	-10,21740752593370	3
-12,26341253831930	-10,36419000500370	3
-12,26157940665440	-10,36875257940810	3
-12,26048156799180	-10,26849047664580	3
-12,26004905435520	-10,88972030877440	3
-12,25871660680290	-9,70947169617331	3
-12,25843319805000	-10,46520417884010	3
-12,25824034478640	-10,29684326779820	3
-12,25576568260920	-11,47096742593360	3
-12,25522738811660	-10,05922563129280	3
-12,25489216966940	-11,51758103499770	3
-12,25485442661360	-10,84980433223680	3
-12,25427902000950	-13,01656077750520	3
-12,25142496797410	-9,85374933191581	3
-12,24942027058490	-12,47492072558010	3
-12,24851107746040	-10,66057324433780	3
-12,24774683735200	-11,08816978634450	3
-12,24452832289890	-12,80897036755250	3
-12,24408979183860	-11,96239385887780	3
-12,24372148284170	-10,28210710532590	3
-12,24263592667680	-10,45722738589040	3
-12,24181704026690	-9,87806245371349	3
-12,24097720413200	-11,60364670164180	3
-12,23999167109980	-12,19898341663660	3
-12,23842094144520	-10,69826331111420	3
-12,23795767907730	-12,76438024880350	3
-12,23791236791130	-11,59252043977580	3
-12,23784129644940	-11,18237053612090	3
-12,23697820646250	-11,72507311571500	3
-12,23634339028630	-9,42699154665449	3
-12,23499740034380	-9,73074335182489	3
-12,23499547864200	-12,25315488488200	3
-12,23393108943060	-11,92556588265690	3
-12,23243494102340	-11,89872237831610	3
-12,22996240924590	-9,34494165703548	3
-12,22894512968640	-10,25656321260220	3
-12,22882267410880	-10,58537170406950	3
-12,22862659809240	-11,35586373696910	3
-12,22828139634120	-11,05074370369950	3
-12,22809077713870	-11,03312876268490	3
-12,22782773281590	-10,99113944236710	3
-12,22589953301660	-11,28776463598190	3
-12,22586670297320	-12,06948840966720	3
-12,22442520034600	-11,74708107864510	3
-12,22358316132380	-11,23603591300110	3
-12,22308008507740	-9,69109720874666	3
-12,22282236295380	-10,38809579033540	3
-12,22254010806270	-9,46564222094166	3
-12,22198901820350	-11,41724360360050	3
-12,22179339095820	-11,23552952368840	3
-12,22153855950290	-9,38126014716723	3
-12,22086785194400	-11,83774786189650	3
-12,21941732788250	-12,01480064526300	3
-12,21927904922760	-12,11208766215520	3
-12,21880477918940	-11,63922959716010	3
-12,21848679713050	-10,92375800370900	3
-12,21791388729490	-9,89298011582111	3
-12,21518201280140	-10,23709616201720	3
-12,21473441440350	-10,71862114815800	3
-12,21329405886350	-9,74496962867932	3
-12,21288827012880	-10,71572998433210	3
-12,21180644367330	-10,14128899300330	3
-12,21176095977750	-9,68805547551629	3
-12,21153906235580	-10,14652156548400	3
-12,21135423354680	-11,76387151950050	3
-12,21032153674670	-10,71480166544490	3
-12,20953140222240	-9,27699397077568	3
-12,20833373312910	-12,26649331791010	3
-12,20771285435710	-9,92356588819314	3
-12,20669807661610	-13,56863980719060	3
-12,20641839821970	-9,33090571431093	3
-12,20470472190190	-11,48794696651620	3
-12,20463923895390	-13,01791398753160	3
-12,20391424116120	-9,69134064640760	3
-12,20325504860080	-12,68719338065060	3
-12,20213364153810	-12,82318294114740	3
-12,20094921725180	-10,44014574846960	3
-12,19921998776740	-10,43817669946060	3
-12,19807566232590	-9,41320501200233	3
-12,19772173485200	-13,33083834078080	3
-12,19737251425100	-12,40310563169940	3
-12,19732855355740	-11,03166925305480	3
-12,19566618442490	-10,67413034366160	3
-12,19340931351820	-12,34913976143570	3
-12,19005802497360	-12,41835929754070	3
-12,18919187080260	-10,23301536929710	3
-12,18912078786160	-10,97289873760280	3
-12,18867740913660	-11,89563111304060	3
-12,18839665785730	-11,50528598781630	3
-12,18762605717000	-10,72889877842490	3
-12,18637930072810	-9,71514461022468	3
-12,18578941159050	-12,52270708045080	3
-12,18488479066230	-11,29610714350870	3
-12,18475579871460	-10,44926036535080	3
-12,18456053932070	-11,20918373036630	3
-12,18444312525610	-9,96788353818314	3
-12,18420223219170	-10,04191900698110	3
-12,18367188147400	-12,68776015230050	3
-12,18345159369670	-9,44654585148301	3
-12,18255900213410	-11,21041653814950	3
-12,18250456675000	-11,11664648368370	3
-12,18185265951810	-12,69515724191610	3
-12,18011394020070	-9,70026586230797	3
-12,17793848877080	-10,86625390091570	3
-12,17743402229980	-11,18516773273660	3
-12,17727973495070	-11,16804872216200	3
-12,17707423823680	-11,41817487053330	3
-12,17637509327660	-11,70014008665060	3
-12,17566408783990	-10,69826518121510	3
-12,17547470075150	-10,78025097430000	3
-12,17494024457810	-12,16952701958620	3
-12,17431190444690	-10,30646787368170	3
-12,17424621232270	-10,54668042081850	3
-12,17423184519200	-10,45554458404170	3
-12,17398267502260	-11,07600597753540	3
-12,17397030939350	-10,65468057863400	3
-12,17307946150780	-12,26567029350590	3
-12,17233125142760	-11,73867973983520	3
-12,17228303117530	-12,26312958147280	3
-12,17228068885930	-11,47642008326490	3
-12,17159663059450	-11,07004628366050	3
-12,16979066482580	-8,29684843862469	3
-12,16947686531180	-10,14830954511430	3
-12,16915024082050	-12,87839597449870	3
-12,16905263532160	-12,39496837772110	3
-12,16901772045610	-11,74166982078540	3
-12,16874805110970	-10,73117164006510	3
-12,16726834601870	-8,98095675351268	3
-12,16600446466280	-12,39266329407430	3
-12,16456466126160	-12,19194241899080	3
-12,16421893142530	-11,29603379120070	3
-12,16410944989390	-10,37685391569920	3
-12,16370757298410	-11,71595895469340	3
-12,16333714411860	-9,89754642514546	3
-12,16291076427690	-12,14337356237620	3
-12,16231777726900	-9,14916565007067	3
-12,16184129106990	-13,54600774488490	3
-12,16184004026170	-10,15768546046150	3
-12,16127933928790	-10,83104509861730	3
-12,16118611699230	-9,61565973041027	3
-12,16103288587020	-11,31013082683190	3
-12,15864425407030	-12,13977109199100	3
-12,15651770419600	-12,94652299576310	3
-12,15524701776180	-11,34452377271410	3
-12,15275374361630	-11,45311845623420	3
-12,15266509269990	-10,85767132094030	3
-12,15232674168390	-11,91546472575730	3
-12,15228954842050	-13,55090671412140	3
-12,15044535450670	-9,98536411656120	3
-12,14989844711300	-10,96683513485780	3
-12,14811674638710	-10,87703647546400	3
-12,14738579241840	-11,72335559393270	3
-12,14736289476190	-10,60281921005160	3
-12,14671614710470	-11,90770294755190	3
-12,14664646711090	-11,21058481333500	3
-12,14560460627350	-13,23867144674060	3
-12,14505804654380	-11,14319061015470	3
-12,14493559783400	-12,58716865689880	3
-12,14400924903520	-9,24636230109409	3
-12,14290472611860	-10,85641272020020	3
-12,14221015352450	-11,03450629359280	3
-12,14095393774800	-9,98533928118780	3
-12,13982628128810	-9,92507877216291	3
-12,13982607410080	-11,63279958173350	3
-12,13974864321460	-9,91302811215011	3
-12,13826657259110	-11,23698747424670	3
-12,13778412270260	-11,76476782331610	3
-12,13582823830230	-11,37472569269320	3
-12,13531054368490	-10,84250180639730	3
-12,13482625150590	-11,18693606260520	3
-12,13395084140650	-10,96950527204540	3
-12,13336563579880	-10,08345540137960	3
-12,13322776753370	-10,38731888164610	3
-12,13309731919870	-10,08480777304750	3
-12,13208635802190	-9,85874477815826	3
-12,13207287412760	-11,85745407968200	3
-12,13185335646040	-10,08488573712250	3
-12,13000074658640	-11,47284333746840	3
-12,12935125715950	-10,86211605494900	3
-12,12843034346710	-12,35982513275190	3
-12,12604245323260	-12,83012059993290	3
-12,12392634645070	-11,29727916703790	3
-12,12260644630080	-11,18585739139650	3
-12,12120859793350	-10,75123018936660	3
-12,12061541984490	-11,68096642061640	3
-12,12009568517690	-11,92730581596840	3
-12,11993473974120	-9,66721161246728	3
-12,11992512885170	-11,66696209430980	3
-12,11983441296410	-11,26538963871110	3
-12,11787563287350	-9,94452808642470	3
-12,11783249949150	-9,91196537338513	3
-12,11713801869880	-12,86733327097010	3
-12,11711208962240	-9,52266884596627	3
-12,11636846910230	-13,23895991123680	3
-12,11623810704750	-10,79759547416810	3
-12,11562780600910	-12,31114835708260	3
-12,11289356942850	-11,71217085530780	3
-12,11284569886600	-9,66249519045029	3
-12,11211046656650	-10,52459208145140	3
-12,11180612946600	-10,71133670999890	3
-12,11153916675660	-9,20788785556726	3
-12,11050884064140	-10,20561515719100	3
-12,11006982254590	-10,87351874943110	3
-12,10995177668640	-13,42079341965270	3
-12,10968984808840	-9,26439768906078	3
-12,10804479900380	-10,92293626864540	3
-12,10785608390180	-10,81674675044530	3
-12,10760963124240	-10,02131840071140	3
-12,10704732557510	-10,65910792533480	3
-12,10635971111380	-13,52554123586420	3
-12,10616014343080	-10,82057688093850	3
-12,10545653039440	-11,76196945037980	3
-12,10538132261460	-7,30022486510117	3
-12,10270592812480	-12,09242811271260	3
-12,10159846348760	-11,67830170941010	3
-12,10140841486880	-11,87051801865510	3
-12,10090470511500	-10,45610109903120	3
-12,10033526343370	-11,36517334655830	3
-12,09906259784560	-11,89572209249480	3
-12,09712756900950	-9,63360242174152	3
-12,09643846588290	-9,75969124774090	3
-12,09637213094510	-10,84152622097700	3
-12,09569499745020	-10,80160834460170	3
-12,09460157849310	-10,81366631183940	3
-12,09307726043570	-9,93904310108820	3
-12,09278028135870	-10,04447080661720	3
-12,09255928547500	-11,17227294036680	3
-12,09175589612800	-10,86816471060690	3
-12,09157750339830	-11,38782752549690	3
-12,09005254456560	-12,41816119374250	3
-12,08949666315570	-9,97310364227361	3
-12,08944355734290	-12,93158589174040	3
-12,08939458377210	-10,82284895026360	3
-12,08910873691690	-11,12699306639310	3
-12,08881669787670	-11,54229339192010	3
-12,08812649548480	-10,82788096769830	3
-12,08768204586860	-9,49770137708502	3
-12,08751388101190	-10,59605523803120	3
-12,08630667130560	-10,27363327202710	3
-12,08547387631760	-10,41280851499730	3
-12,08497321981010	-10,89699101305140	3
-12,08428166141050	-10,73049628814190	3
-12,08348753131170	-11,67119531016980	3
-12,08276326129650	-12,62592923715950	3
-12,08173860010270	-11,83458761160890	3
-12,07963008720440	-12,33808133059930	3
-12,07951657221490	-11,32090592409960	3
-12,07841561307910	-10,48678224224620	3
-12,07760694677790	-11,21726956847110	3
-12,07540072949120	-10,21020473058730	3
-12,07500368847050	-11,31018812691570	3
-12,07481387354900	-10,33180823840360	3
-12,07463992067040	-11,86420067946940	3
-12,07393482218450	-12,12532490712760	3
-12,07329800545680	-10,71539427283420	3
-12,07212128241980	-11,38137337424230	3
-12,07096298276340	-10,69909526671350	3
-12,07065235201630	-11,40755014231840	3
-12,06963935269540	-10,45360563954760	3
-12,06776319331680	-11,75905584482930	3
-12,06764246464440	-11,34325687631070	3
-12,06720802459610	-10,57739960142870	3
-12,06684626996620	-12,63071027999840	3
-12,06416988819990	-11,23918575375210	3
-12,06410557056580	-12,37283585574300	3
-12,06396861460050	-9,37570405243538	3
-12,06339703829050	-9,74121935588462	3
-12,06310119459340	-10,80298105217330	3
-12,06268277197140	-11,32604217444210	3
-12,06265990848670	-11,61499755180000	3
-12,06255911320330	-11,42877310662310	3
-12,06217981314770	-10,46268828651950	3
-12,06119331716530	-10,52867847844350	3
-12,06064324406720	-9,76159330880961	3
-12,06000047736680	-8,55939770603816	3
-12,05757262929210	-10,68067040088870	3
-12,05593510652870	-11,78530404262960	3
-12,05424532476330	-12,88553758780050	3
-12,05399349273980	-11,42615475040520	3
-12,05348531140320	-10,65990477919270	3
-12,05153646690080	-10,32712977130480	3
-12,05148775565260	-13,02466565476520	3
-12,05144998176080	-10,91558322817780	3
-12,05133494328570	-10,50508154029660	3
-12,05047847181110	-10,39958319106340	3
-12,05034121821320	-10,96082981630120	3
-12,05007477260880	-11,29403033127430	3
-12,04822153063970	-13,06205370077080	3
-12,04776612669170	-10,56230591130070	3
-12,04695207255120	-8,84636337857635	3
-12,04693153484630	-8,73340351049837	3
-12,04582256296380	-11,69818671006730	3
-12,04533932409130	-9,97628104876871	3
-12,04522787570790	-12,76266315882080	3
-12,04421321898800	-13,01497069251700	3
-12,04334776136860	-14,39485958992540	3
-12,04316509486890	-10,57536829815280	3
-12,04282033458370	-11,54154578784270	3
-12,04253427121930	-12,17331360074660	3
-12,04160401630450	-11,54362551401970	3
-12,03994654467680	-10,65661797991930	3
-12,03883690042740	-9,32306148844420	3
-12,03670557244440	-9,50178959033661	3
-12,03602369307010	-9,69479290401092	3
-12,03580575662830	-10,88251596252160	3
-12,03424351156290	-9,82379010137278	3
-12,03402227466250	-11,32301148585630	3
-12,03313775546490	-9,99193648926353	3
-12,03194555184090	-12,65443774053730	3
-12,03188271438740	-9,74120705653715	3
-12,03155535927580	-10,00247365683090	3
-12,03121902108880	-11,38898779839010	3
-12,02936799661700	-10,52447502307780	3
-12,02929861388650	-12,48376275436710	3
-12,02677218661750	-10,87628670929030	3
-12,02466255816540	-11,56378220723270	3
-12,02422715511030	-10,89792207477130	3
-12,02382570119290	-10,48030658363940	3
-12,02353892331520	-10,62624382244620	3
-12,02353241790670	-11,88947010842510	3
-12,02347870352100	-9,79488142945052	3
-12,02321600062590	-12,53211385327760	3
-12,02279706842790	-10,82414834447590	3
-12,02225709936520	-11,74639057287350	3
-12,02012451433960	-12,01856454287660	3
-12,01956398278080	-12,38627739108440	3
-12,01885373294650	-11,46345209388750	3
-12,01624892753550	-9,49183091059766	3
-12,01624320291270	-10,58670163778370	3
-12,01569714727100	-9,86825388643922	3
-12,01568774798230	-9,61253426243764	3
-12,01541201154910	-11,43403143898680	3
-12,01476230239840	-10,30406058602120	3
-12,01344756141170	-10,21258365337690	3
-12,01311126534040	-10,81864223478100	3
-12,01212728727660	-10,39087699539030	3
-12,01076316087450	-10,68344121956500	3
-12,01035708432890	-10,65970948824960	3
-12,00914009412610	-11,33080773576230	3
-12,00861337787920	-11,50517433103530	3
-12,00818181779640	-10,00248101698670	3
-12,00780101663190	-10,10824759948630	3
-12,00705783972190	-11,39363788457600	3
-12,00651502725420	-11,33548750221480	3
-12,00639368983960	-12,37181065845750	3
-12,00637396804030	-10,67180608120450	3
-12,00320687842110	-13,05356218011330	3
-12,00309715279850	-11,25344938974700	3
-12,00277023204350	-10,41416168919740	3
-12,00248592468150	-11,78996131748040	3
-12,00217701422190	-11,45412573795340	3
-12,00127706994690	-11,80133046715420	3
-12,00049758685560	-11,82773079286820	3
-11,99919061743920	-11,35617092268890	3
-11,99878417394320	-13,09867722588450	3
-11,99861527558650	-10,39490665947170	3
-11,99627529573520	-10,81478801467330	3
-11,99625371044730	-12,08059392867580	3
-11,99616519462810	-10,44290743341770	3
-11,99312076668080	-10,81955871982090	3
-11,99310771410620	-9,09975689497365	3
-11,99084321692160	-11,91839357842410	3
-11,98953084453260	-12,22889903337880	3
-11,98946513392150	-10,36755962625120	3
-11,98735739164580	-12,05121539012970	3
-11,98735272402800	-11,54441447922640	3
-11,98706726646510	-11,04651545999360	3
-11,98476211570570	-11,87018420862490	3
-11,98469601874940	-9,92652931431311	3
-11,98090911518290	-12,24261741297230	3
-11,97971339280880	-11,69400670627220	3
-11,97927392885490	-10,24475998506250	3
-11,97903667278070	-11,07022513324950	3
-11,97686198126560	-12,41456738863140	3
-11,97671136632250	-10,74154334321490	3
-11,97636737129630	-11,66910656360920	3
-11,97475953696100	-9,71785497142519	3
-11,97410437140390	-11,62677559116410	3
-11,97281943271640	-11,54588955602820	3
-11,97240513379890	-10,93291927275820	3
-11,97196377044780	-10,78658906623830	3
-11,97145178063400	-10,64864030554530	3
-11,96963831739360	-9,86261854333328	3
-11,96904640088980	-13,07661187077550	3
-11,96859422800560	-10,36116201603480	3
-11,96807385355750	-10,17615712359670	3
-11,96790188534570	-10,34209793953800	3
-11,96686219348720	-10,38892468524160	3
-11,96559285261470	-11,17987971723240	3
-11,96424805421000	-11,29064348137530	3
-11,96415394257210	-9,83246719331569	3
-11,96321184143440	-12,66781025957710	3
-11,96248423832350	-12,46232810347040	3
-11,96191202854100	-12,33375395381620	3
-11,96176468944650	-10,92903584956110	3
-11,95972102371080	-10,29943796256790	3
-11,95934089273340	-11,06777013355210	3
-11,95933906064640	-11,77936079716990	3
-11,95904877448300	-12,73348473734590	3
-11,95878780869510	-11,46667483265380	3
-11,95567572292690	-11,55091172133060	3
-11,95173388988740	-11,39231770156290	3
-11,95159776735890	-13,35493581799470	3
-11,95034173470350	-11,06904858520460	3
-11,95031876659250	-10,33229183933880	3
-11,95024293811610	-11,67014235023840	3
-11,94987154680660	-9,74235572421548	3
-11,94974032805410	-12,18238905962210	3
-11,94962312397950	-8,37510582349560	3
-11,94881232811010	-9,73820179744821	3
-11,94737244369160	-11,95494759293640	3
-11,94710679592940	-11,45610968527400	3
-11,94683585181310	-12,87514995779240	3
-11,94642922534280	-10,69024425351110	3
-11,94434431649770	-10,52559258753200	3
-11,94426604602610	-12,45991045777970	3
-11,94057720390820	-9,96586416559876	3
-11,94044530829220	-10,73019127318860	3
-11,93994543701430	-11,64995875722950	3
-11,93824339445280	-8,03448379026170	3
-11,93731118218090	-10,96703969232620	3
-11,93680174526740	-10,04468701725040	3
-11,93650317353010	-10,75223592371450	3
-11,93620351515910	-12,61773105549300	3
-11,93594942762330	-9,97686772727935	3
-11,93474373984480	-10,79175936164560	3
-11,93341257386480	-11,48943287918060	3
-11,93296867946710	-11,02464286178170	3
-11,93146390855160	-10,99324133681400	3
-11,93115676811080	-11,09986581071120	3
-11,93068701195770	-12,55925240187250	3
-11,92945151787570	-10,54652199209560	3
-11,92671744928350	-10,87224969520620	3
-11,92601426299100	-11,29980616749640	3
-11,92569098010640	-10,65031941160020	3
-11,92532848263050	-8,83042182747353	3
-11,92466589962240	-11,11667020471280	3
-11,92443091732140	-10,00937497269690	3
-11,92420822664590	-10,95074091486800	3
-11,92372272315760	-12,55060730253060	3
-11,92314020143280	-9,81493079920116	3
-11,92260132272580	-10,58992124714540	3
-11,92240997216160	-11,30225521022080	3
-11,92235093285720	-11,07079693335230	3
-11,92235002241460	-10,96187909005810	3
-11,92163578340270	-11,27819407419080	3
-11,92147135355650	-11,83712692887180	3
-11,92074978580320	-12,87730309340050	3
-11,92030150708620	-12,82625032927730	3
-11,92017088982880	-13,51491659088910	3
-11,92008550337890	-11,56444911218040	3
-11,91796434518810	-10,89430247308170	3
-11,91793280977280	-8,43551183873253	3
-11,91747080901030	-10,44947434248430	3
-11,91734320207930	-10,34599128938270	3
-11,91565874891150	-11,61980314507250	3
-11,91547007806070	-11,05583120981010	3
-11,91442812420960	-11,33581313144140	3
-11,91414663645200	-11,53670532677020	3
-11,91373649064380	-11,11410112413180	3
-11,91249313114840	-11,79964716167960	3
-11,91234524732730	-11,99385332598870	3
-11,91128675790500	-9,72701665956250	3
-11,91105834752740	-10,82876988247860	3
-11,91104731933650	-9,93132444879840	3
-11,91048556238370	-12,59394345687040	3
-11,91007303671520	-11,63468324488980	3
-11,90998875316370	-13,01014032407680	3
-11,90941208346760	-10,83425782051010	3
-11,90628802673240	-14,03742146874580	3
-11,90546637725030	-10,55355094307500	3
-11,90365840014620	-10,13944621646470	3
-11,90163802419430	-12,42590904578610	3
-11,90128881689550	-11,79520232639990	3
-11,89986143363570	-9,94764051562173	3
-11,89913577851300	-11,52966524815380	3
-11,89758641906530	-10,70237124790610	3
-11,89756296580690	-10,49631160529330	3
-11,89644220444360	-11,62288821510290	3
-11,89613778384350	-11,88728585934540	3
-11,89577850556500	-12,09905263236020	3
-11,89340058716750	-12,21190372543190	3
-11,89305257127900	-10,03947531920490	3
-11,89265616723630	-9,89170324024044	3
-11,89201490026100	-11,20679460445200	3
-11,89067988780790	-12,56539418861840	3
-11,89031613613310	-12,24283209506070	3
-11,88898159117140	-10,03187317492370	3
-11,88896408627690	-11,78244122625750	3
-11,88841203410610	-11,31109751084640	3
-11,88686587502040	-11,29762419701740	3
-11,88592547511140	-12,13963614683150	3
-11,88569773008510	-10,77593032423610	3
-11,88304350179650	-11,54835018537910	3
-11,88055204413180	-10,48659918162560	3
-11,88051122858920	-11,97180192423150	3
-11,87849012967560	-10,76721160072790	3
-11,87747028057660	-9,69900938208810	3
-11,87723781226740	-12,10809179250430	3
-11,87652073758490	-9,96489617191910	3
-11,87650610248920	-11,22386330091860	3
-11,87589018122450	-11,10655596622050	3
-11,87568558557260	-10,78557895727240	3
-11,87533319591310	-12,07619551841800	3
-11,87449404511780	-13,56921443326610	3
-11,87439410581260	-9,35490393710806	3
-11,87041294369550	-11,54927613031380	3
-11,86997264345450	-11,82469719197540	3
-11,86967362201700	-9,86830929372105	3
-11,86936379871110	-11,71373634240220	3
-11,86851571061850	-12,21229748961310	3
-11,86839765252650	-10,99575825248780	3
-11,86518319020190	-11,48336384193550	3
-11,86405321017280	-11,15196401538520	3
-11,86336635680970	-10,24522704916230	3
-11,85976597009210	-9,27678651659062	3
-11,85874857705760	-11,56493883366370	3
-11,85691731134680	-12,09180153673360	3
-11,85571185169970	-13,98060851989830	3
-11,85538546684900	-12,16220525156610	3
-11,85502899682080	-11,00829809392030	3
-11,85489305671220	-11,78543809957020	3
-11,85478455981830	-12,22404664043020	3
-11,85318342980550	-11,89052437232030	3
-11,85282768953460	-10,46247434888960	3
-11,85278152642200	-11,40278830955970	3
-11,85241710576330	-11,30041888891260	3
-11,85212241754580	-11,78015359612310	3
-11,85176972679210	-10,76240958678420	3
-11,84998996345330	-11,24790707496250	3
-11,84985685686730	-11,66498188783410	3
-11,84885773057090	-13,60594666392500	3
-11,84882504629770	-11,87861918043700	3
-11,84857297228240	-9,90419825714391	3
-11,84827842459760	-11,47319676774150	3
-11,84814676835340	-10,96338785358040	3
-11,84752172022990	-10,54906219662540	3
-11,84492300856970	-10,76542632967330	3
-11,84440623478020	-11,37953694690690	3
-11,84344253611890	-11,14284177752830	3
-11,83993824448550	-12,57837045788980	3
-11,83990941701820	-12,21910884558350	3
-11,83851926503410	-12,20745663149440	3
-11,83806835524530	-14,17188354392720	3
-11,83682406731340	-9,44799572163913	3
-11,83594710379450	-11,07650777275550	3
-11,83456987591040	-10,27750555023290	3
-11,83454144404800	-12,24545366535260	3
-11,83421912472290	-13,84911436270870	3
-11,83289293096690	-12,11463780985900	3
-11,83273940701740	-9,10392243926904	3
-11,83247694853850	-10,82681095563150	3
-11,83227817578110	-11,62736009548810	3
-11,83148446320970	-10,60500121791720	3
-11,83141488656330	-12,54037388736140	3
-11,83064325526110	-11,77330864901490	3
-11,82944900419580	-11,81160486686260	3
-11,82679387433830	-11,88175586905980	3
-11,82359152923630	-12,26139332694480	3
-11,82354772873600	-10,83497947383030	3
-11,82226391259620	-10,95224320760400	3
-11,82097987933180	-12,28271275342280	3
-11,81886435498920	-11,59150566911090	3
-11,81863957086600	-11,37629108207010	3
-11,81839873072040	-10,87854594342200	3
-11,81815672548260	-9,53384382271278	3
-11,81745101930930	-10,63752496066530	3
-11,81321047570610	-13,23511462492010	3
-11,81278560497130	-11,12930862163810	3
-11,81244529719360	-12,08104964751830	3
-11,81210939673230	-10,84007688937310	3
-11,81193538164050	-11,54824340062040	3
-11,81015077285070	-12,84416100615060	3
-11,80907591117620	-10,85999539162850	3
-11,80880784516840	-11,12497254482680	3
-11,80830891057450	-11,15278584706340	3
-11,80768570768990	-10,01828591928130	3
-11,80733588243120	-10,78140889175680	3
-11,80725681943410	-11,09840937623850	3
-11,80691660843650	-10,86574258620180	3
-11,80689634968300	-11,23028127747870	3
-11,80631752319020	-10,45271723685610	3
-11,80511870133180	-11,88250923552750	3
-11,80499049226590	-10,49266515554240	3
-11,80422417608950	-10,95766037362730	3
-11,80377870353030	-10,97972751049180	3
-11,80298325874300	-12,14579467174410	3
-11,80230287915430	-10,40311399059280	3
-11,80209911889630	-10,99773888400210	3
-11,80201576200460	-9,28085165042636	3
-11,80199427476060	-10,67160713378670	3
-11,80188027991780	-10,06633984822540	3
-11,80184804783300	-12,23484128500640	3
-11,80127535291400	-10,51148298100020	3
-11,80117988154410	-10,20916483096890	3
-11,80110075889150	-10,87820669311190	3
-11,79954054068790	-10,76338788421540	3
-11,79820218986290	-11,76270036371690	3
-11,79794274212010	-9,23532825399347	3
-11,79493212934510	-12,01322979384640	3
-11,79433784359450	-11,23570085520590	3
-11,79356124051570	-10,82551639603960	3
-11,79270553599680	-10,48230774640810	3
-11,78992441416520	-10,56224512978730	3
-11,78979478282330	-9,92956934326254	3
-11,78963869486650	-10,20466982223970	3
-11,78902149946240	-11,95403547159680	3
-11,78813431503890	-9,72556055507361	3
-11,78722461294590	-12,91605487248870	3
-11,78688524063020	-9,90464546448360	3
-11,78468135981250	-11,85743539096220	3
-11,78349744930420	-11,24858284613400	3
-11,78207092657970	-10,32885986098520	3
-11,78047165195790	-12,94024619103410	3
-11,77822689213530	-11,06914486814290	3
-11,77708823336840	-11,29474137664680	3
-11,77381028843830	-11,68379745868560	3
-11,77321539338970	-10,64831369495910	3
-11,77304372847330	-10,45916595044000	3
-11,77300309259040	-11,72958777292070	3
-11,77237419460900	-10,47126112289670	3
-11,77216039129710	-9,45185295870174	3
-11,77162616297220	-12,48783092604070	3
-11,77093016401840	-9,66283229559467	3
-11,76956306414120	-12,55822883834570	3
-11,76917020049580	-11,81511187627130	3
-11,76895446359640	-11,45860320912890	3
-11,76811274390770	-11,38225290691330	3
-11,76729948083720	-11,38439873619780	3
-11,76705194992100	-11,92600650636960	3
-11,76667406066380	-11,74402009544420	3
-11,76621395397260	-11,29423040529700	3
-11,76587897174010	-9,67354628516739	3
-11,76557796966220	-10,67829308785150	3
-11,76509033922790	-10,78362105772150	3
-11,76317174706660	-11,61891388145060	3
-11,76224830188870	-10,90997821622790	3
-11,76169436189860	-11,83718666207760	3
-11,76063647273530	-10,24971217282760	3
-11,75920414753810	-11,39510528565360	3
-11,75669178442270	-11,73320187403080	3
-11,75606370228290	-11,15427369422430	3
-11,75471384698530	-10,61226830152220	3
-11,75450792947420	-11,35481287658540	3
-11,75360437957730	-11,58540911824260	3
-11,74895321681210	-9,44700503823396	3
-11,74746467597110	-10,60029371455390	3
-11,74617603670860	-11,54482926471390	3
-11,74546182016130	-9,93083012726580	3
-11,74529202914420	-11,34140773499460	3
-11,74380135732400	-9,33563072810140	3
-11,74228637043010	-11,67529400280170	3
-11,74073082132010	-10,13246255299880	3
-11,74042809843690	-11,03093075959960	3
-11,73877966053340	-12,84686078917950	3
-11,73838962454540	-8,77852292584940	3
-11,73833812670030	-11,17792555060870	3
-11,73833523042720	-9,99434799638697	3
-11,73815031661090	-12,31966781972180	3
-11,73667396221850	-8,40808414561174	3
-11,73639484625760	-11,15339258267020	3
-11,73531302436950	-10,12821179945950	3
-11,73525631261770	-11,75214570616050	3
-11,73496302906200	-9,66929133255139	3
-11,73490846529920	-12,04371028782430	3
-11,73392660613340	-10,85960519195080	3
-11,73230118335380	-9,65224525268628	3
-11,73219493077800	-11,09531534071090	3
-11,73213461381350	-11,68226840506800	3
-11,73149421515760	-11,30749074519700	3
-11,73120874353380	-13,36547572117080	3
-11,73016342847650	-11,08940046736060	3
-11,72954907887160	-10,25525196655200	3
-11,72879117729570	-10,36706517107680	3
-11,72778850111870	-11,95450571931620	3
-11,72485196292960	-10,82139176151140	3
-11,72293276955170	-12,29138765379020	3
-11,72148826262130	-11,64370762240110	3
-11,72080005845420	-10,11121638158200	3
-11,72068052292720	-10,62353233820300	3
-11,71994975138020	-12,35523419991960	3
-11,71860822253370	-10,44928182799040	3
-11,71827903178290	-9,35964210006510	3
-11,71776606284150	-11,81565001409930	3
-11,71622169832010	-10,64093538321420	3
-11,71586472338200	-11,17171335541440	3
-11,71493451955050	-10,59931751179700	3
-11,71462760490020	-10,88675177342910	3
-11,71412291547420	-12,87633330129480	3
-11,71333356128690	-11,42684683723280	3
-11,71164342498390	-9,38223143092287	3
-11,71124041579690	-11,12666643668530	3
-11,70874911993080	-11,17644697987040	3
-11,70868317033060	-13,13386497276750	3
-11,70516108731910	-11,63839924336030	3
-11,70511805080140	-10,41133114346220	3
-11,70487167206910	-11,21316747784260	3
-11,70458600272550	-10,41215259015150	3
-11,70382581553310	-10,55048966637600	3
-11,70352456817090	-12,32036482597130	3
-11,70259427469760	-11,38262911646380	3
-11,70128473387970	-12,08266644896250	3
-11,70109734995310	-11,28143141118150	3
-11,70094051884810	-11,37651365305150	3
-11,70082886003580	-12,75568413121180	3
-11,70005709578270	-9,11805297630624	3
-11,69960789923000	-11,36412232848010	3
-11,69870781192360	-11,77186041431130	3
-11,69859301418740	-11,86885917797380	3
-11,69704353690940	-11,90597427091430	3
-11,69691902129540	-11,34821306525170	3
-11,69615194257890	-11,20162787396870	3
-11,69571389242370	-10,15200342213380	3
-11,69563229420610	-11,36489722471720	3
-11,69298677081710	-10,84971364671970	3
-11,69298333089410	-11,21098548348150	3
-11,69018416127670	-11,51816816093310	3
-11,68920248363090	-12,08304705580060	3
-11,68910579644310	-10,19222818495590	3
-11,68877954504480	-10,91623474305660	3
-11,68850732554650	-12,87957476740510	3
-11,68671695881650	-12,19841819811280	3
-11,68406508143290	-9,82183574642015	3
-11,68339800894920	-9,73920662841727	3
-11,68332517530000	-11,52400571183670	3
-11,68294437286560	-10,45461170249670	3
-11,68100383180140	-11,36439058155160	3
-11,67992168905750	-11,72946262588180	3
-11,67978444335190	-10,04261032664830	3
-11,67918126023340	-8,13632057602966	3
-11,67829484224120	-10,58395427931320	3
-11,67789591123590	-11,43588655531980	3
-11,67622942841200	-9,80996761567729	3
-11,67320565683710	-10,67080473867260	3
-11,67268036510100	-12,38698590777150	3
-11,67230143310380	-10,87413385151690	3
-11,67191032430640	-11,34925508456150	3
-11,67013895548020	-10,59618495254510	3
-11,66992659545890	-12,64052353202350	3
-11,66807758182730	-11,02900188313210	3
-11,66623225610630	-10,56670940298790	3
-11,66587300893720	-10,18698718887910	3
-11,66557217334650	-12,37715602331050	3
-11,66506089296600	-10,74858050338630	3
-11,66481508811670	-10,75286480581100	3
-11,66459103423540	-12,26594068204630	3
-11,66412128815960	-9,28854760782965	3
-11,66248570361040	-12,50371308934640	3
-11,65506256403950	-13,14508682539820	3
-11,65475703960590	-12,06552868099960	3
-11,65323967827490	-12,49575820170060	3
-11,64811981125270	-10,17916953047240	3
-11,64649330886980	-10,87402823029070	3
-11,64403894499670	-9,91533973583310	3
-11,64308353733100	-9,12830244473313	3
-11,64275276691670	-12,06808217668900	3
-11,64147519918810	-11,60056576609830	3
-11,64111311335330	-11,01677384057890	3
-11,64096276569180	-11,32664063446130	3
-11,63894555879500	-11,04056842072260	3
-11,63817349774010	-13,52517740272000	3
-11,63734662487090	-10,30080371219280	3
-11,63719827088610	-10,42219316066190	3
-11,63564969181240	-12,22347414640440	3
-11,63488253628680	-12,03832879065560	3
-11,63442149914880	-12,57898182797390	3
-11,63400060946920	-11,51334508856890	3
-11,63390663286740	-11,27485635935440	3
-11,63028387366230	-10,68321215194510	3
-11,62958885100370	-9,63959800705367	3
-11,62894870503080	-11,00383485624900	3
-11,62680659830810	-11,58708045954300	3
-11,62668973276590	-8,46060326754353	3
-11,62360132414260	-10,12338627520630	3
-11,62336738817110	-12,32257764593660	3
-11,62291671670870	-10,53600086272890	3
-11,62230675704210	-10,36991881949630	3
-11,62121643693180	-11,20803479962410	3
-11,62089144136750	-11,27279245160240	3
-11,61964466798640	-10,83410687646930	3
-11,61916036153960	-11,52557741916430	3
-11,61845633931790	-12,21570945114970	3
-11,61666442659020	-9,92255360493700	3
-11,61522874237990	-10,84282590855860	3
-11,61241824045210	-8,21404531374017	3
-11,60860892952290	-10,78313092305880	3
-11,60834437014120	-11,38328481458000	3
-11,60796366265970	-12,12788237089740	3
-11,60738234217490	-12,81201903364830	3
-11,60660599390750	-10,93140267562950	3
-11,60548647007170	-10,69874522469870	3
-11,60496674577550	-11,25817144041680	3
-11,60128596178850	-10,49395752713450	3
-11,59961679118270	-10,73449582149070	3
-11,59738597740750	-10,65590335895490	3
-11,59528773571120	-10,20480451346410	3
-11,59519368608070	-12,58732307739380	3
-11,59285099227210	-12,55443014533220	3
-11,58752189999480	-10,04852737388250	3
-11,58739709503870	-9,85787862126985	3
-11,58703507046870	-11,96276039984950	3
-11,58601858812530	-9,41375965450919	3
-11,58466271801710	-10,69515290316340	3
-11,58319119862810	-12,50367278064930	3
-11,58191653292320	-11,24477163101440	3
-11,58182851936910	-11,41743581724600	3
-11,58179528951750	-10,41673950803570	3
-11,58080292648180	-9,47960800666652	3
-11,58053477189130	-11,61760842602710	3
-11,58033088335930	-10,36440754047280	3
-11,57723622264220	-11,00672548677620	3
-11,57665572516160	-11,02710640253620	3
-11,57592530954700	-9,49701161378412	3
-11,57587574379370	-11,56745006359710	3
-11,57522165516300	-10,07006581119030	3
-11,57512544264890	-10,06030907914390	3
-11,57510931005290	-9,83365025294065	3
-11,57418849943130	-11,08560553723940	3
-11,57377840673380	-11,08856565659150	3
-11,57257749602080	-11,43024193048330	3
-11,57247931947100	-9,68263120600887	3
-11,57155769189030	-12,19691050946180	3
-11,57050037092270	-11,60083705277330	3
-11,56941880937340	-12,53200689236000	3
-11,56549794138920	-12,14571099976250	3
-11,56421260176040	-11,00022017748640	3
-11,56278028032300	-11,46058811994420	3
-11,56221211308320	-11,78737149569710	3
-11,56216374719790	-10,73186225356680	3
-11,56139759376020	-10,73631050466490	3
-11,55992120806520	-11,00036342119960	3
-11,55854344042620	-12,53291852181920	3
-11,55659336232350	-12,16989333392860	3
-11,55417831072060	-9,93310079751510	3
-11,54866125410810	-11,46280990026840	3
-11,54864561956790	-9,65535162732773	3
-11,54764477067940	-11,65278236929300	3
-11,54713526525050	-11,51529741398780	3
-11,54472181848980	-11,13174976887130	3
-11,54334047646830	-11,68571823843440	3
-11,54329252451380	-9,63146098249556	3
-11,54275172869980	-10,29894652277020	3
-11,54241192076650	-10,43736109518540	3
-11,54154881042810	-12,70218507133750	3
-11,54062594599470	-10,94493367299400	3
-11,54050705178810	-11,44369955553300	3
-11,53744001726490	-10,40706447080370	3
-11,53741799501150	-11,64884416712050	3
-11,53671180109130	-9,99740292152238	3
-11,53515284276700	-10,77302280224380	3
-11,53359301375800	-11,39641138779570	3
-11,53334431787570	-11,11024539965530	3
-11,53285229834990	-11,52165052423750	3
-11,53079393701020	-10,63565651912760	3
-11,53022391989700	-9,75670318144242	3
-11,52880008990550	-9,55621919680198	3
-11,52878274977490	-12,49637710229580	3
-11,52833836294480	-10,84425552794840	3
-11,52827461111390	-10,16924267852120	3
-11,52778996163190	-10,48585510323860	3
-11,52758306943610	-11,72257107512850	3
-11,52538555241140	-11,40886125064260	3
-11,52402354234880	-11,13243942695540	3
-11,52341425249050	-11,06145408192360	3
-11,52161197597430	-9,64764046489606	3
-11,52038470314770	-10,16593735957980	3
-11,51957604429420	-11,18628016730940	3
-11,51888238715090	-10,03625278427310	3
-11,51703533470400	-12,88714040578420	3
-11,51692976755580	-10,40008019575710	3
-11,51643212160130	-11,31981375917590	3
-11,51551253609570	-11,51758986935120	3
-11,51476870548670	-11,34786170036490	3
-11,51370964919500	-11,00232974456110	3
-11,51030656919650	-7,97956798666177	3
-11,51030635701670	-11,15323291680110	3
-11,50812218678700	-10,14517601849820	3
-11,50783248658730	-9,72349577014686	3
-11,50704611366490	-9,69517639656636	3
-11,50521484489480	-13,76274887727690	3
-11,50283379190780	-11,50632826636250	3
-11,50277432809330	-10,38747132404710	3
-11,50230733926870	-10,91239791169670	3
-11,50204339587860	-10,32003847475160	3
-11,50054672256880	-11,14133695564470	3
-11,49917139411800	-9,03629329176225	3
-11,49624440158550	-10,01780191136810	3
-11,49263601069500	-10,67565955673000	3
-11,48595210512240	-10,17350276172250	3
-11,48575461813780	-9,57400823557421	3
-11,48518051918290	-11,06122821374880	3
-11,48198601022410	-12,24744768695250	3
-11,47949729902220	-12,42980989459990	3
-11,47922408575640	-11,11233548112320	3
-11,47870096441380	-9,45000839721893	3
-11,47865085735660	-11,17846623130590	3
-11,47585168844540	-11,14089419739400	3
-11,47554814290360	-11,12010183386720	3
-11,47503830442200	-11,07995041402890	3
-11,47353149029920	-11,33862032030070	3
-11,47306073837120	-11,88093563925000	3
-11,47296233904380	-12,24681638803050	3
-11,46582449542260	-9,60763557755639	3
-11,46330935057040	-12,97056433448660	3
-11,46320918842550	-12,33652625563760	3
-11,46210296459380	-10,23926336637640	3
-11,46026815820920	-10,42436933609090	3
-11,45801300780360	-10,71765234818480	3
-11,45546283685360	-11,52936673107700	3
-11,45436608121220	-12,63024310390910	3
-11,45386897102260	-9,98071707340857	3
-11,45094936104810	-10,49746410498850	3
-11,44875854326380	-12,41328141061180	3
-11,44868645697930	-11,32456296140910	3
-11,44842988722570	-11,67753548736900	3
-11,44826311191950	-12,04992150388120	3
-11,44750735108380	-10,47449407661780	3
-11,44701944573610	-10,76538780555250	3
-11,44497544424970	-10,41772090408340	3
-11,44403524576980	-8,88540917800503	3
-11,44354135305170	-12,85704703828780	3
-11,44252764595610	-11,11261413786650	3
-11,44251549821360	-10,56731286394090	3
-11,44079792424910	-10,73164661547670	3
-11,44015563040530	-12,74853690978530	3
-11,44000312588720	-11,43796481413030	3
-11,43979150179440	-10,14442950794140	3
-11,43934227883960	-10,81579151664250	3
-11,43672511969160	-9,28388758382375	3
-11,43429704838410	-10,29399497333730	3
-11,43331817133900	-11,58005982508520	3
-11,43211097720530	-10,60091091501750	3
-11,43028426782570	-12,78125144734410	3
-11,42998237765510	-12,17893038166610	3
-11,42829846266240	-9,36630316294420	3
-11,42752371185080	-10,14671388234540	3
-11,42672748388680	-9,80434891644032	3
-11,42406083219430	-12,09040044132190	3
-11,42243806473380	-11,84200297936260	3
-11,41989350058540	-12,54543545234730	3
-11,41723286204810	-13,00349009058330	3
-11,41253593232610	-9,66205546512578	3
-11,41238803102830	-10,03152750196910	3
-11,41055055183430	-10,67491536741740	3
-11,41028584650720	-11,58296381251290	3
-11,40959067144380	-12,80693749552840	3
-11,40945895811030	-10,74885323222170	3
-11,40504924725120	-12,20983456154310	3
-11,40468422514860	-12,58373480745470	3
-11,40295854368640	-11,69077007652550	3
-11,40089114298380	-9,01380742525863	3
-11,39813173233080	-9,90761215488791	3
-11,39449007833750	-10,58629501392480	3
-11,39164719840840	-12,91242076442920	3
-11,39117852921890	-12,08959949961580	3
-11,39083599260580	-12,16830375111170	3
-11,39063653954070	-11,71807222099630	3
-11,39014336169750	-10,29267920661040	3
-11,38925105204230	-13,20261685729220	3
-11,38888413910520	-12,50288004546050	3
-11,38674681612520	-10,60081271475210	3
-11,38531757776560	-10,64542166591110	3
-11,38331293985340	-9,48763722318956	3
-11,38306096213470	-9,67787483479464	3
-11,38135596996090	-12,72793126142270	3
-11,38130571654510	-10,71620033204710	3
-11,38012100358750	-12,31800177768600	3
-11,37991625270430	-10,79450363733800	3
-11,37750290145880	-11,38236845591990	3
-11,37556212412760	-10,57207551449940	3
-11,37393586215920	-13,07491005506340	3
-11,37268152634760	-11,08578549323640	3
-11,37230910819220	-10,46712821581950	3
-11,36955994903450	-10,61784812737960	3
-11,36659296720530	-11,69382980489150	3
-11,36638744192280	-11,57238220701810	3
-11,36590821484500	-11,28869576537600	3
-11,36554123891780	-10,44261222302120	3
-11,36338635177760	-12,17346558191290	3
-11,36304506010360	-11,62521463808540	3
-11,36295185287350	-10,75701798792830	3
-11,36077890352160	-11,28281819407230	3
-11,35918142839510	-10,00751460169170	3
-11,35401144511210	-11,03883301806160	3
-11,35350690352780	-11,72019063626410	3
-11,35293099561660	-10,85203217505080	3
-11,35277574770080	-11,35185462951300	3
-11,35133116962360	-10,32619984501880	3
-11,34907891467220	-10,68293692345480	3
-11,34845961291520	-11,64568737580840	3
-11,34580101959100	-12,85420188602020	3
-11,34564042637030	-11,83962184709540	3
-11,34393029346290	-12,48532297030450	3
-11,34326930972680	-10,71213566668430	3
-11,34303737197220	-11,08528431424990	3
-11,34225398784930	-9,35480150326095	3
-11,34183879901420	-11,32966393400190	3
-11,34156176535480	-10,04938764560780	3
-11,33979113324300	-10,79967573176070	3
-11,33944710360660	-11,19839791719780	3
-11,33913817862130	-10,65423637402830	3
-11,33837218650710	-10,78358480675660	3
-11,33672690210560	-11,99114504046600	3
-11,33601087924490	-11,86065785788990	3
-11,33574802278130	-10,18109337602700	3
-11,33453974574670	-11,77999404501510	3
-11,33450459532990	-12,64567257184440	3
-11,33409239461430	-11,93693255029770	3
-11,33375855318350	-11,67096287716340	3
-11,33316290832480	-12,15935818592100	3
-11,33186704303740	-11,40431163314320	3
-11,33132555523440	-10,65790397575020	3
-11,32784582148760	-11,52239887353710	3
-11,32771002707400	-12,15370930937550	3
-11,32490280918330	-11,89900037368950	3
-11,32161273551520	-9,95902963349723	3
-11,32153986022370	-9,88746890196754	3
-11,31846347128930	-9,14614487219100	3
-11,31786567712270	-11,80995259647050	3
-11,31756658871270	-12,18849978305040	3
-11,31718343143380	-11,85291925707600	3
-11,31599879488820	-11,33119563980450	3
-11,31598116000290	-10,73632140583230	3
-11,31327278167640	-10,09746410878910	3
-11,30873738793060	-8,82119742340539	3
-11,30817254550790	-11,48337685533130	3
-11,30627251876850	-11,21334773943520	3
-11,30437239895540	-10,60214951807750	3
-11,30338668114400	-10,41095747565920	3
-11,30302962061960	-11,55764607026160	3
-11,30296484847490	-9,47678767182074	3
-11,30222077099020	-10,59977214432940	3
-11,30038800574130	-9,61556041953097	3
-11,29829453335020	-12,26813721979250	3
-11,29670914796130	-9,68867300452345	3
-11,29618603321290	-12,47820816183200	3
-11,29572139116900	-10,81066550665130	3
-11,29462788895800	-11,11248927314500	3
-11,29415841636530	-11,68077828164700	3
-11,29401290711410	-10,79123234169110	3
-11,29397796681660	-11,68784011214350	3
-11,29185545410680	-10,76738291287960	3
-11,29184084058990	-11,89939356079840	3
-11,29043062378240	-11,18215695889310	3
-11,29040530423650	-11,54136834774600	3
-11,28983209859960	-8,86500547809149	3
-11,28602605222690	-12,67252319022730	3
-11,28494998898560	-11,63630619945900	3
-11,28455560480740	-10,63033308408130	3
-11,28253522753920	-10,45318710908490	3
-11,28251446776430	-11,28534220322460	3
-11,28215215528870	-10,11377032440370	3
-11,28186277591990	-10,22149442435640	3
-11,28092888586230	-11,74654680621580	3
-11,27902283208110	-12,17904479835430	3
-11,27870304831860	-10,93308549347970	3
-11,27696246234260	-10,82396699644620	3
-11,27652595928700	-12,05569526108370	3
-11,27388861802460	-11,59880603485200	3
-11,26939480642670	-11,97571960165790	3
-11,26817102940060	-9,89591410605149	3
-11,26708574865310	-10,70828574755420	3
-11,26112189857830	-11,21182458505240	3
-11,25970101438540	-10,84699512787020	3
-11,25883852837740	-12,06232106335540	3
-11,25859795421520	-11,05198958942550	3
-11,25477823636900	-11,40587053268290	3
-11,25462920431400	-10,61970544469560	3
-11,25417274722080	-10,91830501574590	3
-11,25406320931430	-11,18605838779090	3
-11,25360032947060	-10,10003438298850	3
-11,25080587965600	-11,92341997057470	3
-11,24917244022540	-11,05231778603110	3
-11,24897655360490	-9,51327517232112	3
-11,24866710949880	-13,01801776120710	3
-11,24703206692780	-12,26252479091060	3
-11,24587504906050	-11,46995737384070	3
-11,24049169655420	-10,25139981378200	3
-11,24020553756660	-11,33298667673420	3
-11,23678695487010	-10,70652143173570	3
-11,23555113025720	-12,45899557886190	3
-11,23540469845690	-10,63224699969220	3
-11,23401080668470	-10,27071659074120	3
-11,23285011663160	-9,86172529404448	3
-11,23186145980850	-11,15439153809310	3
-11,23073398509720	-10,64600149402760	3
-11,22961404328960	-9,46958762883928	3
-11,22270608893360	-10,24962336149720	3
-11,21309653972450	-11,29603048448920	3
-11,21126182838120	-9,21334927203882	3
-11,20594750377620	-11,65733566304410	3
-11,20567570856570	-10,61401377256000	3
-11,20515883245120	-10,56692384258550	3
-11,20385193543340	-10,80740116197950	3
-11,20378303449590	-10,04060764766610	3
-11,20316677262360	-9,76109298404639	3
-11,20229945507200	-12,04240383264660	3
-11,19994609526250	-12,52260676380770	3
-11,19602424269650	-11,93461629448320	3
-11,19396564337240	-11,29534567984590	3
-11,19208281271530	-10,78638769225200	3
-11,19099950642240	-10,98511161023000	3
-11,18965034862020	-11,21017375580290	3
-11,18627805130640	-10,21951041672170	3
-11,18601000114860	-10,82212064988860	3
-11,18562995224170	-11,88378317568990	3
-11,18526313315490	-11,69318615967710	3
-11,18377933650010	-11,85233618818300	3
-11,18350029487440	-12,17616648950870	3
-11,18251497404920	-11,76700132623250	3
-11,18085488968720	-12,43415435180470	3
-11,18009926855880	-13,30339746484710	3
-11,17965689341650	-11,64463495002670	3
-11,17907885095350	-10,99812112633980	3
-11,17760374738810	-10,77772826314960	3
-11,17528365560890	-11,59341307411860	3
-11,17506876603440	-11,26923181617970	3
-11,17445602147510	-11,82584675656450	3
-11,17405016014480	-11,89026297228990	3
-11,17042371834230	-10,17376565732360	3
-11,16805307906440	-10,57711430345490	3
-11,16623538552610	-10,88197543206150	3
-11,16456151809060	-11,79709547820750	3
-11,16362283990010	-11,16681016697110	3
-11,16029895454940	-11,16734528962700	3
-11,16029745990190	-12,28511974479620	3
-11,16021746539520	-11,00941674537140	3
-11,15764529695660	-10,66891201048370	3
-11,15729879924020	-10,73471453058350	3
-11,15645512343850	-12,05612998914860	3
-11,15559795774300	-13,33036297706780	3
-11,15390279101980	-9,13076311460912	3
-11,15092506987610	-11,98689792843170	3
-11,14980179542150	-12,14073338646770	3
-11,14923071656360	-10,58116345853600	3
-11,14874333814970	-11,84710884342140	3
-11,14677732513120	-11,90926814168560	3
-11,14664679334790	-10,13066761319120	3
-11,14432374604560	-11,40100109304470	3
-11,14251068604720	-11,10382428474960	3
-11,14229448659390	-10,73350356751210	3
-11,14195057831560	-12,86283109641960	3
-11,13921424776750	-10,70632328969000	3
-11,13850662636220	-11,67362433559540	3
-11,13719971371580	-11,11501374153660	3
-11,13506614907050	-10,96591124574240	3
-11,13056389012570	-12,85160064906900	3
-11,12896241791690	-10,43648368809700	3
-11,12816297828970	-10,68132568466760	3
-11,12813975620870	-12,20576997426960	3
-11,12758913470180	-11,43332175111190	3
-11,12748154319730	-11,43216421340370	3
-11,12542823434000	-11,48717160440000	3
-11,12472650992450	-11,74616289136920	3
-11,12152437308980	-12,25433193467850	3
-11,11974209460700	-10,57294387736650	3
-11,11751648431930	-11,02337834169510	3
-11,11475127182480	-11,60174441966100	3
-11,11365676282160	-11,51633136939440	3
-11,11264731555060	-12,77145971525090	3
-11,11219816477750	-11,51352646948440	3
-11,10958465536660	-8,69876299321752	3
-11,10785271076540	-10,48068961019810	3
-11,10315487603100	-12,54145323267250	3
-11,10258542235280	-12,73901807892720	3
-11,10175132721320	-10,38332487727600	3
-11,10088982486610	-8,89869215261376	3
-11,09960267675680	-12,14245278726190	3
-11,09559130185960	-11,45653098863970	3
-11,09558572442540	-10,97773734734360	3
-11,09310469906440	-11,09666103874050	3
-11,09208263113040	-11,08498997493880	3
-11,09182075714420	-10,56642672448390	3
-11,09159644294190	-12,37907704912650	3
-11,08940152056340	-11,99840739295320	3
-11,08715071008240	-10,17179164158600	3
-11,08552918289310	-12,30891869848640	3
-11,08235764430060	-10,65663831827640	3
-11,08107630157900	-12,60281424149860	3
-11,07989833759000	-9,85518686305129	3
-11,07716024466960	-9,23989845318507	3
-11,07631694646700	-11,60635308506210	3
-11,07411300034490	-10,04930036940630	3
-11,07111281042890	-9,97113187951026	3
-11,07095090282030	-10,72424099111090	3
-11,07088924451350	-9,99392425029135	3
-11,06858362393350	-12,46174418049980	3
-11,06533355678780	-11,41914921224570	3
-11,06182413080790	-12,54492965308510	3
-11,05625068959820	-9,44248830150220	3
-11,05582051484650	-12,59442351889120	3
-11,05096239716580	-12,09509661540390	3
-11,05081675930920	-11,87404641280810	3
-11,05027588208710	-10,97052683893020	3
-11,04774868969810	-10,01866916830670	3
-11,03785645051350	-11,07080189641290	3
-11,03414880912860	-9,82901375362883	3
-11,03235405952410	-11,67271989733550	3
-11,03038038428470	-9,95746943719531	3
-11,02976196328650	-10,40247071913530	3
-11,02564524934660	-9,27121021701669	3
-11,02514994006320	-11,41585613531230	3
-11,02027610843570	-9,79783094747237	3
-11,01968090206250	-11,22012227266520	3
-11,01772917313770	-12,11864341794050	3
-11,01671032821360	-11,54885554117120	3
-11,00861997106240	-10,83776407001710	3
-11,00841674714910	-11,35642305242990	3
-11,00767978701290	-9,84407237902880	3
-11,00698686785240	-10,42404125553420	3
-10,99990455926030	-12,79760285896810	3
-10,99725961708930	-9,69732160285319	3
-10,99523484498540	-11,48027865754320	3
-10,99270553744980	-10,26301590919880	3
-10,99105155807010	-11,07744466165580	3
-10,98872498723490	-12,07592021678520	3
-10,98364606268310	-10,01171495662940	3
-10,97838712601390	-11,48199378569110	3
-10,97749745092400	-10,18925477413300	3
-10,97503424166130	-12,30017911916610	3
-10,97061066666310	-11,99532906476330	3
-10,97011839890490	-9,73454909203778	3
-10,96618232957820	-11,05168655744370	3
-10,96571370472530	-10,12947222436350	3
-10,95224499170530	-10,96757774022590	3
-10,95140055228100	-10,62725065954760	3
-10,95012972763270	-12,20517246983670	3
-10,94994506885550	-11,80723342667920	3
-10,94975709394030	-11,59662285406210	3
-10,94916262908920	-10,33888346241090	3
-10,94857478523820	-11,78504255157350	3
-10,94395271307620	-11,32143005493220	3
-10,94393844215450	-10,92623582265540	3
-10,93694950991680	-11,12567827595250	3
-10,93521600332360	-10,49219101506050	3
-10,93505826286830	-11,81037680989720	3
-10,93266332197300	-11,40488155868290	3
-10,93000800868160	-11,73677729586470	3
-10,92785990812960	-11,89461593947800	3
-10,92762853419810	-10,78981979381170	3
-10,92704363216740	-11,00455527939190	3
-10,92614337387290	-11,12909217605650	3
-10,92365231939350	-9,87525616901729	3
-10,92196968824060	-11,51489276673440	3
-10,92027625990460	-10,95912318511110	3
-10,91977680746210	-11,52660731282080	3
-10,91838696150050	-13,23805149258210	3
-10,91542767521960	-11,92745878565860	3
-10,91278243083740	-11,11821570152890	3
-10,90968174815480	-11,24460943975020	3
-10,90844939269400	-11,45617678059700	3
-10,90518353214330	-10,84405601901400	3
-10,90311148290080	-10,82367746725360	3
-10,90289750045090	-11,15456079710540	3
-10,89695073299360	-10,36206266500850	3
-10,89472857713470	-11,12562929295150	3
-10,89422159927340	-10,40355889460100	3
-10,89077823965170	-10,35927673849370	3
-10,88658675740650	-10,23760269303960	3
-10,88527907035420	-10,05567959351460	3
-10,88330822111900	-10,48656021214610	3
-10,88318048503880	-11,48473705028080	3
-10,88209589443790	-10,44579515973210	3
-10,87498052601130	-11,31465952450210	3
-10,87389076199390	-11,33647165032220	3
-10,86897172799930	-9,57473946540503	3
-10,86862415599660	-12,12526001087150	3
-10,86700776446930	-11,67637407576950	3
-10,86608529481430	-11,02971875187530	3
-10,86569980910010	-11,66623351401490	3
-10,86452601054200	-8,87874006398403	3
-10,85880771334220	-10,75123221088380	3
-10,85842979058740	-11,94538533034490	3
-10,85063942685020	-9,79541812779057	3
-10,84878351121720	-10,26492293274930	3
-10,83321466493280	-11,83538292908660	3
-10,83159142822480	-9,81346452472867	3
-10,82996148600800	-11,68081944058740	3
-10,82882271614450	-10,56283144593310	3
-10,82878209468240	-12,21572002201180	3
-10,82642343749870	-11,40620016809910	3
-10,82537500523230	-13,18393534686960	3
-10,82152101908590	-11,14012977967140	3
-10,82125234744730	-12,65827285160750	3
-10,81386151527940	-10,69945356733220	3
-10,81292112461310	-11,66530288690940	3
-10,80890066868100	-12,77265208380250	3
-10,80861429625780	-11,32697089822130	3
-10,79815640118420	-8,35108675490390	3
-10,79341938059920	-11,17791708672000	3
-10,79180513108100	-9,73896461754360	3
-10,79091291693300	-12,10524224507110	3
-10,78546834400760	-11,53398849815070	3
-10,78227205383030	-9,77916838330511	3
-10,78181612980140	-12,13479122075480	3
-10,78121344244470	-11,98854358575880	3
-10,78116263051240	-12,48948861643460	3
-10,78104469777840	-9,94001289175540	3
-10,78030222293740	-11,60080579586440	3
-10,77678235293090	-11,70888019894250	3
-10,77469740628190	-12,31044674147470	3
-10,77418907653550	-12,61493205421550	3
-10,77306434721540	-13,16026260401960	3
-10,76585261846980	-11,58528444101030	3
-10,76354277529150	-11,79072604548110	3
-10,76163208811320	-12,23398341163040	3
-10,76000858639730	-11,26898722841010	3
-10,75984647083670	-10,08803401292880	3
-10,75139998963190	-10,35459925495060	3
-10,74871048522480	-10,42652890604140	3
-10,74543711372360	-10,73040854653100	3
-10,74406379128320	-12,63798604642820	3
-10,74265135550700	-11,92364867977420	3
-10,73173070303020	-10,39170176543020	3
-10,72751422510390	-10,42852081453520	3
-10,71540484131310	-11,36481056676980	3
-10,70446595957190	-10,94778390858110	3
-10,70432517770890	-11,32841853361720	3
-10,70157660807200	-9,18330946998727	3
-10,70050983817400	-10,37775134262790	3
-10,69553107661050	-11,47601524967230	3
-10,69418371265980	-12,20090797317080	3
-10,69081442045930	-11,25821680748140	3
-10,69048082134130	-11,85335159994010	3
-10,68948335538520	-10,78239359765540	3
-10,68790163189140	-9,87352731795928	3
-10,68767856425990	-10,53061258743490	3
-10,68507843470470	-10,72928817801210	3
-10,68336513714940	-10,98337925279640	3
-10,67651048071170	-9,97283346128651	3
-10,67280357187650	-11,10240260430490	3
-10,66807140641840	-9,62320247852040	3
-10,66699820308730	-10,28617275719820	3
-10,66551544707240	-10,01449204025470	3
-10,66545323187690	-11,43577609822080	3
-10,66389758392830	-11,88813452524210	3
-10,66167366795730	-10,01679785209400	3
-10,66074852307690	-10,55222276637580	3
-10,65833873798740	-9,44273601818216	3
-10,65621587189960	-10,69467600617360	3
-10,65469058782910	-9,84621910858031	3
-10,64289092590540	-11,58164684470090	3
-10,63983231910190	-11,04746789826170	3
-10,63627461363880	-12,86280546632170	3
-10,63623384170980	-11,27102572857170	3
-10,63328782915980	-11,31256365478390	3
-10,63141798831810	-11,03787979566110	3
-10,62751611587570	-10,24359595139600	3
-10,62092755272360	-9,28786668823739	3
-10,61624674229850	-10,42828829668990	3
-10,61424611045840	-12,42595131368100	3
-10,61147776485960	-10,36350683702170	3
-10,61109227210880	-11,27439525356170	3
-10,60974397030320	-11,15083632541780	3
-10,60813332387690	-10,43922202449720	3
-10,60615657166150	-12,17548824962200	3
-10,60183383335350	-11,84209486807020	3
-10,59532113580960	-10,17669092859690	3
-10,59368610779480	-9,65649090634113	3
-10,58333824577410	-9,88482422435131	3
-10,58128321334800	-10,93500842808840	3
-10,57568577685770	-9,59494314492169	3
-10,56892619502350	-11,47151259696900	3
-10,56814139401270	-11,99007768268840	3
-10,56262551489430	-11,67733588494740	3
-10,56087551211550	-10,67194819084380	3
-10,55378996670970	-9,97996863385701	3
-10,54602254951610	-11,55328040258400	3
-10,54174290788680	-12,42574721301920	3
-10,53829545214540	-10,97319384921670	3
-10,53357133285560	-11,23977977728640	3
-10,52834412329740	-10,84587310511740	3
-10,51633543563770	-10,83957344729210	3
-10,50828590344050	-11,18104710341450	3
-10,50546173237040	-10,64586998556320	3
-10,50299278451580	-11,65076572812970	3
-10,50182407852410	-12,29657301104670	3
-10,50180936920420	-10,89991948346750	3
-10,49591613178630	-11,81053748694710	3
-10,49401417501270	-9,76336122088453	3
-10,49220727358570	-10,43161365063450	3
-10,47978060244640	-10,69176077693020	3
-10,46890398011390	-12,15180722106340	3
-10,46456045144250	-10,36807995347680	3
-10,45186155301860	-12,14803378791270	3
-10,44984424609320	-13,22574525670870	3
-10,44001014980450	-10,78101878568040	3
-10,42372054780690	-11,01617262617650	3
-10,42047709607380	-11,40915600406030	3
-10,41850449962600	-10,22037228468970	3
-10,41392475297830	-12,31085060790420	3
-10,39803111212160	-11,83783061313110	3
-10,39735044243890	-11,77731333470120	3
-10,39310144976170	-11,16332307690880	3
-10,39248565773030	-13,42448562252810	3
-10,39216106018920	-10,49566051173960	3
-10,38839682226010	-11,23986009855770	3
-10,38342225439060	-9,75547246622851	3
-10,37609175411360	-10,34667598891780	3
-10,37450889680890	-10,36203450879130	3
-10,36663058898100	-12,87700311291530	3
-10,36530382040750	-10,09231386436300	3
-10,36435926158230	-11,08378752424350	3
-10,35869849605500	-10,99985281982660	3
-10,35842963344810	-11,49258311872290	3
-10,35574552172940	-10,22920661994390	3
-10,33794215836750	-12,25080427822880	3
-10,33330929493620	-10,10727021408570	3
-10,33007520154040	-11,09723893195650	3
-10,32857991416390	-10,87877965808160	3
-10,31718308243780	-12,17443768748390	3
-10,31032494305240	-12,21126743884650	3
-10,31008500371330	-10,23325345290630	3
-10,30782913236730	-11,87093737611180	3
-10,30726433353760	-10,76750628561270	3
-10,29776288804410	-11,47349110526710	3
-10,29193384625150	-9,80477017511315	3
-10,28622156981680	-10,70782265665570	3
-10,28514489459610	-9,68365527316801	3
-10,28465746813700	-12,93800777538320	3
-10,27924226824000	-11,57837266778370	3
-10,27351298148440	-12,09839510824700	3
-10,25967351483700	-9,74418931462908	3
-10,24999824983710	-8,53935911353869	3
-10,24207559430310	-10,52433650893940	3
-10,24119272164360	-11,02081232387990	3
-10,23833687672090	-11,71878244816160	3
-10,23705873076110	-11,53782042447650	3
-10,22692574326910	-11,44760610333270	3
-10,21292081479880	-10,74745854572880	3
-10,21241880664480	-10,03156358636970	3
-10,20891981041010	-11,72109494971990	3
-10,20519936200060	-10,35857688145500	3
-10,20276094867290	-12,61528088945720	3
-10,20073150657650	-11,70791790138870	3
-10,19026246196960	-12,90913576656830	3
-10,18955828372840	-8,84238584088779	3
-10,18489936576700	-12,02410575245570	3
-10,17223271838170	-12,59440468356810	3
-10,16596763257510	-11,99384458747260	3
-10,16346536956950	-10,43197084909950	3
-10,13782353058390	-8,94991658827921	3
-10,13589076698230	-12,76564276946940	3
-10,13173455887450	-11,14562684412910	3
-10,13103262525740	-9,60548104559682	3
-10,12416877938270	-10,21482161721210	3
-10,12125019782270	-11,53794316008340	3
-10,10916290622470	-12,10758613852450	3
-10,10138965471830	-11,25991747415770	3
-10,10124871313870	-9,42598677127048	3
-10,09206449038720	-12,64568788087580	3
-10,08487884980860	-10,34252247739700	3
-10,07357968609480	-10,96730589743500	3
-10,07002135699910	-12,00113731714510	3
-10,06838103184820	-10,97005618561080	3
-10,06619258878090	-10,69626985243010	3
-10,05633731635490	-10,43664470116160	3
-10,05425757045430	-11,75589544732410	3
-10,05279916708430	-10,63420716189940	3
-10,03503447642870	-11,03723986088080	3
-10,01631330418420	-9,61903446898144	3
-10,01185155261090	-12,20522871040590	3
-10,01005284568350	-11,73520817234200	3
-10,00666103421490	-11,07466548112060	3
-10,00410526972330	-8,80299536819338	3
-9,98108790388018	-9,56195295505368	3
-9,94511479002337	-10,69933336641490	3
-9,92878203147399	-12,58950795897680	3
-9,91369225948293	-12,70554461334710	3
-9,89941653149819	-11,38969499829600	3
-9,88813370567831	-11,40412456085290	3
-9,87283555453019	-10,88480561233420	3
-9,86836984796578	-9,49869914809971	3
-9,86408673446286	-11,99246839917260	3
-9,82364345861901	-12,36470433098810	3
-9,81728823486611	-11,71877781539490	3
-9,80762115435679	-9,81581402459626	3
-9,79263837658796	-10,93429273930300	3
-9,79088379490592	-12,67971296403580	3
-9,77659898871151	-12,17260269118730	3
-9,73591994598780	-11,68217043912890	3
-9,70193610253597	-11,93057702096590	3
-9,67102251319473	-11,42341805597870	3
-9,66011849668585	-11,25041973996310	3
-9,60567884316898	-10,98581425787760	3
-9,59827823208854	-9,92593016794174	3
-9,55102314826061	-7,61836329764961	3
-9,49798748869809	-10,77016483530320	3
-9,44535024975485	-11,14398251087830	3
-9,34072780003782	-10,72483431520180	3
-9,32397243399372	-13,11320266959180	3
-9,16600827394906	-11,87314509662420	3
-8,95487719249729	-10,82536999998140	3
