X		    Y
-12,1078560839018579 -10,8167467504453239
-11,7451338578000417 12,6137510120613854
-11,3851948880454330 15,6681669391152365
-12,9573801168218878 14,3101287850464693
-11,5501439487969098 14,4745858959764178
-11,8832803855770486 0,6774353607855348
-12,7941855387087067 -9,4219978699373303
-14,2610348537030802 0,4648332924826527
-12,1639329324948893 13,9969337560835516
-11,7861766461422608 13,3249986997006822
-15,3297395826160532 -0,0762098250788636
-11,2458750490605812 -11,4699573738407423
-15,9492466197845868 -0,8284170564113729
-12,0990625978456663 -11,8957220924948857
-10,8738907619939358 -11,3364716503222169
-12,5436432193957206 -10,8711700248026943
-13,8680470826725202 0,1023438560347996
-14,0670245582396802 0,2764098141248106
-13,1786536979225186 1,4514991010012477
-10,7918051310810483 -9,7389646175436031
-11,5235920133454819 12,9306848569450068
-15,7374851284322190 -1,3904758457387816
-12,3304175915490521 13,7293532859220182
-11,7229327695517789 -12,2913876537902524
-14,2170119043377703 -0,5880201314945621
-14,7304424022773404 13,6570108850039844
-12,0399465446768978 -10,6566179799193890
-12,3545265245016758 -10,8049072119272829
-11,6840650814329834 -9,8218357464201596
-13,2622589329232241 -11,4262160730375602
-10,6601211894452721 15,2357706934562014
-10,3615792384394876 12,8784785530013721
-13,9955476444969751 -0,0853285458196336
-11,9641141537204998 14,5078875318511198
-12,4779505762799658 -12,9696971723453327
-12,7221433649007754 13,4266553089226210
-12,0349716857879532 14,4550940477900056
-12,2272683418950816 13,8114729923567925
-10,7646265521251010 13,2971700030006659
-14,3597203348173466 14,1728846431339992
-12,3864952593284556 -12,7821337435390205
-14,6888801355375165 -1,1163760846002120
-12,3094689642055553 13,2721190267241056
-12,0494992404854528 14,3123402624386316
-13,7173519412927032 0,3356168983765421
-14,3936808720165690 0,2877064839421907
-15,4946621560762878 -1,5551637017178277
-10,9789630965345850 12,3911749035945817
-13,1961599645025149 15,3902647653214917
-15,5571844526719385 0,2053664723762029
-10,9071788304021933 14,7732135100879507
-12,6467653532401147 -1,0000202284017556
-12,1185801509932585 12,1480928432901649
-12,6419422113048086 15,0469727773084330
-12,2542790200095215 -13,0165607775052745
-14,1191866334689191 0,2032163326243841
-13,0364544418334987 -1,0956546081555085
-11,7383381267003379 -11,1779255506087800
-13,3236985691088687 -1,1743870090919080
-12,6878778467650779 -10,4591244614270913
-11,7074038649100665 15,3303896166628917
-11,9886312340708443 15,2674225762247033
-12,5061469518975930 14,1544535592099265
-12,8590930330230631 13,3587665770472803
-13,3448251941720013 0,5582566407669507
-12,8635609904392911 -11,0078773655975564
-13,9665819986541013 2,1598520117682822
-12,4324493599621579 13,9172968310291552
-14,3944449189144965 1,8270054684071215
-12,0458225629638083 -11,6981867100673274
-12,2235615081506914 13,4152136702672404
-13,7389958287896423 -1,1390249860455040
-13,1908313867913769 13,7328926071784050
-11,7935612405157855 -10,8255163960396299
-12,1629107642769885 -12,1433735623762029
-12,8846885497220516 -9,8386354468056556
-14,2760511799721090 1,0803931000777638
-11,7131268096432404 14,8282267275688326
-13,1748427163348758 -0,1096333180241438
-12,9765487962656945 15,3372928033438107
-11,5759253095470562 -9,4970116137841210
-12,1749402445781758 -12,1695270195862246
-13,6747799877567662 -10,4286545888771514
-14,5038228047651980 1,0227901235876944
-12,1825045667500280 -11,1166464836837875
-12,4637471928869736 -10,4745646239282753
-11,1910637355664822 15,1058354992797099
-15,1585767657730344 -1,2343068193176767
-11,6334602598215593 14,9195417706891700
-13,3711579513215817 1,1791869941769286
-14,4700293698225142 -0,4057590217829151
-12,5181180606343929 -11,0435056037266950
-14,2868357088472191 -0,4678300938066514
-12,2548318374035130 13,7262447814922357
-13,6248046392155313 -12,1880265042185520
-14,7326964121819568 0,1086642511806953
-12,0402380011405707 14,1864413609191740
-11,7622483018887181 -10,9099782162279162
-12,3750824016461003 14,2331876596007074
-11,7383896245454302 -8,7785229258494049
-14,6226755563771036 -0,3139025451931713
-14,4723743093500765 -11,0991344219066246
-11,7352563126177607 -11,7521457061605510
-13,3013075356959209 0,6062682263134052
-13,5758788359070053 2,0458725835198548
-13,2683671822213611 -12,6857040770538418
-13,6499225950243552 14,0631186707689917
-12,0971275690095634 -9,6336024217415268
-15,1659716029659108 1,1271965438273956
-13,1865909754320949 13,2660651447489801
-12,4386682303733256 -11,9112019042157673
-12,6412451433749276 -11,7624246448062166
-13,3679983698556626 -10,3336400727438971
-14,5125844914678286 1,0069064294251886
-12,2405657882400210 11,2133635939982117
-15,1248391118691128 -0,1983354022297772
-9,1660082739490694 -11,8731450966242065
-13,6250466118912801 -11,3635046704077638
-13,8600614429143363 15,2516920587980458
-15,0444146955081042 0,5749128576001190
-11,6212164369318547 -11,2080347996241656
-12,8016185944558174 -11,6132992017215013
-13,8487134340315006 -1,5861678186557440
-13,4988963955463497 -1,0957040127401556
-12,5070887344983959 -10,9618996864627452
-12,5668748802231125 -11,8928664039480321
-13,3936141721809481 -11,4071173783798852
-10,6572105196248845 15,2130459676339704
-10,9501297276327385 -12,2051724698367163
-11,8489994647661234 15,5370579619687277
-13,4179554966985517 -0,1923089097789600
-14,5081212297190891 1,2246395738531524
-15,4180289729233593 -0,8082369423708959
-13,4545399422120262 -10,4293871479632099
-13,4819628804832163 13,7168782011421264
-12,7670884164932801 -0,0759048016380418
-15,4621470063826205 0,2028297309808744
-13,4050407513912511 14,1858191890541736
-12,4533538298646658 14,2269738032420499
-11,5406259459947798 -10,9449336729940274
-15,2897560040215694 0,5749007741287205
-13,6661563075089809 0,7644816495350488
-13,7287836324231396 0,9131840016802468
-12,8466511565862671 15,1176953485241032
-12,9735850162192623 13,3919518380273210
-12,2809871820953465 14,5113122001097743
-14,6448282498754203 -0,3063691252722905
-11,4835601373423906 14,0386227819866445
-14,6624658315507386 -0,0083251559555929
-13,2467010668319620 0,3615278280260256
-12,6827390195083147 14,9806169179299360
-14,4270113975463765 -1,4949818216668731
-12,5239655358026329 0,5453459557847369
-11,0342353443735082 15,6173254349129760
-11,4425154982136732 -10,5673128639409430
-13,3683891405284605 -10,3030527535813956
-15,7600302809415993 0,2766912093326688
-10,7014365943028693 12,8916489290199738
-13,7884140210844102 0,6605081968573987
-13,1412685688381004 15,7383327785192861
-13,0946271166572235 0,7924188709093862
-13,6150858481091479 -1,1927411039051108
-11,7556967201690625 14,0184981736396104
-10,4289400987722605 13,5263511171455804
-12,6070731360003059 -12,0103984530200094
-12,5395854201052099 14,2816449382716204
-13,5928488578585913 -10,5034199320594279
-13,3594207004941126 13,4893287620922919
-12,4401742407593350 0,4398852950555139
-14,3792434659603394 -1,4943389666257352
-10,7974655562186523 14,6624745106344143
-12,1449355978340598 -12,5871686568988181
-12,3377483735848195 -0,3603709082315070
-13,4196925166606942 12,8464422191205188
-13,6224888025673216 13,6884747228736607
-10,3434551102402637 13,2268645870100237
-15,5277964457720437 1,8960828957474123
-16,2102687064022923 0,0744809248523901
-14,5406196266268228 0,4800101710251247
-13,8537793767302784 -10,3434809828523626
-14,8114282215523598 3,4756088440202286
-12,1578614158795446 -0,8344973384576899
-13,0769531998143851 14,3896318997359582
-13,6226831958171974 0,4859565901793940
-13,7712337420253697 1,2647447453124188
-11,0231965196175778 -0,2006245528140952
-13,7671237087138199 1,3574008264883350
-11,5077103504342624 14,2492251535714267
-14,8326831964940045 1,5254089107225968
-12,0611679275362604 14,3801479014421787
-15,6025274364016546 -0,0027809679407565
-15,2188562222244492 0,4025685230190634
-12,0559503616473229 11,7394890791318112
-13,5866949221788271 0,5633907588497907
-14,4846095484497877 1,5667751887259296
-14,8422057186762952 -0,0317508814136909
-11,5351528427670811 -10,7730228022438830
-10,7998897505672389 13,7877635134792751
-10,3557455217294176 -10,2292066199439464
-16,1637938736631881 -0,3417639186201232
-13,6582540329111133 14,1127013911812096
-13,2376037821827310 -0,0298394053773875
-11,9287305111262079 14,1126074196321465
-13,7066982148824970 0,3514318366526445
-11,8548930567122728 -11,7854380995702872
-11,0894015205634027 -11,9984073929532666
-15,1982170220515158 1,1216942744986913
-10,7116441417675663 13,7393593031645214
-13,2704976643552754 -9,7640886532237872
-11,7643302760652002 14,2432905668173468
-11,5027743280933006 -10,3874713240471639
-14,9919436687138017 -0,1518001836484759
-14,5021636827873639 0,5244744044084395
-12,7546882156465973 -11,7658472187375818
-12,1074481393938811 14,3393676121878872
-16,8173957958643143 -0,7404054284831916
-13,0325210275462613 -9,3817351339962833
-13,6780675226861383 -11,9835356371676784
-13,6160701241626931 13,6587517490198209
-11,9678590464332490 14,3532541488464123
-11,2176267614376997 12,9846862815162236
-11,1289624179169522 -10,4364836880970415
-12,9431745293644234 -10,2113441489346304
-14,9934469080813919 1,8898166833464893
-12,3297245514953318 -11,0962135760524205
-14,2472704092274096 0,6577763376701571
-11,4735314902992300 -11,3386203203007252
-13,0150371150840183 0,5266343482650537
-15,8814477394661484 2,2302848154428885
-10,7042623846241884 13,5440604624806706
-14,3602831664272816 2,0034412153635710
-12,4624424224674399 -11,0759393124555920
-13,6873794101607853 0,2434959902878538
-12,2228223629538650 -10,3880957903354254
-12,3513894035259444 13,2251294026405848
-11,7895995640575197 12,5251974648719120
-14,1055789702899101 -11,4741645972314465
-13,3723424491765961 0,5268630588471297
-13,6722145384732610 -8,0294263195458431
-11,1330935008726684 14,2175825097783974
-12,1333656357988087 -10,0834554013796875
-12,5503201440732539 -12,5812139297212848
-12,9379706114584678 -10,3351211346978236
-12,8248458521358515 1,1621683214915559
-9,9471329733913336 16,7942253688637919
-10,6630049675121477 12,6612547908750930
-11,1808548896872875 -12,4341543518047022
-13,3832002269754735 -1,1978527939058183
-11,8041175911590166 11,7252685118895315
-11,5996167911827044 -10,7344958214907464
-12,9770361877091389 14,3009485853973484
-12,3742871611915124 11,9290566655144570
-14,3472285416718339 -0,3500339653557670
-12,1770742382368891 -11,4181748705333685
-12,7511232583986267 13,9888534697010627
-16,2709873285328293 -0,3601732215800668
-15,2763674570982726 0,6282299638048124
-11,9235994131399572 13,3443784240995935
-14,1625493225486743 -11,8045600806188471
-11,9867257094065423 12,8756609993341442
-13,6480253674048928 0,3225205591181390
-12,2786107025301376 -11,3972343602383610
-13,7928930975619188 -9,9274815987233840
-11,8450564010371870 12,8427992215731326
-14,2860306627882991 14,6988155696610043
-13,6960547090418725 -1,6264787452464005
-11,9670042882070220 11,5077840083097396
-10,2124188066448855 -10,0315635863697459
-12,1496287024778038 13,4726006463236754
-10,7950322763643811 12,5705564838442996
-11,5476447706794616 -11,6527823692930639
-12,6095364663293967 -12,0387948702199612
-10,6544383474579671 14,3690800909750092
-11,1796568934165652 -11,6446349500267115
-14,9813937322769046 -0,7465728361758233
-11,3591814283951873 -10,0075146016917458
-14,3227132220740572 -10,7344426133228570
-13,5556218847457455 0,2422500487428521
-14,3255585831959458 2,4873713942600864
-12,9825370591554456 -0,0215011344171127
-12,2804604793083438 -12,8706272972754192
-13,9024705784982121 1,1394701406193115
-12,9636004292654246 -12,2492875627086271
-12,7340923585528127 -10,7857386735599281
-12,4941782698998693 -10,9784273019917986
-10,4514268374543633 14,1074875624064369
-11,2940631021163522 14,3969110852230866
-10,2240834736172648 12,2928463677135067
-13,2316197996251130 -0,0089849894796327
-9,0970602838604844 14,7761668035625942
-14,0680630806135376 15,1451743170573856
-12,2058476867710990 14,1517837258692065
-12,3343409944653981 14,5645437498336037
-14,0429531789066804 -1,2523633214135563
-13,1028310883274202 -12,4484305955064283
-12,4370394879907185 13,8599149076149093
-12,8113259891216877 14,9636371443524254
-15,1016764771460714 0,1292278429684363
-13,4229760763700678 0,6560020198012406
-11,8961377838435354 -11,8872858593454112
-11,7511276978318797 14,1768168204539400
-10,2129208147988759 -10,7474585457288860
-13,7583029677776025 1,1183199254982423
-11,9036584001462291 -10,1394462164647354
-12,5610955700331655 15,1892858065178018
-12,8298577639808293 -12,2430370964642758
-13,5853214767541370 -10,6956961367108114
-12,2736822600407844 -10,1523082968759830
-13,3583015009377899 14,9435849825604592
-13,5033673264485987 0,5181133266564323
-13,0820577233388633 -11,4794634971089238
-14,9941431730319366 2,2828016705587015
-13,7707718084041861 -11,5214423965564574
-12,4287609678555899 14,2409491759225730
-12,7020100996038092 -13,3010715759137064
-12,7068346838382116 13,6744915470165420
-13,0169332403464804 14,4847795257600662
-14,3930253896234586 0,4749897097975238
-14,4448089817755996 1,0475950981239848
-15,3603111985684428 0,8749085280527575
-15,8739119327465126 0,9207388191661356
-10,7810446977784018 -9,9400128917554031
-12,5631365158171953 -11,3029334745077126
-13,7827786923778515 -0,7185464758149726
-12,4206265934215914 0,4078656977216203
-10,9420172792862456 14,3703514664163219
-11,3312432131844218 14,2861009709155002
-11,4401934476123301 13,1978284053273089
-11,2860260522269868 -12,6725231902273130
-14,0535463043950486 -10,0085577327265103
-12,2103215367467968 -10,7148016654449361
-14,0481921053239436 0,3407606334561089
-11,6741432482755076 15,1226796462635136
-11,3981317323308051 -9,9076121548879144
-12,6099412181177613 12,6519967257612311
-13,2133794902980419 13,9370794207659401
-12,5849731304513828 -1,1892815851069662
-14,3752172333349311 1,0907632464374131
-12,8766349847576205 -12,0849319075640089
-12,9995882273559147 12,9417619795484047
-11,6602379204680826 13,2226599576726116
-12,8512292781077289 14,5404793567519324
-11,8020991188963826 -10,9977388840021231
-13,6277620969553137 0,4749472532150747
-13,6946039103666823 0,9008271805069626
-13,8660127649013916 -0,7381832255289587
-14,0762333016246473 1,1433883687025439
-13,5563598565096033 -10,7415334550424237
-13,2175989211891114 -10,2244570505142089
-11,9426926829356930 13,0795831051700961
-14,3193618922428705 -0,3580816621835266
-13,6870099518851873 13,9784140430987396
-11,4593816629918308 14,1385045713682036
-11,5486456195679246 -9,6553516273277342
-13,6244979659015168 14,9468514983635323
-11,0120418853229260 15,9800719315635575
-12,8140578298518353 -9,7972356429489373
-13,7573548201064071 -0,0475555538316287
-13,4060493516448247 0,8067803123079766
-12,1061601434308699 -10,8205768809385123
-12,2079453533125033 14,7908566551089180
-12,9526920614124208 13,2018804901638358
-12,1983111924111167 13,9100332152157531
-12,6349322542914848 -11,6671094708555660
-14,7347837774134067 -0,7210156772029737
-11,6259823144890895 14,6727442940373880
-11,8771584894266855 13,9572361032511694
-13,5385419652129624 14,4968100928614234
-12,1428818868472170 13,1168815441523794
-12,9646753932085232 -10,5885063415968776
-14,0092724621229952 -0,3058078851897075
-13,7463167772849335 15,4050230109842357
-13,4249340810912390 1,3678287355692025
-11,2946278889580931 -11,1124892731450196
-11,9261626806047794 13,8871216406457183
-12,0934544424669070 11,9697297419377460
-15,5131102948485236 -0,2182212296427263
-11,9314639085516081 -10,9932413368140622
-11,1133534808618055 13,5728606006048906
-12,1774340222998845 -11,1851677327366854
-11,1185411454573178 12,4700620174526158
-13,8349450505609930 -1,2459477444634315
-14,0882977549770878 -11,7434497707072669
-13,1563957775178348 -9,6640485008346868
-12,3525888996239033 -10,8965117458403444
-11,7116434249839081 -9,3822314309228716
-10,9034593407455187 12,7046188084813849
-11,9515977673589848 -13,3549358179947628
-12,3690211438553614 13,5377128183698083
-12,6491818735708268 14,1688264507810810
-12,1995577279093066 -0,2636686643817556
-14,7256239547654566 0,3219190654690269
-13,4236662101766377 -12,1170847732800873
-12,1171120896224043 -9,5226688459662796
-13,3622793788976573 -1,1876761265751512
-14,8923311073994853 1,2046671052123625
-12,2135297355737382 11,8207030983344108
-14,1992035302835937 2,1529577629826813
-12,4427705341349082 -9,6389968652283198
-11,8855121706938966 13,6485812791638708
-12,9217272720131451 -12,0418962124989068
-10,1310326252574008 -9,6054810455968287
-13,2499592540808155 -9,5159389964825145
-13,1959738462995073 1,0279823050048060
-11,8830435017965659 -11,5483501853791886
-13,6943999284857423 14,9640278453219011
-10,9890259917152004 13,6993576109338306
-12,9470605784747352 -12,6129489394390699
-10,8334262907575347 14,6342286845957741
-13,3593229620667735 -11,4583073353431573
-15,5884704257408870 0,2154001290681412
-11,7404280984369667 -11,0309307595996042
-14,8758703648718011 0,8169265921519865
-13,2515580461309881 1,4845814216583377
-11,6765578578760731 14,0617035028620769
-13,9202518570021851 -0,7755965862214222
-13,3665912499733164 1,1890857475572290
-12,4435768945943845 -10,3144946313164159
-14,2044855270119168 -2,6075268930100721
-13,1127818254323270 -1,0260182791933674
-10,2497749916682093 13,3982706137449163
-12,7169738358687034 -0,9459795325514386
-12,3526571410280450 -13,2116097206587497
-12,5464884686303542 14,3798359967183593
-12,4132735114932498 -8,9290538588393140
-12,2932911046855295 -12,8148974595599583
-15,3195442653519134 1,7676534571679361
-10,8907782396517376 -10,3592767384937687
-13,9940826192432706 -0,5318064025294670
-13,9872662753737220 -0,7009656705192778
-12,9662869852409486 15,3825390324445923
-12,7419375047416477 13,1214911920745259
-14,0561541305745852 0,9043330958486140
-12,8428837964747036 -8,5953331097821852
-14,2147387856944967 0,0753300726420956
-13,1222923975328687 -10,8582760520318971
-10,8906386576993910 16,3757108729593241
-13,2257383831721800 -11,6142452913148677
-16,0291862902346232 1,2434454336004395
-13,3324630283142884 -0,5883403709528522
-12,7639938996016085 -10,8507472448849427
-12,8984675534022166 -10,8829307464527965
-13,3949269163702187 -0,0308649919407414
-12,2631200798789308 12,7562918418912208
-12,3637552860590247 13,0419982186563210
-12,2008993609418823 14,7582951038424088
-11,3345397457467172 -11,7799940450151279
-14,2244502961580483 1,4941857495970869
-11,3872115198530288 12,8141025851200645
-13,4298998846509789 14,4835445074829572
-13,3066720348672565 -11,0195264578944432
-13,0243149743159066 -8,9941982017958431
-12,1742462123227781 -10,5466804208185412
-12,9853655555682259 -12,2318380891213199
-12,6456170653007032 -12,3426361806221934
-13,5341514149143460 1,8268119434527552
-12,6996374097223708 2,2972393935181015
-13,7060971384570429 -10,8579758393616537
-12,4578782236234140 12,2055600485117619
-12,8101089860104604 -12,3800547537876682
-12,8499660262418711 14,8057002658847239
-13,7204330416908817 -11,8526265054663806
-13,9313742540976353 -0,0677845438489713
-12,5272227831519611 0,4282047348064687
-15,7744722928337886 -0,6460263075559691
-11,7872246129459359 -12,9160548724887967
-12,3559235541043329 12,7770669725160069
-13,2513242273869665 -10,8503329245215365
-12,1353317720296197 0,1866531150929912
-11,3431848076781279 15,2740985813791035
-14,2625283445368396 13,5134179692880831
-13,4131861566602826 1,4490080393585347
-12,7768528291498349 0,5415847703653982
-12,2047266262718637 12,3035993624794262
-13,6855831442790290 -12,2117001471916655
-10,7812134424447343 -11,9885435857588636
-12,9815208648395366 13,6685493277940253
-14,7774975815195369 0,0641079543968873
-14,6784416907167490 0,5259550727007087
-11,8164087596998346 15,5185974804500013
-13,0918361938998142 -8,7430878463829984
-12,7366423442037124 14,1645724030727411
-13,9028242489535074 12,2834530910797124
-13,2785782831174544 12,8636390302183834
-13,5243353185334048 -11,2193706623493696
-13,6474832087882287 -8,3113696571762361
-12,2988008193732359 15,3070932800566091
-12,4520345094549221 -10,6186181921819340
-11,9179328097728554 -8,4355118387325305
-11,8455130836472193 14,4745332010230943
-11,7323011833538935 -9,6522452526862885
-11,5374400172649771 -10,4070644708037392
-12,5818284000693907 -9,8229191036542680
-11,5613975937602156 -10,7363105046649494
-11,7691702004958518 -11,8151118762713025
-13,6411002324893964 0,2553964969710759
-12,4563265888893238 -11,6855474393473866
-11,0365861178144780 14,9135228358822207
-14,6526303435681822 -11,2491197372290213
-13,3943159731338532 11,9107342425269742
-12,0846094743934760 14,8306198131509444
-11,4197541385853096 0,4593519101498352
-13,3017613987124346 -10,9921802319182174
-11,6557388802436783 14,3807450953710187
-11,5818426119131761 14,5461284040830510
-15,1436847225771096 1,0152216251132069
-13,8405908949755059 -10,7208352269685889
-11,9847621157057365 -11,8701842086249840
-14,4442108324122440 -11,3995212652923872
-12,4681923203513456 13,3187742298998995
-9,6682827475303057 14,6783833127396282
-12,1673983732349935 -1,1086132426862705
-13,5104503784732017 -10,2028279098565218
-14,2594336740959839 1,0503028553340932
-15,3871373075765927 -0,1544172884043086
-12,2379576790773381 -12,7643802488035956
-12,0131112653404113 -10,8186422347810112
-13,4147693579499325 0,3687363152269128
-13,8371076833359403 2,1867491845234728
-13,9577950865040492 -12,1309807610118305
-12,8337614099243620 -10,7749972487728023
-11,2940129071141389 -10,7912323416911740
-11,6115018197592512 14,5338130435367141
-13,1293123243763858 13,4847724758585716
-12,8983740451078823 12,6199185368428513
-11,8798044136285288 11,3725898018668605
-11,7231776742614198 13,2894430888090440
-13,3182859009609711 14,5335742866095607
-13,6460013927008426 14,6417093936614684
-10,3584296334481269 -11,4925831187229210
-10,6562158718996010 -10,6946760061736601
-12,6230351395493336 -9,5951970746848492
-13,1440470946114658 -0,8389452010963858
-12,7622606330127208 13,1947023838349207
-14,4069671720681054 -1,2206175509719999
-13,1489891073460026 -0,7739531461733953
-11,0933175190348354 13,6142390636628487
-12,0709629827634597 -10,6990952667135044
-13,1321473897450360 0,4306080165519049
-11,7384719954128283 14,3878809671929559
-11,9224099721616792 -11,3022552102208529
-13,4066309381259892 14,0904073890315651
-13,6200651163902791 1,2106615078821521
-13,9231224580109298 14,6134850064558393
-12,2059891619175911 12,9120307733184934
-13,5332816956528852 0,7750829345933925
-11,4123880310283106 -10,0315275019691335
-11,0241198963179468 12,8647954483332576
-14,4573584429105733 -1,8912329330002149
-16,2384725115177702 -2,4179115773439142
-11,2256811802305716 14,2551014646161498
-11,9487058521369214 15,4431435626746829
-12,8442181373102837 -10,8705701865131044
-14,1649130392652864 -12,5679514486326802
-16,4517314884284680 1,4611732218342086
-11,3944900783375651 -10,5862950139248273
-14,9383693184044066 0,1226103819795837
-12,2318190077378350 15,5985379292608464
-11,2445652980314517 13,1808772779262906
-10,9204918498393564 16,8901928556812493
-13,3551258329259213 12,7112048166301896
-14,0086837497057761 -10,3499181632999253
-11,3047784144453320 14,1837784912035545
-13,5874972781086019 -11,4373639900513488
-12,6398740242260672 -11,1374832650276829
-12,8926506858089649 -10,2638108942531616
-12,0416040163045075 -11,5436255140197446
-13,2670844166355142 13,5168191175026173
-13,6033906961105373 -10,8337275685885714
-13,0700020148315676 -11,5132943115017188
-14,1434552579454422 0,3336920824744853
-14,5851560782229761 -0,6247211681408565
-12,4547045888659778 -11,0146918864777508
-10,8562410201025354 13,1824506762368596
-13,7401342398771487 -0,2721208938796817
-13,3312827904191025 0,9252116177192327
-14,1429959400381886 -0,2229239687003149
-12,1224433976045507 12,6208299560361699
-12,5164540891385059 14,3173361333314997
-10,7767823529309243 -11,7088801989425448
-14,3992469480893419 -10,1842210460846694
-11,6289487050308580 -11,0038348562490178
-12,5322178302824270 -12,4155339010615613
-12,8944661608364655 -10,2456422734155019
-11,4875225023526699 14,8132874968239463
-11,0477486896981141 -10,0186691683067295
-12,3543011076517502 13,5725872018429303
-15,0014790093475625 0,9431264190291895
-14,0652250304938402 0,2347551250183181
-15,4584193870349154 -2,0655379572980173
-11,8930525712790907 -10,0394753192049322
-12,7875014771893696 0,5757705261964350
-12,2666233193939576 -1,9256116238069185
-12,4012944074280238 -10,9634476251412085
-10,0041346971735550 12,3490305950105430
-15,4076725696676924 -0,0319368483030758
-12,0154957408759451 13,4969153286291306
-13,2498606029915891 11,9553141638147391
-15,4919845622583860 0,5602206154917271
-10,9202762599046839 -10,9591231851111122
-10,8050771534545600 -0,1012950193275658
-13,2814749784200110 0,6725153638761230
-13,7386372626435822 13,6323323261880329
-12,7460038057401164 13,8502943358441701
-11,7518790531317823 13,6693214697605150
-13,3154866774319132 1,0608072498066718
-12,4419983478261926 15,3771955287430551
-11,7834974493042388 -11,2485828461340205
-12,5589398021992658 -11,0696042757040587
-12,3965734010228754 -11,8856213000706354
-13,0382994563480583 15,5872659159845615
-11,8957785055650973 -12,0990526323602836
-11,3813057165451390 -10,7162003320471797
-14,5183246112870457 0,2666402066833398
-12,0473332986342925 13,0736447883480498
-12,0747083145969309 14,7810678205882464
-11,6266897327659251 -8,4606032675435330
-15,1921351471304913 -0,2916310522763791
-11,0819517644146934 14,9112738343449927
-15,0887235285506520 1,5653332199391718
-11,4730607383712897 -11,8809356392500085
-13,8170511058257794 -8,9976959244045513
-14,9263188310231669 1,4902480155607694
-12,4198963376865503 13,2848321006723697
-11,4885415043257879 17,3742051573553233
-17,1066544796623141 0,1967666270236121
-11,0798617221781903 13,5177112650752882
-11,9373111821809772 -10,9670396923262956
-10,2073046734426569 15,3110824757983170
-10,7288388642713723 14,8562812819909702
-12,0776069467779870 -11,2172695684711865
-12,5779659224056335 -9,8858855590940671
-12,7654929516662889 -8,9825246404251899
-10,1600098970618529 13,1967442689864178
-11,5328522983499511 -11,5216505242375593
-10,8678448852562006 12,3771521360579406
-15,0296117685876975 -0,2198205092185137
-13,8432155284537863 14,6352595012826949
-12,3946417386736378 13,6372036780192811
-12,3306666928481015 -12,0429075900864540
-13,6302465282655465 -11,2330777877320447
-12,5614399163285082 -10,2694519131312951
-13,8369826274835042 0,7049874009693095
-12,8509639404633074 -9,3462870899160606
-14,4993690042012275 0,9686629362851057
-13,9191057516556516 -11,1023304453949301
-13,3191532699343682 -12,3962623529106626
-14,0713766644953235 0,9680459359660010
-11,4007207313796446 14,1851743728451662
-11,5565517007517577 13,2987534576558204
-11,6344214991488748 -12,5789818279739496
-12,2032550486008144 -12,6871933806506227
-10,2792422682400080 -11,5783726677837180
-12,5917777402555462 -11,9144335419420706
-12,8340407592455943 0,6215007946022431
-12,1660044646628744 -12,3926632940743033
-15,8555478557438541 1,2834179640781354
-11,1507763529541428 13,7969046729003360
-14,0303862623400573 0,6607080149492502
-15,4348197156373139 -11,6428801931347117
-13,4039521019863859 0,0931053126613464
-12,7011746771575584 16,3517563633389464
-12,3563854847939698 15,2859105680882355
-12,9183300594955064 14,9810528752446750
-13,7378704167646113 -0,4680405176200509
-13,7180511936050014 -11,4474459337463941
-13,6145304799605622 0,2753240600112082
-11,8499899634533037 -11,2479070749625105
-12,1339508414065538 -10,9695052720454491
-14,2556466943333344 0,8416356007520619
-11,7626542697223506 14,2141195861749310
-11,7248519629296304 -10,8213917615114337
-14,5204191866198133 -0,6061252530208384
-13,5865248562259655 -0,3085923111159838
-13,0588440404921133 -10,2145277481287913
-10,6148506573342232 14,9625683689892348
-14,6862939138626363 2,0760677686425169
-11,7927055359968858 -10,4823077464081944
-12,7544673321218838 14,1406214647551476
-13,0807680135820128 14,4598344273546200
-14,3072247329894839 -1,0186611301881223
-10,7072847264890232 13,4819539695017596
-13,7001060734225852 14,5758198355242321
-11,8867087041559873 13,7985503922158586
-14,5777082581622750 -1,3704660095393248
-13,1009190915044620 14,1245036469104122
-14,3781963086887750 1,8695825497654193
-13,2188260510345739 13,4200270500176551
-11,7454618201613243 -9,9308301272658017
-13,9923211305964266 15,2203167223887803
-12,4183517985109884 -9,6832602411639286
-12,6149716844175490 -10,3923131035785659
-13,0481104184243453 -10,7332311085587246
-12,3597737964773025 -11,1374479724107509
-12,2811191249195399 -10,6604601961368939
-12,7940706702274998 -9,7071141916907582
-11,8906798878079822 -12,5653941886184715
-13,2946462680477371 0,6013174129267340
-12,1423567574428102 16,0010305338402823
-13,6742587111424285 0,2126686413642994
-14,0038953122404397 -11,9101143624703987
-14,0950567812277061 0,0318506161637944
-11,2112618283812928 -9,2133492720388244
-15,3807410492206156 -0,2585403158731809
-13,3085067570271463 -11,0742401628154461
-13,6102671805643549 14,5367528371313757
-12,8763069924585878 -9,9647944893344338
-11,6213055708303763 14,8091235474490137
-11,2262658676926304 13,3613548124950281
-13,4628332811222151 -1,2281323811038638
-11,8859254751114811 -12,1396361468315419
-11,0918207571442746 -10,5664267244839536
-12,1886774091366430 -11,8956311130406487
-12,1858033067491505 0,6039810172356856
-15,4630480177858551 -1,0528404445314863
-13,1281475634387093 13,5659207804504103
-14,5124846522841580 -1,6579784634603678
-12,1015984634876919 -11,6783017094101513
-13,4467124967099529 3,0536859977216140
-13,3436418269768602 -0,6432703956171215
-13,8451496135396273 0,2266685308472185
-10,6446242028808555 12,5815314360888095
-11,1126473155506176 -12,7714597152509857
-14,5427980148345348 -0,3413023554547474
-14,3277507055426430 0,4953057167715290
-13,4027170594417004 0,5859868787848062
-11,9565374820466950 2,0320242627766509
-12,8933046007653402 12,3453270686127041
-12,5909648788631934 -11,4071676965938558
-11,8020157620046096 -9,2808516504263672
-11,7186082225337422 -10,4492818279904824
-12,0503412182132497 -10,9608298163012723
-12,2191902725802368 14,5201850388008076
-10,9350582628683206 -11,8103768098972424
-12,2319486308367740 14,3319609333523452
-13,7842945988611234 -10,9444171359429792
-12,5425378585058080 -10,8055702905877453
-13,7650775541122634 14,1718946981499290
-12,3333477222333929 -9,9772714983812154
-13,6152876846668303 -9,6515218054875671
-13,5229224791603695 0,9660731332287473
-11,1293428824421987 12,6368079342801778
-13,3837343415784886 14,0852040291900042
-12,2742994456379435 -12,7722996921036938
-15,8013951377274164 0,6423984483287970
-13,3103029505283192 -11,4121447833091114
-11,9685942280056548 -10,3611620160348856
-11,7062955563043189 13,6625239260271769
-13,7126274432093744 13,4220461867916416
-13,5469255719751445 -0,2270747382074871
-12,2464394053547370 12,3465369309397079
-12,7372167272416341 13,1861384033794486
-11,1790788509535552 -10,9981211263398801
-12,5911629347707592 13,4559060947242166
-12,3542696846954563 13,9474753895932544
-14,3802001607222305 0,7427007421862899
-12,5079626234189423 14,9027932000540826
-12,8883736857675508 -11,3264868523728808
-12,6018445773821810 13,3939562370858987
-11,9952381283160427 1,1919241927911908
-11,6076385131961377 12,9239391680612492
-11,3249028091833104 -11,8990003736895567
-11,3838947647538227 13,6004699994004028
-12,0025541263984916 14,0089307980872313
-13,8520170854085301 -0,1501362295063304
-10,6994725612113495 14,8344142704448121
-14,4732651114253628 1,0757754244508666
-12,0291721935295932 13,8442103145970368
-11,0124730167862790 13,1066927796512491
-12,9753401724396991 -8,9933643055391101
-11,1385066263622630 -11,6736243355954823
-12,4237079987612109 -11,8241797541327536
-11,5479914667887034 14,2260272689532599
-11,8209798793318370 -12,2827127534228016
-14,6256270387310447 0,4568130134647460
-14,1992829293449887 1,5693225390287930
-14,0372171878526775 0,7574408569236643
-11,4401556304053766 -12,7485369097853329
-15,7852441101347996 -0,4013220382911902
-13,5031859419492068 0,5700207553737602
-11,5433404764683534 -11,6857182384344185
-11,7666740606638811 -11,7440200954442577
-15,0074905371411464 0,2910422718419888
-12,3936635220558298 -11,6890834417268152
-11,5930251176552215 13,6313409524257274
-13,8553804430163137 -0,8614425224121054
-12,8278997920199291 -11,8828891246102355
-12,6453293491625711 0,5443768783143947
-11,0647558513501121 13,3122529335619149
-15,3200328769195675 1,2824984807687869
-11,5817952895175562 -10,4167395080357039
-12,4531382795228662 -10,7556279650758668
-15,7502543108891331 0,0364565717009016
-14,0026753220566302 13,8239368502357305
-14,7238511122705056 -1,8461108298250277
-12,6898985431303508 12,6230861361016977
-13,3844257245451637 0,1524563804529268
-14,0014753391599189 -0,0138962799398274
-12,9341154343070013 -10,8951099645967506
-12,2356693925408599 13,3496334288564942
-13,2417987997861406 13,0899530809704761
-14,5096491939199446 0,6808267103654075
-16,0028928263742252 0,9024677617879371
-13,5613491554978278 14,6130392031644742
-10,1902624619696347 -12,9091357665683937
-13,5348382221111940 -0,4422215326975040
-11,8088078451684915 -11,1249725448268926
-14,6948404690626315 0,3520758830602134
-13,9702643612136495 -13,4551459385495598
-14,7025118343952332 0,1947607133262125
-12,0370943833138000 14,1140271354774498
-12,7665722816330138 -11,2839625565611552
-11,7363948462576033 -11,1533925826702003
-11,3178963270526349 15,2294635304319197
-13,1550113094000913 -0,0071091453484063
-15,7992867065936373 2,3482440686252639
-14,6032567956524222 -0,5249923557136373
-15,3700362862013851 -1,5511774043038398
-14,7949512468292266 -0,2351542253071028
-12,6120655620709101 -10,3290913871759749
-13,0262798017051029 -9,4511227106401563
-13,0359724577094092 13,9925102485109605
-11,5083636002019496 14,8100096457696786
-11,8213453820582224 13,4970489829161320
-12,1891207878616790 -10,9728987376028400
-12,5528632765261801 -11,4924823337891358
-13,2345708576778254 -10,9238957105797123
-12,5805352634929335 13,0565822437752086
-13,0125099542068305 15,0663442361034274
-11,6376976833323358 13,1151673418328887
-12,3658907643443516 14,6763119333637224
-13,3403487914153587 -10,2217026656744192
-14,3851967863952570 16,6173230487628025
-14,7517324175939493 0,1031244526995297
-12,8638080795412186 -11,5169968696703506
-12,0610709647114334 16,2943588600515312
-10,6607485230769257 -10,5522227663758876
-14,5831739097727997 3,1111123504534559
-10,9952348449854380 -11,4802786575432041
-14,4296860523436745 -9,8880963771529053
-13,0004436434787429 -9,6967070435450040
-11,6049667457755667 -11,2581714404168540
-11,1909995064224272 -10,9851116102300175
-15,0012652866098186 -0,4140592518767648
-11,3695599490345955 -10,6178481273796290
-13,1477112584427491 13,3666269481840914
-12,4381372659326477 1,1130550060252069
-14,2301335560119639 -0,7495901876647630
-13,5225594667929307 -11,5684075891921463
-13,0956521995856079 -9,8047780900039552
-11,6012859617885518 -10,4939575271345191
-12,8696902921047709 0,5027988802303225
-13,9852467412965336 -0,4229893086401139
-12,8049012245268017 -10,4407820669243474
-12,5498453868311604 -9,4872588118775329
-14,7750361235239946 -0,5676662964315666
-11,1305638901257105 -12,8516006490690575
-12,6279496713998221 11,7059232015858825
-13,1059005291574078 1,0807762863405972
-11,0604756721300195 11,3695520119886222
-11,3087373879306572 -8,8211974234053994
-13,1087726512940925 12,3492546046004605
-11,5424119207665896 -10,4373610951854037
-13,2485024013193566 -10,0434091214468193
-14,3607490661488839 0,5219399175039767
-13,4936642044435882 -10,3797454037488741
-12,8253308817877407 -10,8577880573417218
-13,2303908005253366 1,2616703219582397
-13,6014165945777457 -0,0291397835029777
-14,2076932145922861 -1,6840567623135387
-11,1980058380668090 15,1982901341329288
-15,1740725883109349 -1,2366790600326178
-13,4715948776951162 13,0980174776501350
-13,9835093532262977 0,2648179435933111
-12,8261548372681968 -10,2427745450058350
-11,9840742955854793 13,6842916649995274
-13,4277959567725489 13,3780601304731732
-12,3831949241764541 -10,9102935846043643
-12,1115391667566019 -9,2078878555672645
-12,0794448292053591 14,4109111477969716
-13,1783445007482403 13,1829183598197304
-10,9236523193935149 -9,8752561690172929
-12,5732121154554015 13,9430662757677286
-10,0066610342149573 -11,0746654811206540
-13,3202579219360633 -11,4272228005531353
-12,9650923027408496 13,0165777037368269
-16,2300486133457902 -0,9374296016020836
-10,7298015617893725 14,7071135139136331
-11,9083456088145230 13,2498509869199363
-13,4979702702690751 -11,4005899723076229
-13,4429902556332124 0,4844968444519995
-12,5757421937247234 15,4386070834879803
-11,4095906714438140 -12,8069374955284712
-14,8581797915354255 0,1277065927797480
-11,4074612354559211 13,0206782305168289
-14,4179435574864652 -0,7441784602022223
-12,2659972688647780 -8,0538629210387089
-13,4879828595317210 -10,0415726609253593
-11,3799162527043958 -10,7945036373380034
-11,8854965329130167 12,2460588599429059
-13,9412246867087415 -0,6521384532221386
-14,3242102935843096 -1,7259230335399602
-11,8133053030395470 14,8144353290336248
-12,3344788018361129 -8,6262038290080252
-12,5203179438931755 -12,8464432192612286
-14,1786762376939119 -0,2624882028641436
-14,6074495834374432 -1,2470397623549196
-12,9543949004359114 -0,4039019596278043
-13,3515337223458772 -0,7010346035080269
-13,3118806371177438 0,9866542284360993
-10,3296699590591672 15,3123016034521608
-15,1666445028666264 -1,2680748765588445
-14,8928800573856854 0,8800878001681766
-13,4216857103089282 0,9362811948133297
-14,3806491179654845 -0,9458561914729506
-14,0316204453864426 1,8032502139099642
-13,5589091771551953 -11,0368557776527982
-10,2779944483319454 12,9017627246551694
-11,9471067959294963 -11,4561096852740274
-11,5896503593038531 -1,2924881406441842
-14,8406928495313810 0,3616906330279925
-11,9432321016884195 16,5491523603647472
-14,1709246568560534 0,0905390057200893
-14,3355015684910523 -11,4823660033810526
-11,3845638432403007 0,2402215348623887
-13,9761483117783989 -0,2026998646555286
-15,0775409823511950 0,7549122511173793
-12,5138420371498942 -10,1651641177495762
-14,3555258596922304 2,0044473702053471
-12,2575448266634641 0,3158786157953756
-15,4453379414969145 -0,2765831961171089
-11,0618241308079899 -12,5449296530851022
-12,7771635436467861 -11,4781479353176454
-10,7044659595719409 -10,9477839085811883
-11,9707041430476711 12,7970657775078571
-13,0050942446899196 12,9066573915541554
-11,7516836370607383 14,8266990156265024
-12,5816553274061675 -12,0421064046514523
-15,2213320867525201 0,2972389697183688
-14,5601720151894209 -0,3183305852793017
-12,4649495771652639 -10,7263188060995329
-13,8972868082202226 -0,4535412346637956
-14,7398627152013564 -0,1613826387671589
-14,4058734662669572 -0,6379014646519916
-11,6957138924237611 -10,1520034221338040
-12,6289173085192417 -12,3776920157441417
-11,6929833308941102 -11,2109854834815508
-11,8342191247229653 -13,8491143627087325
-11,7051610873191283 -11,6383992433603467
-11,2628549469470496 13,3510038480931055
-11,7125605639639083 12,4454927832676994
-13,2907147433889055 13,9704171687239480
-14,4457219022637720 0,7726724448557791
-15,0869393418705524 1,9947663838578706
-12,0202141747481352 15,3601460130542193
-12,2299624092459762 -9,3449416570354806
-13,2201500655424304 0,1879477623113280
-10,8543931730572325 13,8338511684571017
-13,2809580096984039 12,8383283289308174
-11,5188823871509403 -10,0362527842731577
-13,7999081540084241 13,2353542544725897
-11,8114031102196506 13,6714320620962688
-15,8272868202357166 -2,0610031532206228
-13,2183358970038682 0,8497968611430528
-11,7207627916208299 0,6873964276004889
-13,1004926839476390 -9,2987240315919273
-12,5874373212109312 15,0455602269802888
-12,8236980398750813 -11,7236796660105309
-13,2739487177798647 -10,6192191003711063
-14,7043128230184124 -1,4374598483017516
-12,9439188944872914 -11,9224842268861568
-12,1648221454945542 13,8144049967583538
-13,7888482027551689 -0,3611453846519608
-13,2136376722850297 -9,8375486479459227
-12,1621539604140168 13,8516642345957166
-12,8970317690110434 -0,3248860095390731
-13,6867458672939097 -9,4161737862799502
-12,5903365266790743 14,4412313963681349
-10,9154276752196875 -11,9274587856586365
-14,8929343801842222 0,7403032264139783
-13,5799087947605184 -11,1071433663711314
-13,0464323271874090 -0,5407548241668219
-14,4817905213183131 -0,2116905522757728
-12,2494202705849080 -12,4749207255801764
-12,9712916737077677 -11,6972045888543406
-15,6408688700105856 0,5053115286166289
-12,0318827143874341 -9,7412070565371529
-12,5683363266795354 14,1546776021767045
-11,6150398263817323 14,2338809651306537
-11,1278038934585375 13,1482151004251655
-15,1425426164003802 -0,8547898027128400
-15,0450828444890163 -1,4052874140194958
-12,0162432029127704 -10,5867016377837349
-11,5105996317580015 14,7386294043911192
-12,1897389723383824 14,2318446431832264
-12,9540934507661554 14,3635318048817542
-12,5364270210879098 -11,3034786418551825
-12,5532090774671747 14,0423493208035204
-8,3095620824373846 13,8350641472483051
-11,5599212080652425 -11,0003634211996157
-11,0106893146284825 13,3307483335042534
-13,4300631072567462 1,6697716061869960
-12,8356091969719568 12,7205618447948190
-12,0442150624251880 -0,6538309949691725
-14,4719099885688838 -0,2059143468875929
-12,0431650948689111 -10,5753682981528616
-11,8599940695409760 14,7625190464310929
-13,7961459609424093 0,1240594457824790
-12,0306025456338546 13,8690325013752016
-10,7124376263486809 11,4625851341919969
-12,3196628774267758 -12,8515908238910761
-14,4912338485502836 0,9781320923682133
-14,2698825152248379 -10,8359910187146227
-11,9238717662063980 13,8418198324576753
-14,2611316953572196 1,9045722105931999
-15,0435583527116989 -1,5749092935486422
-11,2536003294706504 -10,1000343829885537
-11,7820709265797792 -10,3288598609852755
-12,1481167463871245 -10,8770364754640330
-13,0796596509755378 15,1724599062379024
-10,8711153899207034 13,1077723274272842
-11,0636869101281992 13,0936398442105837
-9,7908837949059251 -12,6797129640358577
-12,3467786567460216 13,1767146280000791
-12,4561341719747851 14,3969783950301107
-11,0604127345861798 14,0569576825259990
-11,7042882131547064 14,5784882883565405
-14,9432441582126874 1,0502998217283872
-12,3657433163007706 -11,9974377258499025
-12,1739826750226783 -11,0760059775354840
-12,4826859367760346 -12,3836419399497579
-13,3794897217449051 -10,8030705642404730
-11,8795336881116675 13,8821322746654481
-12,9664193196409894 14,2850293703373392
-11,5644011574508347 14,1269859802355242
-12,5750687213218679 13,7355290891452295
-14,7398022812637350 -0,7057522090978788
-15,2074124358422935 0,4231314269482894
-11,9129242711386514 14,5723688510797960
-11,6345848380826222 13,7106358481976862
-13,9221306066790635 14,1152940467045216
-13,9643428643815071 16,4538382006049453
-11,8131254827168100 14,5089575414585639
-13,1793067406954414 1,5974228400480368
-11,2176126338760245 14,6844932583357153
-13,5537665503324565 0,6960680078328383
-12,7057261378534463 14,7041786914193136
-12,6282081185787547 0,6358714191569322
-12,2179138872949267 -9,8929801158211195
-12,0235389233152539 -10,6262438224462166
-14,4329487185666387 -0,7393352018772663
-13,3127738063739933 -0,2640020096208258
-12,9488913621966386 -11,4916943870679749
-12,9139122674410025 -0,3174206545380038
-14,1334280805315782 12,9799990569499055
-12,0540233521133882 14,1314340030375423
-14,3059761483935315 1,4899892402287755
-16,3277347315284231 2,0969931936903476
-13,9056224657228764 13,4930621879794952
-14,9684167490060442 -1,5291685967951107
-11,9440447675521320 12,9572542897039114
-13,6336613386134111 12,9867758132275544
-12,9633131241090993 -11,0868738998267258
-16,2378070937719308 1,2903084815324155
-14,0498713999323286 14,0262069182630960
-11,9399454370143765 -11,6499587572295571
-12,9356896290328134 12,6869316913245829
-11,2692077193824005 12,7000332177940010
-12,5363787045251680 -11,5923945682855187
-12,1426491433067820 16,5861767943444463
-11,6558464976342115 15,4865904183568865
-13,2560868088082557 -13,7685058668912195
-12,0358057566283954 -10,8825159625216443
-14,0199083203573807 1,0033453166614825
-11,1371997137158445 -11,1150137415366306
-14,0947961159699364 0,0692590483659339
-11,0196809020625981 -11,2201222726652468
-12,8652450082692944 15,2736360096812529
-12,8371531392487288 0,5085671617822639
-13,2896647928154241 0,5655384358002420
-12,3699080654434521 -12,0109932226889367
-13,1060626372228342 -10,9533932786190604
-11,3302821269360017 14,0895787278442466
-11,1939656433724899 -11,2953456798459495
-12,0876820458686272 -9,4977013770850238
-15,1449887869344977 -0,3362493719254632
-15,4496488605543210 0,6878919174173768
-15,6566837551483093 -0,0395178974871028
-12,8383378700696511 -11,6455259669297035
-12,0038959439294555 14,0298482589875899
-13,1272191854268652 13,5116188287991204
-13,3547152532367157 0,4717719997055221
-12,4442852340379861 -11,5051689704786764
-12,2845244432570944 13,4886271692944302
-14,0449995169413580 -13,1561792778011153
-13,2117760916550502 12,7220960933318281
-10,5776108923230954 13,2489047017665165
-14,5677751466154923 -0,3023294863734816
-12,4264929219966351 13,8916740034018211
-14,1667243098461810 0,5854219941784509
-11,5861772782856836 13,5481062358903017
-12,3048518506611213 12,9665440729988930
-13,2500549376418064 -0,1606690059950844
-12,1722551865347164 15,3792033268476906
-14,8922505432098387 0,2156879800186562
-11,0069868678524188 -10,4240412555342381
-12,5460029686167118 14,0435518602951248
-13,7442147382918129 14,3815224768972545
-13,7911871440568952 15,4418473215972725
-14,0981904753947997 -9,4141677100235128
-12,6356703571986149 -11,2273923643930136
-14,7961066501216401 2,3437548339642515
-13,3224821383135676 -10,1128587006401851
-12,7695138864528310 14,5006657925685474
-11,5573380574748725 14,7463239623363105
-11,0955857244254581 -10,9777373473436288
-14,0727593390405978 0,0803471959608613
-15,7054241872873224 0,6596864312328683
-13,8983679464846777 0,5691211898564249
-12,5539919302709642 -10,3709506026553075
-14,3048856856935842 1,0866037410974547
-12,6081244022177099 -11,4674314219912166
-11,4950668424292424 13,9980589352180225
-13,3292340113509784 -9,3563418411082822
-14,9060967650457741 1,0162694466355560
-15,1840279707880708 0,1296172006683058
-11,5623894525680591 14,3185743578027260
-11,7823856048336886 14,5358942557669248
-12,2109345894822194 13,3656384225859064
-11,8441946317453652 1,3041910590243397
-10,8736985599133540 14,5393242884143437
-11,3731864858878406 14,5299205383954462
-13,4240281475104961 14,6735449743714970
-11,5335930137580327 -11,3964113877957374
-14,2870361202746636 -11,3511833493799088
-13,4525135025296922 -10,0624854240434463
-12,1569717923213414 15,4268931096437676
-10,6504888705503475 13,3463596319257842
-11,9709180829289270 -0,4021431948495464
-14,4437865756520942 -0,9332254851836652
-11,5005467225688811 -11,1413369556447659
-15,3543337276237040 0,6483116764304419
-10,1321382691459831 14,6202949111575649
-12,4874542757143647 -0,3344801125497514
-15,0785664505366981 0,3876241571485622
-13,7128953336510602 0,8520620412102929
-15,5440860276780004 0,2408921713740874
-14,6917559103180597 1,0852427232923048
-12,9967541043934176 -11,9821980240308861
-15,5523721276821032 -0,2471310768893217
-11,6396226519175787 14,3482115109666051
-12,1754817988588773 11,8279456193245203
-16,4770773893981506 0,9289188280811369
-11,9267174492835082 -10,8722496952062393
-13,2515791607288946 15,1759577271010926
-14,0050520381657986 -11,0995649632334512
-11,0578264526272623 13,5738052666495310
-12,1162381070475256 -10,7975954741681193
-12,7547005954736967 14,0605572335977431
-12,0946015784931848 -10,8136663118394747
-12,8460570780183527 -1,8642044616842148
-11,6791812602334488 -8,1363205760296609
-13,9822410347626604 -0,7163973373646429
-13,5064569293980501 -9,7545775950723606
-12,7131111629982971 12,5753174551124900
-13,8399647681550384 1,4722270556600201
-10,7811626305124761 -12,4894886164346222
-12,1096898480884274 -9,2643976890607860
-13,4694803638652392 0,9954193404057463
-10,4796400180207989 12,4604695039318685
-13,8121486573205452 1,2828783773854822
-13,8624782896751491 -11,4231466558741328
-13,5212303074454390 11,7712924082596029
-12,4477488907392146 15,1603393264077848
-14,0921138529311545 1,4796670899713582
-12,3343353097035404 15,9917812364762657
-13,3749575613638960 13,0970371338314830
-13,6231429393347430 -11,3557986242351490
-12,4749456864368788 14,2178908949749623
-13,2900762922460078 0,5056264347594707
-12,1763750932766825 -11,7001400866506078
-13,4807680617377592 0,1547558373728934
-14,2970816108482399 -1,2655292612143387
-11,2547782363690594 -11,4058705326829735
-11,0878285709998856 15,3277620902597178
-12,9476999555309309 12,8529703810808034
-11,9931207666808106 -10,8195587198209857
-13,0419330449871467 14,5092311653665487
-13,7996957834339575 -0,7229206094732030
-14,0251089658695651 -0,2315407325968317
-12,1466464671109229 -11,2105848133350658
-13,7432065950436861 1,2352605814063928
-13,5991578857123532 0,7553207678792718
-13,5094460173417428 1,6555781980204793
-11,7287911772957596 -10,3670651710768809
-13,7175247349975749 -0,2802411254796097
-12,8783701200697891 -11,4927355986154769
-12,4952094691621625 -12,0155083459627345
-10,5756857768577746 -9,5949431449216913
-14,8587232200016626 -0,6030180641467244
-15,0507341071399399 1,6669395291128948
-13,3883900594452694 13,2407744984343108
-11,6526046284725542 14,1357556164269411
-11,9226013227258480 -10,5899212471454582
-10,7730643472154632 -13,1602626040196924
-13,1211904349653850 -12,3693728398990164
-10,9197768074621084 -11,5266073128208149
-12,3733305736366983 15,4447799505892007
-13,1741233375687017 -12,8881309579952479
-12,8020641947380476 -12,4470085546701306
-12,6841782184300893 13,6488440070268418
-11,3062725187685658 -11,2133477394352070
-11,9146131100612589 14,4907070029006224
-14,0554379446577880 -0,8776804922402597
-14,8247670490693260 0,8931594744653283
-10,5140675561177410 14,1133954062185438
-12,9082156246078856 -10,9781474745550938
-13,0983408060570259 -11,8626181473905792
-11,8177477651469012 13,7200969532904438
-11,6165828713834873 14,1595337371542609
-14,1714593047989599 -0,0148287845301713
-10,5608755121155440 -10,6719481908438567
-12,7766405891498440 -10,1339484381101208
-16,2041511938671796 0,3023007165058491
-14,9066833807613595 -0,7277376127386859
-12,1473857924184845 -11,7233555939327090
-11,6135840564792012 15,3216092484500894
-13,8105441603467067 1,5037704205205975
-12,5051986794360204 14,5804427880927641
-14,6600869588524443 -0,3483008005571567
-12,4894999163495442 -9,1316907495724262
-12,7457914714862106 13,4826241467781767
-13,8318865427493929 -11,0119199732124500
-13,5780489479983544 -11,0951879423949613
-11,6655721733465292 -12,3771560233105475
-11,0177291731377096 -12,1186434179405005
-11,8360058076034225 13,4008820343653348
-13,9536743990556573 2,2503008194354317
-10,6548895409162085 13,5541219800219555
-13,4303565938516627 13,0988897526219734
-12,1773427265934675 14,4343199691340569
-12,8047010812424382 15,6125694530651753
-12,5087720114796905 0,9575503533282413
-11,6362171023744700 12,1607017913857582
-13,3397764481963819 -11,1998974018085100
-14,6178516749625302 1,4552303036251475
-11,6364867816987996 13,9730169848369048
-12,7666426186621518 0,0707061722540343
-11,8683976525265518 -10,9957582524878941
-12,7973727584854391 -11,3689100649001187
-12,7195860529344937 -0,8783907943289537
-12,7809069874817958 -9,3414863866416944
-12,6853006813931870 13,8877813760304054
-15,0304607678345121 0,8874433145833103
-12,6955763059201221 -12,0368397138710179
-13,3751176794559523 -11,5344402056737572
-13,6211665313951773 -0,9187794553052036
-10,3428324800166340 13,5199819573414874
-12,5637922878423058 -11,5744266927112562
-12,8319301380512787 -0,4546006191993349
-10,3298970143422135 14,8789198466609385
-12,5687748382799942 -9,6501776697212485
-12,1054565303944521 -11,7619694503798460
-13,0693197136492110 -10,9262420238124207
-10,8332146649328624 -11,8353829290866042
-15,1875251075009565 0,2961957347235057
-10,6362746136388466 -12,8628054663217171
-14,0929313343747253 1,0973114195326188
-13,6956243492579084 -9,8826632503421674
-12,9802842721822316 -9,7890028114629715
-13,5033104744234791 13,6621344639782993
-15,0240526211643584 -0,8513561804451371
-12,7083641243054046 13,1863351324220623
-11,6901841612767079 -11,5181681609331328
-12,1722830311753487 -12,2631295814728070
-11,9965738615621653 12,6465231063884822
-12,0520581187225808 12,8008513684996892
-12,8037811400665511 14,2410276694576545
-11,7269526995166178 13,6870427975382327
-13,2507842975905756 -11,3389660409930997
-13,4782303714258731 0,6122702831249087
-13,6508068106276816 -10,1630164854610410
-11,9842219963355614 14,6051274119147259
-12,4612405170968792 14,3034516719150879
-12,2067042814670010 13,0461750895251090
-15,2951033422724869 2,1490020528156482
-15,8558163979040891 1,7565084772350934
-12,2653216510023846 -11,3372474863865342
-11,1060599997498901 12,2276894152912927
-12,1984140334883087 0,7821118796321490
-13,8322789969202198 -0,0914109520193854
-12,2418170402669428 -9,8780624537134969
-13,3657413947949291 -0,2471322099659693
-12,6667057864890520 14,5460431030489801
-12,4982796558227989 -9,8578478996059964
-10,5459757479898926 15,1917830145714365
-12,1377841227026622 -11,7647678233161024
-12,7898039955548306 -12,4066305707830491
-13,0205789267560448 -9,3029816656114601
-14,6112444170399591 -0,4485908802817343
-13,7095971564643815 0,6547786176853214
-10,6162467422985980 -10,4282882966899422
-14,5790981745634927 1,8273624989880806
-12,0958944214584108 13,1560169432417879
-13,4863088523642745 -10,3344740217856756
-15,0059037752217215 1,7722972169843874
-11,7644948974949219 13,8237974840918980
-11,6073823421749438 -12,8120190336483244
-12,9271632912090446 12,5322724304289039
-14,1150913626653463 -0,3460212871358619
-12,6567963826091638 13,8350962420359416
-10,2027609486729052 -12,6152808894572672
-13,2809440636776124 -11,8359066791802388
-12,2572389786089211 14,7234309927082663
-15,7610856673707023 1,7394230732583471
-11,7501879141797456 15,3529504038409232
-11,9141466364520721 -11,5367053267702389
-15,7060823523872664 -0,3228820529303880
-13,0078947367028324 14,3353286188244997
-12,5137841135967491 13,9294964646364612
-12,0269081221462208 -0,3981949056063974
-11,5763308551180764 13,5564520769449270
-11,9583718665942449 13,2705058888182545
-10,8487835112172402 -10,2649229327493288
-12,0488824991738852 14,8839497604637430
-14,9039958378204673 -0,8523679214166362
-12,7812662075996410 -11,8739970676184701
-10,4703484852303319 14,1832230383543738
-13,2169487269346426 -0,0106948586985330
-12,5135865162098678 -10,3621362902905076
-8,9548771924972961 -10,8253699999814668
-11,3838258791960776 14,2922355498897495
-13,1235213669252619 0,1532544707347799
-14,1708286030154706 0,2823108256037913
-9,8881337056783174 -11,4041245608529032
-12,2690528053078527 1,6257580634080697
-16,1819268916147116 2,8783014531008373
-12,5949864234584119 -10,3165071370918966
-12,4922947867459708 13,2815539780068192
-13,5337076238841902 -0,1581713274808739
-11,8083089105745316 -11,1527858470634538
-12,6493827257787750 14,1709565458278384
-14,4094837141511753 12,9773623137816827
-12,3280392655516575 -10,3978310381542034
-11,9365031735301450 -10,7522359237145171
-11,3888841391052900 -12,5028800454605751
-12,9652610522483851 1,7374600874188231
-10,0664985902887008 13,2600740687941041
-11,7844051224577075 14,5025858166063006
-12,7332211079602278 12,0788954913640527
-13,5200081462993662 0,4639635580742281
-15,3645299685813743 0,9409469687601260
-11,4633093505704551 -12,9705643344866406
-11,3676836637304071 13,6087807734524535
-11,8454030710679952 12,8942615515139263
-11,5537316328883186 13,1272234738643032
-14,9005686899626770 -0,7121449216203092
-12,4465792715848895 14,8024858318550780
-12,7164123540047704 13,4055527692900736
-11,7658789717401682 -9,6735462851673901
-13,9284400162991808 14,0418397759524396
-12,6122337522372074 -11,4414559382030649
-11,8325114256776001 13,5075519700458635
-12,5128776651793956 14,4396267980654631
-14,0004294461297079 13,9106482002257419
-12,3665412797028544 14,7560149222768864
-12,3394021373891665 15,7507759816716941
-10,8793714056736164 14,6578351164638132
-11,1846319885924768 12,5838764525565860
-14,8842130784484716 1,3329703186752251
-14,2454331066895428 13,1060717855480551
-16,1949054909661285 0,1688384582784367
-10,9031114829008828 -10,8236774672536846
-12,7790548419430152 13,7135556583032354
-14,9408464477943443 2,6941648190672196
-13,3046689298181846 -11,5097006684198124
-12,6527686656068621 -10,9272480897313944
-12,3199157730499884 -11,7525491283290275
-15,3152528123166736 2,4852582853730745
-14,6282702163182137 0,4801777636114609
-11,2296140432896081 -9,4695876288392800
-10,5288407570101334 14,1950538442343230
-13,6204411416261095 -0,3129260694344994
-13,8073441605303451 -8,6728463262624373
-11,8011798815441988 -10,2091648309689216
-13,0775757533463537 -12,3524909052115408
-12,9780129912120490 -11,0757164698882544
-14,5818219207108655 -1,9787159187301304
-11,2967091479613604 -9,6886730045234533
-12,1070473255751452 -10,6591079253348457
-13,8113255388143390 1,2247933414973962
-13,4071422241828806 16,1970720023375279
-13,1391645466768185 0,2319847173089619
-12,3024005124724081 -12,4498423924899928
-14,0645914119402047 1,0882015222297794
-15,6796989260757229 0,9605545069990060
-10,8129211246131547 -11,6653028869094335
-14,9769962271871364 -0,5623020917009115
-15,1460457578746652 -0,1901036424596481
-14,6054697572675529 -0,2500002819887516
-12,7513280266069540 -11,2491223304156307
-13,8800286233310448 -9,8187481140165662
-13,1777895151432478 12,5134857248870581
-12,8616239903528413 13,6526436899417494
-13,2310174741320346 1,3413850902587907
-15,3691645508794625 0,6812503899274412
-13,8662488514528182 -11,0215997591414130
-11,2082896178113849 15,5704226089466289
-15,9041463001202708 -0,1762023783246917
-13,9444553752114988 0,9534481050043120
-10,3921610601892613 -10,4956605117396844
-12,2952991209348657 -11,2610206263006489
-11,1835002948744648 -12,1761664895087982
-14,8205974024874685 -12,2245426992761530
-12,3057464677906054 14,4060992040312321
-10,8942215992734965 -10,4035588946010638
-12,3103419375744334 -0,4473725147774738
-12,2821162392477010 13,0001584312282574
-12,0941247046491664 14,6014318134116916
-14,8008047078271918 -1,4244251046413812
-12,4304125416621432 -11,3514960219682646
-12,1776828187293535 12,8510812708149320
-12,0209883226757643 14,7448378323609894
-13,9749571890668740 -0,6867749292533868
-12,9101680707562334 -12,2917536927859175
-13,1243607237839282 0,0629837617133165
-15,0949206650014354 0,2424278886290531
-11,8368240673134117 -9,4479957216391366
-13,2955296138753063 14,2470460863763115
-15,0428307285185028 1,5421813910027855
-10,4139247529783407 -12,3108506079042606
-12,4920226754517678 -0,4872275534846960
-11,4481116486761554 12,9356177950393540
-11,1730627272819891 12,7528495820103291
-12,2811628645249105 15,8182760539156853
-12,4951543901374897 -13,5619763383010863
-12,2594200571786960 14,0676108802988864
-11,1539027910198101 -9,1307631146091293
-11,7975952012824603 14,7257598404776022
-10,2808944146423542 12,7705737207458032
-13,3632699381755220 0,0540601060984684
-11,2135511406373407 13,7417686212484114
-14,8390003773456201 0,1643034683048901
-11,6218103159272754 13,9979058735793611
-13,6345671204528145 -11,0098722532903750
-11,2982945333502585 -12,2681372197925356
-13,6664473299410130 0,2620024805985650
-12,4183364989619598 13,1453228023796918
-14,2092150752010777 -0,2996063419844742
-12,0073768703493418 15,0066302338278383
-11,5793456138518120 13,2546708908488160
-11,8087542450652787 11,9781591651351338
-13,9021338201720877 1,8133056906341816
-12,0254359873675369 14,4168340149693019
-13,3907673430335894 -11,0298495847270459
-14,0525198278657069 0,2281459499866562
-13,9055879105206905 -11,9366123106502595
-11,7141229154742561 -12,8763333012948955
-14,2318241033046018 -0,2348237240369582
-14,8469126315144564 0,5707246107677295
-10,3346240740145241 14,3231904637052310
-12,3773980427035184 -11,8148021163275470
-14,1688247266681024 2,0515358378323079
-11,4836796945796760 14,3166412656456661
-10,9479699048424912 14,6185767550018202
-14,6981132064242672 1,9669859091805157
-12,1795734719229127 14,8436929037490444
-13,5294713570939749 15,7690792467739591
-10,9485747852382627 -11,7850425515735147
-10,1012487131387427 -9,4259867712704875
-11,2845556048074496 -10,6303330840813395
-10,6372662966614584 14,1426303876860295
-11,3178656771227253 -11,8099525964705947
-13,0315212578348927 -1,0368604308318736
-12,3181016335835682 14,2421352251711628
-12,1672683460187940 -8,9809567535126860
-14,5249892741354820 -1,1442474718478095
-12,7723443790115088 13,5814068096769969
-10,7914244495123022 13,3269935679718721
-12,1450580465438165 -11,1431906101547966
-13,6163678836338899 14,0864779207525146
-12,4344564734923271 -11,8908625556834533
-13,6844848809146935 -11,1743784055327655
-10,7889144914495780 15,3873577265907784
-10,6424726139745367 14,3833256494449486
-12,9639130796450459 -8,5111726108371499
-13,6053222747187981 0,0934395939763644
-13,5024609389008390 -1,8650724322050598
-14,0955023913815047 -0,1971399700745777
-13,6801002220801990 -9,8984385269872313
-14,3388375594792805 -11,5886851390711332
-12,5128539098704845 15,6574055099556499
-13,0998282388727514 -10,9910986295796889
-13,2849893848735956 -0,5116142497148392
-11,3510151542587323 13,7621445866759657
-14,4206715294546477 0,3605907714060564
-14,9610666222439885 0,0756325304791222
-12,5949332210628260 -9,8263445122544262
-14,8650756681649856 -0,2447624235488728
-11,2610790079932261 14,9046336176828369
-13,1728273844400690 -0,2572214294124096
-12,5714704266736526 -10,0509187630595882
-12,6392044230142329 13,9224794434246348
-12,4277950611967860 14,3108827965533365
-12,7569587001313955 -1,2147003202505111
-11,8399352636806690 14,4397336330831187
-11,7474374775438228 13,8273163022228474
-12,8910088545848911 -14,0772683230028424
-11,2695851295486467 13,1853623093381689
-13,8215797035254901 -11,1963105579334901
-11,4415128250203200 13,0205411340329835
-10,1091629062247890 -12,1075861385245691
-11,8975629658069941 -10,4963116052933003
-11,5530360430826420 14,7164998349651306
-12,2949968311956717 12,7022306224294077
-11,4382540263337678 12,6957297032107430
-12,0730940815501082 -1,4962406160962072
-12,9835789422485295 14,3499421903247946
-12,6719271902772164 14,0786265372157366
-17,1461981075849366 1,1994525185400220
-15,6961606841924777 -0,7194643502285542
-14,5058493433446287 -0,5010734249104416
-11,7035954951776766 15,7399723214382217
-12,0626599084867703 -11,6149975518000979
-12,2674003382752694 14,0723256510290629
-14,2735465627833804 14,3957330277246918
-12,1284303434671141 -12,3598251327519417
-12,7954467532670755 14,5564082159393156
-13,3507924551811694 14,7398903557945964
-14,1830494949054096 1,4972606310531160
-14,2982423647663897 -0,2645068408095760
-14,1703190705648066 1,6309064649597418
-12,5644511591085433 -10,6837012282954973
-13,7799495346805081 -0,1201440016820056
-13,5369224556032552 -10,6136903905323692
-11,4747904419293647 16,2808539997255366
-14,1875051324421513 -0,1120185895343029
-9,5257205139238970 14,1767189455362015
-11,7984944044523825 14,0765133286842428
-15,3458389849288892 -1,1338454454345526
-12,4905168737753005 13,4480176142885259
-11,6879702123306970 14,4340520259333029
-13,5810514899565558 14,2508756357414921
-12,4895573473613837 0,9623827131471672
-14,2853538873488297 1,9726646719981780
-12,6243164988145349 14,9523323120513574
-12,4903594013830173 -11,7532219953903443
-13,7587082958040039 12,3595307487524462
-13,4009353247297618 0,4330524095302754
-11,7144007734604827 14,2714911474308828
-15,9398676426317536 1,3225924836025975
-12,9090112697273547 14,7930034736977909
-12,2766660186682461 13,3785225311223961
-12,9644950324726409 13,9304374168328664
-15,0915752626490018 1,9913506423694904
-12,9727797268274632 -12,5930499760173671
-11,5982579628815543 13,7830631117653848
-12,3491844393023076 -11,2221964217164967
-11,7366739622185765 -8,4080841456117454
-13,9362624919746647 -0,1226143348640065
-14,7312125945175190 1,1422998793162993
-12,2979897209750195 -11,2651043296234654
-12,9480691494830644 -11,7358137578285273
-10,5801509915621619 15,6366351843220777
-12,2584331980500423 -10,4652041788401373
-10,1317345588745642 -11,1456268441291702
-11,8019942747606645 -10,6716071337867540
-14,1028208107806794 0,6356071247791867
-13,4638583023292284 -11,8918854132489837
-13,5260437418167889 1,5761854912928142
-14,4267794363656083 0,3612907326579500
-12,7034406629844021 -0,6346960899262415
-11,7232527824300927 13,1809201038494912
-14,3485636756646642 1,8498565119183601
-12,3633735179564521 14,1270163519706369
-10,9988904883059462 12,5963187832996635
-12,9071435815892421 14,6127401014817178
-12,5111261992210583 13,6785352945730470
-13,7890519540612235 1,5703743496015137
-11,9597210237108129 -10,2994379625679677
-12,6893207968131367 -8,7454728589395874
-15,2028335622371245 2,3445811002817405
-11,5888898099881956 13,6478551691407919
-13,3553766525521969 -0,4536101995662547
-13,3753751931608491 0,3375836751916971
-13,7515473687504013 -10,9703255199758143
-12,8406195050806975 -11,4100908090159976
-12,8600704724519392 0,2589256184694951
-11,9696383173936471 -9,8626185433332800
-12,1200956851769099 -11,9273058159684489
-12,2932746934868167 -10,8883745037064372
-14,1488034565730345 -0,2377163147054175
-14,7957332212069126 3,2950977034495392
-12,8527116358397659 13,8447216975977252
-12,8416562244990136 12,9520912938687136
-13,6859786341772516 -10,4115952812787125
-12,2762538918637603 13,7203716253952841
-14,2229222694458279 0,4968578922819893
-11,4632091884255232 -12,3365262556376543
-14,0984680034713428 13,7494820631649404
-14,4627434971892974 -12,2885943711781707
-12,1843262284042630 13,1082051676833036
-13,9702694728461072 -0,0370297146935332
-13,6244139249515861 -12,2705739818035529
-13,4543185209889913 -9,9340242371155796
-12,4107742649425585 -12,8966099776437240
-10,2411927216436283 -11,0208123238799232
-9,6601184966858504 -11,2504197399631813
-11,9932786702698877 12,4365668986847524
-15,2023653774813567 1,6570691857495785
-12,6161314354127292 -10,2527359842826993
-13,7049907137220686 0,5294977356539069
-15,3157108628497234 0,7427064177599980
-11,1858432781960673 15,8840223969269552
-11,2611218985783132 -11,2118245850524954
-14,7096138300399950 1,4311568005354003
-14,0039593931036723 -0,7464620950207630
-13,3362004752032028 0,8839636460575190
-12,3139221911698993 -10,8110251205140120
-12,6689716053786068 13,0670259406441467
-11,6367908353246179 14,0516954524925932
-12,3222791656749528 12,9673516058213103
-12,2822660886579484 1,3490832502830705
-13,7917317847283520 1,8276020849618717
-12,8458355189713327 13,6557670222880247
-13,5779549606241101 -0,5666246723671954
-12,0179783984051323 13,9614224704471717
-10,8539333815141283 14,0699432954250909
-12,2064183982197587 -9,3309057143109388
-12,0226744527735345 13,3335438052596533
-14,9572506085441663 0,2689378724369688
-11,4828307777838639 1,2085367971575536
-13,7306624433971241 0,8151369572624856
-14,9759816123280949 -0,0792324028252256
-12,9680529052860152 -10,1316800253483876
-13,0062197262618717 0,4354896478747862
-12,9358739317989464 15,2967512426096288
-13,2063446667656237 12,5420621654630331
-12,3820586022536201 11,7915709840451477
-13,7590544369204633 -10,3268763490222071
-11,4719745689471981 13,1692784701469616
-10,8287820946824453 -12,2157200220118227
-13,2156087442057757 13,8967795348749643
-11,5751254426489556 -10,0603090791439449
-13,6002183854905159 2,0988741746254633
-11,5715576918903746 -12,1969105094618904
-14,6690240392448352 0,6904660752935707
-12,4455717926828680 0,9742897482184967
-13,8867563935773592 13,4265283008983261
-13,1545114524745639 0,2070663689204697
-13,9828646701251991 0,5919783571086044
-13,4798871997478056 14,1903787393565963
-15,0648240792253514 0,2303173232181062
-11,6447845898114188 13,6813691215322084
-12,9508904069420900 13,2491512896478518
-14,0994611670555035 -0,4677254758648233
-9,4461360482048136 12,6917440847369569
-13,8070548240836519 -0,4235392684064034
-14,1285644306960823 -1,0654611320376848
-14,3266655118567954 0,5295354215538610
-11,6268065983081232 -11,5870804595430421
-11,8267938743383780 -11,8817558690598197
-11,1087790158079329 12,7096740605699079
-11,9290698251000524 13,8698831933103364
-10,6583387379874974 -9,4427360181821651
-12,5673591625409387 15,4997329204184169
-12,0264149810250753 13,5416035489434030
-11,9191148112391740 13,7666501826613139
-15,6546027126538245 0,4858307594757659
-11,0741130003449957 -10,0493003694063479
-12,6693852530015558 13,6272603090032920
-11,7349630290620688 -9,6692913325513974
-14,0294802359002837 1,1778262600686773
-10,9248619644517557 14,1412949809476221
-11,5702565514538342 13,9532652414555223
-12,0893945837721706 -10,8228489502636744
-11,8253899553860098 13,8113160329621785
-9,9519805855454209 13,5362067420440884
-13,1879570348004940 -0,3566839895341384
-12,2650725981671584 14,0015769177818843
-13,5369895537899545 2,0595301789490277
-11,8699726434545525 -11,8246971919754422
-11,5440644906751082 13,4485868685260623
-14,3741191374007364 0,5986385914628236
-12,8770747672054053 14,9113504657517932
-12,9229082204285781 0,6217073900545899
-11,2349914587458510 13,3242053472503788
-13,9237112808422498 -11,2125647225337985
-13,2141142632492929 2,4303773508193030
-14,3816224930298073 0,2200474260354888
-11,5974334201861389 14,1055972112681918
-14,6324454061571121 -11,0154583026563841
-11,9216357834027562 -11,2781940741908127
-11,2404916965542725 -10,2513998137820757
-13,7531544331531084 -0,7129121425500096
-12,5170670817348526 13,1355112658863860
-14,3192100662272246 2,1404889752191103
-12,1518242533449072 -0,3874394850092947
-12,5145115988781139 -11,3047346969354372
-13,5796513994521320 2,5494339000178972
-15,1135581484786297 0,2081988037098071
-14,6535437719996331 11,7496850119438356
-11,1506153161702741 14,1973484601364568
-15,3233528088492310 1,6461657353338943
-13,8184750549596558 15,3833401639883345
-13,1158377006769822 0,8446080976019420
-12,5470691679349606 -11,8696033446289384
-12,6414937837463661 12,5642963322497234
-12,8343895015247913 2,5929624760362393
-10,3379421583675200 -12,2508042782288555
-14,6970093544014286 -12,7492591184684283
-13,8614896609548364 -11,6712405495253382
-11,1102988866116341 13,5139015102152289
-11,9668621934872395 -10,3889246852416566
-13,2415758125947249 -0,1034497370345004
-13,3639462877942119 -11,2951479385970135
-13,1008449690802191 2,8493859259421224
-11,0819631211023530 14,1446612665234888
-15,2119903381852719 -0,0182983913654964
-11,3198491664791661 12,0806547362134964
-11,7579731772578278 0,7977502178001689
-12,0073721183008360 12,8441095205222382
-12,0806461811842283 14,4675837191148844
-13,3374444745065297 0,1360244703801985
-13,7804887846810740 13,0856422405104720
-12,0518700940017727 14,4938491414489441
-11,1645615180906947 -11,7970954782075133
-9,7765989887115179 -12,1726026911873575
-12,4208899948067870 -11,3073159092149105
-13,7766840024841617 13,8505747992760746
-11,6885073255465510 -12,8795747674051952
-11,7729462249773231 14,3213430563499244
-11,6195129178363619 13,3630436510588222
-11,0685836239335718 -12,4617441804998830
-10,6341591000825488 13,6426548429559560
-13,8753024895517960 0,8703313549640650
-13,8036882926978262 -0,5678007908255012
-13,0246702660285134 -0,5770395342654836
-13,4209479284996878 15,1274043007554173
-12,8916333484051506 -11,7867850613671035
-13,5485994449039922 0,3026920520238018
-13,2781696607743509 1,6030472597232470
-13,8691294719225073 -0,4387230952051355
-12,6446801500280799 -11,2912874887726922
-12,5016291899794432 -9,6795287007612849
-13,2056985322393690 1,5270585267374772
-13,7378042696602876 -10,8137189066989539
-12,2868750666314472 -10,2401647827344426
-12,2773391820103477 14,2660810115557535
-14,0764749746422630 13,3510934413503008
-14,4474419811069428 -0,5290988980900839
-11,3607789035216697 -11,2828181940723358
-12,3773728736780271 -10,4777626203066774
-14,8843179537328858 1,1009881777340143
-13,9513882551014632 12,5252309950453036
-14,7980882345872828 -11,1247332475352430
-11,8408323324142977 15,0772600106753583
-12,2437214828417389 -10,2821071053259381
-11,0763169464670810 -11,6063530850621124
-14,1001652099333761 -0,1749015268753500
-13,1782931960120511 -10,8089534433066916
-11,5989461466255008 14,6063277707547616
-12,0536301904886081 11,9181472265744439
-11,3277100270740831 -12,1537093093755360
-11,2464403585115882 13,3183866220516620
-11,6770727560413441 13,0445676019066088
-14,1653474932832513 -0,8304045820872268
-13,6109650191862208 1,5017167273378649
-10,3821526041242027 13,3817467267788253
-12,6509602540384432 -0,3895166556043225
-11,4240608321943782 -12,0904004413219539
-15,4559143282948579 0,5624469824012882
-13,4387409700985714 0,4442952021000330
-13,3933063133778774 0,3924320725767072
-12,1715966305945926 -11,0700462836605329
-12,0065387182248351 15,0917696314065637
-11,8322781757811146 -11,6273600954881218
-11,0456698127095585 14,1831649778311046
-14,5556622260448574 -0,4889888949954666
-12,2118064436733498 -10,1412889930033447
-11,9586122489111304 13,9829029030194416
-12,5462939103637119 -9,7794633230072616
-12,0477827981674039 14,4771323038325388
-12,4465882782629631 -9,8593887397536086
-11,9357718348076283 12,3983920908079899
-13,8461744537384064 1,3343415621468278
-13,7886455813539861 0,2114808899186497
-11,6976669562921050 13,0614769950994791
-13,5245910085611580 0,8882872371378241
-11,7113176819281293 15,3702038423745275
-13,2384181826148204 -11,3950871971254895
-13,2068403497481146 13,8139801577281602
-12,0820370573393259 0,8366525105975305
-11,3091846722215337 14,8926773521606179
-13,8401363017054120 14,4903452811841831
-11,9904673972415718 14,3941195381027676
-11,2142077887322422 12,7416216895361369
-12,4470941384398675 -11,4010155405732370
-12,6177865749805083 13,4704894885579609
-13,8899797243876417 -0,3140636331845333
-13,2889594284500863 0,1485502934746032
-12,1587308537526866 14,4729987545180911
-15,9469367258777730 0,1867885682147329
-11,9790366727807793 -11,0702251332495756
-11,8933478182454611 13,0752029668869127
-13,4148469878903267 0,7146875303004701
-11,1970641121561023 12,6310729210587418
-14,8212775048426639 0,4152114989518407
-9,7359199459878063 -11,6821704391289227
-14,1385664986297588 0,1509961126020017
-12,4378007785155056 -10,7003567181683792
-13,4925775742436027 -0,2250611448994789
-12,4534303513409412 -11,1839249901944910
-13,7459102865305010 0,0662001858428329
-13,4729861965423972 0,3903834831351073
-12,4299673562072535 -11,3706761038357325
-13,3396231265808503 0,2031824416361198
-12,5896501193346388 -10,0395358213476626
-12,6283397816681653 -9,9017901625126168
-12,5708846919643822 -10,3931331542494299
-13,9805157642522815 -1,1973482864907061
-14,5539019141642179 0,4020626294209962
-12,4114636855651437 -11,2176564316402967
-13,7642748135367601 0,5272490958696149
-13,6515938400330228 -12,2632798395004059
-11,1540288583198599 14,4982721150736449
-12,6682389756738729 12,6062902313103020
-13,8626246601479401 -0,1338007263033061
-12,0011640455392570 0,2497292898294999
-11,9359494276233900 -9,9768677272793500
-11,0820517642673604 13,7982096525418658
-12,9190818747446592 -10,6344888156603137
-10,2654136313891975 14,8307494880354458
-12,5618232463976884 15,8816715818282006
-14,7198665328323965 -0,4367629162159976
-14,3129793911803063 -0,1644683405746685
-12,3072247696807597 -11,3774930003275330
-13,7230927054612977 0,0856057914649770
-12,9479587271325052 -10,6779240739560208
-15,0389492517786056 -0,8469132138007851
-12,5106443427706946 13,7297623186166717
-10,2468010154112950 15,4410493799409725
-15,1363952535648778 -10,0761708691730050
-11,4212137418379029 13,1937525188665283
-11,3325950708001848 13,0729937713022970
-16,1427463466913146 -0,6091257465539678
-12,7946244968971214 -0,5151904228756947
-12,7085273110347696 -10,3280061777241716
-12,8471885505580072 -10,3175103222574016
-13,3975596691758732 -0,6351405827170777
-13,8430443962264338 16,0441084908104550
-12,1356110107693169 14,3341019281174340
-12,2740967731049135 14,9849841003479760
-12,9513329709975267 -11,6183224218650576
-12,3351918747772178 -11,7613991956303430
-11,5646379925333225 14,0484815051034992
-15,5072590630285898 -0,4013414636617397
-11,6648150881167645 -10,7528648058110505
-11,0803323563024598 12,1486225721455678
-14,9002971480334239 1,1506441451461642
-15,7022824640843286 0,6085050462666444
-13,2508508567993211 -10,5783394925460250
-10,9706849082114353 13,8269129651149072
-13,9079948854425819 -0,1424686040114366
-12,8144770412710809 -10,4740568159438663
-13,0695589094579177 -9,7229316780383410
-12,2209593207763092 0,0889470047861464
-13,0433400908104584 -11,7086876853939419
-11,5078324865873967 -9,7234957701468687
-12,3406219612335040 15,3348418077872246
-12,7290128572674028 13,3422091285386895
-12,6169300564975977 14,2657149820396558
-11,8222639125962523 -10,9522432076040470
-11,8141907866147307 15,4674957527848065
-11,3511344630396689 14,4306099256879037
-12,4224718097575604 -10,7652473953743133
-14,7494216829588360 0,8861649293583277
-12,6829201573830694 16,1787199056860054
-13,7466631441715013 -11,8821471521982858
-13,5863904498121659 0,0340472983267073
-12,0744675573172380 12,9076901847471142
-13,4776498352349812 13,9144407635240661
-11,5392476896277589 13,0013933491431679
-11,3863690242589701 13,9611082357618201
-12,6581165274589971 -10,9205274633522720
-14,0581325482724520 13,1055773439103778
-12,2770419248070404 -11,7991290016818535
-14,7180186385902410 -0,8528541283042776
-12,9958136568414204 -10,0129466876287854
-13,2720029397738308 -0,6847812573139204
-14,9367292880172151 -0,0983201678432172
-13,4523041799397998 -10,4357596328203570
-10,5014679462977121 12,1992704719667593
-13,4989372595347259 1,2835102424324727
-12,2115390623558770 -10,1465215654840701
-11,9658120071155523 13,2264121612590237
-11,7249197146897561 13,4925346849465360
-14,4755744089735039 0,8942288793382824
-12,3835504189995174 14,0814597101471968
-13,3461183229163947 14,3241915695232027
-12,9464601729382345 13,4959479052840550
-12,0395649314200117 14,7696745282160631
-12,3284947685615478 -8,8529257818378131
-13,2294402829352933 -10,6323039409120490
-13,6673927173312801 -10,5424880787297539
-12,5420229477949459 -12,1463285733537436
-11,5338148425315676 13,9414115071172287
-14,2897360628182390 1,0226572037019988
-12,9409306193706701 -10,8095844408415616
-13,1351624995036644 13,7162419064207608
-11,3291334801293146 13,4629616522636901
-13,0711906892480307 -11,4041032727091842
-12,9377540248583145 0,1134483991570149
-12,1831481293489965 13,0225411878611688
-12,7860641883654793 13,3725398275272411
-9,6428363815956146 15,2436619347563589
-11,5931092367916282 14,6802945976739512
-11,7846813598125486 -11,8574353909622570
-12,0323820088108135 13,6221544435501869
-12,1842022321917955 -10,0419190069811126
-11,5317016643249772 13,1333317477212788
-10,6055414494271254 13,5164171890385365
-12,0958227805956131 14,8792308093321353
-12,8288208698194630 -10,5278669927493649
-12,7105846940731908 12,4605960358540848
-12,2655054384376019 13,9051377554678677
-13,5364310032394393 15,1277623507123735
-13,0376584194427849 -11,9478194024626276
-12,9554807203340765 -10,5012186311141544
-14,5991441528073782 3,0429442658676371
-12,7808376119478719 14,2558970612943288
-12,4128445910869782 -12,7131622597185974
-13,0628901978087448 16,1423826675572855
-13,0336807768470351 -11,8536826726915674
-11,7338566843796173 13,0796326762359811
-13,5996807902234185 0,2825968408748961
-14,5551993074422867 0,6509623868419903
-10,3999250448850180 14,2229098728921493
-12,2482967553606166 15,3035724250960889
-12,1286537760169786 13,3471000332214853
-13,3045852169203549 -10,6270843756574269
-15,1580111231437193 -1,1011505456737565
-15,0436376200798811 0,6085313098864142
-13,0561416145981095 -1,8426796730703177
-10,5204311397909720 13,7703362997245691
-12,6715967183078231 12,3255584455085270
-12,1628079913329668 15,3653347925185688
-12,8865984977672490 -10,7854162112278882
-12,6973420482928301 13,3638075614858867
-12,3435626169833323 -12,5739179180330574
-13,1640270965938004 0,9465607020400078
-13,9921089984099840 -0,4728285893177334
-12,5542554269215039 13,7703308187834583
-10,9304070851522788 13,3928361463046279
-13,1610890251777342 14,5682873308488841
-12,9099733798526923 -9,5452508220568184
-12,0091400941261863 -11,3308077357623294
-14,1460217458716588 -1,0697092794504592
-12,3332506274522515 -11,0912462783265742
-11,2802118413977581 13,5288389546012926
-13,4261396181660526 14,3402469166641193
-13,0349109377256109 13,0015276250611649
-13,4748290217558679 -10,4109260913019011
-13,1782426268261865 -11,5816616697850403
-13,1923044329157015 14,5872501510491919
-12,5208579742161845 11,9257243565436806
-13,8010684889868323 0,4918494338779004
-13,7028156454570151 -11,4711039344147050
-14,3226719445502368 0,5628953547464979
-12,5666038560521134 -9,6489620583685554
-14,3665987859289608 12,2729402568555859
-11,8025597851677091 13,5607257885497869
-14,4468338442365756 -0,3409662952879368
-11,8385521209475097 13,3099845873829032
-14,8404049196921228 -1,7133866235514879
-11,4906677703030908 15,2276855003993994
-12,6523471298726697 12,5525271450093232
-10,5339397970386734 13,2424310450699778
-13,2806039959541362 14,2500333373116987
-13,9980304033436731 0,4908935796356590
-13,9001938858592045 -0,0931439429230046
-11,2894771433146897 13,1867458837237219
-15,7759929618362591 0,9670144004995332
-13,1552650040151757 -10,6435028520556934
-14,2632121237701632 -11,7789984435292396
-12,6086131819189333 0,0204282432165114
-10,1587907981594547 13,1119960656590067
-13,9558510283234707 0,2954175293149314
-11,6892024836309520 -12,0830470558006713
-13,7909393296188014 13,0142212837511480
-12,9750883429303876 -10,9141792341212742
-13,4682257131539416 -10,9203108487135410
-10,1659676325751605 -11,9938445874726209
-12,3914468703662894 -11,3895909109748423
-11,2952978940115099 15,3528700107573535
-13,5628578486213094 -11,2746636941906520
-11,3895575916429070 13,9469873853303223
-10,8588727959903810 14,4797579323103296
-13,8604903252620844 -11,7116508607044452
-13,3083527674386346 -10,4225659048582600
-14,3565217395275386 0,0384787460225207
-13,5604302234130110 -11,5659442092050355
-12,4015925154064899 -10,7838481844890239
-11,2803573833337154 14,9777458484854353
-12,6118648141851608 -9,9283764309556215
-13,0871624104605555 13,4839484645666623
-14,7561615935048867 0,1350200366125671
-12,3377076425417922 14,1750012537981576
-16,0068652664637128 -0,5371210836913445
-11,5873970950387868 -9,8578786212698599
-14,6781273145911104 -0,6625695312047530
-12,7805457902154984 14,8164235560179662
-12,5523966180971840 15,3700441364094846
-12,9513921961841234 12,8688165376740749
-14,6319784230836962 1,1352425421313233
-14,3906254253829538 0,2794828099907324
-10,8090788979237029 14,2026745901687956
-12,6356654686467245 -10,7423484381755223
-11,1487433381497993 -11,8471088434214451
-15,0044343575583170 1,2690677955851410
-12,0839334374031306 13,6311762756372747
-14,5510632779334852 1,2403259298954341
-11,7068678544321365 14,4560436265797421
-13,9785115928086690 0,9804074195461996
-15,4784042048598689 0,7085928331296367
-13,2102783233725205 0,5902874993578369
-10,6765104807117446 -9,9728334612865162
-14,2967473402560898 1,1295439080511649
-13,3358676055580894 -0,5978009694506556
-12,7981019569602594 -11,0871320895877172
-11,9110583475274758 -10,8287698824786940
-11,7375195062897166 16,1256054165019407
-12,2081265991511536 15,1376570736568183
-12,6056867422265881 -9,4153902740619788
-13,9599829309815746 -12,0391361897556166
-13,6524971656282812 2,1291337109942785
-12,0514499817608751 -10,9155832281778409
-15,1295797815956838 2,2059405284405229
-15,4537302774368293 -0,1360281523872683
-13,6214285733991787 -0,1215947253241556
-14,7573244817226712 1,2336117688664068
-11,1054422711956775 14,6401663879179136
-14,1489493729895663 0,1843122727687889
-12,4100620377747433 -11,7844035882554667
-12,4578717199842970 13,1169683059030113
-13,5940498388420661 0,2279589741138753
-15,1257727829190163 -0,6280318365021735
-11,9986092689593544 14,7181115855098845
-11,4484298872257408 -11,6775354873690773
-12,4585672519176196 -10,2522861075692546
-10,9299001135257114 12,7370810833913062
-13,3425146064159232 -0,2019530830987723
-11,1602174653952968 -11,0094167453714213
-13,8910437807220415 -11,3247506775387308
-12,9334941980944027 -10,7120637250574795
-12,2333340699569000 13,6035130668692563
-12,9575794262435213 -9,9674023697749021
-10,0563373163549912 -10,4366447011616934
-13,4121951365501637 -0,3042364879215660
-11,7606364727353228 -10,2497121728276799
-10,8184670066878077 14,3605221934173883
-14,7592305258250871 0,7720083253057428
-12,6100001993824939 14,5806592291119141
-11,8481467683534678 -10,9633878535804890
-13,6021664126313269 2,3174750455679702
-14,2134868890369024 -0,5670815220795604
-13,9747116605871007 2,0857215541214780
-11,0297619632865889 -10,4024707191353549
-12,0147623023984558 -10,3040605860212402
-13,1325613844408693 -10,4726065329083458
-12,6541010978917825 13,8204033746509971
-13,5293355622106741 -12,3608512258220387
-11,3906365395407114 -11,7180722209963584
-13,4626548968653506 -0,2189362579893634
-14,1015527398975422 -12,0766823291714420
-14,2047405188203211 -0,5458299041828263
-11,9982587921564612 15,2439027875981790
-10,1128389590123913 13,6750689180208393
-13,1001595371082331 -0,4542799977361143
-10,7899204548313588 12,7305049588854864
-12,3968683301831444 -12,1146728733525322
-12,7794311811859806 14,4237526333081405
-11,8532040009885442 13,6231988635352543
-11,3253652464845409 13,4293652189633139
-12,3411282744108473 -11,9070030516715875
-12,5814469752402083 12,4538422548229324
-11,9991906174392575 -11,3561709226889835
-11,0382132648177151 14,4093834391126787
-13,8607805956293966 0,4936355965270066
-12,0400446594282666 12,7474663531361152
-12,5825765222591581 14,4559804645496861
-11,7110248377956339 1,5970824875003786
-14,0223578569865204 -11,7354167035606149
-13,9088862685646824 0,0011179351378908
-11,7529287329272236 14,2742901484850062
-12,7295904304427872 13,5991474569211643
-13,6337251386496252 1,7833782187352762
-13,0095017638372337 -0,0228342398062363
-11,9996987343222887 13,6970644540009747
-10,6523736379026239 16,1489784606648143
-12,7017901945756329 -10,3053374685547539
-10,5002024151828248 14,0528225201595820
-14,5393733742273650 1,9495170477475625
-9,8683698479657824 -9,4986991480997158
-12,2132940588635375 -9,7449696286793266
-11,2693948064267797 -11,9757196016579517
-11,0514375612746250 14,1336256738240262
-13,3080956628428773 13,8111127491709915
-15,2460999924797012 1,4150255632449724
-11,2354046984569234 -10,6322469996922599
-11,0598936858403327 12,8879183490533595
-11,4478325425338880 15,7119053407652807
-13,9843986960250710 14,2670824199962869
-12,7107531972862304 0,1832968740561042
-11,1170254514354188 13,4019350615525603
-12,5257059526190009 -11,6080241430275031
-12,4419433560717554 -9,6536177146780204
-12,5388611718328704 15,1366487819544506
-13,1923295151861684 -9,6905871559130325
-12,2900397274254711 -11,9684703346337962
-13,4388878747543004 -11,7530970603760423
-13,6402063221235235 -11,0487892622045045
-10,0968363414543916 14,4785281613140739
-10,5639784855707948 14,7229443235716797
-13,0044498579427596 -10,1431776850769779
-12,4989963833591773 1,0973845109362399
-14,2662534507701615 -10,4118515034428150
-11,6957724053309242 15,7265261183082341
-12,2378412964494334 -11,1823705361209118
-11,8327394070174918 -9,1039224392690432
-11,6942567008039902 13,3781831655052610
-14,4507734498625027 0,7887244964509600
-14,1262961497917505 0,1126996527855560
-15,6031652991950587 1,2780858796331205
-14,8361084340553475 0,3181587205248529
-11,6834534950680098 13,8300892140823120
-16,1398905611670962 -1,5759102791805562
-12,6349993303253800 -2,3074990925566152
-11,8869494383522696 13,2901285766383630
-11,7503179223180449 12,5538247623409482
-13,3989853226672739 -1,0294631096058671
-14,2855502511581705 -0,9564903496924297
-10,9278599081296015 -11,8946159394780988
-14,1849126068907001 -2,4222020664339801
-12,8548717441512359 -10,5569559521040421
-11,6701389554802137 -10,5961849525451388
-12,3842578819734968 -12,8388167484038558
-12,5317671029688071 13,1001919061700818
-12,0238257011929619 -10,4803065836394502
-14,9605922374103191 -1,7102699974242270
-11,5240235423488677 -11,1324394269554823
-11,0509623971658169 -12,0950966154039925
-12,2046392389539573 -13,0179139875316245
-11,6767426462430581 14,3260074903271679
-11,4333181713390033 -11,5800598250852662
-13,3409111819762121 -11,4038538957288580
-11,1752836556089168 -11,5934130741186756
-10,9895302348461055 13,2981369885408736
-14,8032422999090461 0,3772160811572676
-13,6685832852688662 0,3676436275228984
-15,8559199500398336 -0,8028904213594592
-11,6074683180615370 12,5984665882742863
-11,5982646655923993 13,3564356360921224
-14,4026425792368062 14,9863744450367857
-12,5501733560756730 13,5344013380109587
-13,5833589929003757 0,4820072782201452
-11,8856977300851288 -10,7759303242361408
-12,9552241033601536 15,1940343507696944
-14,8038638744476483 0,7522688034205061
-14,7183933454483569 1,3240330467685510
-12,4103163196507040 -11,6941270097562100
-12,9790215229396271 -0,0229124575267384
-14,9138955786481446 1,6222498230521774
-11,6229167167087653 -10,5360008627289101
-12,6193136548691154 -12,1838911817566089
-13,6904676771915916 0,2780875879241233
-13,6472857996452639 14,5368485271853274
-13,8118951975623521 -9,5987422555600190
-12,0188537329465710 -11,4634520938875362
-12,6204815831967050 15,0542440664853210
-12,2604815679918300 -10,2684904766458356
-11,7158647233820652 -11,1717133554144610
-13,5683628295723047 -0,2809588837665977
-14,3140301402842613 -11,0105848217835920
-15,6654190665092976 -0,8544022543259551
-14,1574076321438707 -9,3309470480366343
-13,2162125168180697 0,0886275860183804
-11,7330514521448066 13,0041792256958750
-13,9700501012900418 -11,7190356578562493
-15,1205790991382152 -1,9978079980704693
-10,5148734934884533 14,2891072415548059
-11,9294515178757567 -10,5465219920956379
-12,1415431365409354 -0,3342231236107475
-11,0562506895982295 -9,4424883015022072
-14,1466295905732711 -11,5072361340196103
-15,1305074744607921 1,4355335253980330
-10,6097439703032634 -11,1508363254178295
-14,5936596524544626 2,5478124400282676
-11,5125575657016785 13,3459521354218591
-13,4520584128642096 13,8098649325857217
-11,7051180508014259 -10,4113311434622400
-13,6358307512563002 13,3898024491925138
-14,1386339186343051 -9,0751876530861200
-12,2966095340666328 13,1051921968323146
-13,9472123993820549 0,4883871298855870
-11,3086205573295686 13,6602606766056578
-13,0836422105212726 0,4859892360058961
-12,5975108319521283 12,6031696362977570
-12,8718808514141578 -10,9194325551876297
-11,6723731338022709 15,6295951379093427
-12,2731211135734313 0,8017229362857897
-12,3807146808878361 -10,7478090031675855
-11,8345414440480887 -12,2454536653526969
-11,3764458962400337 14,9200287294636471
-13,3790500383911688 1,6735749041115222
-14,1599509477843348 13,5106239481973791
-14,2709928852274661 0,1420677482302302
-13,6597317148121213 0,0162588079119827
-11,7011372552332649 14,1115233360383332
-12,6872564780254731 14,1504261049352049
-12,2607316930087702 15,5958614595349943
-12,2919721106875439 -10,4774771036208119
-15,7576962796634916 -1,2537175385652428
-11,1002144440449140 13,4300098984013037
-13,6770487871877968 -0,3523480031410721
-10,8998523294751877 13,8154759449740840
-14,0863773035838395 0,6696220789824949
-13,3196096285558827 1,9252577335359438
-12,8706393669218073 -9,8723293629065232
-12,7742126847049526 -11,1952258796546147
-13,0874740831765806 0,7761533540296783
-14,2658858736676049 1,0346481194799337
-11,1233673175170100 13,3713843633074685
-13,8850781544780251 -12,0258346140804555
-12,2021336415381167 -12,8231829411474898
-13,4652506822565954 1,0268469319005609
-15,3445579016264393 1,2062276678689337
-11,6990197023178890 14,3299746414918623
-10,8852790703542510 -10,0556795935146752
-13,3257302608853205 1,0875954406801349
-12,4254469800262335 -10,5872269457430761
-11,6940899386536081 12,6231527659887224
-16,1102025922173482 0,7319037522475351
-12,9933377267578560 1,8120079343169573
-12,8272721860612613 -10,5519768642232208
-12,4340002394729101 13,3310058725231606
-13,7575777343451993 0,0770814665592016
-13,3420110021942033 15,4326045208055564
-14,6074198985914165 0,8912870601991391
-12,9076564135722194 -11,4246574901864726
-13,0680215704915916 -10,3789721823647536
-12,2634125383193524 -10,3641900050037492
-12,1473628947619048 -10,6028192100516723
-14,9912962561220073 -0,3809858097035993
-12,5570539301917634 14,0353735176371224
-13,6348647145433102 0,4899533413385345
-13,5243448963642336 -9,2993391631023936
-13,2945776034717031 -10,7630690169759617
-14,7607618571998920 -0,3650596176514380
-11,3430373719722262 -11,0852843142499431
-13,3014168073468060 -10,8699347054991318
-12,6755478356987101 -9,2960878663544850
-11,0693254575626998 13,4546580148647301
-13,3649316438730814 15,4182182947599351
-14,1287763492423135 -1,0421405374583843
-10,2846574681370644 -12,9380077753832214
-14,0587551699051652 0,9752565428044703
-11,8049904922659383 -10,4926651555424950
-12,7853001974662135 -12,4732041703077545
-14,0095078233720329 1,3978224312816030
-12,5480488016908041 -10,8063393435829536
-14,7959402743645541 1,7955419349569792
-11,8031196601140813 12,9641516869967219
-10,7805764462530131 13,0363705229962257
-13,7123443348597220 -0,0422913017096671
-13,8012574551262119 0,5678944950438216
-11,6593921867138341 14,2655118183302516
-13,8120974424120995 -10,3893376749242705
-11,4321109772053990 -10,6009109150175043
-11,1492307165636344 -10,5811634585360359
-11,7373507616945325 14,0271832536735399
-10,7291337219773659 14,3618534103974262
-11,4786508573566675 -11,1784662313059417
-14,9549630687837602 -0,2136189262754701
-11,9179643451881052 -10,8943024730817619
-14,0811528222726992 -11,8294200847917441
-13,2389288911490564 -0,3899119688050162
-12,6892890816977832 -12,1244664486849576
-13,2334840232197326 12,2814477314514274
-13,9052094367342036 0,1912132230489688
-15,0476401813766341 0,3049700864420482
-14,2500390102898358 1,4938181918816353
-11,2227060889336645 -10,2496233614972674
-13,7150881159981424 -11,1148341156997947
-14,4270234287963071 14,2951476656778169
-12,0190633166145187 14,0376671632072050
-15,2037615460037099 -0,4094406179355848
-14,8672962005315057 1,6966576713329580
-11,4907312505757844 13,0285386628980167
-11,2647718749988694 14,5357502096798950
-11,9532301729566104 13,4691461954363678
-12,9105760904377700 -0,6573431874606662
-13,4187593500486990 -12,2107318327442442
-13,5968916399131192 -9,8316493564050056
-13,4259058295034919 0,5987736060656823
-10,2801773067649620 15,9277230360176638
-13,9777167732177841 -0,0327858139713970
-10,6898180981924042 14,7652151480870852
-12,2192790492276924 -12,1120876621552434
-13,3110537687181214 -12,7864421017890546
-13,0871698270807872 -12,0648978653218411
-11,8553854668490590 -12,1622052515661050
-12,4061270237560617 16,1892856472320830
-12,2426389580348296 15,3370860892007066
-11,1296847024489587 12,4460299113700010
-13,5829100325141159 15,6427304626651082
-11,2864546793553924 11,7138763054459698
-11,4397915017944705 -10,1444295079414264
-11,4527862782115761 14,2659378070317135
-12,3590967705002654 -10,5957138041487262
-13,2484009235708395 -12,4279792632964039
-11,1281629782897102 -10,6813256846676019
-13,5785652329426263 13,3665976801091038
-12,1691571844916737 13,4283719760238629
-15,4647412847923675 -1,0878077703944902
-13,7915492796315249 14,0359519204407359
-12,8899515731223264 -10,9866483047597061
-12,9190749801559299 -11,4502764834810904
-13,2518045430516391 13,4323045121601794
-10,9610404122337464 12,3772576228558897
-11,4267274838868929 -9,8043489164403219
-11,8488250462977938 -11,8786191804370862
-12,9968336613152786 16,8537687470829667
-14,5313712588689921 -0,0186944582267328
-11,4708269035914956 13,3509295897342675
-11,5253855524114535 -11,4088612506426728
-12,1121599058870597 13,8179333595652434
-12,0388369004274978 -9,3230614884442087
-12,3213415480408344 -9,9844254392565706
-12,8598110182151792 -10,7338474081395709
-11,0773968389969344 12,6743043924706491
-12,7084658128230821 15,1274181638746033
-11,9981426974651662 13,8610047557255918
-10,7741890765355031 -12,6149320542155561
-11,6726818135313799 15,0055673407220702
-13,0903212568295544 13,2919284876010160
-12,0600663336638743 14,3508768287088646
-13,8915175207882431 2,0398113432834544
-13,4157883156892037 -0,3684317833746142
-13,4413879073876874 1,5086120926566235
-11,7346577683777102 15,4503052591767922
-14,1491654323340281 0,8822412062242538
-13,0361948215694667 -10,5478759650948746
-12,0219891933181895 13,9834066373849630
-11,7017233101685161 14,5206134548355106
-14,3650248483853957 -0,3620612800326045
-14,4412806771779412 -1,1809163306440529
-11,8174510193093631 -10,6375249606653188
-14,8329032359742747 0,5625916602938342
-11,1576452969566287 -10,6689120104837851
-14,6388716292966734 0,1903735365505397
-12,1623621064118801 16,3162334753790716
-12,1219931432139187 13,0451930216405430
-12,6824376132391450 -11,4871933890625186
-14,8524683927822352 1,5030279023834390
-14,9392216838196408 -1,6719117863535882
-14,2413911056895532 0,4684438352986450
-13,6746284462122585 0,1651191000452916
-14,2016902564400134 0,4622284771632335
-12,9501233379318119 -12,0917867058998567
-13,7976605891600368 -11,3113078350362475
-12,7936991279002363 13,2165782517481585
-10,3906854778868372 15,0010502763763753
-15,5948439474896237 2,3957640136248619
-12,6349393735249791 -10,7509292318201961
-14,2927059103150924 1,5629926194254038
-12,6208330105909763 -10,8567429114370864
-13,0081710345000943 -0,0313908900627258
-10,9750342416613726 -12,3001791191661916
-12,6270267385134130 13,3092941548029184
-10,7822720538303205 -9,7791683833051195
-12,7708520626803192 0,3176439930426451
-14,3732109554120431 -0,0193394549666657
-12,8655643007763913 12,8366648760625157
-11,3267385381520711 14,6229784387693371
-12,3297087803711545 -10,1625456135927905
-11,3391381786213081 -10,6542363740283168
-12,1977217348520384 -13,3308383407808932
-11,8074423449856472 12,5793817956989304
-14,6780578061305018 -0,0882536882790085
-11,0256053331377348 13,3086421300580344
-11,3020030777485339 13,3319539190554384
-12,6180268241841400 15,7654860075080538
-11,4936922840884037 15,3058332590298658
-12,5385934334195710 -11,9497950934810522
-14,1324295435281897 0,2819660915794320
-11,5870350704687439 -11,9627603998495289
-14,0329831309627266 0,1254474060174309
-15,0577171130288239 0,5673829574128407
-15,3803451812588676 -0,5402809810036788
-11,9904306438840607 13,8767562503866024
-10,0242872212890646 14,1042264195553422
-12,3572819550729402 -10,7547841011282799
-11,6398440653246684 13,4706650483267047
-13,9321170746472500 -11,0096308846028546
-12,3174288485458590 14,0273485542777827
-13,6286187601398083 14,4463955351246334
-15,2080913927434693 -12,9299203712114021
-13,7423838003766736 -11,4043428780312528
-12,1409539377480105 -9,9853392811878088
-12,2215385595029620 -9,3812601471672341
-13,5307057115487588 -0,7078772678311008
-15,7617854619324369 -0,7006583083996640
-14,4898892071623351 0,3262603045120027
-11,9368017452674930 -10,0446870172504603
-13,3429366585951801 1,8525091703122558
-12,8529650789550232 -9,7789080552677703
-10,9850472038276266 15,4599148470334047
-14,7155867003879983 1,2686923811146031
-11,8417339265737471 13,2975166097208746
-11,8889815911714951 -10,0318731749237244
-12,7667135228725730 -12,8718616388209899
-12,8613477394204629 15,2066743944496743
-11,8805520441318393 -10,4865991816256141
-11,1709048693220385 13,6017864145188287
-14,7814844859682371 -0,3110984000565363
-14,1761116225246617 13,4780914632735769
-12,6839666924048586 13,5310847586022867
-14,5315744013538506 1,8049640953069472
-13,1376546534261376 2,7643794765014218
-11,9112867579050743 -9,7270166595625014
-14,8134090010325270 1,4130750441719733
-13,9306282645712223 12,8899016197866541
-12,7601186364546955 13,6624598648130835
-11,6463437135003609 14,0752069788923482
-12,9984209778018229 -10,9249819575658460
-12,4014860409512035 -10,5878830308413967
-12,8907600721500799 -9,5077680577263610
-14,0237607336230550 -0,1469809153701626
-15,2285773038634051 0,6478599922612482
-13,6650641865396842 15,6055461883093294
-13,4645096799149488 -10,0862579840327378
-13,2696458995369433 -11,5206037964719012
-13,1600727394539501 -10,7041268343691929
-11,1078527107654654 -10,4806896101981781
-12,4097456371995687 -12,3790424883247177
-13,8289579114089332 0,0794483463444704
-12,9279013620870273 -11,2619735179457905
-13,1555929817436219 13,9869655332424330
-13,4546401057364964 0,2613637415782689
-12,8484745508347729 -12,4382143126721694
-13,9480309116349623 -0,6561383938173317
-15,2827260618983942 -1,2025471365720597
-12,1190928804109532 13,8692788607427158
-14,5514318394689948 13,7185942341229961
-11,7782268921353381 -11,0691448681429989
-12,0505385927194215 14,4933232925057798
-13,3226971602147177 -11,3065117486244251
-15,7392173037667487 -0,3307801022825632
-11,4029585436864451 -11,6907700765255331
-13,5815856117478155 -12,6474906533187799
-11,8314148865633992 -12,5403738873614774
-12,8423046517936150 -11,9038042738030718
-14,3130743837752519 -0,4007750092959370
-12,3621464441168012 -9,7733828327619108
-11,6778959112359324 -11,4358865553198275
-13,4936153618027035 1,1621626642906611
-10,8617686716029169 15,4770472985266458
-12,4043226557769550 13,8068434750003117
-12,0136678084968054 14,9052883844057042
-14,2017979210145526 -0,2891719755829428
-15,3707096266657608 1,1305953609983477
-12,9436308700510150 13,2608814155807657
-14,2098547575861271 1,8793685054965430
-11,4580130078036930 -10,7176523481848118
-10,2292587568196129 13,2766546524037921
-12,3471512919182462 13,8273450986471040
-12,3095631963046319 -12,4872798910045404
-10,9156230628589785 12,3514151647402599
-14,1531925614668239 -11,6026326743345614
-12,3368343954428799 -11,9039855401934140
-13,6557856206286594 -0,7669232434004500
-12,9913188746245805 13,8239532123673037
-12,5413706158858549 1,0962981340526543
-10,9522449917053670 -10,9675777402259680
-12,7480666079445868 -10,7392183915943669
-14,2592719475984495 -10,7090961779274672
-12,7283082262968161 -11,1464061960181677
-13,9025024756267168 -0,5382710992286730
-12,6110231998275726 15,1519078265829386
-13,8113897180809833 -0,0930442365509108
-16,2758314907077235 -2,1987104288291457
-12,3864575988608223 13,7820444050688327
-14,7432713680713192 0,6851381661946310
-12,6188087822866848 14,2549210414905367
-14,8776700308858434 0,3275603862222115
-11,7780541016380056 13,6104839233916710
-15,9173774024762160 -0,4577402513012497
-14,1638103652224885 -0,0819161468850251
-11,7804716519579582 -12,9402461910341788
-12,9232565723998274 14,1979029645341619
-10,7100509809525875 14,8764801381184579
-13,3529293903109938 -0,0328148700977522
-13,4237635478508412 -11,1350374255451001
-11,3171834314338611 -11,8529192570760689
-11,4239205011550293 15,4497939859344520
-12,4541037686410618 -10,5770372638232946
-12,0213976752828025 14,4049017308469729
-14,5116819969505304 -11,4709993591494079
-13,1109574000643541 14,4631438597813702
-11,6810038318014637 -11,3643905815516835
-11,5215406793778374 14,5269805970979426
-11,4098308512788478 13,5184572112495811
-15,6353607097089657 -0,3990225840789539
-15,0218079444483852 -0,7095156102855529
-10,0120957941331064 14,1013537443738581
-13,3529504843270566 13,9034617287570867
-12,1857894115905427 -12,5227070804508198
-11,8601265267880702 12,6155643157704240
-11,8900443599250654 12,7190338964098242
-15,0856084535784483 14,2163714979484155
-13,5358540778197138 -10,9840232172921812
-12,7195015103176168 -9,9101890230044880
-14,0506595583136402 1,1320975919840832
-11,3200143115356902 13,6344507494676233
-13,8417195298072713 13,5657784681443925
-10,9937264722545294 14,3420365930475828
-12,2204410822897476 12,9046927806423906
-11,8163554106236290 14,4674007447214272
-13,9961184503545439 1,7384018838333886
-12,4318597971870570 12,2159555445683310
-12,6559119372401199 13,7061184218422287
-12,1053813226146278 -7,3002248651011792
-14,1111845714819228 0,5640506290864693
-12,7265668266987646 -8,9642803839621692
-11,2904306237824663 -11,1821569588931666
-13,8906143861616744 0,5810821643672075
-14,9911053714994331 -0,3760707262748055
-12,6467736189558941 -1,0597617713094498
-11,5620114541255123 13,9138322871389253
-12,4469374841677425 12,6642328736837797
-14,5609873898451845 0,3747328398847669
-13,3018278968153734 -9,5513756155411009
-14,5450596259263776 0,0166921924898604
-13,8432587852609359 1,2350318768622777
-11,5374179950115519 -11,6488441671205756
-13,0964946234510169 -1,1909239689450724
-10,8546019208033222 12,8268147951472766
-12,2944577665098258 -10,2956496146231711
-13,9082821279666682 0,1035055023469462
-14,9849539810326071 1,8080695261131341
-11,3345045953299355 -12,6456725718444929
-13,8058159983688871 1,2643561188144643
-10,7889216317706378 15,1555993696587201
-15,2988028721358944 -0,3771530313011969
-12,0040691519295954 14,1863724230975947
-13,4235660674167789 -0,5835177981977359
-10,5283441232974866 -10,8458731051174659
-11,5808029264818053 -9,4796080066665258
-12,0915775033983426 -11,3878275254969239
-11,5725774960208927 -11,4302419304833052
-12,0604829044515700 15,0071359401468030
-14,1513772744615949 -0,1266644697775938
-11,7890214994624074 -11,9540354715968888
-14,4283144728586379 -11,5395233634061203
-12,2964001466043289 -10,7666832053085866
-15,3342238703317122 -0,2062947806467273
-13,3529518831105403 -1,0310080408555320
-15,6772036922443405 0,5016425790126359
-12,5515419740233405 13,4022141504974286
-11,5661500998468441 14,2136696469832895
-12,9759935424996868 13,9286164635018874
-13,5395667835855349 -9,7794254420688578
-14,8999540967352537 1,3717310121956072
-13,0900077854967609 1,2760285861975491
-11,6430835373310462 -9,1283024447331336
-12,6043003570914962 13,6063684584957283
-11,7349324643153885 14,2405195856013620
-14,0346131417268012 -10,7615881089472918
-9,9136922594829340 -12,7055446133471079
-11,4696726308797174 14,7186064474676499
-14,6621643088248224 -0,0917495804483465
-13,4332077031125756 -0,4546745721898726
-13,9199579648633254 1,2714334664749332
-12,4406051407809919 13,7885921729861245
-11,5020433958786068 -10,3200384747516622
-13,4190797893414242 -0,6045820489743539
-12,9579829036260321 15,8208295747236303
-13,5723990818862301 -0,9005413877471709
-14,7976023659066218 0,1419498890673257
-15,0396857600753311 2,5332838041682852
-14,5875897344709067 0,9880110843621396
-14,4122125424882821 0,3379926517166987
-11,9311567681108990 -11,0998658107112096
-13,1499474113281085 0,4775945919050845
-13,5906907107353021 -0,0513972745467747
-13,3503052796306054 -0,0985477678648766
-12,5608213431391089 12,9008772731465253
-11,9809091151829250 -12,2426174129723542
-10,9917767681468277 14,1028301009087258
-14,0204844194158351 1,5037181252921079
-11,4538689710226489 -9,9807170734085702
-10,6082083198968355 16,6421690186297866
-13,9419531964066259 -10,6842033993188696
-12,6155305983808059 -10,1566126291311356
-12,6656071369913583 -11,5641627999156693
-10,7386320326294733 14,5879214562670878
-11,9962752957352734 -10,8147880146733808
-14,8593051497269073 -0,3896564798012819
-13,2644107281326544 -0,4284873995606768
-10,0248196596880561 14,8246697649331267
-12,2324349410234969 -11,8987223783161387
-11,7116513594165355 12,9449370145987483
-16,7742747887757311 -0,1184930866591135
-13,6919943380227025 1,1028578775813256
-14,2037065355045691 1,6384847776566231
-10,7838788927790858 13,0925223257802763
-11,2038519354334820 -10,8074011619795733
-12,1456046062735190 -13,2386714467406037
-12,1067375353825355 13,4755311245228473
-13,5209081987859410 0,8444334998511274
-10,5307844062261484 12,9800971283910833
-12,3201889131216653 -12,6188251728270089
-14,3207155708612053 0,2148008782144845
-13,2975469004012492 -10,8126891438501929
-13,2778146163233330 0,1848619408233236
-14,2103107237209549 0,2778831233644458
-13,6262061903094924 -11,0357541712102822
-12,8009762777604585 -10,8004496066859605
-11,6546151598690315 16,2681168312945168
-14,3657782181001874 -10,2771882141358830
-11,7829957046370986 14,3479378686084367
-13,2881838041055751 -12,1207456352157337
-11,5054924177852342 13,6948591632527261
-12,3810943158880384 -11,7813064458266172
-12,7502199867832822 13,7302408524473609
-12,2011277332753050 12,3797176072581703
-11,8595961105214016 13,5272243415592950
-13,4746718736911717 2,1909538499925412
-12,5300473767939486 -11,0020683170113696
-13,8197175921685584 -0,4797930234911251
-11,0335056523589543 13,4931039879858474
-11,7000570957827303 -9,1180529763062488
-11,1186197950494972 14,2922101254225424
-13,5301432531910901 12,3041530405550361
-11,3357480227813738 -10,1810933760270022
-13,7815979823731443 14,3622983038350149
-12,4785958006433599 -10,9704684581259659
-11,6715910967473562 14,5457473124672561
-11,7545079294742649 -11,3548128765854521
-12,6826273384252488 13,1311067101197150
-11,9231402014328580 -9,8149307992011607
-10,6470526313487479 12,3465090082552553
-13,5570599888368264 1,1756568633504196
-12,1382665725911192 -11,2369874742467637
-15,6575424038216031 -0,3979488310556857
-12,4985656650759385 -11,1619551740438325
-10,9276285341981989 -10,7898197938117093
-12,1522895484205229 -13,5509067141214956
-10,5812832133480281 -10,9350084280884854
-12,7078143134542145 -12,2090283308023402
-12,9385576068716990 13,4884924384020941
-11,4509493610481279 -10,4974641049885076
-11,3830609621347669 -9,6778748347946451
-15,0838139723000761 0,0573158731423505
-12,2162433036848039 13,3691419051068241
-12,4316674727785657 13,6486013032365712
-11,3891415260324731 13,7035138813856641
-12,8564028050292265 -9,8826108854440164
-13,4393568362668585 14,1358117965960481
-14,3368990216098009 -0,3443806540021829
-14,7689114702769260 0,3680865131135325
-11,7662139539726791 -11,2942304052970037
-13,9979487233488946 -0,6384251987195069
-12,9927748152559879 14,3298546927661707
-11,1744560214751072 -11,8258467565645589
-14,9209342472365876 -2,0120794304438920
-10,5169206909608555 13,9473143530688510
-11,5909796599773145 -1,5449222432954541
-13,9802059950961493 0,1879135603363504
-13,1690800990142147 0,9786906981896353
-13,5237845754121668 -0,1910792668965464
-11,9442886496306535 13,6477604768591725
-12,1730794615078430 -12,2656702935059894
-12,7808897404872042 0,3377788525691958
-13,3015193926734590 -10,4208685436579156
-13,8164948973647643 0,2474987249168754
-10,3586984960550232 -10,9998528198266978
-11,2164686671278062 12,9687396597266797
-12,9006965991792377 0,6244410882660143
-12,9479779823017189 -10,2266646529549252
-12,7312882406979337 13,2619917308228068
-11,8254659401909681 11,8638668972050549
-13,1169074166650681 0,4096624397332863
-11,1586305506505710 13,0062622639092105
-13,6158023308756242 -10,3666392487903707
-12,7941363484099053 -10,8110350426405368
-12,0180816817222986 15,4344382245166116
-12,3961794600970912 -11,0667885110609188
-11,5415488104281181 -12,7021850713375528
-12,8147111755264156 -11,4684920263042791
-13,3453579332939949 -11,1499909691266303
-11,5084303277070763 -0,5743173713953352
-12,2399916710998529 -12,1989834166366826
-13,7494641270929279 14,7080286029710852
-12,5147172283293493 -12,2137616665877822
-13,5003969244339110 13,5942036367377668
-13,6454724962110330 -10,9121169640944320
-11,6662322561063334 -10,5667094029879323
-10,2622209811519021 16,0803950194856178
-12,8419918564499493 -10,3312326217894359
-12,6068234268836346 13,6878734328456808
-15,2793552188949775 0,3624771967457141
-13,9066654290281786 0,6646634968164749
-12,0207020241754474 13,6327774525793188
-13,6513130568120467 12,4658962527808281
-15,3524466025645481 1,0239349289982891
-13,5421464600129724 -12,1843661476910867
-13,9789136443599187 0,5183799479193804
-10,8865867574065813 -10,2376026930396602
-15,2366983992533669 1,0417528762044055
-13,3385581552166208 -13,1209595632978928
-12,5809360621281208 -10,9648887963357762
-11,6146479063317525 11,7918403749410317
-10,5176289609181097 14,4290734507829281
-13,8267015155291624 -0,2355892543466170
-14,5895982009176457 -1,1185844226682122
-11,0683274619675185 14,7173493926297958
-12,5842989883239067 14,5203670938895506
-11,0036159956278556 13,6436608070511607
-13,8673996081820015 1,5212764946267303
-14,4139767114020660 0,0930354248393805
-13,0077567376262273 13,9441407847281713
-13,2710569300654040 -9,6901375980149957
-12,9080324198180705 3,4594401225491773
-13,2163294735092975 -1,0551294474851065
-13,2432931365930333 13,0275057941433872
-11,8424702701758982 13,9112033487657261
-11,6833980089492719 -9,7392066284172767
-12,0142031708967707 0,5111645143729185
-15,3236191351682294 0,3775407129741325
-13,3069463566770647 14,6030791273736327
-13,8862046548214728 -0,6583874744135587
-12,1973725142510236 -12,4031056316994661
-14,9393065294628258 -0,7218994706421851
-13,1048129743467499 -10,0275514038362719
-14,4641150817809745 -13,3214464739224105
-11,2802019363819408 12,9651684743994551
-16,0632955440929130 1,9094602920352413
-11,4787009644138180 -9,4500083972189319
-11,3961388377667774 12,5405661089303297
-13,0352659033849019 13,4320153964438713
-12,4915690444604337 12,2330921232690759
-12,3567509338523323 -11,4971452701209849
-11,6929867708171482 -10,8497136467197279
-11,7248182359997664 13,5627557422238283
-14,5252820014477670 14,0541611447383339
-12,8422911790123919 1,9866773785694354
-11,6800894049070507 12,0364321641830259
-12,5227360094559952 14,8934089167603219
-16,3070463647399926 -0,2994150879666863
-11,2355511302572886 -12,4589955788619875
-13,3812439805228607 -11,4835716227635434
-13,8591062481205203 12,5484685264927975
-12,3151526572041234 0,1193864505425116
-13,8068098589304924 -1,4345139856119664
-11,8157510568057074 14,3836999194581008
-11,5432925245138485 -9,6314609824955628
-12,1177495306083003 13,5003348079587475
-16,5779739466630041 -0,1375808059679161
-11,1350661490705640 -10,9659112457424062
-10,2525440705641238 13,5251762172313583
-15,4226136277740853 0,8607288049477794
-11,7956011443000914 13,9815003622436400
-12,3101079908341244 13,0223056866179228
-12,5113872549729699 12,4346644887023725
-12,5172153866197462 13,7294880446879084
-15,7142417300593173 1,0520731153744189
-11,9575743890038488 15,1483215390358037
-13,1575944779198171 -0,9321497308666071
-14,0082165817231594 1,0851257909694292
-12,4290549403568882 -9,7664492835291838
-11,3845034799578677 16,6111113029142423
-14,6920691277600959 0,2807417825144292
-13,4155154177799734 14,3206458192842376
-11,3268822008465513 12,5807246911926338
-14,8341118925329081 1,9627312622479769
-14,3227801898594791 1,3080686075680992
-11,7452920291442968 -11,3414077349946201
-11,8957668827600020 13,6969503797575598
-12,0746399206704584 -11,8642006794694215
-11,8971496336105726 14,5954437330747293
-14,6597041748964898 -0,3334809564594649
-13,4243586583620615 13,4757042338887114
-11,9948375556904381 14,5319719083931549
-12,5541888150101855 13,3262035120422624
-14,6212918578572655 0,5579727616182648
-12,9864228063199363 -10,3110524658250196
-12,1785512690627069 16,9746889590157082
-12,5193330081122713 -10,3830565664920442
-11,5727848629498311 11,9519984225237295
-12,7434826296690833 14,1906782939145319
-12,6465736936937674 -10,1764702310661619
-13,5565288054814719 -0,1307185963715704
-11,6189786129801700 14,1687586912595389
-15,0919899895988934 -2,6736092484434693
-12,0032068784211798 -13,0535621801133299
-13,0242865463432391 -12,3973545676219974
-12,5153252038240730 14,4168667785827616
-10,9930791849399956 13,9362874559936980
-13,0812675749810499 -10,2620148964714630
-13,4488788444955372 0,2358352543636740
-13,3317475715050993 -0,3415390421563588
-14,9105136403346439 0,6293627308094250
-13,2438384704976198 -12,4528571675492952
-14,9595092427765000 0,1594351582800317
-13,3755244073086921 -0,0967902367080172
-11,8964619289869944 -2,1541165810614435
-12,7470619856487506 -11,9771551841629300
-15,1838605133530855 -1,5129191394471118
-13,3057094131054896 0,1061696035425742
-14,4499098556403425 -2,1387165667484718
-12,8777960762298811 16,3952609477829014
-11,5952877357112918 -10,2048045134641434
-12,9985942775230932 -12,0443974347579346
-14,1839810453799142 0,6187280795856867
-12,5378431504594605 14,9374224923377774
-13,1100560067113925 13,7348558405585344
-14,7572065716094283 0,4950957395958845
-13,3638148511914032 0,6859391604659569
-12,9309446311742366 13,7841711560389868
-11,4222703552875693 15,8758499521992764
-12,9900817588096622 -0,2023624512223120
-12,1126883190713652 12,6563894038066422
-12,8378230248902572 0,0746723236127207
-10,7005098381740993 -10,3777513426279313
-15,8921794336093889 -2,8665162394994104
-16,2094562724130000 0,1186246921463384
-14,9214756526173389 -2,9861230661141853
-13,6766164583593905 12,9302477900846924
-13,4771581709698278 -0,3841633158922817
-12,2849018535086270 13,7346916130279215
-11,5902929416317946 13,4275559965727904
-11,9094120834676218 -10,8342578205101567
-11,9361731523775383 15,2678355502552456
-10,2575701051467529 15,1370039351292824
-12,5252524593349790 -8,6118477363149832
-13,4749512721085782 -10,7534024802352111
-12,6783463844294246 13,7302637642231300
-13,5271686047027266 15,1526274953052571
-11,9763673712963481 -11,6691065636092084
-10,5434732361798176 13,9718804427179144
-14,5398026744139965 0,3582403839571023
-14,0824565608306678 0,9464532839808605
-10,4702564721103109 14,4708936768300198
-12,4221171759787996 0,3817879229568956
-12,6608315832931151 -12,4047482630278889
-15,3592855475912486 -1,0096133420243725
-14,3101757612118128 -13,3098427774722481
-14,1403852267356012 0,6104186946815782
-12,0968400571587154 -1,4348595105428810
-12,2163048503349199 14,1694494555429671
-11,7445193978076521 12,4742458308682078
-12,0232160006259541 -12,5321138532776875
-11,1247265099245674 -11,7461628913692415
-14,7863508129733905 1,0364917981928041
-12,6903345112452648 -10,1056742389688861
-12,8162509874668213 -11,8065054262377291
-13,6729722033748828 14,0629358148384629
-13,2826006726999175 14,4847574499138148
-13,5778682630540253 0,4600491284212601
-11,7950799626462839 16,5962898301694821
-13,5966229902988545 15,0004133965009352
-15,0177744619533602 1,1389247067327637
-14,6568911749543638 1,6735662571641843
-12,8353294747244338 14,8585797738956131
-13,8841248116820157 12,5713533924061025
-12,9193978614028726 -11,0381144363335810
-11,6830119598842614 13,4289260453308543
-11,7723741946090854 -10,4712611228967383
-12,0010281895451492 13,4105828146262382
-13,0882795451506162 -0,9915251174435824
-16,0628366305364771 -0,0429681054348591
-12,3015135949334926 14,9143856847265379
-12,4515360777136372 13,0764796582827501
-14,1352046861037479 1,0649283957776394
-12,6067365821530615 -9,1743775743885063
-10,2269257432691880 -11,4476061033327436
-13,1803445851853098 -11,4252619843968368
-14,2083116151370632 1,4012812583550807
-10,7314252572470075 15,1072306488844852
-12,3332319185561889 15,2154511464757789
-12,4758610326086927 12,9366774068742316
-12,1801139402007941 -9,7002658623079725
-12,1641094498939264 -10,3768539156992681
-11,3318670430374571 -11,4043116331432461
-12,5946321675243915 13,2442658431977041
-9,7981782396339572 13,8396828838208830
-12,9938084806061092 -9,3913180309099591
-13,4020914324642888 -1,1158303882999854
-14,2296681300152681 1,4212233625161341
-12,7148096945308353 -11,9117742618176408
-12,3764579667528825 14,5042166282742091
-15,5315622462428280 -0,7852770658740598
-12,2743611072139682 -12,2183528681659723
-13,3114418499804614 -11,4175098224270819
-15,9785286004707494 -0,2607790447674482
-12,0602667475323972 14,8500698492954371
-11,2640581173086947 13,9501905301592579
-14,5251118294180621 -12,8159275362101557
-14,3511448771106611 1,0646944367828670
-14,3783372248510712 0,0574299611998307
-13,5354066564382300 -11,9609464961902834
-12,9428738711234015 1,3766815339843566
-14,7337139333661575 -0,9749979218822442
-10,1566374955501733 13,4197729841816678
-13,9637645748540642 1,3356322217769268
-11,4469731650055966 12,3532605368442479
-11,7353130243695993 -10,1282117994595016
-15,7461077515925556 -0,4309970736293920
-13,1997675276729325 13,9076802233008614
-13,1948496978602883 -10,8915434000527469
-12,8005808435868786 -1,1723566060413793
-14,2684197858343946 1,1021343835081929
-13,5352430347149415 0,4685841132231725
-13,5694263095834398 0,6640936920501388
-13,9076071805425485 -10,1558679598568595
-12,8365052195850069 -9,9927845446582495
-11,9207497858032117 -12,8773030934005774
-12,0626827719714473 -11,3260421744421791
-13,9150200851901911 -1,0500426858784127
-15,5697476196542954 0,2776004032259722
-15,1209698791048286 -0,1553388969100381
-14,9770704789931433 0,5318908013679131
-11,0711128104289873 -9,9711318795102635
-14,5108946986381557 -0,6677638257512282
-11,2328501166316279 -9,8617252940444882
-17,2780645408816831 1,5241451695849235
-14,2070074009025209 -0,9964615726365464
-12,1836718814740657 -12,6877601523005108
-11,3242742097222102 14,3953692736806591
-14,1356951489594884 -0,7909578625076787
-13,6319213374880217 0,8208798595678846
-12,9045997986914021 -0,3521442649448038
-12,0383271958955618 12,3681572944238276
-11,1704237183423292 -10,1737656573236617
-12,4963297972507181 -11,7149828532823612
-15,7415221570975596 -0,9556625575394135
-12,6462491535016444 13,4355271465825936
-11,5775168665236379 13,9882547952759140
-15,1014159103135945 -0,7950360428970475
-14,7689818504149972 -0,5961754809315385
-12,9994074103595789 2,5409951607212267
-13,4536827757859658 0,8613102097492171
-11,3810689452453566 14,5558871570368975
-12,2738856592335797 0,5177509492614747
-10,1013896547183499 -11,2599174741577563
-11,6184563393179854 -12,2157094511497881
-11,8449230085697153 -10,7654263296733816
-14,2013987269640474 0,9634426750460586
-11,9443443164977712 -10,5255925875320226
-13,0892417808595702 0,7444326255694009
-13,9914794043158572 13,5779219999553895
-13,5553325696017826 -10,6515031135572542
-11,2585979542152508 -11,0519895894255633
-13,8866997642478118 1,8985645991134672
-14,5248004002908733 -0,5442353852238032
-11,4407979242491642 -10,7316466154767696
-10,3843023506572720 12,0804938354297686
-11,6414751991881893 -11,6005657660983257
-12,7999263535580710 -10,1238266936033892
-12,3038994879108738 -10,9350305043138807
-13,8107462772310008 13,4994487847052493
-12,0482215306397613 -13,0620537007708357
-13,5243042437147025 -11,9170800955180010
-11,9987670716647425 -0,3422367878773784
-14,1163765687363085 0,5943390564065634
-9,3109141549162526 13,6553234523111353
-13,9010229623268717 1,0025181517631376
-11,7631717470666182 -11,6189138814506556
-12,4360257246661927 14,0839589531048581
-9,8899317506443047 15,7928953340526679
-12,5982279039640428 -12,0940488849919205
-10,0757085423744286 13,0880003058628187
-15,7717117512274019 0,1065443069094087
-12,5695163497171443 13,1693769568567038
-14,1654143722511794 -0,1247696160257067
-15,5638186213919703 0,4733024513120877
-11,5610314708417672 13,4278275931911786
-13,4021037592869554 12,7590375935626650
-9,8244615611388006 13,5341170008389344
-13,3536816577737110 0,1138241949994011
-11,8206749455380731 13,7808249092329653
-12,6357488000658265 0,9396450822949706
-14,9130391393907900 0,5558786793364010
-11,3892510520423489 -13,2026168572922931
-13,4448699445544886 -1,0294984042180317
-11,0777496975044993 16,2541523653081903
-15,8740704080104376 0,0828261070487058
-12,0861742903657134 13,5651940408649558
-14,0078120312037484 -0,0364307018620707
-15,0202882341836688 -0,2645946241457389
-13,8208394509608308 13,7932853282983050
-15,0092303735725832 1,0725322618025854
-14,4025313704276776 -1,1016160924100420
-11,7979427421201208 -9,2353282539934707
-14,6734712343046318 -0,8437629171363386
-14,4534014441091916 -10,6127774480845982
-10,8907381768101494 15,2106513444717457
-10,6857345293019073 14,4454587125601286
-10,9836460626831300 -10,0117149566294845
-15,1732507236017664 1,0296486749863965
-14,1914606436796529 -0,3585087465188088
-13,9599493268285073 -10,8236412571767229
-12,6529585802609823 -11,7461949980477378
-11,7474646759711661 -10,6002937145539136
-10,3832182256276777 13,0401312200348656
-12,8940920185022101 14,4075153424730065
-12,2553617280383254 13,9334559958269963
-12,2379123679113118 -11,5925204397758606
-11,3916471984084247 -12,9124207644292497
-11,6991472789307434 14,5359339354778569
-11,6732056568371352 -10,6708047386726506
-12,4812728194590630 15,3427400833787626
-13,3532547781008812 -0,3487782208990964
-13,1472960791493492 1,6334052772513221
-11,3725117445960908 14,0711137032793356
-13,3960718421755427 1,9880289210656523
-12,7552226411492740 -12,7532972825190463
-17,4532076970186338 -0,0785439411761477
-12,7186764509349022 -0,2131761057899351
-11,2588385283774670 -12,0623210633554638
-12,9460165809413450 0,8156864118793626
-11,6833251753000500 -11,5240057118367751
-13,1576704938768572 -12,5895480018511225
-13,0582662405611458 13,1495285495779992
-12,2212730077040419 14,1330443135619532
-14,6801775115199717 0,0029640150505464
-13,2970369923966558 -10,6840594190037734
-11,6246357361215864 14,5923451581629831
-11,6658730089372398 -10,1869871888791366
-13,0189265039741002 14,4779381882435096
-13,0245798639586905 -10,9918983428881027
-14,1493802030034459 -0,4143172003291228
-12,9050443270962880 -0,5637550679770651
-12,3745047158489854 14,3223586611257936
-11,9231751536038360 12,4740197034119884
-12,1836824285678986 13,9418616910613746
-11,0873150647731791 14,6619403013984932
-12,5927008051356708 13,9346732897524124
-13,1594701639608100 -9,4463023343220041
-12,3528978314565432 13,2709873411047035
-13,6897815333223711 -11,0213100871436769
-13,2473451084793865 -11,7835422745688980
-14,0498863784264554 -2,2070557570034626
-11,9565701143007779 14,8987654875307207
-12,9784128123154616 -11,4931117483520975
-13,9807087563308752 1,4086668894440793
-12,2883890693305453 13,9949449139062363
-11,8171108588036411 14,4034137033816307
-11,9987841739432337 -13,0986772258845665
-12,2966051072037867 14,1144854403445308
-12,3963587560156494 -11,8834623060617517
-11,6836565189767807 14,4134476803920002
-15,4609206007098461 0,0197550637902165
-12,0291973829633783 14,7335542410572415
-12,0827632612965452 -12,6259292371595446
-13,5318961310590016 14,9153428140994837
-13,4468483969567298 0,1354336608331491
-12,5798052751112461 -11,5386375293352756
-12,7659111617943690 -12,4610209828873089
-11,5831911986281888 -12,5036727806493211
-11,9637590918400871 14,1275748921549891
-14,3242716244256378 -0,0680159965050109
-14,3161463126168584 0,7650573430134664
-12,0489962328863527 0,4470908945782932
-12,0936229860843785 12,4990012627296636
-12,5005910132701619 14,3255909378717696
-14,0338368710494343 0,2835029091211672
-13,4128003234479856 -10,5249967071630088
-14,7323296306367197 -1,2380875233377517
-13,4061877801917415 -0,0215064840984430
-12,4209190782358458 -0,0808374288746573
-10,8584297905874401 -11,9453853303449939
-13,3292903330488404 -11,0823861843821252
-12,9552105075950994 -8,2366865867045913
-11,9497403280541192 -12,1823890596221869
-11,3823015843190554 12,3470567369324726
-12,9030392613891269 -10,9256159958840779
-15,5423428965751960 -1,3638595373598918
-11,6987078119236863 -11,7718604143113712
-13,4021169415411716 -10,0612580861852479
-12,3843733392040054 -9,4845653509868377
-15,0247769218573861 0,7794091660114612
-12,7812855730268939 14,0319254024453457
-12,3277612782389081 15,4387702863093086
-12,5115720090833040 12,7952311963645897
-10,5029927845158184 -11,6507657281297732
-11,9914078944987494 13,6396854323092480
-13,1106473908112537 -12,0967736815968010
-14,2042889000165253 -10,7748376143025446
-12,2737314204768211 -0,7510331409338256
-11,9931077141062374 -9,0997568949736500
-13,2641759336655412 -12,1348237331329898
-12,6943807831012148 -11,0782365818339361
-12,2235831613238144 -11,2360359130011087
-13,2324915882178757 -12,3120868145981426
-10,4940141750127669 -9,7633612208845388
-13,4228771628168513 -11,4766772465674904
-12,5025508951249140 15,2618933689652962
-14,9454047033639288 0,8800834345561195
-12,4694284342859003 -11,8901604893669894
-12,0434143684972259 13,5379926171104739
-14,2048285014578362 -0,2085962534843241
-11,5302239198970167 -9,7567031814424290
-12,7594720696973507 13,6029752242178468
-13,7374280079721593 -10,5660402775327498
-14,8551284377883022 -10,7878316913781163
-11,4149092958672433 13,5961255714725713
-12,7168611070059789 14,6715388833927616
-11,8072568194341994 -11,0984093762385232
-12,2643379611262215 13,9097421445788658
-14,4018434447714707 0,3887012941472136
-12,3830356612124586 14,7157010534615900
-10,0920644903872265 -12,6456878808758919
-12,5632921732240508 -13,7424554147395916
-13,9791361132501599 0,7343248267241624
-13,4452461747876413 -1,1510083016614003
-12,8950364439201977 -11,9615072427134841
-12,1516835442367821 15,7900897304538557
-15,6836057230288635 0,6197751723413933
-13,2370860669801793 0,8603373859087847
-13,2973127135911540 0,7442200805094875
-12,9233557596768147 14,9535901992464915
-14,5875288498445883 0,8981800090577895
-13,1246063842258724 -11,5735585318148875
-10,6386430014919799 14,5408031671068301
-13,4733899382003770 1,5792858294325869
-14,5842752369452917 0,8629159555747767
-11,0744207309216058 14,1124961534820237
-11,6795950442974306 14,3816203567720411
-12,2210489466324823 13,5337439261352976
-11,0693516069879738 13,0535115614275394
-15,3389689523074964 -0,4033682757459873
-13,8493836967477488 1,4989020424572461
-11,5282746111139289 -10,1692426785212398
-13,2647334585225796 -10,6003716858231147
-13,8197671300727443 -13,7721944257345825
-13,9633031483420318 1,4704193430646846
-11,2591727054372512 13,5439619470648829
-12,3669104925686018 13,3916125801740584
-15,5206508957568676 0,0534824335787998
-13,7231279268758080 -11,7817775362269881
-12,2034362905067457 12,6583759457680909
-13,7809150690379223 -12,8439288185662672
-11,6166644265902903 -9,9225536049370078
-13,1163169778176147 -11,1742576264234081
-12,1105004370368423 13,7699156547146462
-13,8897163858558006 0,7364648576409485
-13,1054957218314225 12,5916169197989980
-10,9358300462437334 15,7756623945411683
-11,6213507865899768 15,2689088531722987
-12,2485110774604777 -10,6605732443378010
-14,0741216810949954 -11,9395968945794948
-15,7489368416592637 0,3305445218809790
-12,2113542335468104 -11,7638715195005847
-12,8717233190502860 15,1279324640250135
-13,4170701550527092 -11,9552426880161171
-12,8499802939782573 13,8187996613931681
-11,9853666900631026 12,9861392567392979
-11,5825031111172478 13,6841449659743617
-10,1378235305839386 -8,9499165882792155
-15,1365698253783325 -0,9949617276037797
-13,7327868308689158 1,1472106609066621
-14,2454150588304369 0,9417531554697122
-12,7194902825088487 -11,4417373582357236
-11,4475073510838854 -10,4744940766178445
-11,7656418475904250 14,1191083437779241
-14,5260854181828272 1,7008176578062519
-10,7461627852433299 12,6980753626163363
-11,5411138436521483 12,5770526090485131
-12,2151037005761136 15,1244868519278359
-14,4189911784933962 1,8450161803105694
-13,3269217960467170 -10,2296952487496320
-12,2665472558530499 -0,1100020662282257
-13,6321441769054488 14,9815135421373462
-14,2340687777293073 0,5167135920060731
-15,2723775646320128 -0,5719521964077864
-11,5819165329232625 -11,2447716310144177
-11,6411131133533381 -11,0167738405789120
-12,9631560750781869 -11,4634800931228096
-12,1293512571595947 -10,8621160549490892
-12,6920058742296398 -0,4906884909591984
-12,8554767080140806 -11,7298302904075396
-12,7584465572264225 -11,8639009999475729
-12,9636471702366460 12,7713870701033230
-13,4191324758008008 0,9062365716169041
-13,1437215260253062 -12,4735180899526856
-11,2597631760623624 1,4215317139262622
-13,3259655583890773 -11,7761500903762482
-12,6630578879522542 -0,0582170333065713
-14,2536699116296841 -0,3975627092058975
-12,0167511962931535 13,1810588239525526
-12,5147772142266529 14,7927337974838657
-12,9511591750185904 14,0659562686030277
-12,3098876449548023 -13,9622288264756946
-13,4398230059062964 -8,3181538522212399
-11,4658244954226145 -9,6076355775563993
-11,3509947155526909 13,9248174853075781
-15,1385436684028072 1,4160809953267095
-15,1194615320317087 1,1329832687708574
-14,9264811751077993 0,8751613284385756
-12,9579896024386514 14,2195810928150603
-10,9439384421545558 -10,9262358226554692
-11,6524583347746926 12,2372260511743125
-11,7084827836963949 15,0960995626133094
-11,9399326879106287 13,1082812593271214
-13,4921439236422653 -11,1149456169670842
-13,0212391636643847 2,7668557233242277
-13,5633688630007274 -12,0220654349855085
-10,5689261950235167 -11,4715125969690561
-16,2497353054322140 -0,4323929282848492
-12,9021202910640920 15,2525266064906990
-14,6936061064134549 0,0316860418620914
-11,6219943333183728 13,8557078743850575
-10,0735796860948668 -10,9673058974350681
-14,5529954113027173 -0,3784788857826700
-12,6385616874237847 -0,4765292042059206
-13,6036929570446539 -11,0539571624014510
-12,3714309034293297 -10,3625417133041857
-11,5155125360957555 -11,5175898693512817
-13,5126196787239721 10,3466726597103893
-13,1193505794641183 0,7315001275986341
-14,5476693637769010 0,9494929928897422
-13,0010242890986376 -11,5475050854104637
-13,6880927258138545 0,2347493203795916
-13,8433350836400813 2,0695044960987112
-13,7347197500846683 15,4211312537660490
-12,1996420312856575 12,4186704726544175
-12,9107382100986783 -10,8552822424839732
-13,0766323512951566 0,4955137934549051
-12,5852282544659957 -10,7458639002754257
-12,3891125044015578 14,1074857293696585
-12,0086133778792306 -11,5051743310353931
-12,7050340308142502 14,1387142516846520
-14,5929080806246123 1,2797780106216121
-14,8522393964959338 -0,9757455368755692
-11,8073358824312535 -10,7814088917568309
-14,1308632234005458 -0,8623364233015243
-12,1731009333685058 13,2088013196442340
-15,6694583021228837 -0,3583355965020175
-12,4675002494590643 12,2668774419760762
-12,5752245985364617 -10,7137857061621347
-13,3004076836810192 1,5672551798436827
-14,8316606075509210 -0,8201822057001933
-11,9695732674432715 12,4039802167333271
-14,6305934278234790 1,4180712075124660
-13,1245866160001601 2,1721476913796791
-14,4724710989201064 13,7430472815230278
-14,3341415209310643 0,3505488844958179
-11,8498568568673299 -11,6649818878341733
-12,4712374334244718 -10,5918335235634444
-12,3877779523573412 0,7916521902378230
-13,9792490712725428 14,5566561327957462
-13,2218100197117483 -11,2089876738505900
-13,9467452196609010 -11,0081354674375245
-12,3808343245385455 14,9564726600835218
-13,6472015266170779 1,0747004153965953
-12,9518156655819769 0,3939236333490498
-13,4657653903257764 -0,2954414901180975
-15,9026553622662430 -0,2288679023932645
-14,0044507587128724 1,9524111733004439
-13,1800343709695156 13,6857641546593420
-13,1453194821748216 -11,7151761224985602
-13,4299979411644426 12,0002897899878302
-12,5432328275370466 1,8336884970880309
-14,1444690289128605 -11,7549598355434082
-12,7467421452374410 12,9416063695474435
-13,6093700774893218 0,7927331985968159
-15,0832377022604653 -0,1411420833296423
-11,3432693097268995 -10,7121356666843770
-10,4654070978289973 14,1018120104647320
-12,4891549771226842 -11,8457680451995397
-13,6741253382630905 0,3258832372769098
-14,7728708372291191 1,0344292336902396
-13,2369902761912002 12,2433394120697656
-13,9821239868225593 0,7905891862201390
-17,0095994097515550 0,0047944808962027
-13,9089917699863630 0,5743896985667118
-11,2898320985996872 -8,8650054780914918
-15,3776080402000410 0,6288149140159331
-12,4139674651066922 -11,6792056493897718
-11,0695889138125381 13,6335965529912979
-14,3871898188063092 -1,0887615872984859
-13,8561497765663795 0,2078344461097477
-12,3278386753504119 2,0803799264021614
-13,4222328980589758 -0,4277733657663657
-13,7560376456520821 -11,9339428539722459
-12,7489534470573318 -11,6241514424876531
-12,0629683255721893 0,0578188858313642
-12,2719480534050298 16,7812361119396876
-13,5024432424944258 -11,9512034924006070
-12,5183308048771433 13,7552354630050448
-11,7259884934119967 14,4264742917647411
-12,7226135925664927 12,4047750003294617
-11,8452170313170981 14,3818713505502487
-13,9648719505085896 0,8704565423856708
-12,6199760324075374 -1,1331342127575830
-11,7442554726420365 14,2864938531551857
-10,7168835342911830 12,8580773858860304
-14,0390902581994457 -12,6815585835864084
-12,2751490985174581 0,4852361338129872
-13,7456997535692338 0,3379661830121369
-11,6427527669167254 -12,0680821766890212
-15,6498728456565424 1,7105349297247883
-10,8063143572272686 16,0549031712689896
-12,4095627349616784 16,4404957071417179
-14,1903323654728126 -1,3229892466996915
-12,7498534330519142 -11,8175408608676857
-14,5802974664367166 2,0034924899474000
-10,9680445728609737 14,7894628930112813
-11,3003880057413166 -9,6155604195309738
-14,4305245779132658 -0,5572334385231295
-11,3645785277814735 13,8206785030811776
-13,4166370276490987 -0,7211212183836855
-13,0889041377592346 0,7884245038721203
-13,4304444658198925 13,5887765332179313
-11,7681127439077819 -11,3822529069133545
-12,7281947809211626 13,8347076362336097
-11,3104096675241994 13,2352935727270822
-12,4186573045381206 13,7030859011142603
-13,8407894923832959 -9,3953059834971668
-13,4460488106967730 -11,2942256147719444
-14,8016354018073155 -0,5811552834753809
-13,1824214204693870 14,3465920457190279
-13,2716275855360681 1,0076955288050096
-11,5875218999948277 -10,0485273738825036
-11,3745202426342455 13,4602729344754977
-11,7473576895004825 11,2133964745702777
-11,3132727816764600 -10,0974641087891310
-10,8766518487452455 14,3723459690314819
-11,3760484034811302 14,7313325302208113
-12,7571002688343693 -10,0269958822443535
-13,8086158195192272 1,1872603389478522
-14,0997300954571614 -1,1645521817539737
-11,8018802799178175 -10,0663398482254873
-14,5122954936699102 0,3234570946424304
-15,2914104887203344 -0,5575864839868151
-12,3447595620683330 12,8341357180830062
-14,4212364667286206 -0,0302202157907445
-10,7043251777089239 -11,3284185336172563
-12,7454362373201473 13,4327867028953154
-14,9870982155628596 -1,1391229140675225
-12,9015931283646577 -0,4351302239866270
-12,8733270632924466 -10,7332794634990432
-12,8612443627281436 14,9149936717740577
-11,9737394513960318 12,9870465238940511
-13,9046570807584242 -0,4128334650557972
-15,2552626457206131 0,3971307724281605
-12,6874336755472505 -11,2764176232651963
-10,0700213569991686 -12,0011373171451243
-11,0086199710624157 -10,8377640700171387
-12,7219622075315026 11,4463666558246793
-14,0047737855073748 -0,7924973550887322
-12,8046986642740368 -9,5237377831087731
-14,9767077504048274 -0,1365938064859402
-16,1326050099350482 -0,1379416588023314
-12,2747289842141090 -10,9629306302253173
-13,2759003557371820 -10,4974181546917649
-14,1284188429695305 -0,1530294890632696
-12,2848220702636493 -10,2210402176998887
-15,6423330248457262 0,2471347261422092
-14,0336099226889139 -10,6288795525091135
-14,9313956426531504 0,6455652734699535
-11,9300544957416790 14,1341591831254672
-12,7318569593322053 13,9582083859005017
-12,3136715066830522 14,9237721324359498
-14,8937924176349359 0,6478867441405141
-12,6112915450864431 -10,9643585521642475
-13,0059235861992217 -11,7368345289824116
-13,8427166633140128 -0,4349888503044917
-11,7489185614957314 1,5413160334530458
-9,1722489150322080 15,9427588078188460
-15,7495456357780270 -0,2998501294718228
-13,0476267576053448 0,4203292490337682
-12,3718976220655446 13,9886714318630361
-14,0480635984344531 0,2407050981708098
-13,4112037589486661 14,6949303420976438
-14,2086115487896443 1,5006126992020283
-12,8914691046690155 -8,9886254392821758
-12,0081818177964887 -10,0024810169867422
-13,3428578757968239 -10,8348637737030487
-12,8687334976436070 -11,1376931136119222
-12,8101806708060977 -0,0179533519902233
-12,8689890609812778 12,9164686693977018
-12,3208996641940569 -10,0261748839240159
-10,4332953397471737 14,0798584507080786
-14,5278536368473681 -1,1045589039773211
-16,2549815287762307 1,1720729928364275
-12,3678230452988718 -10,8773246465666258
-12,5038901855998841 -11,3223033670061497
-13,3630305474319453 -1,2564782515034920
-14,0862249237319137 -0,2953219608318930
-11,2954366308039074 14,6925666567255746
-13,4043931456513548 -10,0828864022194171
-12,6665497384150321 -11,0012464432942956
-10,2499982498371125 -8,5393591135386941
-11,7726597371672739 14,5674256033369449
-11,4521302407898435 11,9016076542152227
-10,2784334330312443 13,2967370316831293
-13,5996407991032058 0,7225141003375115
-12,1212085979335527 -10,7512301893666589
-14,8106690171132254 0,5792774961503697
-11,9062880267324669 -14,0374214687458974
-14,8247678182737523 -1,8494165782099281
-14,7483204418681311 0,4057779324051833
-11,5812752538742316 14,0921449488853714
-12,0850393016007658 13,0329476803062789
-14,7619454345449004 -1,1906681095082188
-10,8656998091001569 -11,6662335140149942
-12,7404261110720363 1,0402067776883022
-14,7156213175889867 -0,1031635668361310
-15,1011406360156926 0,0868232039147850
-15,1423883826216841 1,1389573038821592
-14,2983996499069441 0,3501577201809085
-11,9970589282861209 15,1297206888539932
-13,2326204662841569 -0,8735806357121043
-9,6867417366180444 12,9110368995918261
-12,9674052439788579 13,4566957596564247
-10,1162011000632539 14,2819612453519884
-15,9880359981565174 -0,7467908352612520
-16,0402036191751307 -1,5360628785725974
-14,1382646023902900 14,5410336581819326
-14,7005013970531966 -0,9223213574871234
-12,0672080245961144 -10,5773996014287111
-12,6344200133377722 -12,1205068698505656
-10,2442206389648529 14,3959213944607534
-11,3867468161252603 -10,6008127147521254
-12,7861974337078621 -1,6559911384954247
-13,0757280789870336 16,3605548254622306
-13,8833883581772248 -0,3273062804300866
-12,4817144853727697 15,1594833496674966
-11,8231658427399502 14,7982319744353692
-13,5279987572217397 15,1793043295186223
-11,7021589844638925 13,6233712673789089
-14,5940561855828950 1,2678347223275765
-12,1480259428612243 13,1566994893000757
-12,6957107097503759 1,4530364827011708
-13,2493477500327224 0,4500570624947770
-13,2177345628241660 3,0153035444695222
-13,2903108818636380 0,0293592162677517
-12,8543640072130110 -11,1121144084412116
-12,1105088406414758 -10,2056151571910103
-14,9210496902427092 0,0764181774735148
-13,1958325024167760 12,5607699952753080
-14,9753297487626256 0,5279199290189389
-11,7732153933897123 -10,6483136949591337
-11,3456404263703554 -11,8396218470954615
-13,3857240052444304 -11,2020807090095715
-12,6137039890004257 13,3519595723348381
-10,6081333238769204 -10,4392220244972673
-13,4875701550581972 -12,1023349520505015
-11,2325935121637155 16,6525181308643582
-14,2861279898359328 -0,8424062331406630
-13,6527909045832807 -11,4592036235061077
-11,1837793365001446 -11,8523361881830294
-13,7384559174428631 -9,9307639447187288
-13,8011740801929186 13,2498409015963752
-10,2671530757476770 15,4359332079637852
-12,7336016731700639 12,7819027222174348
-12,6058581488380970 -11,3333910329365217
-10,7191075764212371 11,6902973071960599
-12,1030226910908727 14,0677153257046932
-14,0384572342243672 -10,8011361113144808
-13,6179877541806231 14,3047391811241802
-13,8034883188751163 1,8801481138132619
-11,3820056539886956 13,2666683565504382
-14,9246107630224447 1,6621461365961570
-11,2809288858623891 -11,7465468062158358
-12,4273660968815935 14,5696979161127391
-14,0269777058932892 -10,9144975367813437
-13,3215498769210345 0,4374433918341168
-11,5081221867870163 -10,1451760184982493
-12,2083337331291393 -12,2664933179101858
-14,4936033441598671 1,0804845356607196
-14,8561430825071294 0,8489363001189333
-12,0162489275355711 -9,4918309105976615
-11,4044294592544766 13,1632827737096179
-12,5796354539411652 -10,7655847241042988
-13,8591673881465596 13,9284404684373424
-15,5245863284980352 -0,1909632387349171
-14,8255359656692605 0,1979341289077803
-14,7728168165441822 -10,5797314624610905
-10,0683810318482809 -10,9700561856108205
-11,9468358518131375 -12,8751499577924573
-11,8225076750352063 13,1394287759801980
-10,0470154281559729 15,2099320480107743
-12,5301809041513241 12,8272504719329756
-12,7413085618321507 -9,3701324783892659
-13,0864818586264970 -11,4262446875123302
-12,9065048286821877 -10,1909988401989864
-12,1890533935331966 12,5556560653482485
-13,3117103731528612 12,8634589620636977
-14,8206097914618287 0,2018470377578847
-14,1660246061928259 -0,1265950263792106
-15,6583382311967707 2,6591189297774847
-12,4412379743530703 13,2253119808767678
-11,5278491698311427 13,6425337552292270
-13,5442266009168915 -0,2958609522970473
-13,5381587085948158 14,6828838635916785
-10,3333092949362797 -10,1072702140857587
-12,2147344144035550 -10,7186211481580944
-10,9536712187776981 15,2759926540384683
-14,7724307100282655 14,7788882048765213
-11,6371982708861648 -10,4221931606619194
-14,3676189039248889 -0,0298593854107993
-11,6233673881711503 -12,3225776459366596
-15,4799309413764483 0,3303004594970910
-13,6024513622636576 -10,6819046686663803
-12,0232071074901050 14,1985926656424226
-12,0201245143396012 -12,0185645428766854
-12,2839655718223515 11,6996155030843845
-14,0046653919513915 -0,0105656088891913
-12,0849732198101876 -10,8969910130514904
-11,1937172907630345 12,3366776167041277
-11,5422296875837080 13,9697049571202285
-13,8149703068989371 0,1645954724174900
-10,5460225495161062 -11,5532804025840292
-14,3437203418066144 -2,0545932322079588
-10,6038001715191168 15,7765053696346307
-11,2659349038636449 14,4446820100329028
-11,0508167593092548 -11,8740464128081857
-12,1483110513397552 13,0753428170455770
-12,9907346226523739 -0,7621510112111629
-11,7489532168121933 -9,4470050382339643
-13,1947992728940200 13,2133643760938142
-13,2442550201192137 -10,3980163632169802
-11,7657508919206624 12,7917986564477868
-12,8413012786504499 -11,1060654200203839
-12,5185646471700132 14,7337827469239748
-11,8363245626571221 13,8812844317121140
-12,5435075005805885 0,2600314554505531
-13,9817866583970893 13,8540101295984250
-13,0890809948247178 -1,7709939554023606
-14,3809577651074640 0,8883876230572628
-16,1448676974155028 0,6601812397156320
-10,5817898578560285 13,6045457703194721
-12,6649901750884393 13,6486857225799039
-12,2143644108795115 12,7693308472124638
-13,4512413898012699 13,2449227823086826
-14,0227100568888048 -11,9002903197084127
-10,5223758760250963 14,8515274493995690
-12,5599880913545459 14,1435160050406061
-12,4164848192419104 14,1096712718464516
-12,5724631277824539 -0,5338438988308285
-11,5299301359149986 12,7185341247708301
-13,3414226425387685 14,9625919699744827
-14,3970134316153100 -1,0473062099380912
-15,0454906461828291 1,5513956935404762
-14,2234824529186525 15,3369210730221095
-12,0854738763176108 -10,4128085149973124
-11,5789717297312968 13,3396165272918221
-12,7749572338975970 14,4888370162694908
-13,1547152673754297 13,2563945557394511
-14,5811788733114529 1,0982203037619260
-12,4028729844750050 12,4473121251658618
-12,6402497132347964 14,8905680172686292
-10,6952035792358089 14,3936172439960419
-11,1666738017769074 13,3209128106062558
-14,2798452934031328 0,7628139348496179
-12,2357571861326715 14,4905147219482142
-11,8438896541907006 1,0738744435088241
-14,3223792841280897 1,2022639987823114
-14,2129249684095473 -0,2899550934130279
-11,1467773251312217 -11,9092681416856454
-13,5659237423843351 -0,0436518275217070
-12,7239850823477312 -11,4367486069577460
-12,5319248321549548 14,9771937906753667
-10,3100850037133611 -10,2332534529063999
-13,6998373249856034 0,0971574429919785
-13,3067919480724850 12,7084678589348545
-11,1740501601448088 -11,8902629722899675
-12,9489859968230423 -11,0031865013716796
-12,2188047791894903 -11,6392295971601207
-12,2514249679741418 -9,8537493319158109
-14,9754435977313278 -0,1392102039368037
-13,7911849930968469 -0,8749001928298288
-11,6020430509162171 13,8276811882976283
-13,3462699353825709 -1,1505117450350781
-10,2735129814844957 -12,0983951082470398
-14,7984702779307167 -0,3228047055515980
-14,0034588513039253 -10,3803312052035270
-15,3345540740432114 -0,8010250800646652
-12,3225698562084443 15,4710495902844976
-14,1385681006232122 -0,2500367704128998
-12,5685814975745291 -11,5359401095327474
-11,6181790142327426 12,8036606038612000
-14,4691015742574915 1,6006723530916740
-11,1700191487815736 14,3961605458328883
-11,0669631746406623 13,7865787473471215
-13,1298799092060126 -12,1384333129563302
-15,5365299152230314 1,5587121787460667
-14,2099783694007780 1,2956499477508991
-13,1206672574229231 -12,0384892728637745
-13,2276535766822878 -0,3509175879857739
-12,2963388601752808 -11,6933149262029730
-14,0953476382892475 -11,8155420232566559
-12,6922960788939143 13,9672151647199829
-15,4661471756600459 -1,9175068375630211
-11,6970435369094865 -11,9059742709143350
-13,2948913208610264 0,0781588978277974
-15,5064120028724464 0,7216165043087943
-12,8631685604753674 -11,2537488051184731
-10,9310192272414799 14,6181749362529914
-15,6361449547692022 1,0271275589944187
-10,8253750052323330 -13,1839353468696956
-12,3918536761891147 -10,2659684390952322
-13,5686148588426985 -0,7390415167559525
-12,3456207220897785 12,9463564654983134
-11,8128810896442005 15,4571510177345743
-12,9687245434545293 0,1250453086342166
-16,1021958928047546 0,0529013215373752
-11,3458010195910468 -12,8542018860202436
-11,5191190131670922 13,3622631646676115
-14,6883420070448452 -0,2439330737355798
-14,4653224741331918 0,5030198443227774
-13,8804776455195320 1,9802642132163002
-14,0124870438747831 -0,3652095867129367
-11,0314993553573188 13,0570244662360810
-12,5709689044853796 -10,8882849755960649
-11,3962141675676722 13,6663838134142832
-14,1051938781467925 1,1102104425811492
-11,5933750670928308 12,8754514069216981
-12,0654456579225506 14,4779912867207781
-11,4496405359109747 14,2628631578102798
-14,3121779094411359 15,1443964572128813
-10,5681413940127484 -11,9900776826884474
-17,3044563111665042 0,7422357497656435
-10,4485795726632613 13,9715866619293738
-13,5145603747358276 -11,1594986108445582
-10,7517265789606391 13,8116665790452213
-16,8463272553421248 -0,6715644204834783
-11,7075936528147668 13,1769066851192154
-13,2765152250031697 -10,7994269991983423
-11,5662537684713396 13,4733729235714357
-11,4648848504386098 13,7506754655306498
-10,7981564011842313 -8,3510867549039034
-11,0975689299985980 13,3530329251964517
-12,6117431337071366 -8,8686710769080150
-13,9248200777174596 13,5616260305371448
-13,5417517668479075 -0,7544375569107435
-12,7286689676344480 13,5924781544169111
-13,8813102519280669 3,5553414172802205
-11,4094589581103563 -10,7488532322217818
-14,0683909111852792 -11,1242429531878901
-12,8002605174784936 -1,1446951134399785
-12,6982569026808534 -9,8863332709424672
-13,6752134374758150 -1,0512712599171714
-12,1009047051150436 -10,4561010990312013
-13,3733921080558229 1,0795076839357374
-12,6626748738688413 -10,4535650692966264
-11,4770991446057504 14,7280153099997921
-11,8101507728507293 -12,8441610061506495
-11,2317985744929167 14,3414284899802649
-10,2243500536581902 12,7843290393114426
-14,4456243196134775 -0,1227719968088826
-11,6194196532975926 14,0335734882939036
-15,7974528551773350 -1,1270434666722255
-10,8660852948143258 -11,0297187518753521
-11,4891223541534551 14,1405251776849976
-12,2217933909582595 -11,2355295236884061
-11,6348825362868364 -12,0383287906556369
-12,4126758243241220 14,8750243730443952
-14,4178089570015651 -1,0491240801775834
-12,2552273881166158 -10,0592256312928168
-14,8684083074868774 0,4569093976367774
-13,1430643259346418 14,2061263678874052
-11,5618739662932786 13,8794180641053924
-13,0608440190072947 -10,6126332726815544
-13,8512723393250727 0,0992289563706477
-14,2734035859916215 -0,3596833070268554
-14,7120116025613861 1,1745623615126559
-13,2446072127099601 14,4570918906252555
-12,2587166068029596 -9,7094716961733187
-15,0257654359803237 0,9961944268609756
-14,6880275866814358 1,4753028697899406
-14,9459943060307019 1,3384509337438515
-12,3000543311203359 -10,7196691593422475
-13,6954401608038463 -10,8894972879966669
-10,9547292402367784 14,3231270296104221
-13,6220918946135701 -10,7414476726703150
-11,6301307281197488 14,2463023351783793
-12,7714421343656284 1,8426329122815233
-14,6036007552415974 -10,2938770631605276
-13,4143820112475165 -1,2172100518084175
-13,2133349750590483 0,9061857489773825
-12,0539934927398509 -11,4261547504052565
-13,2330295688504496 12,9196254044713594
-11,1643025111018463 13,1431981098078001
-11,9952733190369347 14,4166000273085491
-12,1938970487214373 13,5851431234779714
-11,7042263855458835 14,4747002036466519
-14,3683266239820089 -0,5934090690483279
-12,4582722657811882 -12,6644749963837704
-12,7782916192187699 1,0352191436273968
-12,9082144194977051 -10,9197969116604607
-14,3554781316213607 -0,9380881681023643
-13,5027273376980315 0,9689186409629295
-12,3544728007980815 -11,7943579711702142
-12,5192335630636418 -11,5475239000162357
-13,3625604943012828 -10,9757333958165031
-12,8800505020406533 12,4763334391741534
-13,1185902330025801 1,3263061106155898
-13,8792145096755757 0,9593406986068260
-12,0891087369169394 -11,1269930663931067
-14,7189674041663388 0,0525790436447867
-13,3106535193930728 15,8187585755299445
-12,4629238157951647 -12,7181415474480488
-12,4520231590684318 0,4984375561964976
-12,2125830347046183 12,6287644704300988
-9,6351910877404343 13,0827402694897277
-11,9683103241998587 15,8548158412457472
-15,6526785317762851 -1,1715890053758942
-12,6480855546064639 -10,9614763364957408
-12,9382823761222951 -8,9444296135242638
-12,1139351726162356 14,2061210187032234
-14,0739480364738121 -0,0466713350899301
-12,5713956236592885 0,7356084232620547
-11,3833129398534005 -9,4876372231895623
-12,7514245836195226 15,3602097507457955
-11,6464933088698661 -10,8740282302907563
-11,8576650086968467 13,3457524827200533
-10,9999045592603011 -12,7976028589681707
-11,7537855007900554 14,4950781813896086
-11,3131382010013279 14,8408768139032450
-11,4022134836501046 14,5622681880626459
-10,4769232708308149 13,9712356269044538
-12,5276747340277783 14,3614910935443021
-11,0885348293953498 13,7609138783172327
-14,1516986167765602 -1,6060512540544989
-12,6653858229859129 14,7104884326833165
-12,3854252842784796 13,3304239997579579
-11,1466467933479798 -10,1306676131912763
-12,5498690581920727 14,6038974469030673
-14,8371946982042395 -1,8504294470801774
-11,6200015871341087 1,2260062062364032
-13,0105235972925239 -10,7621506296555172
-12,9163386641031899 12,9350138007404833
-12,8389281980224190 -12,3840601013775196
-12,1502636454468895 14,1533688156252140
-11,8879849841968070 11,7248703480189036
-13,6000106444010243 -0,2077944628759402
-14,1238463481097583 0,0400482694961722
-12,2766056317393009 -9,1906977963822456
-11,9100730367152963 -11,6346832448898514
-12,6442153288288459 -11,7468296572043123
-10,6034901026554351 12,8233384407863280
-11,7730437284733576 -10,4591659504400383
-10,6876785642599668 -10,5306125874349732
-13,4361921696849791 14,4054035345026552
-14,6192933303490200 -0,5879507218005826
-12,1424103521362188 15,2743047546780879
-13,4082074564403797 -11,8900392503819194
-11,7368235358455557 14,9906923571309765
-10,9290673134380363 13,6081720968183753
-13,8100172541237214 1,1585183738564062
-14,4411462554410779 -0,7925045201192522
-12,6358454602969559 12,9142784699803919
-12,4641745807101056 14,1454353659597771
-13,2796268178529839 13,3673326706168112
-11,8091527168760138 12,2283800182410829
-10,9078259323592661 15,1137373302326452
-14,0306953347398302 2,3692981993350957
-12,7430521056651127 0,9685672653081957
-10,3666305889810033 -12,8770031129153750
-12,0677631933168339 -11,7590558448293656
-10,9786284702618691 12,8978394236990006
-12,6582353157094971 -10,9386945438401568
-11,6550625640395626 -13,1450868253982200
-12,0883208665243913 13,5459433523105499
-10,9341857513375551 14,2824300556010009
-12,1796721977859495 13,6138850068457149
-15,0967991971118440 0,1105496318831152
-13,6703781987387352 -0,5216299828168306
-11,7112404157969259 -11,1266664366853014
-11,2597010143854632 -10,8469951278702208
-11,8121093967323425 -10,8400768893731527
-12,7703969450947756 -9,4966904448971601
-13,3814649391790716 14,8003573523837133
-15,8233080933458599 1,7811853827617654
-14,3563221210958556 0,0556867734012753
-11,9534104413392548 15,2040934792924176
-12,5449524366670477 -1,9504668448712557
-14,0093571496128266 0,8681027772720591
-11,2286612070497416 14,4571244338937035
-14,3213285079900778 -0,9287797297517983
-13,2849432383232227 -12,5689921183420630
-11,2261118165855081 13,7907040048014959
-10,7353212995175706 14,3904769516891893
-11,6414493675682511 13,7002550751952672
-13,8987763173463819 0,8693163237263423
-12,5985837152151472 -11,0393189267712426
-13,8158858353647069 -1,8230750247376011
-11,9327863711914723 0,9875640804108776
-14,1177429967998389 0,8944780693695853
-14,5133396573199747 -0,0708057483854704
-12,0012770699469495 -11,8013304671542318
-13,5976242359573511 13,4365907869779626
-10,7451471797195026 11,9441667841912480
-12,6928132949360535 -11,8551518353700160
-14,1658793454100742 -11,4534207209470669
-11,5080583756107000 14,3951459902407990
-15,3342186093130728 -0,0864176062447889
-11,8511974202273418 14,9907155549700395
-12,6734144368019841 -11,5470906659053707
-15,1348695072449502 0,9805758927361001
-12,6996440157652888 -11,4226875397104433
-14,4543566665015319 2,5782481641409403
-13,0011504168829113 14,7713402767473969
-14,8686442406961561 -0,8630808472434328
-13,7176428128806140 1,2376570863182497
-10,5823044001517115 13,1393334824239769
-13,3643148836375065 -12,2139058792268305
-14,6243794238667810 -11,9210327653491373
-11,7090654402616519 15,1766874416622883
-12,1260424532326905 -12,8301205999329362
-10,9497972454475541 14,4694302285712393
-13,9093040248899946 -12,3144078827545798
-13,1590526990052581 -11,3283824443277137
-12,8624015643044753 -12,6195324852371229
-11,1546506918070882 15,2128387413655108
-12,9056416943759693 11,5826956734791757
-14,2632487902132645 -1,7347639315207490
-13,7919581358228971 12,1750639811300143
-11,5846318961986068 12,8663139548003880
-14,2102375406286701 1,3410863327021489
-11,8011007588915255 -10,8782066931119665
-11,9306870119577280 -12,5592524018725502
-15,5194302443996346 1,8486481814755651
-15,3608855156391364 -0,5377025231392776
-9,5059170826939710 14,1932634378152809
-14,7183027415165704 -10,4083725894804662
-12,3963463910683558 12,9312968571483804
-10,5738474969053282 14,2192816968506346
-12,9324849992434778 -9,9858849541427404
-13,9142699248559989 -0,5690808250824407
-11,9000761055445903 12,8280170097327915
-12,8585220885904228 12,9904454953548250
-13,6218225358000460 0,4752750692821214
-12,1557079927386393 1,0081944258672992
-10,9624062639036541 13,8810126212987690
-12,6246428622277733 14,3331261920366675
-14,8104326217136357 1,8558930998391201
-12,1422101535245393 -11,0345062935928251
-10,3171830824378663 -12,1744376874839997
-14,0712183500890635 1,7520851789613343
-11,6339066328674914 -11,2748563593544358
-13,0095710993744582 12,9043333432183278
-12,4916969735326209 13,9427669437155952
-13,8729467931703780 0,6359642122036633
-13,3663966788984840 -11,2886937011060464
-9,5910386530504024 14,9864728264718430
-13,1409514825073757 -11,7533707691671694
-12,2854168328991644 14,4887135277914076
-14,8295515607417663 0,5418157603409568
-14,0415879721502073 -0,8818649549318995
-14,0405703281728034 1,1054783566810884
-13,4444459065012190 -10,0845172207588476
-11,9237227231576846 -12,5506073025306879
-12,9122039605082772 12,3711631362800016
-16,1349374037980127 0,6440309735853456
-14,9049575820923508 1,2248636796763441
-12,0504784718111999 -10,3995831910634742
-13,3018224702402090 -10,4704041832062043
-11,6726803651010549 -12,3869859077715088
-14,7441757143250101 1,8090943328734077
-11,9097078052891430 13,2907217207434893
-14,7402447245785453 -0,2448059175730228
-10,9783871260139989 -11,4819937856911238
-14,2248158199177688 0,4450469366849235
-11,7390605065650728 13,0623500065770610
-12,0995121342126399 14,8469656519986586
-13,2255667346039854 -9,7617206467971531
-10,2420755943031914 -10,5243365089394683
-13,2734203836379869 -1,5439766194955911
-12,2983730690650237 -10,3007433755664604
-13,7143521746790249 -11,2989682844785264
-11,2969780436914373 13,4084696801868652
-12,8268042788860779 -12,5934581181344978
-10,2007315065765933 -11,7079179013887966
-12,9678141559802231 13,9824569032224844
-12,5609633935080272 -9,3345003240663686
-12,7833527434706813 12,4246784742878837
-11,8465219963150847 15,0711021285815256
-13,9412630940418349 1,2872405912790963
-14,5529137371141726 -1,0105341513631789
-15,5306672024802648 -0,5247385060604569
-11,1204044056468767 14,2970992323373274
-13,7447853677705325 -0,8283588873679477
-12,2556331424290619 0,7398928455805012
-12,6394254158031547 -13,0411478291836094
-12,5508101186989744 -11,5482584484582702
-13,7494114800566845 -1,0485838443592772
-13,8533461377593703 0,1762310064201639
-12,8804272527286638 15,1162974735699489
-12,9728570466319084 13,3645020139480710
-14,9933805601078962 -0,2389023402511314
-16,5715549309092474 -0,6037344178657231
-12,8733249214977512 -0,7942061936042166
-11,1772283066177796 11,6748677792262345
-13,4521040283088276 1,7329032329703971
-12,3315064913108046 -9,1442533206234806
-12,5163734530731201 -10,3475970533094603
-11,9488123281101846 -9,7382017974482125
-13,7567766571581611 -1,0134637119508303
-13,0431767552815501 -11,7400177742412488
-11,5737784067338367 -11,0885656565915145
-11,7789907171667494 14,0041492940510839
-11,7206805229272426 -10,6235323382030113
-13,8885141204586429 -0,6588718846758581
-13,7557868372424927 14,1441707247509871
-14,5602507997294133 -0,0360409746298706
-13,6822996367970422 -1,3323463003254068
-13,8540511593380344 -0,2558773378856931
-12,4667662139267783 -10,1607654842723392
-12,1398260741008173 -11,6327995817335381
-10,3931014497617920 -11,1633230769088936
-13,3001188773298225 12,0971838166920449
-10,2089198104101282 -11,7210949497199461
-14,6170252883802263 1,6662472967784685
-14,3841084216467792 -0,3574850604350165
-13,9087252404946558 -0,2572918687109279
-14,4974392876816225 -1,2383199491478016
-11,5901834311074463 14,5904528360855785
-11,7010973499531818 -11,2814314111815186
-13,7555030956972715 14,5992995444544107
-13,1772069598679060 -10,9527667282490135
-13,4183113906681211 1,8143378501534633
-15,3597797767239577 2,2875863209778600
-9,1015572828590052 14,0325501263906496
-14,2358916039163006 -10,6675689212253744
-13,4321529093725847 -9,9827413277434971
-11,0625869495778293 14,5746168924110950
-14,5757428226564087 0,6722356532133390
-10,5317120330758787 15,1552429243390350
-12,4123434918509101 -11,5276420413231442
-13,2567140910207701 -0,2902864267249122
-14,8785033268883424 0,7024319866939922
-10,7317307030302889 -10,3917017654302715
-13,0257173226264786 -0,1259948329694432
-13,4697298969328436 -11,9687434268183477
-13,1553649443919625 -0,0492645560002304
-11,7275646605422104 14,2414723617083272
-11,8934005871675215 -12,2119037254319664
-14,8489102906966330 -0,0041026833638167
-11,0920826311304861 -11,0849899749388250
-14,1963974215353002 2,9636098365570884
-13,1779608000142190 -1,3451319608123125
-10,9219696882406758 -11,5148927667344463
-13,0742329648394815 -12,9428315504940663
-13,4432315190426053 14,5094596893907628
-12,2261248278568129 12,8118355244823885
-14,1730649442070238 -1,1174769710521142
-13,3990663153356007 0,0713864421030069
-12,6794355180211191 13,7050584762589232
-13,8957424206669007 -0,2548716502208899
-13,7366132728114820 -0,5194444536156974
-12,9215459856155270 -10,8713320016968762
-12,4908444293926717 12,5240501257698043
-12,9092500336783811 0,4969348689147198
-12,1201443499816914 16,4625414207225944
-14,4584131855268314 -0,7553408184070782
-12,1612793392879404 -10,8310450986173965
-12,6416323715707488 -11,1348555759184435
-13,0101300114955105 14,8824139525169823
-12,3461910004133522 -9,7365910661071986
-12,6858735036323189 13,2099606574016821
-12,5188963767217949 2,8322715242864844
-12,6045768116328798 12,0796354635334122
-11,0494493791835833 13,3492315985024952
-11,2134856627129000 12,4742687911431211
-12,7054804639628411 -11,1468045457480613
-12,4739435720262719 -11,6892924663605111
-14,6091570943683369 -1,0449284947618149
-12,1830778078807054 12,9788336434482279
-10,1895582837284397 -8,8423858408877916
-11,6996078992300827 -11,3641223284801409
-15,1402266513524353 0,8958429724014731
-13,4275259843913410 13,2260729670772612
-11,3710946685817476 13,5717827145852095
-9,5745702825934575 12,8968425785298582
-12,4628028906250634 11,9001607124675388
-12,9083065531341692 -0,3316217606175501
-13,9271939007302930 0,7018144557678405
-12,1728270932983147 12,5523617918617454
-12,5509329047184792 14,3178306423550943
-12,2002220042524687 17,1256602909068611
-13,9260534264250122 15,1211341490346989
-13,5673348498274517 0,3737716577298069
-10,4518615530186914 -12,1480337879127624
-11,4170131008961047 14,5603423940209051
-11,0649672079115717 15,4431948504798662
-11,7048716720691512 -11,2131674778426067
-10,4129476947485688 14,1896347939981204
-13,0790143786712036 -10,7629421526690443
-11,5758467097655391 12,4799616323837910
-13,0739123929687633 12,3366028579538991
-12,8479702795679227 -11,9379616984888983
-11,2376582854496672 14,6715283978535069
-12,0562039616336651 14,6173549582861320
-12,1645226781937463 11,9823920671565869
-13,5821740496824273 12,1249603037148592
-12,2244252003460350 -11,7470810786451700
-12,6493374527159368 -9,9171935490918539
-13,3204079334415653 -11,1916241457898042
-14,3471466263009884 0,4718060490246271
-12,6851430587676610 13,3027846529461797
-11,8023028791543219 -10,4031139905928534
-12,3475129452410304 12,0945255374085594
-14,7764504706612243 -0,7775351362176883
-14,2264406919635729 1,0985357937457829
-15,4456380491229286 -0,5220563184658366
-15,5779978391144418 1,2596745783094219
-12,6834671076408938 13,0481682177966096
-13,8264099406588006 -9,2537888562157171
-11,1293159136397382 12,2059774442612614
-11,4196666724450253 14,4677236468313275
-15,1395613652610574 -0,2791391703450818
-11,2552188627828791 13,7352311644856293
-12,0288100342986848 14,4666036177066424
-14,2926787104513568 -1,0283716025620562
-11,5743107175725690 12,3241684247697272
-12,1960573604994220 12,7068454509465862
-14,5833257302202330 0,9536810996125545
-13,5351736503422106 -12,1178403181179135
-14,3886779563107314 2,8183483206110793
-13,8273851878292735 -10,8102891904143092
-14,2898770387450451 2,6026709657123424
-12,3711666681889909 12,4924047386772870
-14,1400238221274783 0,0462920875532208
-12,3790723008459409 -10,9194926680253648
-12,0576359313019861 14,9807905974397784
-11,4750383044220694 -11,0799504140289216
-10,8683184914665958 14,1064224871465917
-13,3023076758474978 1,3936983541391113
-9,7279245714916804 13,1082314128188031
-11,4425276459561331 -11,1126141378665420
-13,7057448139542153 14,2079163763100649
-11,4859521051224931 -10,1735027617225722
-12,2490267712658181 14,0907094665286916
-13,0378240023172189 13,7564195984682431
-14,1169682087309614 0,2815970317651514
-11,6214884621580445 13,6535255743367667
-14,4894498277986710 0,6816034676835043
-15,5302791538679426 0,9104303199722298
-12,8682634534786313 14,5738119233348478
-11,8744940451178227 -13,5692144332661719
-11,6495940452692555 14,4245773968042972
-14,4123371873104507 -1,6838954044716570
-12,2062373461127756 14,7004546613361669
-12,7086629990200422 -11,6152279397876477
-11,0034269251343240 14,6951125841088643
-13,7587749216700743 -10,5663822808467422
-11,9690464008898143 -13,0766118707755670
-13,2179554490891480 -0,4242680820276493
-14,1499068882705323 -0,3809451792979981
-11,7995845574052538 13,0458807649949762
-11,2274305040657723 14,4917027860305279
-12,9544221914142579 1,5715096362640586
-16,1794013901319431 -1,1943254957787512
-12,4077392030881271 -11,1317922640708140
-10,5082103872802577 14,0506095242111950
-12,7671779446183002 -10,6732411613978080
-12,9257750885527898 1,2891706925254083
-12,1504453545067470 -9,9853641165612093
-12,8975864709483528 15,9041121615874719
-14,8120305417848925 13,2864199550822182
-11,5447218184898208 -11,1317497688713853
-11,2959961718223472 16,4621588971682726
-11,5959545541112732 15,3378653777954135
-12,7216943363341617 14,6020890840767645
-12,9968719046144709 3,1611085312907021
-13,0619496844231140 14,1638583217986138
-12,7469267200962904 -8,9171261054994506
-13,9700155495054315 -1,4021776840147986
-15,3201096662152949 -0,3584294945375132
-12,5566383824077388 -11,1883562926883098
-12,0425342712193313 -12,1733136007466083
-13,4169856048534317 14,5404251113254457
-14,7954258441940993 1,1749430950969340
-11,9916740221902902 14,5885892475748626
-12,1687480511097608 -10,7311716400651047
-12,2951505486185955 15,2583464308355037
-12,6525136252954233 14,6940353342586256
-13,0906388976819308 -0,7702220255358012
-12,7274847288915076 14,1112126692510973
-12,5984704152991593 -11,4866632436697227
-12,6049435214378249 12,2597986787957538
-11,9747595369610824 -9,7178549714251936
-13,8191560482829416 0,3961677689986187
-11,7673183284386305 16,4413781208547505
-13,0334113150180055 -11,0571335914394187
-11,3415617653548324 -10,0493876456078137
-14,2353677736070043 0,1831890709562990
-9,9475934818559555 13,8982193061538410
-10,4931014900462412 13,2258273907606707
-12,0668462699662378 -12,6307102799984499
-11,8194926026143357 12,6086288328273390
-16,9163988565520924 2,5386242507254204
-11,8341126766107561 14,1411640776880301
-14,7847162161842061 -0,0355704544381395
-13,3714218722045874 -11,6568590866338155
-13,5420015465739461 14,8587195016726312
-13,1667100512053317 -9,7678964135191357
-14,0289949180283742 -10,3418499657823642
-10,2596735148370524 -9,7441893146290894
-11,5277899616319246 -10,4858551032386593
-15,1163088751470855 -1,0473532247501423
-15,0093793553758807 -1,6423382726409121
-13,4797852624020749 -9,0744561655841913
-13,4140265860438106 13,8251235011026150
-13,0695753041543643 14,8711556529216455
-10,7247887694809503 11,4092789909103338
-15,6994956521891869 0,3542137229339328
-12,3196555973861237 12,5913311570545012
-13,4616675453566863 14,7267352982061848
-12,6219413049298588 -10,0132130215153001
-13,0260921194148267 -11,9865445854609938
-11,7995405406879286 -10,7633878842154580
-14,6260267035554854 -10,5642854557382595
-13,4215664183786139 12,0786193905990338
-10,9910515580701809 -11,0774446616558286
-13,4752562073929969 -11,7691258011111497
-13,4374128221717868 -11,7989852333490131
-12,5322227237780837 14,3355476161728479
-13,6922413578481770 -10,3457312471508516
-14,3884225983420837 -0,5136189418814817
-14,1918229907665392 0,6634942081590978
-11,4991713941180311 -9,0362932917622540
-11,7650903392279922 -10,7836210577215663
-12,0963721309451540 -10,8415262209770873
-11,3159811600029911 -10,7363214058323209
-11,8314844632097795 -10,6050012179172928
-11,2918408405899608 -11,8993935607984458
-13,0219701675525332 14,6396806543871367
-12,9254341431384550 15,5810785904257720
-14,9582991050400373 -0,5995835248760533
-12,6087103917118615 13,2893518412721061
-13,6852381092565771 0,1845333071397037
-12,4234516707712963 -11,5982686804060595
-12,7414935166261039 -10,0974646906663388
-11,7312087435338199 -13,3654757211708439
-13,1405676543575112 0,5717837069298182
-11,3418387990142904 -11,3296639340019389
-14,1465431724297854 0,4705438704257390
-14,3524625993737587 -0,2890633826383681
-14,5013587847908276 1,7240093158771213
-10,9730814902618992 13,4365801690954783
-12,5439598365354144 14,6448059444834993
-11,9072671304959474 12,7405895834406842
-14,9691178410291066 0,1953476487105867
-12,8489242113023803 -10,1533290952053896
-13,9244099509366475 -9,6694680147030088
-12,2831476838854794 14,3270447370870855
-12,7507628979821401 14,2981161629061226
-12,0694604569997850 14,5182351509381586
-14,6626829580017279 1,1271559118440977
-17,1960181553874314 1,5672241472244439
-12,0750036884705718 -11,3101881269157918
-12,2548544266136226 -10,8498043322368307
-14,1089971295217556 -0,2495901550811660
-14,6176000950714524 1,0648623462288522
-12,3188244989967277 -0,5504502698082442
-13,6274743116897046 1,0264959166475387
-13,4741427676775753 1,9897745039130204
-11,6782948422412858 -10,5839542793132466
-15,0626061564830902 0,5487641348377315
-12,9241417052644945 14,6244078918893035
-13,1439524362244740 -10,5416066416719669
-11,9343217231680345 14,5302033369236909
-11,3622634474469120 14,0616157720865136
-12,8362845189263250 -12,9221762054051759
-12,4206442983660494 -12,2353681782821759
-11,9719637704478288 -10,7865890662383421
-12,6557649187955601 12,8889485439876292
-12,3306430875343747 -8,8006812239285424
-14,3592067806936807 3,3576516980033229
-12,0907180228136646 14,9368200030962690
-14,5157539626631635 -1,2088838719694166
-11,0282141956624322 14,6279241873474852
-12,8050561188830745 -11,5522835094744281
-11,2102431866721091 13,9247982661273753
-11,6923399008916888 13,7145334534087802
-10,8506394268502326 -9,7954181277905761
-12,7858573196382412 -11,7520826953852175
-13,8103646292986895 -0,6865507688938770
-13,4617292300830940 -12,6752444828115713
-13,7453200487975664 -13,7461930162509081
-14,0096218076106709 -0,9485614027406697
-13,0240998010738878 -11,6498478329277404
-11,2741249009795652 14,1376887040533514
-16,3471923570672253 1,4207780674452826
-11,1737159967962185 14,1295096173220394
-13,7757247922329356 2,6301485775378897
-12,8926216572586068 -10,0896423051180015
-16,8554050301139355 -0,8060139173237792
-15,4320390791489643 0,7033012117244142
-13,3557378223796093 14,1930566593525462
-12,3172399046427898 -11,5878943393189484
-11,6785079000040213 13,1379154194220558
-14,0362993292591671 -0,3637497262866533
-11,7899244141652257 -10,5622451297873070
-12,2528461752455371 1,1064047090255005
-11,1316976099831439 14,1831155832931408
-11,0563883703129449 15,2900437529444755
-12,9532341267212683 12,5772134574806138
-12,1467161471047600 -11,9077029475519680
-12,3349559531235133 13,3339712678787805
-13,1843557365430524 -11,0491944148930497
-11,8449832509638178 13,2518843919392264
-11,8569173113468675 -12,0918015367336302
-12,4426254945642469 15,0008368873162361
-14,5046649086558350 0,0646509304299205
-11,5665906509371865 14,2028836039141204
-12,8666182190299629 13,4608904286646496
-11,7868852406302160 -9,9046454644836004
-14,5620724413538127 0,7067339927902270
-14,7482481862790795 0,0391991499587145
-10,0705874114982539 13,7739409104582791
-12,4310650365071638 13,8655400930247676
-14,1626673728032895 0,4015379716642536
-12,7213971195389792 -11,1506281454586684
-12,7938897543948560 -10,1319301661598864
-12,4873015240655292 -11,4040303531221490
-14,2468078040473110 0,5265105981174218
-13,8303306695703725 -9,5188193783368913
-13,5486346341789794 -0,0068675821443617
-12,3614347466304011 -10,0061236180797319
-15,0825819063460447 -0,6809069050255545
-13,3723306581057475 0,3054856861738646
-15,2207210662925831 1,0569493679851205
-13,1139367751080052 -0,6478191999418975
-10,0163133041842602 -9,6190344689814431
-11,5096848117025612 14,2872197020330116
-16,2180721973340525 0,7636291887532533
-13,2307012816441798 14,1351553322848016
-13,3847300394081561 14,0544600170608494
-10,6146341514139291 14,4095555798720181
-15,3979380239947741 0,4104398983399359
-12,4689139737644403 13,9368015524133941
-14,0705333323947048 0,4121446800443514
-12,8435525590545545 -11,2286931752094752
-11,1572987992402730 -10,7347145305835205
-12,1109589204827461 1,6932537271879651
-14,7424045121950940 0,9703517846272099
-12,5411423148175913 -11,6165450741656713
-12,6727749674877810 12,4284109397707070
-12,2264594162080016 -0,1011285259072416
-14,1630000700611109 -1,2045007373798065
-11,9473724436916360 -11,9549475929364544
-13,0113573740213173 -0,0518144785509128
-12,0227970684279679 -10,8241483444759439
-11,7008288600358554 -12,7556841312118419
-11,4710535002649134 14,8850116254366185
-14,3515983214792762 0,3632597169315204
-11,8012753529140735 -10,5114829810002171
-13,8606227057894547 12,9407424010295564
-12,4175064793553993 -0,0473275338338184
-12,4711786148915795 -9,2662535464384224
-12,1690526353216857 -12,3949683777211170
-12,9994111124040916 0,9905309995964873
-12,9544869243173313 1,7163094615971337
-11,2056757085657850 -10,6140137725600443
-12,1756640878399249 -10,6982651812151595
-10,7302060432838182 13,3629314619330035
-12,8955967029289660 0,6450516674696680
-12,8735718196996469 15,9684377867251506
-13,7266778183601588 -0,5485859376220276
-10,8853515225945898 13,5414707880470218
-10,5293780980376663 14,1439332499348076
-13,0233451770075668 -11,9020425201137225
-12,9718163941569866 13,8795305782961034
-13,1227705228783762 1,0890759580439338
-14,1244807697843555 -1,3295250291312817
-13,6060423343134911 -9,4511565193371130
-12,6689654171814219 13,9400831035185817
-14,8100871887099466 -0,9394967699373815
-12,7369973652824768 -10,0334370002126967
-13,6654687028883988 1,0843239524149226
-15,1567011008003245 0,6882577902924025
-13,0802954584703333 -0,2651802326076682
-14,6300477517039642 -0,0324992208630513
-11,4258672363256313 14,4403062476135879
-11,2450402028359058 13,6623898308506799
-13,1217373751741064 -1,6962264735142996
-15,6306170864946186 -1,3819302441524004
-12,0340222746625933 -11,3230114858563002
-14,3251580079513428 -1,3868444153326140
-14,8460868364149690 1,3518097742823678
-10,0559951026965759 15,2152133821102193
-14,3984096439548708 14,5523320132388871
-11,0271704160708861 13,0451739964260742
-12,3507738939293983 14,4073586487729166
-12,7968035675820690 13,8505035875271680
-12,0129553176558108 14,2502751532598975
-12,1300007465864041 -11,4728433374684347
-11,5790911994859602 14,0184535085416329
-13,2587370697713993 12,9956915914098552
-10,7850823281284836 13,2545804251788795
-10,9127824308374155 -11,1182157015289764
-12,4766932396815537 -9,4702518206496951
-15,1329311334428809 -0,9341334772534913
-10,2243054795071107 13,9540105419553466
-12,7840421045895081 16,0420514921027966
-14,5466536901360524 -1,1081577693928248
-14,2711540437093056 0,8823659975072372
-15,3497433400780565 0,4228915344970363
-13,9611335895373898 -9,9169099110063641
-12,4949267695595587 13,5236286947723059
-13,1043588451670043 -10,0433819508187323
-13,7541041349411746 -0,0836473203509033
-13,1952639643608780 -12,1528912189664791
-12,3209369070103971 -11,4925062103720954
-12,3704545692437655 -12,0634139339121838
-13,6588342125247131 -11,2076522944579047
-12,6733138564047376 -11,4064893957814490
-13,0258303697183297 -0,7376925752983123
-11,8530847454688644 -0,7270758827091797
-11,8696736220170624 -9,8683092937210581
-14,6999101878282801 -0,8908034708012045
-11,9243145713448122 14,6185745587986524
-11,4554628368536378 -11,5293667310770207
-13,3491303753943544 -8,4851445137523704
-14,2291878279926092 -9,7016274280848460
-10,7600085863973636 -11,2689872284101096
-13,0381095359671164 -11,0048246228399691
-14,5026562995503046 1,3943033956546493
-12,6262476824571106 14,2768449056214628
-13,1999512166058715 -10,9354680766793368
-13,1415129721040458 14,4595139077915480
-12,4103478841477184 13,1205410128054627
-11,0979977567250874 12,1595899587690539
-10,7275142251039579 -10,4285208145352435
-12,9659519832076526 -9,9026795311614872
-12,1973285535574849 -11,0316692530548011
-10,5537899667097026 -9,9799686338570126
-11,0341488091286521 -9,8290137536288320
-13,7422032162497274 13,0825373020923035
-11,3769997728787953 15,4211548229918698
-13,6820296215718056 0,6094101164607217
-13,0716682076547830 -11,4533898688962399
-12,5609036161043530 -12,0991637757650814
-11,9517338898874232 -11,3923177015629111
-11,8801497076241827 14,0202217921598749
-11,0256452493466526 -9,2712102170166908
-16,1688144093367363 -0,7510199747115274
-13,2480606646414998 -12,6576235764181959
-11,6152287423799834 -10,8428259085586127
-13,6834828866112233 0,8498876931828583
-14,4671372956333677 0,1851189811460738
-15,1825341744537745 0,7920352514663633
-12,6906176481425828 12,6433337412360807
-15,5024224191319000 -0,1136556271494627
-11,7333984156498907 13,4998019261350013
-10,3078291323673010 -11,8709373761118115
-14,7572542854390694 0,6315252933374487
-12,3320511790103797 -11,3798135538298801
-13,2704026990553547 0,1051778695153418
-12,7582545719827412 0,0381215344071882
-9,1261907577171719 15,8024253590835180
-11,2790228320811110 -12,1790447983543828
-10,8831804850388814 -11,4847370502808772
-11,3530571210831805 13,5244212694652486
-13,1461232591110164 -11,4500791640567936
-14,8759543643336301 1,5105222341233779
-14,9893857628901905 -1,1494883615762381
-12,9895410977216983 0,0986732243670111
-12,7066814596444502 0,9618304690784212
-12,5397613987255898 -11,7847942084322685
-11,6239905985701277 13,3230720393441349
-11,6381734977401727 -13,5251774027200220
-10,0665232584973303 14,3265934737385052
-13,8309764502745924 -10,7725673363517842
-11,1960242426965060 -11,9346162944832681
-12,5322497875283663 -11,0919525580524496
-10,8315914282248720 -9,8134645247286798
-11,1877711056075171 14,1068006742186132
-13,0000574768304666 0,0321132866852445
-14,6242338216707388 -1,5360265634269827
-11,8805112285892847 -11,9718019242315066
-13,9486486481867313 0,8072208638918176
-13,5423623949502687 -0,1328241542963093
-11,5421951212930338 13,9554247162205005
-12,6957533164384557 0,4145718541837936
-12,3068591147785398 -0,3711427512862819
-14,6204909903524403 -10,9760635911502966
-12,8394502085261237 -11,7824251193083320
-11,4107998618915616 13,3977158375327630
-11,5876123826245205 13,2430764731777408
-10,2199151845437246 14,7361703054745821
-12,6309981805151637 -11,6877881657719218
-13,6405096044245457 -0,3190722871256482
-12,0767705636827536 16,1712423389636939
-13,1857457226637926 -11,1475617419567445
-12,8228951093841008 1,1235238633267248
-13,1631123537323482 -9,0382022667039585
-12,1118061294660766 -10,7113367099989443
-12,3579477889548901 -10,1810614276102775
-12,2296233898133462 0,1075107216604189
-13,8022098982761339 0,5525689230131681
-12,2247326251638810 14,5665739321239585
-13,9899557059300008 1,4428642979889355
-12,3732533081445837 -11,0918413812903811
-13,4214686506722991 1,3294849918564280
-13,4014832096185099 0,7486669466196736
-10,2370587307611380 -11,5378204244765250
-10,9766934058273513 13,5133479537008991
-12,8507960779005010 -12,0655376201557551
-14,3970902660868401 -0,9929974949891129
-13,0288540007077565 -10,3346370700290535
-14,8310716974894898 0,8007383499536085
-14,2927956173836677 0,5453481357333434
-12,0575726292921548 -10,6806704008887348
-14,4481460956376893 0,3834172350475110
-15,4168720244315729 0,4808702111409736
-11,9741043714039801 -11,6267755911641864
-16,9672690957328562 -0,0571258719043584
-12,4344653556622298 -11,8629692716437933
-11,9976240144487516 15,3366822443488200
-11,7133335612869498 -11,4268468372328531
-10,9352160033236441 -10,4921910150605644
-9,9710991093207486 16,2270934365029937
-12,0507271275260610 13,0124303669179042
-13,6124497645602105 -0,2200316218644404
-12,7712082676909446 0,2446172672029117
-11,5427517286998995 -10,2989465227702421
-12,5895160586322543 15,1693300667807502
-12,5941174704882837 -10,4573486093574903
-13,5686263249083172 0,2481831718413215
-14,6880147684406559 0,3001811184392787
-11,7199497513802022 -12,3552341999196837
-11,7476372570994485 15,0847014750312045
-11,8687973013125028 13,3090579056985518
-12,5501017170359663 13,2901469821100466
-13,3837262467717721 -12,0938964033856990
-9,5510231482606187 -7,6183632976496103
-13,5488737638356262 15,0566203851874150
-11,7407308213201311 -10,1324625529988115
-11,3901433616975591 -10,2926792066104884
-13,9722395115133384 0,6467973358101090
-11,5216119759743609 -9,6476404648960692
-10,5288087425170538 13,4568743352501041
-12,2945872615181244 -12,0847582232895352
-13,6463036528278554 -0,5546548979221955
-14,2001479640664225 0,2821124473250278
-12,1014084148688283 -11,8705180186551438
-13,4683733671076293 -0,4031771723869778
-12,8113787050981980 -10,9439669530204569
-12,1682469812486467 -0,0094118100547583
-12,3685901577517914 -11,4096713247527504
-10,9261433738729536 -11,1290921760565134
-14,3283830442151974 0,6593539361193977
-13,2562077528616094 -10,5225959882155813
-12,5264204139122270 14,4687081321520736
-11,9873573916458973 -12,0512153901297214
-13,0184237580958175 14,5204553316088756
-13,8514847165618988 -9,6103083039590729
-13,6683988432794692 -1,2298669531388544
-12,1523509501016491 13,0214633757724112
-13,4509783856898899 -11,0204924067243688
-13,1533899619723069 -10,4844727253441814
-13,7725467821247118 -0,0179470134116308
-13,7670828769016698 13,4268230374577584
-13,0214332409334208 12,9589252875982091
-10,8844235329789960 15,8910834795202636
-13,6086379346562403 -0,4144894310380460
-13,9357653311015053 -0,3234661078704992
-11,7422863704301950 -11,6752940028017527
-13,2568642487967185 -10,9125510172005136
-11,3087964314010634 12,6330239435774665
-11,8052569452006821 14,4880502429189075
-13,1066560515774810 13,3866737454060267
-13,4153605750780418 13,9435922630084335
-13,8660056643790774 0,0629676193042684
-13,3990401179253080 2,0100138166933710
-11,7540378914515813 14,0899568161981641
-12,3750555724170859 -11,0888488115050752
-12,1692537312906008 16,0209844291167904
-13,9470633349561481 14,3314125244262200
-15,9825208658852222 0,6131087703365985
-12,3531694170034090 13,5135355684075957
-12,8956139277098032 -12,3111626477102369
-13,0692166265877017 -11,6334998377347407
-15,4399491153713484 0,2144044177952035
-14,1520961974373165 0,7539412045500493
-13,4260633998206611 12,5588743550049848
-11,3114667975458350 12,5738094759379226
-11,4320115012588381 14,0198376006476870
-11,9260142629910089 -11,2998061674964489
-12,5070050505021637 14,1260747045266530
-14,5154173269466540 0,3534871073875444
-16,1252157990077016 1,4316288635055250
-12,3214853417706536 14,3756197554203951
-10,9335111193423646 13,5136539813029373
-15,0654245022019140 1,7129453239064429
-12,4525408433429234 -11,2920913710964843
-12,6029716182978380 -11,2152274259769005
-10,6201058746226558 14,7485910875377755
-14,5411213356731643 2,0914338916592756
-15,2427499899756267 0,9578395298016213
-14,7158668325786657 -1,0450035690847614
-14,5718106549328894 0,3154758392487185
-12,7074707549082468 14,6599757956155887
-12,2611486185259047 14,8796601782412079
-11,2572662157429200 13,3945984311082320
-12,1154315126070440 14,9334666936881177
-12,8731104468579378 -13,9005063802280517
-11,0546901988452255 14,5829526377688836
-13,1321621411220324 -11,2833301638137211
-12,6086275631785547 -10,8936656603913757
-12,9199038666687489 12,6988027313162526
-13,7767340095880009 -1,6204072091506581
-10,8038652229647045 11,6770043465953677
-13,2365756138911586 -11,5401911655571823
-12,4533471926526893 -10,0182172835380054
-12,3226271984077727 -0,0628966275724558
-12,1293548408487890 0,5532373141582412
-12,1076096312424806 -10,0213184007114933
-12,8714909730828957 14,6549009092264733
-9,9086479924209367 14,1985174161738623
-13,0351548558284396 1,5461388627541486
-11,9746373218475402 12,1729382344043540
-15,1491521074520517 0,0110213563140212
-12,3520591447061108 -8,5436215369663202
-13,1831671105251758 0,9083771498535580
-12,8640992778782959 -12,8594281795062564
-12,8822514058540989 14,4622337551476861
-10,9017357891154010 15,0125418136165845
-13,7800213789136627 -0,2662789430247973
-14,0259755804521191 1,7446222170072501
-12,0267721866175101 -10,8762867092903566
-13,2123978898082974 0,0514034272277416
-13,9575630166315410 1,1132945270046091
-15,0317710321894413 -0,9754441870836814
-12,5487160893626797 -9,6281379611803519
-11,9405772039082070 -9,9658641655987648
-14,9260758276532091 -0,2882756760650713
-13,6708207527029018 14,1346902046386447
-11,9324773300673357 12,3131178068511105
-12,4461542258430811 14,0266681396136121
-13,5562211358917928 -9,1956014700848243
-11,1701836392900571 13,4162544620844368
-11,9329686794671321 -11,0246428617817021
-13,0970636106879681 -1,3042826170805186
-13,5968552988926028 0,6700472140687700
-13,2846700691322432 0,4922481183199406
-11,1313705013874920 14,9628129014720397
-15,4380476172544814 0,9470774515150903
-14,9097867089813292 -0,0979194698160895
-13,2582220752223243 -11,9077684017837164
-15,2760745916825496 1,6297552472317096
-12,5030892646079170 -9,5965736163528845
-13,3916588932338207 -11,1588314520264866
-13,0478443210608415 -12,7016495856722287
-14,2736968755283833 -0,9314883813884693
-11,0709509028203392 -10,7242409911109373
-13,6300452066358222 1,1659606965483629
-11,7823020546235568 15,4380985761064320
-11,8550289968208027 -11,0082980939203257
-12,3739202458291295 14,1142590541769195
-14,3055037733293258 -0,5885154113379258
-10,6371953208158132 12,8469688023030066
-14,6272999013025018 -11,2712113037937325
-11,8842764654552706 14,3879269752516006
-9,4761336797638602 14,0017092550314644
-14,1333869108073351 0,6627192222882147
-12,0468219125496212 11,6700474714545166
-11,3627009054677632 16,0906185934700332
-13,5716858098968594 1,1493897724996223
-14,6973424796847532 -0,3836925831249141
-10,6527551435721257 14,4143506248916520
-11,9359570875504932 14,6515238168355317
-13,8945920660675828 1,2930607210500236
-13,5467015945257678 1,6354164132726401
-12,0452278757079601 -12,7626631588208337
-12,0483823769778162 15,1561901671619648
-10,9173678918112795 12,4135981962924156
-14,7680513898869403 0,6193255388605630
-13,4706479616156081 -0,0235058882931332
-11,9698058838964183 14,1042286329803552
-10,5139980648319344 15,3841486665700753
-13,5209343659935985 0,5903675968012099
-13,3310555012473948 2,1594756851744705
-15,7425960508752159 0,8696361684818018
-13,9053601176671222 1,6816356278885090
-11,8548079108456612 13,4646583780329010
-13,0257695379291309 -11,7688484810302718
-13,7702782959572048 -0,9594021756761744
-13,3322000988452078 -11,3358304200896001
-13,5278004983826836 -10,4915016238120344
-11,9780807108853260 15,7109278660541651
-12,9672514579595699 -12,2873272325847545
-11,6066059939075217 -10,9314026756295242
-11,1920828127153875 -10,7863876922520916
-10,7406695873982052 13,6828659117407643
-11,6040548179525409 13,8125583396162810
-13,3988156256943043 -11,3958049100180414
-11,9110473193365927 -9,9313244487984083
-13,4303490229623606 0,6856751918382048
-13,4092059698054040 15,2833168514848943
-12,0913206199843479 13,1918745176569825
-11,5421408306344393 14,1218212290296563
-12,8324518819784448 -11,2855993140832069
-13,0275084644571653 1,5889153835841638
-13,1671455910704100 -10,8267801914916504
-12,7886832295193766 -12,0551463105454317
-11,5234142524905341 -11,0614540819236389
-10,8689717279993285 -9,5747394654050346
-12,0795165722149349 -11,3209059240996766
-14,0138948386057400 11,4752298123609631
-11,6650608929660056 -10,7485805033863393
-10,7854683440076204 -11,5339884981507961
-12,3255892347762828 14,3674408287600635
-15,6910718245858654 1,2829412055550535
-11,1825507400495123 16,1805879719923205
-11,7536043795773342 -11,5854091182426853
-11,2939779668166551 -11,6878401121435154
-12,9005967035193159 -9,9993475080498957
-13,5558103977715305 -0,2463275763313507
-13,5752023385018283 -10,7026983746754585
-11,7827027597434935 13,3246856386897718
-12,8244911582389491 13,4659905594949585
-13,0631490898448739 -11,1311720058183763
-12,0433477613686488 -14,3948595899254173
-14,3541541104258830 -0,1194593353133680
-13,9364681543073594 -1,3791019461033602
-11,7547138469853483 -10,6122683015222830
-10,8086142962578222 -11,3269708982213437
-16,4128354181747405 1,3912001037692696
-12,6001614367744672 14,7678613315407219
-11,4460457212968549 14,5484892347522461
-12,5518510664153489 -11,1459643497172252
-13,0116399124712299 14,2430658332609763
-14,0521929075737049 1,8055102566654520
-12,0428203345837428 -11,5415457878427521
-11,6824125650381756 13,0887192287924190
-12,8625539450007498 12,7514859167183587
-14,6806354878321326 0,4486421489170760
-13,3086107391835018 -12,0041029705317239
-12,2128882701288877 -10,7157299843321976
-11,3383721865071205 -10,7835848067566218
-14,0991752464428828 1,5131898448120640
-12,3013198350219390 -9,1614978622883019
-13,4165143971535379 -0,7422875927439128
-13,6802867982103535 12,2845845360175669
-14,0434935095414026 -12,0812846207428706
-13,1363627314411513 -12,8642566398653688
-13,5867459648312803 13,7684895163636973
-14,5515768190362706 -0,7041850336711697
-12,8902618607125756 -0,5813165276263698
-13,9257258218372808 0,6904521594022548
-12,3982484396925212 -9,5312574847067015
-12,2779347002577488 -9,8523031770620193
-14,4437250818160745 -3,2666150966116398
-11,6547570396059470 -12,0655286809996234
-15,7692327032583961 -1,3257488417999117
-12,9457051131502556 12,7082805442350999
-11,5741884994313509 -11,0856055372394540
-14,0658786775094260 0,8354376539433073
-13,0647706867335760 -10,6573813871829977
-12,3059807500383265 -10,9270385551503413
-14,6416545528104258 1,0112000833716297
-13,7263557058921446 0,1140013459178129
-14,1805762810430487 2,0303661041315140
-10,3671387225082636 14,8818176719077346
-11,9877961134437090 12,8444462446201690
-12,9377414168771718 13,6401813099212177
-13,8403569318089232 1,0007404553976489
-11,9728194327164257 -11,5458895560282642
-10,8645701548240066 15,0563703418125314
-16,0349305213395112 -0,1776437565158122
-14,2605598737649437 1,9185034199580946
-12,7904877612346581 -11,1580140316614553
-12,2766730247544267 12,3432634075695482
-13,8436827590385452 0,6128334478837281
-12,8541073454544055 -13,2417310591565656
-12,7346433618640802 14,0212282658707217
-13,6541623544092428 -10,2012772524999669
-12,6163419593762320 -9,6863651758254274
-12,9920718532955455 13,9218242986424965
-11,4957545481594980 13,5777825163015358
-15,8692380580761192 1,2927218017659292
-14,6686982015356779 -0,1545142616854515
-15,1485031674542636 -10,5883856845159023
-15,5291200661751940 0,3005921536395239
-14,8445064029865961 -1,6051719257210995
-14,2554717861275808 -0,5189968932630489
-14,1046055974718865 0,7528249354673282
-13,5764528324892435 -11,3202519028289004
-11,0777965736111277 14,6114050610788588
-12,9815569653789087 -11,4029965199799630
-13,4122559504094863 13,9786250841264170
-11,2617621180912266 14,0198711297064857
-12,8546245730328437 -9,3661714758099706
-13,5845335557890667 -10,4162492772462194
-12,5819453485421757 -11,5665918826662590
-15,2710111634893249 -0,3268898655636782
-13,0288865755704482 -12,1966340567435445
-14,4976202831882031 -0,0705717482139020
-15,2311673829300531 0,5337309867557438
-11,8400707721494509 12,5550890031953113
-16,7117388574218992 -0,6178673296356862
-15,0956052084026418 0,2130925362894099
-10,9944089734257258 15,6868513940546528
-15,0044271078453466 -0,5508357116472501
-13,6977644578712532 -0,6273192972152400
-13,2919166465345615 -11,8064883332431272
-14,5137176013396196 -10,8887787164599743
-11,7445242587389718 11,9256730051250894
-12,9500435011901054 -0,2469901501024446
-11,3633863517776046 -12,1734655819129429
-15,3261836449234856 -12,4152165263069261
-12,2184867971305877 -10,9237580037090130
-11,5077307864978273 12,9896520965287525
-11,8188643549892358 -11,5915056691109957
-13,3066877738615936 -11,8420590325624513
-13,8407677337199910 -1,2571671006746141
-14,4667604769804559 1,6523522262808057
-11,9144281242096053 -11,3358131314414692
-15,2279195202195119 0,1796937153361051
-12,2498249570894409 15,3941098818393183
-13,6244944018052276 1,2298700506798586
-13,6339475235066896 -1,0108642937445156
-15,6834206466746924 -0,3028588339061002
-13,0192089179898787 14,3793517764398739
-12,1023820652642762 15,5416493560067082
-14,6184356653554097 -0,1779806077326692
-15,1589414903675035 2,4177444608705745
-13,1235629368639994 -11,2335410449325579
-12,2278277328159160 -10,9911394423671762
-11,8425411224775079 15,9206291873955621
-12,8302763129580253 15,5571756090587812
-12,7431789642331807 -10,3606373210752292
-12,8865828276418650 -1,0578879278880386
-12,8504357873892570 -10,2636799650064425
-12,5329152744086763 14,7510830599165335
-11,1852631331549279 -11,6931861596771700
-16,0688288619796324 -0,0639364901436084
-14,3736169102147695 2,3000696111038623
-13,3672387621586779 14,0330359246608687
-12,8657329374834219 14,3638557514749170
-10,9433015930227668 15,3295371667215985
-13,0351212769594298 13,6422867322236634
-12,9011634126682626 14,8586352803107467
-11,6961519425789930 -11,2016278739687039
-12,4578025251748628 -10,8104449916650651
-13,6517474868856574 14,6111084608938224
-12,7874084989766441 1,3774029473084910
-14,4979709101858489 -0,4742072279646269
-10,5953211358096997 -10,1766909285969085
-13,6250167720190056 -10,2840914235826943
-14,8813704979377981 -0,6386738049060032
-12,5983856160963832 -10,3177835112350866
-12,6850656782758957 -11,6811169781276760
-12,8481455672843037 14,5636878299951977
-13,3644664762312519 0,8436764927430390
-14,0481172789122937 -11,4305319057751067
-12,3224683082119810 13,8360065336102256
-12,4346398923321857 -11,7976728263903503
-15,4030431847745142 -0,1447047734165985
-13,7365871661639911 13,2799825853518954
-14,6722977539360979 14,2069069600022857
-11,6295888510037297 -9,6395980070536726
-13,5170081384227103 -1,2852980180994746
-14,6863293310136385 0,2745536003774595
-11,5888449209558715 14,4445957649433527
-13,6014802332363871 0,7033748884188893
-13,8876699699056889 1,3080151820050478
-12,4381540551358789 1,8995368029506798
-13,8334958203624723 -0,2686569577033933
-14,1476457062251910 2,1248679465382199
-12,4015705987049074 0,5319111926018014
-11,1048796777373564 14,0799706250329209
-14,3879509533740730 -0,8185863176851953
-11,8064304670597764 12,8852873556462484
-12,7663477002554764 14,6882833236684540
-13,5399195884682992 -12,3071495107954210
-13,2275685958709488 14,0026614065867925
-13,2956168032231066 -0,2013069733469315
-12,1365887106827888 14,5875568018039914
-11,1807089449869572 13,1910552318548486
-9,4822494484351374 13,7861372128356781
-12,1734693815756359 13,6181585843928339
-14,1861957253739543 0,2993008878992772
-10,8947285771347744 -11,1256292929515546
-12,8695211484694116 1,8065435642496714
-13,5203480108165195 14,7429715080706707
-14,6943935732458346 -9,5745467178706036
-10,8973214034610475 12,5249364126991640
-14,2349075800018134 2,2172816011885095
-13,4588162703843732 0,9475539094147855
-13,4692878181181044 -0,1281797114058211
-10,9887249872349386 -12,0759202167852706
-10,8686241559966579 -12,1252600108715676
-11,8947033073783341 13,1626904101950615
-12,9130594430587085 16,4978349986243487
-13,4618873554000427 -11,6451473161886643
-14,5472646215244232 -0,7079213164365280
-12,7498107638581466 -9,1886892947078671
-13,1676230402625727 13,6009853763541493
-13,2418353019462280 -0,2491802589730968
-14,3968827829587092 -0,6258030537868507
-13,4617374904731513 1,0674816949132659
-12,0071411803116330 12,8860166097258269
-13,9845249014850506 -0,6057165473408203
-12,2975801976277772 13,4287949296882747
-13,4071641026926720 12,9129645924255367
-10,9491626290892299 -10,3388834624109514
-10,8670077644693723 -11,6763740757695373
-14,5290792653989982 0,0855296572937319
-12,7086515728971481 -10,7038785258337086
-15,4591308977915816 0,3364906589608372
-14,6139915326052208 -0,2630110365657820
-13,3316148656486853 -0,3023775480828300
-10,7768147512239523 13,5631041676221731
-13,2045566208727809 -0,6355447207001441
-18,0233851334747541 0,7648373343764672
-13,7350223404792295 12,0618702765638997
-13,0432032610907527 15,7909963427790760
-12,7802289432030172 14,5547136595794093
-12,9290272287445962 -9,3862155075843798
-12,4325004004071040 13,8419692769745915
-11,8119353816405308 -11,5482434006204500
-11,4097627886481590 13,3069229105176134
-12,0869667576800701 13,2351676283917090
-12,4661289654071279 13,8139796237031636
-11,9073028374140968 13,7966737076126904
-12,7128213718742362 13,5499750629225488
-13,9350746739559916 -10,4515940087244719
-11,3594821499224423 14,3686599194746645
-14,5153158739794801 -1,0738851505794915
-13,7015557832459365 1,2544268397957155
-15,4390726399422746 1,3520503684961895
-11,0708892445135909 -9,9939242502913590
-10,8199368467057084 12,1774916587760504
-11,1637836697853707 15,5977785867719039
-11,5805347718913527 -11,6176084260271857
-10,7454371137236429 -10,7304085465310166
-12,1297439556487880 15,8985492444378931
-13,4223262638785634 15,3679552671411308
-12,3916006566078654 -9,5351005960933808
-10,7598464708367469 -10,0880340129288317
-12,4182720795659343 13,2419301595827097
-12,0925592854750441 -11,1722729403668914
-14,7218813944830416 14,6506106352775660
-14,8061145436685884 -1,4555381908508775
-13,4045333105454123 13,6329709811636786
-14,4111460886713392 0,5417411700450523
-13,1537085050656941 -10,6569510146350268
-13,7693012321637998 -10,6986721509823113
-12,0063739680403394 -10,6718060812045508
-14,5466406847002911 -0,2794350778295719
-12,6562872878396551 -12,3172338391475975
-13,3912039929476663 -9,8737267632924741
-13,7250839573707903 1,0063035286206623
-12,7060328163742682 14,4611795758676589
-11,0285372167967406 16,0924780807639927
-13,4450143912625180 -10,8855934783274826
-13,9387113656489277 0,4904024913003445
-11,3012015113399240 15,7228855162488852
-12,0469520725512176 -8,8463633785763598
-12,5760875185002146 -10,9552162813456739
-12,3036635517693611 14,2728547247954243
-12,3498419213346633 0,0309797836271750
-11,8654687786769557 12,4618091457524418
-13,7909288271829258 13,3171197783536126
-11,6462472668573103 13,8779742057972442
-13,8820015393558585 -0,8969710722928270
-14,7876529376577484 0,6901023929123701
-12,5515629726251952 12,4122508073055968
-13,1614203562770804 14,5501533346931922
-13,0234318064033818 -12,3918158052056349
-11,3902566876978604 11,1672012266174079
-13,1722737033922375 -12,3714287450167966
-15,5986538479940400 -1,6121055302128067
-11,8485729722824153 -9,9041982571439142
-12,1845605393207546 -11,2091837303663109
-14,7118121561408710 13,8569191971163317
-14,9609986090699003 1,0483239740970207
-12,3513022836203596 -11,4008125084573564
-15,6412270187130531 0,3751418220218609
-15,6876570368933042 0,3286748894056353
-14,7601808191638675 -0,1969174425258229
-14,8341200657187855 -0,4469384740442928
-14,0514115051006634 -0,9088879240923249
-12,5653028974355667 13,1247757052616816
-13,1634274611959441 1,7678284199789196
-12,1826499835504389 14,1155889870842728
-10,8749805260113259 -11,3146595245021153
-13,8606210706028605 1,1645906609363790
-12,2939212510891753 14,4086386097661805
-13,2564977552036591 0,1545470304594918
-14,6871097249860423 -0,2013968148494306
-12,6679919714650389 14,4606026102635781
-12,6121310113917655 0,2915677986164474
-11,2031667726236925 -9,7610929840463960
-11,3490789146722530 -10,6829369234548093
-13,0754128394265745 -10,2652197039001205
-14,6029535672303687 0,2606963051302134
-13,0822112062870399 -12,0240183953660011
-12,2409772041320917 -11,6036467016418072
-12,6118479322404280 -11,0480243423418116
-14,0411105200046791 1,6237862185354441
-13,9184923568855936 -0,4022734731220996
-13,8285778374449784 -0,9284387665302591
-14,4631374969700630 -11,4296076249504530
-11,2825352275392721 -10,4531871090849258
-12,2759779458362761 13,5545077805839664
-15,5779049796088440 -0,3888710708206536
-12,9962901411019445 14,0964392891071615
-14,5077136269538514 0,7367888492393521
-13,1453235410820586 14,5630532322996036
-12,5190441714255201 -11,2630389038321663
-13,6025282193351114 -11,1144821340060407
-11,5815132608162603 13,0985071541558060
-14,8979709057721834 1,4429928962967056
-13,4890107748059496 13,7386345712988955
-12,9969489773387963 -9,3243834030862160
-14,5351328027806730 0,5823913425732908
-14,6067367227847367 -0,8717548054599658
-11,9762406584562111 16,2984327197239480
-10,7053369648904173 14,7713277135595593
-11,3853175777656261 -10,6454216659111616
-12,6723554759668442 13,7831810345648176
-11,5484071743445149 14,1025281997213288
-14,8033079514290655 -0,5898827089922445
-14,0308198282010110 -0,3912995782953091
-12,4825495978382595 -11,5174555612622651
-10,9657137047253030 -10,1294722243635960
-12,4367715333936708 -11,2369859075813814
-13,1514011042962586 -0,0671944646670966
-14,0828401730914550 0,6716142467299095
-11,4102858465072483 -11,5829638125129861
-11,2973828050097307 12,6353505171602318
-15,0196107064322550 -1,9597636014798523
-13,6639488689394515 14,8531543900096565
-15,6068889014747807 -0,3977539472365740
-14,0235467562952199 0,9150545167468103
-14,1526059131640931 -0,1029396726779329
-12,6722164693996060 -11,8221308476214162
-14,4775467457353706 -0,3720423217223011
-12,5415607251517738 -11,9101807833180366
-12,4442684152683594 -1,6834616252050394
-14,4667517674589536 14,9756030475771524
-14,0173558348055298 -11,6486690831071531
-11,2825144677643188 -11,2853422032246336
-12,5556426308923221 -12,1111084175020611
-11,0496913845644880 12,5779069867100528
-12,0477661266917675 -10,5623059113007010
-15,6912858764814214 0,3614569012984497
-13,6163007637210409 -0,2630497453914979
-11,8653908145805591 11,7335351372004535
-13,3921419137254727 13,0261861666694703
-11,3737359894161063 13,7012038214228440
-13,6930006661468262 -10,0649395582416208
-10,9661823295782330 -11,0516865574437340
-9,0519764741984083 13,2568814910591932
-12,9580887010192054 14,0577931625624739
-14,0782018455792972 -0,5670264290868847
-11,9393513231323691 14,0367498701668065
-11,2670857486531624 -10,7082857475542053
-12,1031266877078547 12,8560061650640201
-11,6844222536710127 12,9286253081162457
-13,8240468745582188 0,0240610449334741
-15,8893474397940881 -1,7790883765100016
-10,2274478621677716 12,4767806079127670
-12,4622849033202137 -10,9617421498277885
-12,9632085874455800 -0,1077126790756582
-15,2158326878526839 1,0551430449744059
-12,3837676917391981 -9,8915806304473559
-12,8332395474251193 -10,8758063809765702
-13,8887427623882012 0,6214005849225324
-11,0175140451937832 12,8370510627118755
-12,7257181906312482 -10,6247331166041956
-12,1358282383023219 -11,3747256926932394
-12,1348262515059293 -11,1869360626052181
-12,9736607441747793 -10,2823753380886505
-13,0258678788534361 -10,7248693903653720
-12,9057536884763238 -11,1381837203488860
-16,3014881370179481 -1,7139705443909039
-14,8358642551183806 -12,4028158577823238
-12,4430786782717977 -11,9009223787980094
-12,6648327486903369 1,3020582907294194
-11,8503678806082320 12,5852391163868020
-13,1835227566156874 -12,2582393856015539
-11,3968193889910765 15,0533436917996521
-13,8582354252900348 -1,1932344469750646
-12,8377451839041807 13,2821444916633773
-11,0871507100824953 -10,1717916415860348
-10,9190274303302566 13,8518419214573765
-12,0360236930701081 -9,6947929040109280
-13,3704311369233277 -11,2199054724412299
-13,9059985847922771 0,1458704426326180
-14,6789929938107910 1,4381638230222877
-12,9308979091544121 13,4618874259098327
-15,8385878471529509 -0,0822438814448288
-11,7689544635964634 -11,4586032091289152
-12,4057874584371834 -11,1957856831517617
-13,2319702306048299 -9,0405624239717426
-14,3218809728311598 -0,6084466940765417
-10,6018338333535844 -11,8420948680702978
-13,9430906799977414 0,2719812492281984
-13,9260933655176373 0,0967029168080409
-12,6599538404806484 -11,2767014248253421
-11,3022207709902176 -10,5997721443294655
-12,2488691471667916 12,3807596164015177
-14,7475901756533112 0,1740421926153737
-11,2748494404731545 14,2009961074806483
-13,8741524974967945 1,7074686889075310
-14,6760133367525825 -0,4504061805504569
-15,7146176859350746 0,2865204817611923
-13,7938603719237065 -1,2334759107620539
-14,6703003707402022 -0,1490102513600167
-13,8968729633870858 -1,1675783076743602
-11,5694188093734862 -12,5320068923600711
-13,4487949468150845 13,1265879194346287
-15,4489421379481087 -0,1449483299526108
-14,3345758316579897 1,2607401630942405
-12,7383193065605376 14,4231673871246251
-11,5627802803230928 -11,4605881199442337
-13,4593154318994284 0,2713021835298911
-14,6210586156183719 0,5147912746785773
-12,6126191632579516 -11,8555875818819025
-12,2950100858304410 -11,2478124485314890
-11,6409627656918886 -11,3266406344613646
-11,9679018853457730 -10,3420979395380765
-12,7165298111550396 1,4367676228213173
-13,7855352927586061 -0,4417202714351143
-12,2598392479124527 -1,3481318589267157
-14,5160653049358128 0,2349388144046892
-12,8188000433071885 -11,5386914829980221
-13,3415315604439044 13,1492306297499866
-12,3457926364406223 -11,1834973465010830
-14,0515403804152328 13,7764189137751547
-14,2992170555995575 2,1591140160293980
-13,1257149604843448 -0,1610004928500861
-12,1330973191987592 -10,0848077730475278
-11,6442595796740296 14,3659125617410446
-14,4949709506484865 0,1701210732028217
-15,6392577133865913 -2,0453939048687308
-16,4700435591801622 -1,3900843110238355
-11,6799216890575117 -11,7294626258818582
-16,0638177185524782 1,8006929638385258
-12,1315835122843474 11,9791468949226338
-11,0823576443006679 -10,6566383182764550
-13,5033359191101621 13,2441974662176030
-15,1871997027087211 1,8151630212605272
-12,6649730182855684 -13,3429409451564656
-11,3521835316180777 12,8631735559116915
-12,3371568358531913 -10,5116044969562434
-11,3331629083248142 -12,1593581859210094
-14,5147998875318152 1,4153999534584767
-15,3051433434941391 1,8769619224433292
-13,1624174698756704 -11,2866554534227603
-10,8288227161445505 -10,5628314459331172
-11,5420715847598157 14,6461868652579312
-10,2932541953831809 15,6406639803179868
-10,8645260105420078 -8,8787400639840399
-14,4935162170091196 0,5475135571554806
-12,7696855202039075 1,0511295979231314
-12,9935922015239704 0,2035898853343499
-13,2697259256764859 1,1457844621732360
-12,9407713564347731 13,2151543853199200
-13,5227963529941437 -1,2453902570102642
-12,6637999134131860 -10,9121743342167736
-11,3824348589350528 12,5149016491413096
-13,2281751774002601 -12,2651859320716490
-12,1834515936967236 -9,4465458514830143
-13,4422388331149083 11,7946469905074096
-13,1644832242372569 -0,0360091637848999
-11,1684311109666705 14,1471152703795262
-10,5658518381818514 14,6989803165851249
-13,1703341006022239 -10,6214152082327296
-13,6356743764594839 -1,2257790406996025
-15,6988938132401188 -1,1512798646580178
-13,8774814122178238 -0,7747906904048671
-13,6301407492439086 -11,5445200813912443
-12,9295713422752101 -0,0938205190928406
-14,3230639395401340 1,3939538708110237
-11,5149775332290947 15,1877717519396285
-15,2803936254842281 1,3933877371999650
-13,3161797605560519 0,8157818096021240
-11,0970093940752630 13,9859990322815264
-10,0491797132892913 14,4404223575913786
-13,1630241415969227 11,4186407716373282
-13,9634882644177161 0,2060208827767482
-12,3806202767583251 -10,4991033921488714
-12,3888960115827054 13,7110930303779703
-14,5094369642031111 -0,0429642896488893
-14,6287248828293350 0,2597622488853327
-12,7779721084992683 -12,2889738637460422
-13,1097675675417928 -10,0075271259144323
-11,8898365285019558 12,4894519315135160
-13,1720380734445275 14,9693581160002509
-13,7249172537352209 -0,7058254146627699
-13,2903883957531850 16,0790189191710091
-12,2716690309887113 13,8237442497784144
-13,1271711020183943 0,2610297806286194
-10,9923238684644016 13,5067441178304630
-12,9613552788053941 -10,3985616661767537
-11,8186395708660879 -11,3762910820701197
-12,9341141255511047 13,5450409452538167
-10,3643592615823437 -11,0837875242435473
-11,8235477287360879 -10,8349794738303942
-13,2389757225291937 1,7597989570563870
-13,9097300925480933 1,8968536678709575
-13,2664849888836507 11,6322735912570092
-13,7243598230264983 -0,4798580582461883
-13,3954511022064295 -10,4291670447643678
-13,4928329777786882 14,5334062527700549
-11,4487585432638799 -12,4132814106118978
-12,7949496815486246 -9,0068005337776142
-12,2648167405031376 13,3474587244888614
-11,1602989545494804 -11,1673452896270788
-12,0558379385962411 12,6442384091024884
-13,9372938373048125 -11,9484622007436947
-11,3911785292189833 -12,0895994996158294
-14,2589433208699692 0,0021105971853934
-12,4925749622501918 13,5750427410162562
-13,4567596462336372 0,2524312832253071
-12,8157608288133176 -1,4581016374358109
-12,7573821428592602 -11,8772191046856790
-12,9376525451167943 14,3026367308255704
-13,7436726702550693 -12,4665118913087838
-12,1059317768449937 13,5066956302438292
-12,2480873354544535 14,8023774977612366
-13,1698803491607439 2,2618699256875940
-12,6027189383201037 2,4262861696117946
-15,7115660387469021 -0,3398068020919345
-13,4786259110133972 -0,8729611756531670
-9,9133738859700777 12,6756563755763203
-14,4654423060557988 0,6743967515936196
-10,9988430140604105 15,3603560167629603
-13,4474778830083714 -8,8093729529610858
-15,1494723783344689 -1,7656335438781277
-11,2894012116485385 0,2517801535053595
-12,5524269591754916 -10,1751121675561134
-12,7867644969565593 12,8588757232133055
-14,4659266059332499 0,8929287493885816
-13,1245593008839947 14,6731199193860444
-15,6588886846088116 0,2362561592716955
-12,2480711072418842 13,5296185916213396
-12,6730999567398577 -10,5265698122538769
-11,7247492208079418 12,5705281758574614
-14,0094695595770169 1,8723553260739896
-12,9201421505980143 -9,4106949373853155
-13,9531063814346119 14,0373623752587680
-13,7968756971650190 1,5070835267756222
-10,1755734779553251 14,0156839524465244
-11,0391474268764114 13,7231795990603835
-12,1326404948259494 14,2673799837098052
-12,3964875843329612 -11,0386863787038241
-9,6268159080424844 14,6921860612947732
-13,1201594872985936 -12,3844025118003440
-13,6332076938404203 0,3601088168702713
-13,1899227781001951 1,7812405628748571
-13,3143268913634305 14,2118372825548747
-13,4535017040040010 -0,3337875404761139
-12,4838374071513076 -11,4534614017166589
-12,7172065999967803 13,2094123166675086
-11,4286940871055140 13,8191177897720276
-10,5918360383711292 14,4587582131715671
-14,0754503198518144 1,4535724595276498
-11,5604150702288724 13,5517185944201390
-13,7311741350884251 -0,5841733216509778
-10,3300752015404527 -11,0972389319565305
-11,7074824948760536 12,5034402301700318
-13,4102969363361844 -0,1848225895578288
-13,4664496964773672 13,0340477776102208
-10,6344747370814172 13,4706971682874315
-12,6162657175781181 -0,1555453354919054
-13,3284144046669546 12,4371287713102845
-12,0315553592758899 -10,0024736568309454
-13,6860816370630278 -0,1275548124302457
-13,9681261622406971 -11,7027432544798451
-10,2919338462515135 -9,8047701751131591
-14,4550212774522429 0,8708952094413366
-16,2067260375650086 0,2716806932918992
-10,4006154623164324 14,0361745438109704
-12,7866194056877571 0,1764727546734805
-13,3854963610369921 14,0201982724765610
-14,0620664377930957 -11,9064682431489484
-11,4936401183137402 12,9552737066564863
-12,6530805197729688 15,0357579506845536
-11,1626250759825947 12,3153702560938711
-13,1391885587377004 -11,3599214060688620
-12,1171380186988547 -12,8673332709701942
-13,6728230936728306 0,1876818776023337
-13,3415632882334148 0,3382469538050175
-12,6167453075678129 -12,3500966359642241
-13,2390568263630719 -8,6966118609869412
-12,8790938506978527 1,8527294187474965
-11,5028337919078538 -11,5063282663625994
-12,1475207165946415 14,3478599473795132
-12,6464262859586754 -2,1722630819858493
-14,1450886805143021 -10,9222842166213354
-12,3062070971769550 -10,0753354341146171
-11,8332759080078151 13,4383864392693955
-10,0542575704543182 -11,7558954473241233
-12,3285639537796019 -10,5405099562469964
-12,6005121701459135 -11,2403434669483886
-13,0133686036907879 14,2725541440668078
-14,3658157446365493 1,1778280740238269
-11,7349084652992524 -12,0437102878243980
-13,0319389480409100 1,0761316077375684
-10,6061565716615469 -12,1754882496220329
-12,0915014630247413 14,8485708125011548
-14,8030968695552012 1,5733822091202263
-12,6530513484083418 -10,1316942373588450
-13,8179096768205287 1,3075976171278616
-12,5645346049531810 -10,9785348778677818
-11,7321949307780109 -11,0953153407109681
-12,7762970582981676 -10,0509027305600007
-13,5158709975616080 -11,8706755891195463
-14,6186984739959662 0,4617243696234936
-15,5257376707666435 14,0712161247738070
-13,0388408750629559 16,1313356484312713
-14,2761715461942451 -0,3819558573867740
-13,8681038631988631 -11,9943940133704512
-12,0021770142219566 -11,4541257379534454
-12,1324834741551300 14,5944979660562986
-12,4845645373408303 -11,5249521616781259
-12,3595497943879487 -11,0065675972154065
-12,7615633356449827 -11,5191460387004359
-13,9775049313602331 0,9745323136826243
-13,0060033671026378 14,9840111271593504
-11,1051421319798269 14,7941788784506780
-14,8238640379947739 -0,4301747039949867
-15,3687994257639655 1,3253862505904808
-10,6799712575680292 15,0008081966879576
-13,9713528878932838 1,2317101943812303
-13,5009467595181203 1,6716929393306990
-14,0465110982521253 -0,6376259975780616
-11,2059475037762777 -11,6573356630441101
-14,1137141761238940 0,1102708954610093
-10,1722327183817285 -12,5944046835681878
-12,0513349432857950 -10,5050815402966258
-11,2904053042365611 -11,5413683477460953
-14,8618903629106409 -0,6844676028051844
-14,3807251367789384 0,2538727120959435
-12,2795524555018218 14,7730814365001990
-13,5079433782002969 12,1410223936186057
-10,1932970963651304 11,3107299920649389
-12,4499817944246285 -11,5550868114059710
-13,3914453820449513 14,8228619723727792
-10,6320651636584262 14,8531578988603403
-12,3288011905610357 -12,9976936853373992
-13,7590109428719050 15,5566890311385162
-14,2512597045680618 -11,8937784582337542
-11,3231130735724328 13,5260762276560058
-14,1006389021789893 12,4858441893775591
-14,8238801918230063 0,6936935987625179
-10,5797759724767371 15,0592705433161864
-11,7208000584542802 -10,1112163815820111
-13,7692594163920177 2,1282933782085292
-13,6144831673390421 0,7584039219461258
-11,5622121130832838 -11,7873714956971636
-13,4411622539843147 12,4045320971339166
-11,8076857076899362 -10,0182859192813716
-11,9214713535565195 -11,8371269288718821
-12,3508417444148844 14,3375618485515712
-12,0331377554649794 -9,9919364892635301
-14,8670336485276735 -0,3045185906664964
-12,2290695805787948 15,2649498888602615
-11,5103063570167219 -11,1532329168011586
-13,1582030427002010 -11,0918594427081683
-11,9782350345525792 13,3285562372940980
-13,0702395016202697 2,2917652059419478
-11,9016380241943693 -12,4259090457861472
-15,2536976836803770 13,9742018551411125
-10,9369495099168770 -11,1256782759525539
-12,8810304018302482 -10,3483024580842997
-14,0065656656782984 -0,1396486796844542
-12,4823500995261973 0,5709435096301053
-11,5079532449305137 14,6622041682633757
-14,1115039551827284 1,4173166307935432
-11,9767113663225029 -10,7415433432149250
-13,3266529492090040 13,3884416312039356
-13,2047510535811465 13,5449348721093159
-14,1690805401595892 0,6164795058792174
-11,5262881919328297 14,7268341701575931
-13,7229648902333121 -12,9464273558224878
-10,4498442460932992 -13,2257452567087181
-11,1275891347018980 -11,4333217511119969
-9,4779496724178465 12,9083827758941201
-15,2111472036893751 -0,6448054221883576
-11,8765207375849844 -9,9648961719191096
-15,3885685332393258 0,4376687759928950
-14,2165950461072690 1,0953242359353479
-11,3775029014588647 -11,3823684559199432
-12,2121329136234991 -0,3888686724798842
-14,9944826064685639 -0,1032737299212900
-13,5252762622728788 -10,7458644740906308
-11,9697617224163242 14,8520811698626503
-12,1980756623259303 -9,4132050120023365
-12,1863793007281291 -9,7151446102246890
-11,7045860027255522 -10,4121525901515959
-11,1145169589379424 13,5989685650996499
-13,9715340607730933 -11,2193205476665216
-13,8499111921087117 15,5167108803529068
-13,7648468312068317 -11,4340709301194412
-12,8042554599876546 14,0779356641421387
-13,6470682825193492 -10,4458671183739433
-10,6792761801859299 11,8682925158741739
-13,9267832199889963 0,7556458984521951
-11,9624842383235990 -12,4623281034704405
-11,2852512588934601 13,6483859050603442
-12,1178756328735187 -9,9445280864247056
-13,7101954840178664 13,5014898967057047
-12,3600890108387347 -10,3468550518191265
-12,2481816081135726 13,6170915587234820
-13,4124797312678243 13,1347406061176883
-11,2337967945648156 14,1291071283218823
-12,1623177772690578 -9,1491656500706746
-13,6679774900070399 -0,3738371816978715
-12,4898989595607048 12,4551228247343637
-15,0486832236195713 -0,4811154307115842
-12,7559252920294046 14,5533635048647874
-13,2672304162245194 -11,5266505770239807
-10,6850784347047103 -10,7292881780121085
-12,9717812449140322 12,6719743146911039
-11,3184634712893128 -9,1461448721910088
-12,2384209414452023 -10,6982633111142746
-11,3356129968302390 13,8686619122648604
-13,2653070756350004 -11,3852006067840126
-11,4170621159789363 14,8921277576508704
-14,4185940731711355 -9,3725181241751354
-11,9152585324748106 14,0393543745985170
-12,1144297661521794 13,9959237939559635
-12,7141577729834427 -11,6320581192062225
-12,7835684771918423 -11,8695468447277186
-10,0041052697233805 -8,8029953681933897
-11,8345698759104128 -10,2775055502329575
-11,6036620961196082 13,3706453114061858
-12,5687895026012857 -11,4600063618125745
-14,5921253265091959 0,9517497741969696
-14,2452900768783568 1,8867467761142722
-12,6340545442460019 -10,2074510327891037
-14,7345767834886168 -1,7590860276090452
-14,5596203204370962 1,0513585394520035
-12,9905646184870029 -12,4384015201753968
-15,5888721818096059 0,1867760349506391
-11,7002586910291679 13,6302182780283818
-12,2289442405569808 14,6736765190441556
-12,6906714948088588 -11,7260756904772130
-13,8999274387414395 14,5021975440780615
-13,8939463354239496 -10,5417744254095620
-13,8972332378055761 -8,4293918987162844
-13,2616616425427924 0,4523368522238874
-12,0467082352100352 14,4036017296451888
-13,2998231834694511 13,6963233474442827
-14,6836602229983519 -0,2103557994696230
-13,9498626724764350 13,7982811542612236
-12,0894435573429249 -12,9315858917404434
-11,8651831902019200 -11,4833638419355601
-11,9895308445326716 -12,2288990333788163
-13,7680416398032346 -10,9567731977864113
-11,7038258155331167 -10,5504896663760181
-13,7008793447670456 -0,0564355215549665
-11,8654541421395141 13,8836347939817522
-12,6584306093580281 -11,3584924192372867
-11,4887289237798917 13,0374373220382758
-14,2552142002462556 0,1966739296503646
-10,4400101498045714 -10,7810187856804518
-12,0842164023085132 13,6514501112259321
-10,5018093692042775 -10,8999194834675386
-12,3590043681061683 -11,4660057458237485
-11,5367069285450601 12,6013092068501926
-14,4625796772589830 0,8005224598338347
-13,0873400053500735 -11,2119216929567038
-11,7616943618986873 -11,8371866620776789
-10,9857905245414038 13,1402199648939142
-10,8299614860080666 -11,6808194405874897
-11,5070461136649786 -9,6951763965663620
-11,1509250698761413 -11,9868979284317145
-13,3471678578783770 13,8879411887973294
-10,4786796091634944 13,3388810954527788
-14,1900668351585804 0,6450184152106802
-11,3739358621592288 -13,0749100550634516
-12,1645646612616130 -12,1919424189908181
-13,4475917212504843 1,1229887398808551
-13,4135921400222031 0,5406113594181980
-11,5419559330268893 14,1539902465809888
-15,2651544379441511 -0,5331440875337634
-13,6338854179360371 -0,9966101953942199
-14,9262269271817640 2,6174006666293295
-14,2741226194474997 -12,8588503537443994
-10,6609994114122344 16,0650786093633720
-14,4691664053261704 -0,9323112680749635
-13,1127631247939362 -2,2851468382694957
-10,8800911074844322 13,2798595244554214
-12,2404825238872590 14,8990787335693966
-13,1664595485056815 -13,2227916925073270
-12,9845562884164494 2,2875435691811972
-13,0250276883598222 -12,3173144395141652
-12,1664892971905569 12,8194995908875367
-13,2745697089880892 -9,1221597164485733
-11,8509343728914534 13,3545205615304408
-13,2148185962998994 -10,2353602176061056
-12,1848847906623341 -11,2961071435087987
-13,3410633339555975 -11,2868167826228252
-14,3914453898981289 1,2902623072669510
-12,0514877556526478 -13,0246656547652506
-13,4521245544559793 14,0276452431661891
-11,5486129814033696 15,0422923835565392
-15,0050326030802168 -0,2315656432008559
-11,3313255552344359 -10,6579039757502354
-13,3526143547234692 0,3191242278837250
-14,1932095482608300 -0,7646424088992574
-14,0811220475151107 -1,5258639500329600
-13,7090805164066634 -10,0826266781145453
-12,8098981509976504 15,5562031670109917
-13,0582497798607129 0,5089196557597400
-14,8811656797813736 1,4779059150367162
-12,1743550376354790 14,3318099059600161
-14,3899202506800190 0,7779930995931575
-15,0656767776481200 0,7725090934508907
-15,3814162939157413 -0,2247461065365657
-12,4475202267154703 13,3664733298385645
-14,3572458488362553 0,8720537755470447
-12,8297519760420524 15,8327140480925799
-13,0711194725633799 0,6745777741728440
-14,2099816045680978 0,5391939917586093
-10,3514050211962889 13,6692405024398678
-15,2410259370409271 0,9956268804389011
-12,6065305418165217 -12,8492395583694972
-11,3982939659263351 14,0642723594295145
-14,7003118254599734 -2,1468909338543130
-12,4765741212232921 -9,4904184984337725
-12,2369782064625721 -11,7250731157150287
-12,6719270532554553 -0,8880865878688682
-15,8257566442439312 0,4701613806235659
-10,9927055374498153 -10,2630159091988116
-10,9127351945306970 14,0800688139033614
-10,9235224554991284 14,6049978356442622
-15,4719708128161386 0,2269557494482730
-11,1183205097993838 13,8392060884000792
-12,5653397012122365 -12,3832718171421092
-12,5424566620588216 13,1301539490174672
-12,6978999643740593 13,0016689386234781
-10,0899215027573579 13,8057922052875686
-13,6962507795083379 0,0636873285741459
-11,4354255928320576 14,1759596358257731
-12,8158819869581961 -9,7177793404469739
-13,2885040162820349 -12,2062410977792410
-13,1835697168843051 13,3485590376649039
-12,3689079280613132 -11,0234923649217045
-13,5308642646207371 -0,2053160065899531
-13,7303839565788142 1,3365721440589970
-14,6306352571658245 -10,1099310111234679
-14,4740917761217922 -0,1521307919543526
-11,5405070517881132 -11,4436995555330405
-12,4538637639607472 14,5537203103645627
-11,4299823776551754 -12,1789303816661452
-12,3771344175642533 0,8130517114811597
-14,2271362625759785 -11,9064881105535747
-16,4956869282118141 -0,6727174555963065
-14,2166765955699024 0,2799494452354228
-12,1906584735769901 12,7304206700478844
-13,7512601813727393 14,5212898361770506
-13,3068839043833957 -0,4278327011600019
-13,4463780556023256 14,6955874163664344
-12,4730544812473010 1,3760936845471046
-12,2803546496087552 -10,9484087348539774
-12,9930986578957679 -10,1460149029139277
-11,8756855855726240 -10,7855789572724898
-14,6057522217030140 0,2798991334726000
-15,5964264039984872 2,3941610059509619
-14,0610213195635154 -0,0184588683939440
-15,4133179316742819 -0,9116079188732293
-15,8118117327631538 -0,4342350372928711
-10,8541567329345110 15,3115659807358906
-11,5951936860807781 -12,5873230773938687
-14,1086155592602243 14,5654939601924518
-15,0871671432105092 0,7744903833470772
-15,2721038608231314 1,0289348359691541
-13,0799495245881729 0,8477915377848162
-11,6632669163378662 14,7520416206203357
-11,4916643566341854 14,9554203689696870
-11,2787030483186328 -10,9330854934797070
-12,4043798913159673 -0,6512765581712812
-10,4290775454728895 14,4857376926957500
-12,1527537436163779 -11,4531184562342343
-13,7381646937748840 13,9346732711883536
-13,0182422856194151 -12,4821226080858416
-12,3745774031891145 1,4222872650147025
-13,1472098986895460 13,3705443046175017
-11,7182790317829166 -9,3596421000651038
-13,6588735752171910 -0,4390582801925483
-13,2638916382870207 0,8599188545154660
-12,9427834995224948 14,9207393565133160
-14,1122815759152083 -9,1381174268818413
-12,8762064356886494 -0,2229745046360616
-13,3714111554764958 0,8320823627029545
-12,2823447615229728 -1,5763542337810554
-10,5457330656795190 13,9921236554584265
-12,7459915731519136 -11,6219317843504264
-16,1853245903208993 -0,3491031047710353
-13,5493418431233046 0,3066204648363046
-13,0708666084361340 13,5707841161085838
-12,2996718664965439 -11,3041277508938336
-14,8768240447799371 0,0173604690127266
-15,4622176413982455 -1,8616570080138399
-11,3663934173721657 15,3507020384645951
-12,9055952938216745 0,4993639390359863
-15,0535225743684542 0,0333059250859169
-13,1040020179980701 14,2449212591202627
-13,3337164105652519 -0,1516778222843264
-11,3827433887493328 13,3387449811454211
-14,1015950882337275 0,7038063597449807
-15,6653204516841331 -1,2849172466670398
-15,3373496706302781 -1,8530099516086533
-11,1906362839822879 15,2218884785282249
-12,4014907809294854 0,0443069965820636
-11,3033776101876633 13,0806254121710843
-12,2386575460620417 -0,1459505698336764
-14,3394708122757528 0,4123798249283926
-11,1254282343400615 -11,4871716044000252
-12,0009423756351712 14,3704588948656546
-11,0855291828931897 -12,3089186984864618
-12,7763916679104579 -9,5695626422375639
-10,6314179883181517 -11,0378797956611301
-10,7769971102182396 12,8294711220113999
-14,2754278727742836 -0,0736234942284916
-11,7989590616907467 14,7869433513904287
-11,8385731719020502 13,6945515507295763
-16,1153867886021764 0,5245063096512672
-14,2909528452640071 0,4498483457658649
-12,4301167443741569 13,4860713657195816
-11,1017513272132344 -10,3833248772760633
-13,0711156078026445 14,8868954831249614
-11,3533403252649769 15,5503000200185468
-11,4009044930224128 14,6899337736200017
-13,2503942537011721 -10,6147516967677724
-13,5733922577597053 -10,4107866048866793
-11,9099887531637059 -13,0101403240768150
-15,5244357919456633 2,2134195226466447
-11,6645910342354551 -12,2659406820463168
-12,0927802813587153 -10,0444708066172996
-12,4992045906746849 12,1128804584925334
-11,0810763015790510 -12,6028142414986455
-11,2893953779787761 13,5918608512846166
-12,2230800850774770 -9,6910972087466636
-14,2088274479065184 -11,9036197707147728
-11,6985930141874235 -11,8688591779738886
-11,5585434404262788 -12,5329185218192656
-11,9894651339215592 -10,3675596262512464
-13,5073814432941610 0,5214101352089354
-11,0094851112404370 13,7838383648571750
-13,3402873333275487 1,2297783011070060
-14,4668575598764235 -1,5216830966019308
-14,4767323791741465 -0,3376916399469538
-11,5287827497749600 -12,4963771022958365
-11,8531834298055578 -11,8905243723203533
-12,5101597046040176 -11,5748269995422746
-11,9442660460261614 -12,4599104577797419
-13,5795345059402219 -11,2084372834440593
-14,2591105751098031 0,3423138788817350
-13,3048794415851894 0,1463049572780675
-12,6389535633256447 -10,4994536014933360
-12,8779716518786351 12,9409744048097313
-13,3545232013179724 1,4235944143081067
-12,9470007994635932 1,0144435672746965
-14,7662338424906139 -11,0282719636849613
-12,2363433902863772 -9,4269915466544916
-12,6779807453993225 -11,1712444086744931
-12,7670943976948692 -10,6061973823832290
-13,2433581426677680 15,6083412248032545
-11,0169592047879803 15,7482100041750055
-14,2203115091119106 -0,0533779166801605
-14,4059262135737516 0,3409969791611387
-12,1857848407847094 13,2681304383882956
-13,6780838501972877 -0,1067055204442806
-11,7389115132742656 15,3824409447448414
-11,2602686899853008 14,5187262743683387
-12,6775588873785008 -11,5841577377279723
-14,3370248986325777 0,7384697504951450
-15,7414133635239821 -1,1553309250092807
-14,9230453575340825 0,1000452727360237
-9,7019361025359725 -11,9305770209659929
-17,4054365081679556 0,0430616883995744
-12,9659538859485917 -12,4677415410946768
-12,0754007294912995 -10,2102047305873072
-12,8481645979113530 -12,9730539287981674
-12,5674072579244189 -11,9282421009605457
-10,0100528456835605 -11,7352081723420376
-12,8157290228199106 -9,8529292895033844
-11,6561102442541529 14,0954904619215853
-12,0753370107595970 14,6976062748430873
-10,7513999896319223 -10,3545992549506121
-13,0915321424107560 -10,0541930747981088
-12,0956949974502717 -10,8016083446017852
-11,8181567254826607 -9,5338438227127806
-11,7334369278887536 15,7114889828923960
-12,8079591646866859 1,3842474068773964
-12,7214658100889615 12,9203038905007404
-14,8977828492369291 -0,7081026700895560
-14,1371548694600673 1,0361250283851278
-11,5751093100529712 -9,8336502529406502
-14,1539541244071856 14,7451110909927614
-10,8508289587683677 14,5787777523905877
-12,3163308220542760 13,3064709844213009
-11,8023114799052440 14,4665107796563639
-13,6214414786152425 13,6003351171001974
-12,0242271551103368 -10,8979220747713459
-12,3702490733094095 -10,8701088853675607
-13,9412727569680808 -1,7014307957359378
-12,0292986138865885 -12,4837627543671417
-11,9012888168955921 -11,7952023263999042
-11,3142728306200606 12,6584435022905346
-13,1320155383596227 15,7574322727401821
-12,2851741698350931 -10,8698469131588737
-12,4569004058266710 0,5791051082203367
-14,7956772577759335 1,9620225432834049
-12,3870095404682186 -12,3658549974929031
-13,8097326493730161 -0,0421024063243758
-11,4013127508858965 12,6391900829529735
-12,5696437753145318 -11,3443414028354024
-14,0264128015972531 0,9681344367271745
-12,4312796499964833 14,0014605945460069
-14,5723497225811638 1,3199051226506755
-14,6480290834308597 -1,2719961165383420
-14,1498865601963253 15,2267927625349770
-14,2436253721649706 0,5135623253168144
-14,6230345249312030 1,8886960396290471
-15,4863202249188703 -0,6353218095301623
-13,0328790534367602 14,5845149726000045
-11,7087491199308804 -11,1764469798704340
-14,7049090531880644 0,4158170218956930
-15,2585314971070805 -0,0463526782897133
-13,9177283890795280 0,7612993220443800
-14,0152195808106157 12,0161316837395482
-14,9445233247319287 -0,5067580027658503
-11,5818285193691448 -11,4174358172460160
-12,5901230303509148 -11,7292215409756277
-12,5198480717703848 15,2663406692128873
-13,3898844966256760 1,5194562342212481
-12,1398262812881015 -9,9250787721629123
-13,2575638391822856 -11,0624269062469889
-12,5450401893524166 -9,9205722713627313
-12,6177968295516436 13,7859462774872696
-13,4762515430597229 1,1829991386437824
-12,7929200338471301 13,6616750455244720
-11,5103065691965298 -7,9795679866617704
-14,5012261446287773 0,8195319902952962
-14,6389113529570967 -0,8721674406786981
-13,4605343809036704 -9,6582714267970946
-11,0368842605742596 16,4352034268422642
-12,6773234846256972 0,4662181202222505
-12,8065438672397427 14,9822107580488897
-12,8887808137991140 -12,5843841581443030
-11,9383467686075289 14,6240453772845154
-12,2496887160808345 14,5208193994190697
-12,4838175516864176 -9,8052656690471647
-13,7553521244676435 -10,8067065017144071
-13,4224208079951275 1,7987641251686000
-14,1415257655819886 0,6840802092576924
-11,3436867068023641 15,6951967613939427
-14,4094480925702513 -1,3937287883713723
-13,0291513961755907 -9,1182862944122096
-11,4621029645938819 -10,2392633663764432
-11,1855045794519086 13,8496921504588855
-12,5992386720179006 -10,8927328801085412
-12,8755532050725758 -9,7325198018076104
-14,1510501361206593 -10,1609991553777128
-11,2809217783120932 12,9148400881441976
-11,8611953640311452 13,2376168664214529
-11,8001830194447628 13,3217760080663528
-12,0706523520163636 -11,4075501423184775
-13,6011768360873191 -12,9090313705527908
-14,4411887980339824 1,0102533975498127
-12,6400437917991812 13,9578986984976030
-14,4476550647418414 14,2410047732719693
-11,7025942746976703 -11,3826291164638942
-14,2105506548082658 -11,4068605127133811
-12,9472609964291951 -0,6859201556105874
-12,7610679057517444 -11,6522029393328701
-11,7560637022829457 -11,1542736942243739
-14,7782761602078576 -13,8139511668581125
-10,9591939423729734 14,4683968925330344
-11,8472596587912342 15,3064948353538082
-13,0581354372255980 16,4816841500351359
-14,9132710122983720 1,1947377587319803
-11,6426710177308230 16,1681114223189510
-14,1375709868620376 -0,7387417111769989
-10,2305074274726522 13,2388684568952950
-12,8544083094957191 -11,0063350732240917
-11,3409757198426835 14,7633744303730250
-12,0932273128671373 13,4763120677116266
-12,2799472276888153 -12,3634393371659339
-13,5518737059213539 0,7993395980702561
-16,2327807952964633 0,0568717554357877
-11,3529318063623492 14,8122885401629389
-12,6176382383538286 0,2751768303160017
-13,2734274914353580 -13,3816366540852361
-13,0895045861393644 -0,6908380555259545
-12,5617614106280016 14,6153626512324308
-13,7105500091665711 2,2396706510116311
-11,8184832277001259 13,2600452081863978
-12,6587106519194030 1,3190609637820530
-11,2363916790707599 12,1845654743018734
-12,9563228322546884 14,1457885441157902
-14,9582637164991041 -12,9985629260231459
-11,3659082148450956 -11,2886957653760760
-11,9253284826305190 -8,8304218274735362
-12,5537617497716507 14,8897083676901048
-11,4400031258872676 -11,4379648141303285
-14,0721643614829066 0,2817548391800977
-13,8221356997680331 -0,5678039221259183
-11,0084167471491678 -11,3564230524299958
-10,7426513555070322 -11,9236486797742369
-13,7062370746497226 -11,0430452216697521
-12,9746327950391009 14,2069919887778369
-14,2945194357060075 0,3995721551738733
-13,3788304243036542 -0,9482925461675529
-13,2089136471509434 -8,4117347145694250
-13,1430769776665670 -0,2147228702502441
-11,4435413530517707 -12,8570470382878472
-13,4901219517065645 1,5832016367159587
-13,7508547462254569 -11,7526007488757465
-14,6819755054676921 13,0702657767160861
-15,9839541745675522 1,5964022301626033
-15,1911081313549978 0,1502062293335746
-12,3395079821142950 -11,9440869248994055
-14,6353824810159967 -0,3637298499532781
-13,4924780696661983 -12,2878955786653901
-13,9810542169902181 1,5019440924381606
-12,4919800597870054 -10,1608022487028595
-12,6645149526722314 -11,6418852612897989
-13,5470025257521005 0,0364106934166225
-11,7339266061334584 -10,8596051919508909
-13,7328469322746756 -0,4441738298491127
-13,0955944070925092 -12,1884486090031388
-12,1697570032175992 14,4614027511281655
-12,8295489944440444 13,8565806797558704
-11,7883007211796951 15,5779848763153765
-12,4695807708918771 14,0870349876153860
-12,1402766835218845 12,4201854160626244
-13,1536402489124757 12,3279437530728444
-12,7131671294981956 14,3964881271529599
-13,8495388113007376 -0,4104943152690481
-10,3836053380559790 12,6000303500018358
-10,8915613681205752 13,7579933279624278
-12,9248764275799566 14,4751978451831729
-14,8448089472207823 0,2583457789453638
-12,7612167359232682 14,0596870598750989
-13,4889031899058658 1,1375675886870789
-14,2420577910152293 1,0126478504410832
-12,5467654226504415 -9,7742533467809594
-12,0964384658829989 -9,7596912477409052
-10,6427306838942037 13,5525926684678897
-11,2100442352219680 13,7712773417996388
-14,4723975701602665 0,0903513397189889
-15,5923906287028906 -0,4362034929612878
-12,1691502408205849 -12,8783959744987246
-13,2117347140354831 0,2383359300860272
-14,8193558024605956 1,1530766863106385
-16,2141216644205670 -1,0411673166754265
-11,7536192246495421 13,0467235466553362
-12,3761420008057659 13,5032292582204843
-11,3830022104996189 15,4455878893713106
-12,2718136169262451 -10,9344889747583949
-12,3893337454906352 15,0362338173615750
-14,3241598844206575 1,1958303197636320
-15,7627040462030337 0,7807940664280553
-11,4180713296542518 14,3457619693699776
-15,5306400350562139 -11,6236855163563710
-14,8981897258584457 -0,0676058105800996
-11,7259946934148704 14,4021635866802509
-12,1361357096936899 14,5770933810012639
-13,5936470877816760 -0,0745670786885851
-11,8758901812245146 -11,1065559662205242
-13,9476406812930982 0,4261809603159308
-12,7671425442127511 -11,4900467095902243
-11,9590201567182781 14,1769608959245037
-12,2131801203641928 13,5425059699439387
-12,9729973280146833 -11,6070847577375602
-12,0599389604522163 2,0540864393704803
-13,4845534854220741 14,2962201598522967
-10,4689039801139110 -12,1518072210634802
-11,3422539878493573 -9,3548015032609584
-13,0708682528660294 -9,9147788790864606
-15,6026066030397015 -0,8298687410829344
-11,9621253825259828 13,2821496205818068
-14,8387550263997916 -0,2585004323906922
-12,9742759705295860 -12,0408711510489450
-14,0897596006375849 -1,7855288160007987
-12,6035691617352867 11,8519856644787644
-13,0327562735950355 -11,5486407961556559
-11,2073410564536200 14,3121768428416001
-12,8636619685874134 -10,9954016469807669
-12,1397486432146522 -9,9130281121501174
-12,2696594308684261 13,5820624601877817
-12,5896768852361163 -1,3430402790979497
-12,6550502675159091 1,3587983841078732
-15,6678655036764631 1,4586019846323597
-13,0159131878755527 0,7650933559933872
-13,4685691792457707 -9,7009605691909151
-12,4322510993772557 13,2614075206219439
-13,2903704008495485 12,6513082091313507
-13,8609627584777471 -0,4193935202980631
-10,0641073563011325 12,7296227693414519
-13,3427700813151500 -10,8526467728962412
-12,9228467626136077 1,0131999281048039
-13,3829617508556087 0,0872222646757936
-13,7971231696099252 0,2737941467055006
-13,6983303862321542 0,9265509140381598
-14,0013556173193461 0,5206871441486658
-13,5472717702908252 -13,5992883477481836
-13,3205751917971558 -10,8550772488237133
-12,5041325200328366 -10,8143721846692884
-12,2868557899645250 0,7392481887737912
-11,3934565284592075 14,6591700943197303
-13,0531243180240022 0,5307704109336482
-14,8335395762219981 0,7186712676367863
-13,7583577319519552 13,8275034091594087
-13,4532962669649070 0,4861931720570982
-12,0985966723011398 0,4683419016903366
-12,0186616625098530 -0,3977078368162789
-12,4786789766628079 -10,4697645402004369
-12,1881004485475746 13,5179806341322859
-11,7173977151324689 12,5855281675675670
-11,6927182475441516 12,4092094355267264
-13,2961533912719521 -0,6311662614138315
-12,1956661844249101 -10,6741303436616128
-11,4508816571110827 11,5655434033018487
-11,8685157106185670 -12,2122974896131957
-12,8603693808648512 -13,3423654938778178
-11,6016944211390545 0,1213571931901792
-13,9889239771909892 -1,0773627658255256
-13,6071991801597889 -9,8726745123879045
-12,6568839069381625 -11,7218965605194789
-12,6436243623779170 0,7261474151763812
-10,1738966578896370 12,5972478028953887
-12,6454978309512942 11,9131024556863672
-10,9409539427634854 0,6300828666938632
-13,2350120580774124 -10,8433909765802223
-12,7218243768533785 -11,2693446191340776
-14,3547044582395920 1,1738074456275731
-14,1152156895002587 -0,1632828052526701
-12,0858027884346342 14,5867439647820998
-10,0527991670843750 -10,6342071618994645
-9,3952371374233685 12,4395940462997654
-12,6290260140118722 1,4793489601562382
-12,6073439631520063 -11,8971468822714979
-14,1640209282631755 -0,0969667506145739
-13,4913297579366844 -10,2759002942879896
-12,6847132734694839 13,9488545439951928
-11,3048133050057533 11,5690833553697523
-11,9203015070862683 -12,8262503292773502
-12,9161505918976367 14,9507873266535434
-10,6941837126598607 -12,2009079731708887
-13,9335992806493110 0,7176044467926843
-14,4447404407464646 -1,0574466859885514
-11,9173432020793175 -10,3459912893827521
-12,9364354882826156 -10,9670176248739768
-14,3077866918530763 -10,1982577139214801
-13,3673099217820948 12,3261327042680922
-14,6676203278699990 14,8788018899279049
-14,6494053417031989 -1,7177888342169125
-12,4199689683037136 0,7263566590717723
-11,3568806938988462 14,6304754550304619
-12,4973875590102388 -9,3681285755927739
-10,4182160877789922 12,5349272847397994
-16,1826741418283326 0,2942653933423298
-9,8640867344628695 -11,9924683991726688
-14,7499763724582440 -0,2982637122897783
-14,6389995269670212 -0,7397580362421989
-10,1848423093095839 14,7512432375839353
-10,4120594272063371 13,5056000050328855
-12,7404449604126775 -12,4947435518068559
-11,5480872025932335 13,8839714951282964
-13,7028061477967515 13,1175753018912022
-10,7886549600210255 13,7482518228487010
-14,7100580730456461 -0,8940177849627833
-15,0110538264884852 -0,2999813858307681
-11,1760858800083280 13,4423423662615455
-11,3373190515741840 -0,0279700149956436
-12,1478617785681458 15,1656086541355659
-12,8277170457556746 -11,8172879084792104
-12,5872638872958760 -11,7665408764005459
-11,4470194457361281 -10,7653878055525354
-12,5882491473982085 -9,8081917910678591
-12,2095314022224954 -9,2769939707756812
-15,2199753947198761 0,7816606097777025
-12,5821346289654201 13,6083785737898388
-12,9070248139274959 -11,1410168685745408
-13,5525485206101699 15,1086977863665624
-13,1597386109384971 -10,2898097916818330
-10,2026179967797965 15,4486100163118127
-9,7963163282127983 15,1417144314587713
-14,4917294030892805 -3,3298431345908459
-11,9903665632503991 13,8180896114469913
-12,1934093135182628 -12,3491397614357297
-13,9278173648136896 1,4992748783507572
-11,5541783107206086 -9,9331007975151078
-15,8105218758184982 -0,6881390858123211
-13,5098335457859822 -0,8002601806275935
-10,3103249430524180 -12,2112674388465567
-15,5415311578938073 0,4816856638791994
-14,1190614664145162 0,6357262773725578
-12,1876260571700517 -10,7288987784249095
-12,1140407031534068 14,7414658163564223
-14,0151172669585655 1,0867586942014593
-13,5757971095933385 -12,0450817605818692
-11,6393239005335385 13,1012868865557710
-12,1470384087781316 15,1294007353883142
-11,1859007053691641 11,8399107220588746
-14,0577733436476180 -1,2598364896599812
-12,5351086967253664 -10,9886725174754645
-11,8488577305709555 -13,6059466639250690
-10,2634792675358106 15,6940822891557570
-14,2239226160906131 -1,0068630499989386
-12,0428187693043611 14,2500564719241929
-12,4699498563691868 -10,3427617374177547
-14,3886788877768339 1,3297434081839061
-11,3629518528735964 -10,7570179879283696
-12,8168018557875971 13,0098971732118329
-12,3325976291186414 -0,4964291186182598
-12,2647397617666272 -10,2174075259337922
-12,3142405669278432 12,9185671334554133
-12,5157024828327597 12,8330436115546327
-10,9794224784703029 14,4214109134831237
-11,9302224631848528 12,5705270942888472
-16,4756405760524842 0,3776390374723173
-14,5622552624861292 -0,0128742489330518
-13,7215600869308272 13,9323199159688436
-14,8072452334252613 -11,4257981811062557
-12,9770339063870406 13,3405396578649693
-11,8964422044436020 -11,6228882151029271
-13,8242269596608534 0,3179976250531788
-14,6584245265030528 0,2581154162127708
-14,3607857842065734 1,8595799214354383
-11,9642480542100813 -11,2906434813753229
-14,1722249371612286 0,0217831469516491
-12,4452171970769605 13,3691085999668395
-11,7824430282668331 15,0041262570920253
-11,9986152755865518 -10,3949066594717561
-12,2582403447864028 -10,2968432677982786
-13,3833592736323173 -10,9844441520967600
-12,9969308216551074 0,9577518828453859
-10,0848788498086162 -10,3425224773970630
-10,7635427752915600 -11,7907260454811684
-12,3612511450590166 -10,1340623084967678
-12,0551108539582330 14,1718419352891782
-12,3134261580902375 -12,2307255268855641
-15,0471351451283279 0,5542031321316037
-12,9947413826855680 -10,2536601649644759
-11,2738886180246745 -11,5988060348520854
-11,4105505518343033 -10,6749153674174835
-14,2477786742434862 -11,7606203707638315
-12,2066980766161066 -13,5686398071906815
-12,6959384202663159 -11,0433180776690705
-12,3558408140443916 -11,4622627709091951
-12,1642189314253333 -11,2960337912007631
-12,5779947713589735 -9,3354464860432405
-11,9345330966293037 13,5887899743334142
-13,1937557719551268 -11,4971003774210221
-13,6372249721033896 14,8888783827278885
-13,0870297176500170 -10,0370293723327997
-15,1163200431453060 -0,3732207386577124
-14,8692466548867976 0,0778329833133357
-11,0201755082781361 12,2487870507337213
-14,0311665540295838 1,2504815227057069
-14,0257832559427005 -0,8210385322389966
-12,0894966631557228 -9,9731036422736139
-12,6499878539765440 14,2530999618913299
-12,2645956097550979 13,0539461474380527
-13,8874568439892609 1,0167326018444027
-12,1514527558847565 -0,7306820020344407
-12,6721105850263100 11,7569707997932920
-13,2828596682388529 -0,1548213175868968
-11,0570864069342480 16,1511806884255549
-11,9382433944528099 -8,0344837902617066
-11,1175164843193031 -11,0233783416951798
-15,4916796619774217 0,8845417550196921
-11,7599286640382559 14,9407214873918157
-11,4701674841018324 13,7361054843405448
-14,8986427681196520 -1,0962551094876740
-12,8213136590306007 -8,9512735712138003
-12,7640332973422073 -10,3821172083008104
-15,4366793859077642 0,6337391405477844
-11,8240025381845015 13,1272060641454758
-10,3072643335376650 -10,7675062856127521
-11,6829443728656504 -10,4546117024967149
-12,9198182233449685 12,7867115529611706
-12,9049704941603753 12,8870768610874222
-12,4775685714741460 -10,9321508181865710
-15,3400896349605880 -0,4319402555818314
-15,7182396971738569 0,7169191310922149
-13,8610258292975175 -0,0062302026515640
-12,3398294978997782 -1,3421184788189524
-12,5339740701430440 -10,9586966912832882
-13,7708529954031746 0,4204348631930732
-15,5828044044861169 1,3085765043518007
-14,9627685779145914 1,3077882317485396
-13,0364117013304384 1,0370357446357374
-14,4018249022400067 1,2400785402185526
-14,7708100138362628 -0,0380729998115080
-13,1831035706599735 14,1774149153179412
-13,6757924886011430 -11,1945076197434190
-14,0412462481626843 1,6507112906918182
-12,9650068515568648 -11,4847862831201972
-13,0270712936634805 -11,1116665809398185
-12,9243027025069459 14,2273857648293554
-12,6692937569042314 12,2432980849740076
-12,9526361382773469 -11,3019862310519201
-15,0384049376937536 1,8502426600733768
-11,7950610296798040 15,5239182509370401
-15,3471756405377118 -10,0880174761744961
-13,4929268345180216 -10,4495620214671110
-12,9823173151012998 -12,3299225143614386
-13,8438158128921014 -9,4726997618968944
-13,8192334888088695 -12,4070675527264136
-14,0666634165228039 -11,1473746010752190
-11,7117436548579210 15,7068894635839893
-11,5297020384644231 11,2571252518407370
-13,7490106516502717 -0,2940814400037578
-11,1625201401215133 12,9087532186029499
-13,3013059907041349 0,7894854910560883
-13,3788805470269505 -11,3651040690013545
-13,4153629319820933 -10,4780274018054165
-10,5335713328556704 -11,2397797772864685
-13,5885756721934534 1,0545170743685977
-13,4117304124168282 1,6859520983835943
-14,8759192871097135 -1,1792487233531213
-11,9486605441432605 14,6170449491079442
-13,6482256171519207 -9,5125021872223989
-11,7679295048281958 12,9022704612299197
-12,8067095043124510 0,3297057319673865
-11,0915964429419720 -12,3790770491265416
-13,0394959620097364 -9,5246340695765461
-10,8488011003668259 14,6177363540344381
-11,3523449273370591 15,0667591104478138
-11,2896433108104208 12,4129566943399237
-13,4613643375700001 1,4131498744446811
-12,8997439482295100 1,3870750475815974
-11,3125524794946752 14,5857590891139743
-12,5976522383638834 0,4459784933691658
-11,8812876099623850 13,4797082007398128
-12,2526208436522044 15,2014743981340246
-13,0051671010824990 13,0548280041627187
-14,1521079009409494 0,2784236361079634
-12,3601986506517267 -13,3439818405844992
-13,5548845110897371 0,0103104876179488
-12,6195456775013337 -10,2689727884560877
-11,1757550748106187 14,7130932512953514
-12,7122127580946724 13,2150081307780436
-12,0696393526954058 -10,4536056395476180
-11,5973894019513235 16,1474324836147396
-13,0577222168557476 0,4003151259275016
-13,6073419448507114 0,8666203146261063
-11,6027436283823331 13,2491478067365023
-12,0863066713056604 -10,2736332720271673
-12,7085554016484679 15,0340899984304599
-10,8833082211190302 -10,4865602121461379
-11,6058398503674631 12,9392941068178171
-10,6083804836369442 13,8851004165474379
-14,0204841034031489 1,7876484045852543
-14,3817800884831346 -0,1435962890750619
-11,2961860332129582 -12,4782081618320628
-11,2541727472208457 -10,9183050157459913
-11,3801210035875418 -12,3180017776860282
-14,8775348118135557 2,4560164649840859
-13,4342003390829241 0,7008636411793222
-16,3641343177566156 0,2329888310503915
-11,7538819943948027 14,7580848968907361
-12,3039029028213900 -9,0339515019619423
-12,8460495811809725 12,9699453085933616
-14,2520530997855825 1,3470593662428083
-12,8086375774792085 -11,2775606780362132
-10,5726394601926383 11,9530764020532771
-12,0817386001027902 -11,8345876116089546
-11,8884120341061994 -11,3110975108464800
-12,0703101671811286 13,8038761359058206
-13,1562248165699280 13,7754522065246956
-13,5462676836570388 15,6126988699785940
-12,7996281889403409 -11,3143748372670032
-13,2121326818508784 -11,8520655634859384
-9,2711226663060806 14,4757419225946506
-12,3321507930027199 13,0565054790921877
-12,6304774115914338 -10,9534748999485849
-13,8007774515184654 0,2331634902394412
-13,7472368498499087 1,2473449543865525
-11,3540114451121816 -11,0388330180616663
-16,1826481242358717 -0,8191019595127746
-11,6449983861267192 14,8902485131488227
-13,9530103494836943 -9,7313499256319620
-13,1744158124208379 12,4071048759635651
-13,2585085158982263 -11,2871521288365706
-13,5252437249064243 14,7432233460336484
-14,7488811967554874 -0,4534091519430553
-12,1610239554607826 14,3240063686397736
-14,8243460627582166 0,1054148170909255
-12,9552780222395238 -10,3380188021654202
-11,7302636204060313 -0,5355619141781204
-13,3914877969853183 14,2423336298149561
-10,7965351888936141 15,8327724838844510
-14,2939121802087818 -0,9607891911996422
-12,0374661323394250 12,9008555136925871
-12,1825590021341803 -11,2104165381495093
-11,1008898248661545 -8,8986921526137621
-13,0040966750731144 -10,8147420009235375
-11,4226869345076842 14,7195121453835061
-15,8117469573365454 0,2072371684713073
-10,9084493926940844 -11,4561767805970085
-14,0827253292484471 14,1795379665186214
-14,7822221758539545 -0,6369983890138753
-13,2930145010160867 -1,5489421357970459
-14,4868950871032922 1,0523975711974978
-11,0076797870129006 -9,8440723790288072
-11,8573005800112963 11,1456209310414369
-12,7604497979925515 -12,4416274966905469
-13,4500015988503989 0,8580702021279430
-14,0088001220269334 -1,5339584949274743
-15,9693992157280960 1,4292347246442143
-11,3029648484749927 -9,4767876718207429
-10,7737635618719256 13,9941631043676171
-12,3882490168221544 12,3048666341878956
-14,8704344140464251 0,5176224455382217
-10,6190181406708266 15,4335885544272617
-14,2615627009224237 -0,1911019214754271
-14,5393049081525536 -0,0082858576057158
-14,4599491665819730 -1,8406293803000899
-13,1698451349974004 13,4866813419364142
-12,5638010194530025 12,9035432880073522
-14,9450445742363804 -0,0434367240823151
-12,0107631608745695 -10,6834412195650224
-12,2592739875054235 14,7842433398764808
-10,3834222543906307 -9,7554724662285111
-11,1964706017049362 11,9309115713178784
-10,4716317910658585 12,6296795551562138
-11,6481537408725853 14,8422524426229536
-14,8994926400305321 -0,4864275159013850
-15,4558751361159512 0,6329299324860299
-10,7948758673030927 14,7903375928326497
-10,9602544371051813 14,0546251942178060
-13,3417773662472605 15,1247121469382773
-12,3670502306786663 13,5897924264637577
-13,7076386453989976 -0,3533844644904496
-12,7349377463237836 14,0618285172705271
-11,5414479682486366 14,6788681539092565
-12,9687608485462285 -10,7261992928219438
-12,4775439425300370 -13,0651319549530474
-15,3072241887960594 -1,0231793682326495
-12,3729952430899282 -9,9385231819525739
-12,4736044078068726 1,1523459551688617
-12,9640025111675996 14,3267060991400932
-11,1750687660344550 -11,2692318161797296
-11,9908432169216219 -11,9183935784241370
-12,6259080404568227 13,7435928868945343
-13,9768029471750097 -11,8060243200339450
-13,1309464914059095 -1,2337727476020441
-14,5106951164925917 -0,3838505188436706
-13,4035513814092493 -0,4703002253050342
-14,9366019291664696 -0,5604616314817796
-12,7484287330281134 -10,9303983598535179
-10,6908144204593896 -11,2582168074814728
-12,4036355751294796 0,3069638100352330
-11,1970768349115843 0,1664156183016795
-15,5088303291507099 0,8001390684171457
-10,4204770960738422 -11,4091560040603408
-13,8224537754900787 2,4784133656635978
-11,5621637471979248 -10,7318622535668062
-11,3159987948882677 -11,3311956398045481
-13,5819056348808651 15,6156228560217158
-11,5653376577915079 13,7049687027347424
-12,3319062444809173 14,0832779511427919
-11,6086089295229673 -10,7831309230588364
-14,7903750230083784 -0,3277648450609140
-12,7116970308193356 -11,7364377533065216
-13,3371220752328128 1,3000816958516186
-10,7215612275074221 16,6433623818289966
-13,6613338528761687 -10,1672828150634658
-14,6861344442221622 0,9220101682597237
-13,2895357756091137 -12,6437505228570402
-14,1344894515492268 -9,7734896139555101
-13,0486302231232401 13,9952022599747146
-11,6848376035789343 13,3446131292728047
-12,6726845459992354 -10,9297623418378329
-14,7828183393630308 0,8583180685783044
-13,2752472706577631 14,7244862969954777
-13,8417274546819709 14,5989597424752588
-12,4280855816349618 14,1946604200957953
-12,5548368689251646 13,5563439140999247
-11,4393422788396908 -10,8157915166425731
-12,5755620598667370 -11,8920023948284133
-12,5002429425968504 -11,5946961393415062
-13,6019671533782116 -0,2610648971263728
-14,0769008574858798 0,2261422011272667
-12,5865368281524912 13,9125011149263944
-12,1994863301675842 -1,5587878583964094
-15,4182073419303407 -0,8009729909860266
-14,6292690426875307 -0,8492069736012018
-11,6532396782749270 -12,4957582017006850
-14,2043503393326258 0,0478977564654200
-13,4885984421967340 -10,5234979591440521
-14,3647252989674765 -0,2328426249619565
-13,0060986582601696 13,9015409982432274
-12,6886437234510900 15,7316093408326640
-11,1443237460456981 -11,4010010930447248
-9,9569664410314864 13,3773414557275974
-10,3980311121216680 -11,8378306131311817
-11,5758757437937287 -11,5674500635971054
-11,7535190203755011 13,5137322238610675
-12,1302590440136555 16,0539867695972518
-13,5160648320742425 -11,2170234182969271
-11,7949321293451899 -12,0132297938464347
-14,8972027949725057 0,8578945805416578
-11,9556757229269728 -11,5509117213306229
-11,8765061024892891 -11,2238633009186923
-11,3663874419228090 -11,5723822070181086
-12,8561994529699835 14,7117691558106891
-11,4792240857564742 -11,1123354811232229
-12,5661861698578612 14,2832742546882265
-11,2849499889856677 -11,6363061994590637
-13,8309443120900788 0,4960003284753467
-12,6636597450466546 13,8013892522802681
-13,1863782343993492 -10,0553580760426566
-12,7233966027597418 -9,8574913482459650
-11,9661201571897795 16,7811269610508234
-12,4203472342236250 13,2722378060933117
-12,9200584415910136 13,5017735900345066
-12,4513952964129118 13,6721670822990209
-13,0116854051426216 -12,2198075667363302
-12,2845728326923194 -10,1446282504015244
-11,9464292253428184 -10,6902442535111177
-11,5101480517385806 15,0305268734628523
-10,4670608773271727 14,2395856678194956
-13,0592971650425387 -11,4178654022120600
-14,7765112221015400 2,2233092186286973
-14,5356689958423235 -0,3775098688624836
-12,1269480160762111 14,5159891842516835
-13,8271934534592926 -0,8873556851729607
-13,3302653663723092 -12,1174375097993590
-12,5139046271974070 12,2449779694162970
-12,2477468373520271 -11,0881697863445314
-15,6241467727732228 1,3982620294974029
-10,6228705885141022 14,1857636276370140
-14,5661919732292837 -0,1668816374027279
-13,7183483774653059 -1,0514654270518045
-14,3875752429102164 -0,4292715229257165
-11,4463402190226837 12,5972184056197474
-14,0670716624582290 -0,1669776129306006
-14,8522414375663878 -0,1017798158801333
-13,5368763435659023 -10,7784583499637279
-11,0291713223647339 14,2835499929658809
-14,3739058239755071 -0,9717543656390215
-15,5454295344082443 -1,0589913568789044
-13,4949888488877292 11,5363587863420722
-13,7196776127367848 0,5168590283568618
-14,7671110276199204 1,2464785252375314
-13,5642811082466519 0,1765355007302237
-14,3400948874007153 -11,5321902059147021
-11,8999565891750603 13,4045403348577317
-14,7045773816548664 -1,5931186451048853
-12,7793871730306119 -11,3513820974787709
-11,9079052246009756 14,3335411648707751
-12,2108791955389044 16,2670643007255933
-12,0888166978767337 -11,5422933919201771
-11,8102803188776768 14,9401794643084234
-12,1414618903658678 1,6673563486763514
-12,9118631670581987 14,4189880231171905
-12,4958568449626863 -12,0762928505753937
-15,0902772256562017 0,1682772772258525
-11,8835256007284169 13,9121434159539259
-12,6533707488708611 -11,3197843949746382
-13,2402503409030068 -10,0133591048138388
-12,0070578397219734 -11,3936378845760924
-10,8604294214809798 14,0817174121760349
-13,2357902276152064 1,0771257341370415
-15,2897834874046232 0,8821612821281243
-12,2445283228989226 -12,8089703675525115
-12,3789311734244460 -10,8961148273848618
-10,0957163353541048 14,8114931385124926
-10,9936590132886156 13,8801009328765268
-13,9222251977972071 0,2524345274197776
-12,2194173278825851 -12,0148006452630352
-12,5799933504139307 -11,5113514077062096
-13,5480451468315906 -11,9979068547131753
-15,1319299901404900 -0,6899547071399134
-10,8974894655797669 14,9624779592309309
-13,0207536004733520 13,5447858347433030
-13,0212231249228054 13,9060886758838507
-12,0063936898396317 -12,3718106584575160
-14,4808547076590806 0,4483380030529803
-13,0855023350055593 -12,9835858247592029
-11,8051187013318071 -11,8825092355275412
-15,4923898509837681 -2,1096603915039989
-13,9683866112211437 1,8542269534698728
-15,7837205784297492 2,1060896429266212
-12,6745733478323626 13,4871928069808842
-12,5266994042556004 -8,0777363982031787
-12,7154132425211994 -11,5386521447482746
-11,2643132596268991 14,0254745412608006
-12,3400883835120876 0,0593885658937145
-12,0004975868556585 -11,8277307928682376
-11,1560636179756241 14,5496679537018334
-12,0879614633277566 13,0742194261199813
-14,9448268632242609 0,2365954447757115
-15,3020639166128252 0,4966924005853059
-13,0408144330343685 1,5601722632695658
-14,7068382941027149 0,2931347365243714
-13,5083125487468045 -11,0421109423900550
-14,2294143346865543 -1,3712431015240405
-13,0321775429724038 0,2943893002372221
-14,8049491946218730 -0,3104933119249720
-14,3170900018603291 1,4531190037679180
-12,4407480168693318 -11,8182511644379193
-14,3903888384077803 -0,8873960844727395
-12,7844729779818014 -0,0338652074399745
-14,1450147445553416 -1,0466993502579525
-15,1876468331664256 1,7922764608064463
-10,6553163311296721 14,0733781376843812
-12,3498191103107899 -10,2669582662786745
-13,9720074868652251 0,1555947458424518
-12,9461581934294934 12,7225217054141950
-14,8680365085688617 -1,2687867351175157
-12,0312190210888836 -11,3889877983901044
-13,3783205768941666 -9,8880334474041884
-14,2745948419705009 0,6942901920756797
-12,8436295114473360 13,7943174467307337
-13,8692198930981263 -13,8710620488615533
-13,6484256104133266 -11,8145794522000873
-11,7086831703306871 -13,1338649727675740
-13,3329100216536443 16,3836424408078152
-11,3935216023192769 14,7805489115507545
-14,0219285958266262 -11,3598467178276170
-12,2289451296864353 -10,2565632126022201
-11,8309780538795479 13,3331321494471506
-9,8564587667701495 14,6973733816293795
-12,1081076235710086 12,7439572869852640
-14,1982063931235736 -12,9325323715472411
-13,1304991854753119 15,5204782810054098
-15,3423286587939156 0,4141490077587469
-11,2340108066847328 -10,2707165907412108
-11,3452112687494893 14,0551573778928827
-11,3535641632319315 13,3362530217266357
-11,5696407856588319 15,7492775520335631
-14,3142071443542154 0,3442133626165759
-11,4449754442497564 -10,4177209040834704
-12,1961997536705891 13,6408530335536913
-11,8836454193366805 15,3852288317292238
-14,5733217351245852 0,7611621326003428
-13,3765920751860854 14,0224543262150050
-14,5691423029279417 -0,5811879775033172
-9,8299237126601486 15,2935288517747008
-10,8540676678225143 14,9708132699844807
-14,1850206563796437 1,0000692705433409
-12,2562405856215033 0,3320794001468433
-11,8290456399820076 13,9567772123722467
-12,0469315348463653 -8,7334035104983769
-11,1485478218277212 13,8367462915255217
-15,1946829920617361 0,4522279490585829
-11,3026475428851114 12,1631523100230279
-13,7210942173990791 14,0133400064040714
-13,2073152572146011 12,5798893383674013
-11,6177569711345043 14,2706567149386263
-12,4710044000016023 -10,3774628884776874
-11,3439302934629591 -12,4853229703045177
-14,0195891286080112 -11,5701970827973035
-13,9329709515578273 -1,1188151990237827
-12,8447172544241344 -12,5459830909018901
-14,3941210802994668 -10,2105575885075872
-13,4005081873598808 0,9234503665947167
-11,2623527705051547 15,3436705369137449
-12,1818526595181460 -12,6951572419161014
-13,9671779134831109 0,4246477022612575
-13,5339976871978784 -0,5935359898387245
-12,0639686146005509 -9,3757040524353847
-12,8524426258846738 -11,1743401741878881
-15,0866090564636206 0,8414862687986986
-12,6233360495351761 -0,8107630254398792
-14,4927528967778816 2,4831445650216355
-15,3381366890804074 0,7123219424021386
-13,8204479706291661 -0,6222602635084955
-15,9176672906965049 0,8721237355697367
-13,1626523302489957 -11,6178139390778679
-13,1034562668930850 13,6106868518854469
-12,7862771825039374 -12,1390565215533339
-11,3022983067243032 14,9018001261498707
-14,9558491601940844 1,2088685187081403
-10,9244805321473226 11,6828136439298866
-12,0556141664332586 14,6357613264618820
-11,7695630641412556 -12,5582288383457730
-12,0621798131477522 -10,4626882865195476
-13,6659810161122319 -12,6094325482725722
-11,0990933495393875 13,1947850094692178
-10,8785107063069866 12,7688725640972613
-14,0306373392537722 -0,0299332997654968
-15,1469218580237523 0,7624303042921261
-13,9870342006321398 1,2491700718885956
-10,6646987453218891 13,5207410841108153
-12,8566005023716325 -1,7624680256483995
-12,5564887790086566 13,7489211578308410
-14,5419601618223577 2,2385617754136327
-13,5331126119847198 13,8752976346289891
-12,7763978266391600 -0,8116836643300123
-13,9257458226967561 0,3895783019589979
-12,3577415744659529 12,9395038111015506
-12,4425751884988092 -10,3792347490000552
-15,2067638958338236 -0,8177733938774148
-12,1156278060091331 -12,3111483570826508
-14,7004382329677945 16,4624855697510384
-12,1475234446814593 12,7512470655821311
-11,3397911332430041 -10,7996757317607415
-12,0453393240913087 -9,9762810487687119
-14,3425553621929058 -11,6537107616896520
-12,5818009253330771 -10,6856499424507092
-13,8652578541464777 -12,3376142682972123
-12,2260627579447441 12,9095781851039053
-11,9870672664651163 -11,0465154599936497
-11,4296903242801253 14,0237007715577686
-13,2950939622021576 -0,9359703831607074
-11,8385192650341082 -12,2074566314944040
-11,5147687054867482 -11,3478617003649838
-12,5816684920465942 0,0556833459079666
-11,4704732089817263 16,1204287460380264
-14,8972630755453110 -10,0958065925403435
-13,7281892103179768 1,3907529919436659
-13,5230152499997480 0,7227444589808505
-13,4885211778380061 -0,8462783431305212
-12,9216216116436637 -13,4841759163934860
-13,6496576277332569 0,2046585124235384
-13,8064042699674001 -0,0163693185918078
-15,4344972382245231 0,0761955722327318
-11,6318262742934095 13,7780532535748144
-12,7865131704102826 -11,8111131924435675
-12,4840332397180358 14,8216765941194186
-11,7046358902933001 13,2091879315432212
-11,4589816806725153 13,7560922711328448
-13,7761673186097653 -12,5155729111136864
-11,3965528100911158 14,1603993448475318
-14,0386579748245719 0,5419622202005007
-14,5245431471625110 -0,8123659646566057
-13,9253530973569042 1,6142980212625575
-13,0127435570182861 -10,3227819670084386
-13,7649929626419372 15,1207568764940312
-12,9687762794514576 -12,3215345637973446
-11,4367251196916833 -9,2838875838237502
-12,1722806888593205 -11,4764200832649994
-13,6282494164320767 -11,1877107977243426
-13,6747441751379029 0,3364309900543458
-13,8760521907916008 -10,7535116206677639
-11,0121434935438387 14,1121246677498675
-12,4385983619449441 -0,5946685924592010
-13,5177027175895965 15,2470959140503908
-14,5286889995697717 0,6091978492140437
-12,1942206994542808 0,7445876808182137
-14,4229669867352168 15,2708873927594926
-15,0812448062093960 -1,0333891817379592
-11,7794550296176830 14,1477513707232969
-14,2289695271245833 0,9779628871225846
-10,1241687793827513 -10,2148216172121700
-11,9961651946281940 -10,4429074334177923
-11,2957213911690140 -10,8106655066513841
-14,1005729676094091 1,3203494062380416
-12,9946998422952760 -11,5941480626784745
-13,1244879101163203 -9,7585821421114431
-13,9559073424678068 -11,8439717960147135
-15,8976025063510225 -1,5206699215104709
-13,7943222264171599 13,4628624973043163
-13,1544771273327754 -0,6682862650211453
-11,5025691154174687 12,1807960245970790
-14,7448574570886137 -0,4653428248774507
-11,2764035214902787 13,3070457116966114
-14,0914444199648621 0,0344341633356496
-14,0119556731997470 -0,2821655507828137
-14,7824865346103156 0,9273099209375519
-12,5600359119930172 -10,8222337180554398
-14,9683711363401333 1,6432752364505898
-11,8055802512369930 13,4788426455893777
-11,2318614598085329 -11,1543915380931775
-12,5798823277228013 11,4863285775565203
-10,4473073514524071 12,3112637690834994
-12,2421812782830663 13,8336507100793291
-14,2469191560311863 -1,5735053364921057
-12,7680738282318504 0,6104475741733180
-14,8209121582335541 -0,6728033806783054
-11,9223500224146033 -10,9618790900581846
-11,7381749956017565 13,4205507576582246
-12,2171042501255727 1,1632936045781088
-12,7612009638960071 -11,8912897821133470
-13,1251304789276695 0,1929589292087461
-13,4272705356134221 1,3297081426218034
-13,2383584661961091 -10,6004758010727222
-11,8069166084365449 -10,8657425862018666
-13,1463625550227974 -1,3368746625555403
-15,5738327574990691 -0,0926785976698931
-12,3763017937118054 15,5164314653756552
-12,9456766569303721 -10,8156921350739808
-10,8465144763455665 14,3536745962901939
-12,4038648204302966 13,8846381848300187
-12,2823586928342117 -11,5300665549082044
-11,1856299522417135 -11,8837831756899757
-11,9154700780607623 -11,0558312098101119
-14,3246206144542736 0,4112658913849064
-10,0536561433576654 12,7690948773576434
-14,8209257744200915 -0,1373444150594108
-13,1125194082977483 0,8198935744927759
-11,7716261629722112 -12,4878309260407185
-11,1277051813046040 11,9317019883363127
-14,4841401390503393 -11,0127698035173385
-11,8526819313390561 16,0307388671180604
-14,1721345183027392 2,0200919590551143
-13,9687202773795516 0,5906605606816837
-11,9879084448154707 12,2557680565927996
-16,0164233434016303 -0,1871973244993382
-13,4991817935889706 0,4603518380492574
-12,3069009893061683 -11,0484135711609301
-13,9565429247942152 1,2017014791731133
-11,9352765165134027 13,6212956800186014
-14,7803665039653360 -0,3700270133230418
-17,1031304379014628 0,7509459764734207
-13,6034404735355796 -1,1467828602728449
-12,0930772604357095 -9,9390431010882097
-14,2959886276102068 1,1576485474074130
-12,3267463538555724 -11,0032418331182598
-10,7784262965784112 12,6428004665729965
-16,0909792224856787 2,5170340260840400
-13,7368698259777808 1,8247513292157109
-13,3908257918720643 12,8628058709396189
-11,7730030925904643 -11,7295877729207003
-13,1576043940879703 -12,4018055483507297
-11,3228367984860245 12,9086384196469730
-14,0701953970120535 -0,3829027929099611
-14,1169123141462585 0,9501232523099640
-14,5937129922006736 0,2550270739403898
-13,6120676305897970 -10,6158086378926271
-13,5237376228845534 0,5965430006124274
-15,8925755175305206 0,1213166953353595
-14,0353380601772422 0,8450046354140458
-14,1889188836111693 0,2577624718584161
-9,4979874886980955 -10,7701648353032748
-13,7041593680796758 14,7916901990683218
-13,6441892754931580 -11,0366819795114832
-12,5771680760105014 13,9990642020606479
-10,6879016318914744 -9,8735273179592848
-10,1570112535940353 16,2900356974865765
-14,3218685425847543 0,7911196027158931
-12,0796300872044746 -12,3380813305993975
-11,8753331959131128 -12,0761955184180927
-11,9367987273551197 13,4537392462846714
-11,8568254166063589 14,5893386254590443
-11,6191603615396399 -11,5255774191643034
-11,8909064391803838 15,1265167938663723
-15,0269317240241556 1,5270737930791387
-13,6497813448666427 -12,2065898953648677
-11,9339734831756648 13,3410216122777463
-13,3101584020231893 -10,1831168934762832
-14,5283216480493582 0,4853523580679937
-15,2043451615627330 0,5464407334060852
-11,1121981647775563 -11,5135264694844004
-12,5103397630943043 12,7021895254088033
-13,5278367066859779 -11,9859053026429105
-13,3689522288257869 -1,3615768005885187
-11,8665064860939165 13,6643317460642528
-13,3600062745749160 -0,1034432592035935
-13,0396610123920489 -10,8498642954435862
-17,2058159192169988 0,9124395023337550
-12,4986972334210211 -10,9085381848926417
-14,4932707673637768 1,1495968318363436
-11,2866558655475444 13,1365073141425768
-12,2970126368226556 1,0846128128572456
-12,3244009745376637 15,8053186949161510
-13,6811816482043991 1,3684541975850837
-11,4857546181378183 -9,5740082355742100
-11,8559132673784600 13,0541157071777523
-11,7364730282830472 13,4691347893379785
-12,6522971622381348 -10,6404716010915461
-13,3521868350826836 0,1024731948528151
-12,9919438865133170 12,8541198927436735
-14,6805676868773443 0,8159157821258458
-14,3565841694524128 1,3861246428665253
-11,5209781682804202 12,8956007206137162
-13,0793621273927005 13,9517794738815564
-14,6146793172587834 0,0849846718282752
-13,0500284528135033 -0,3538183788310487
-11,8712259862081613 13,5611642275826085
-11,6686121442096074 14,9373569476199481
-11,2972803665185477 13,4373439084466249
-11,4356896774909238 14,6527136166789980
-14,4166693907165815 12,2639092759739619
-11,7943378435945796 -11,2357008552059483
-14,7307921653661520 -0,6186987729805631
-11,3215398602237247 -9,8874689019675444
-14,1672266490523011 0,7093245564290815
-11,0955913018596490 -11,4565309886397024
-13,7022195241619151 1,5301916259634021
-11,3535069035278173 -11,7201906362641317
-12,1074271205933659 14,2712930931630186
-10,7859269618681175 15,0195759970525149
-13,2411394837312137 14,5512513181767158
-13,4438190322975206 -13,6174446004683922
-13,9013415284020425 -0,3546908908925038
-10,2862215698168242 -10,7078226566557255
-11,5867332435566244 14,8209048689412857
-12,9790473040058441 12,8810270099397446
-12,3668784106219540 15,2496323134598786
-13,3881257083669141 -1,3498609814722708
-12,8244539024139854 12,1203711601481618
-11,8359471037945987 -11,0765077727555248
-9,3362036449153205 13,3969468907965847
-11,5023073392687074 -10,9123979116967558
-11,2367869548701247 -10,7065214317357196
-15,7462090425759573 1,9069631893018666
-12,4024039769928027 13,4616710152315573
-11,9690603374169733 13,2575649597427070
-12,8641089372647492 -11,5230176344268838
-14,7042476714445520 0,6400106965643855
-13,0244141684144967 15,1353090602139186
-13,6992400152362706 13,3757836664392489
-13,2809781929750379 -11,0690051526240349
-13,2494979818495384 -13,2953950670773953
-13,2792702873539135 -2,1861177421504099
-13,4478938070759035 1,4978822179561508
-13,9832838017230010 0,7269379499259951
-13,2923759407200226 16,2242963080352851
-13,5193820371872153 1,8715835629948996
-13,2468631711121940 -11,0685745268055502
-12,2895407126355476 14,3696421595094552
-11,4074733538913673 13,8992511395090510
-12,2703519804080798 12,1454524663951542
-13,0205545913778611 14,4486835020877038
-14,9497381747776821 1,2451493572418704
-16,0857276227935024 -0,2224499522459895
-12,4386747566941160 -10,5712548044250632
-14,1913053075542734 12,8759473010202647
-12,2984640602956361 13,5591396134652520
-11,7719309941733101 14,7817625620698507
-11,1564551234385814 -12,0561299891486531
-14,4855316851891960 0,8978217617173272
-15,0769530253429540 0,3359162516966736
-14,1502982200188150 -0,1906194127606481
-12,8791527379338895 -0,1345808840542709
-13,7107056357503332 13,1805246662690081
-13,4584717489835057 0,9058064296104430
-11,3004822929193960 14,8532316306459382
-12,7529811100348045 13,3972014281299341
-11,7270453372027976 13,5534078527212429
-12,1332277675337945 -10,3873188816461806
-11,7274548883629954 14,2427968009290389
-11,0305567081574392 14,6034819140056733
-12,3243683902609700 -11,5941633462936124
-15,4830881407774026 -0,0032192868110833
-14,9329098645634346 0,0595730410373933
-11,1656388201826680 16,0955598564572853
-13,5559652588865163 -12,0428936685573582
-11,4763170304690370 13,4844977140959905
-14,4454061748481557 -12,2452987439927412
-14,8629944758186312 1,3415079910642320
-15,2061255117987972 -0,4681825476477042
-11,8990410187298359 12,9834930888618967
-11,0653335567878841 -11,4191492122457117
-11,1859888758982891 14,0477243010718116
-14,8481954400762017 0,0773715161971955
-11,9593408927334650 -11,0677701335521785
-11,7624135052808700 15,0257752666916389
-13,5790779035935838 0,0129928313498752
-10,5054617323704154 -10,6458699855632748
-13,5415520094860735 -9,1509049402215883
-14,4750028794945003 1,4716039317174425
-12,5988492178560954 -0,1826485726558715
-14,1166138323822157 -0,3597716044722524
-12,2621700879051847 15,3581857334240173
-15,3167846099796012 -0,8831853778273779
-11,8068963496830204 -11,2302812774787224
-13,0748075324598769 12,8260708651235849
-12,7703611425909518 -10,7307831221160175
-12,7116136439334575 -10,8831371212902344
-11,8248509178564536 15,6532230542754593
-13,7035883170559636 -12,6068172040325308
-12,8367449645614631 -1,2561760275231815
-13,1767007119178210 0,5824068268777975
-14,4279809907762822 1,9135756845453955
-14,4851827818196046 0,9001719901727798
-13,9132040329528923 14,4755426001901171
-11,7177660628415587 -11,8156500140993934
-12,2191390462694986 13,0532771827242549
-11,7216484560365917 14,9310265779863780
-13,3047843089830433 -10,2573854724546294
-12,0512192402958984 14,5187956283266502
-14,9272688402491767 0,4414152468172466
-11,0465036987934795 14,1322051925159773
-11,5599773960444718 12,3365609673296071
-11,4676182308406922 12,7326115366243968
-13,6789136134545277 -1,1292824311376561
-12,9658300292820599 13,7334889111232812
-12,6646968016108463 -10,4204299154959816
-11,8521224175458677 -11,7801535961231281
-14,5113284366987827 1,3587766372243502
-11,0677904591419729 13,7679054791679629
-14,0007546586618528 2,9366061101589200
-12,5655599162385681 -12,4038104233629625
-12,7442106451227097 14,5464747100066027
-11,7861381961278475 13,6982014575931981
-15,7572105003078793 1,5728077404397716
-12,6346639127084774 -11,1353107272161616
-13,0333053684302200 13,8647894020529332
-15,9581062102947744 -1,5180944670609295
-13,0370672418059819 -11,2703006861227220
-16,6801204129994893 0,3277218023782996
-12,1998590010957066 13,9140501923456466
-12,2548921696694944 -11,5175810349977219
-10,9326633219730933 -11,4048815586829946
-14,0713921603506300 -0,6566687961316934
-12,5725072163937686 -12,5152058003955151
-14,8359170014776254 -0,4194498569009357
-10,9437536483771183 14,9385353954441840
-15,0170786344114298 1,6658055986067757
-11,7738102884383942 -11,6837974586856799
-12,8891127189411652 15,0414891658019396
-14,9266836868028996 0,9740964118895985
-11,5338335628387068 12,2049661018671074
-11,9590480330433859 14,2969424635850828
-14,5446400308447696 -0,1444573981891558
-13,1188474705706088 -0,6033374870957482
-11,8959964725368739 14,1460968788585291
-13,5507257473672027 0,0305813003081819
-16,2273668154190993 1,1039647090227280
-12,6674747131099092 -9,8371591398520142
-12,8109826689204578 -11,8112649154701010
-12,5043352941427148 14,0906102884516589
-13,6197186116578219 -0,9718863542081015
-11,7387796605334458 -12,8468607891795124
-12,8823975052385347 2,5371996497871812
-11,7154015795137827 13,8026987347923509
-13,6138795637464742 0,3320227195229856
-14,2390612491744335 0,1505635600551294
-13,5282143139316133 -11,4904584163271632
-11,8922553798198170 14,9928081076974244
-13,3546861572004811 -11,0845320815614272
-15,6270672991782114 0,2603962981967209
-11,3630450601036479 -11,6252146380854171
-14,3588797738835510 1,0235863318041394
-15,1260074629179115 0,4139401611661112
-13,9958514629021220 0,1813572279227065
-9,8349058611967148 15,2043039354145790
-13,0152260869959466 -0,2972726539525596
-11,8434425361189763 -11,1428417775283357
-14,1868537858049439 1,8840817776399019
-11,1095846553666782 -8,6987629932175281
-12,3066403186203122 13,3939390573728829
-10,9555131508931627 14,0116279525854086
-13,6979428137742012 2,5596115611598247
-15,0259733274878293 1,0576981997270263
-12,5965700722657079 -11,3438672581303077
-14,3303368717360389 1,6165477719975110
-12,9527352455143436 -1,1708137639000049
-13,5687696000796763 -2,6989953135554772
-13,1502567635968663 -0,9175518866630594
-15,3897463084881156 0,2758012449471041
-12,1359212586342977 14,8540525083996791
-12,6166328390775941 14,4171024873511939
-11,4651627336087572 13,6972823895693967
-14,8082854776931008 12,3877883962749475
-13,1092386329042387 0,5645239473465007
-14,9026036044260621 -10,1168115328221546
-12,8066354523443291 -11,6207150021315613
-11,7977048171167951 -0,7164111832441553
-11,3216127355152487 -9,9590296334972361
-9,7926383765879610 -10,9342927393030216
-12,9935135999585611 -10,0284483509047249
-15,3695286073368997 -1,4490312288531686
-12,3735060693424401 13,7553624451351322
-11,5642126017604756 -11,0002201774864901
-13,7531488654373657 1,2204046175367211
-12,9043348532030162 -9,9157295515858763
-11,8093869348207861 14,0944148022306237
-14,1688049114953003 0,7942640449920048
-13,7198526466297022 -0,1174667393839506
-14,5344275845129971 -1,2185848976657976
-12,3000770965411483 13,3348337538553654
-12,9627234550834789 15,1303824002825316
-9,2669678124963948 13,7095763289619459
-14,1761429515775514 -0,9963839494501714
-14,9028904837817588 -0,8429988850887575
-12,8810965054342859 -1,8127027055415912
-12,5088986399488178 -10,6630399534462761
-13,0914980589978747 13,5700861821003702
-10,4251980631654515 15,7699765271454648
-11,6389455587950312 -11,0405684207226997
-12,8872338913349687 -11,0508157904501267
-14,6221373876121881 0,1190954439916767
-11,6785709881226456 14,6548519577843983
-10,8212523474473663 -12,6582728516075882
-13,3187614464271711 15,7328585048796992
-12,3680947803683186 13,4363229861653881
-14,2136579844333948 13,5508563837414115
-11,3881423479329662 13,6403234752015798
-13,4348895959428702 -0,2785210037697650
-12,7512574524788640 -10,9564304644209347
-12,4704215150053948 13,0352656773526618
-12,9783728744295832 13,5848913091687074
-12,8930382197996920 1,5703626927933516
-14,4431971803584833 -0,9430852233515334
-10,8524319799000217 12,3335230590987948
-10,4780893297158144 14,3790087628744185
-15,0151410115269695 0,2191213792255624
-12,2074446239133021 0,1914845563678271
-11,5367293204455930 14,7804913949298466
-13,8387303145838789 1,5328232558609949
-12,5814693285023864 -10,4254781203013227
-12,7764047188774512 -12,3331246362392886
-12,9096395881897870 1,2481980931765790
-14,4251192631562279 0,5713408336965442
-13,4004926946646030 0,6423816550464545
-11,0297067854792381 13,8034497020578684
-12,0916731780045055 -0,2738774473833030
-12,9793194690116245 0,0079217162679865
-11,4538154231228670 14,0219565713445284
-13,4732248566538200 -1,8574389381655263
-14,7353802542018943 -0,1421101433892612
-12,8825646950012960 12,9417832259043983
-11,8507781517933317 13,0343473639114791
-12,7359449944024981 -11,6265259471613724
-12,3247844380421423 0,4724039627878759
-13,8368604892728762 1,3617967866648832
-14,0413021961205118 -10,4081805115729935
-12,9243624955466139 -11,3627817327849456
-12,6093829210275139 -11,6862712219850149
-9,6141764800886875 14,2850409814999217
-14,1839090638188843 1,8048359519326886
-12,6795628039249895 12,6596817716269570
-11,8140048358694880 13,1805050968290605
-12,3454291357935979 -10,5748714446129100
-13,1411086793127652 14,4276051486870749
-11,8903161361331531 -12,2428320950607841
-12,3008699840007196 -9,9951349022071074
-11,8784901296756580 -10,7672116007279310
-9,3407278000378291 -10,7248343152018819
-13,7557295578821837 -0,0335227747967541
-13,7861471387199508 -9,3899507883779947
-13,2683703952556318 -0,8210759306781925
-13,4930516409794290 2,4793851055603131
-11,7073252482841870 16,0667577728093320
-14,8913784508682170 -1,7660827371197647
-12,6208015578149464 14,1405677231474041
-10,3147278255484203 15,1519917938306392
-13,5504768195900880 15,7912841692252357
-12,4102944348163398 -10,0840788870203344
-12,6710900927088641 -10,9601734271049587
-11,9334125738648051 -11,4894328791806188
-13,5324254428447119 -10,9856297740132014
-14,9641045802631432 1,3857668289999467
-17,2437122935219413 2,4291707015541482
-14,2355489020502279 13,0455950496803048
-14,2711918158605258 -9,7178230205872396
-14,1628692612568194 -0,8857135190697039
-12,7640502736513710 -10,4313428308530423
-12,1061938316424893 14,5569860045487420
-13,4991231553361555 0,8150701197505200
-12,6490412801792544 13,0752057831216995
-13,4829457910673245 -9,5395331661212914
-10,2199822916010206 14,8455136471490619
-11,6124182404521434 -8,2140453137401703
-11,9244309173214234 -10,0093749726969463
-11,5846627180171087 -10,6951529031634660
-11,8633663568097294 -10,2452270491623683
-13,2287048000577752 -9,8789721102104764
-12,6526805810884611 15,4169575422036882
-12,1206154198449436 -11,6809664206164161
-15,7826115097202351 -1,5217934967247571
-12,4376202406572940 -11,7922047415339275
-12,0542453247633290 -12,8855375878005649
-11,0487869025853804 14,7420660505638867
-12,1161128714630735 14,9682074611769060
-12,9917645508583668 -12,1671745484151970
-13,0069672899719642 -10,3315933096261130
-14,5415410563342480 -0,2883333635167263
-12,4729179262890906 -12,3109751585186888
-10,7378046938300624 14,7405178815794198
-10,9270436321674165 -11,0045552793919263
-13,3962269361919830 0,0078387293377768
-13,7647727072338668 -1,5022714902271805
-12,8967246644222406 -10,3688065074457327
-12,5926229556824065 -12,7425583726298584
-14,1322292619838361 -1,0130803628087559
-14,1906722183221490 1,0873234127042077
-12,9294137718618334 13,9154219628925482
-14,0040083793247234 -0,0709133779574186
-15,8095670217764059 0,5970995580711846
-14,1412030964806661 -12,0811354457847759
-13,2256936940955541 14,3135480486155338
-12,1906236459110051 12,8583798062391530
-12,2309891086845912 15,2710832742720122
-13,0107927687582148 -10,5909962214432216
-13,2525476157583544 14,4198484426007596
-12,4720827821401112 -12,7726561770141540
-12,4346694488384397 -10,7889669099813492
-11,7712828532688789 13,8248759455072481
-12,0185947075312569 13,5385653154529049
-15,0252904111031675 -0,0230942382018459
-10,7158323843250525 13,0766142270112518
-14,4511690887424091 1,0833328592190983
-13,2878688889597427 -11,4614841702691219
-11,7986552512351608 13,9787992350915076
-12,1702610913375047 13,2043248823194386
-9,5368910041101564 11,6621836769829788
-11,7214882626213139 -11,6437076224011378
-14,4625870928284570 -1,3735704636834369
-11,9343341985150051 14,1700958455728987
-14,6347924662338169 2,0658853640309101
-13,8368323371849851 -0,4370466522568428
-15,1994638253961689 0,0408454544428688
-10,6655154470724955 -10,0144920402547175
-12,1440092490352463 -9,2463623010940932
-12,0156971472710818 -9,8682538864392253
-11,0323540595241560 -11,6727198973355968
-11,5116139864410343 14,8788021550855643
-11,8772378122674667 -12,1080917925043927
-12,5578486004767651 -11,6267789506895145
-13,9579869959125844 0,5319720903214193
-12,4237384796308010 -9,6632568811597253
-11,5752216551630998 -10,0700658111903589
-12,6977542776098762 -10,2482523510098176
-13,0947389517525394 1,5323700048216278
-14,8090009223307213 -0,6588211995566172
-15,6626700636692124 -13,0822906395872316
-11,7285877511612178 14,9420603246959161
-12,5385552103523850 13,1959759865541599
-12,1199347397412129 -9,6672116124672893
-12,7181854733392701 -9,7812108288753752
-13,7460401332131035 -10,3042605811731320
-14,1809726407844234 0,4495420685751707
-14,6006473306618858 0,7013513452853133
-12,0676424646444858 -11,3432568763107522
-11,5565933623235217 -12,1698933339286679
-9,8591481723260053 13,7230468825516194
-11,9404453082922561 -10,7301912731886233
-12,9297815671732952 -11,7500813975846299
-14,1040121445111115 -0,2794121997106190
-14,2504712223023535 -1,6188956006293267
-10,5833382457741614 -9,8848242243513145
-11,0383341368754220 13,3675155525773732
-12,2764797572725932 0,2569634522169403
-12,4236788873988626 13,0278203418563567
-14,0972239904481640 12,7815135511295459
-13,6073789433474186 -10,7531260398573654
-12,6113533381232692 -0,3820110930154611
-12,6334720047086666 -10,8612430090482217
-13,7097866899244103 13,7195787358786259
-12,6085670671220562 0,4470960872385515
-12,5406394970835304 14,0963380243273946
-11,8328929309669455 -12,1146378098590066
-11,3037872383169393 13,8574166051653620
-11,5772362226422061 -11,0067254867762738
-12,9736538515609787 13,7323291413219284
-15,3658706498546369 3,7421713708483666
-10,4645604514425852 -10,3680799534768937
-12,1427985777602032 14,4143959611670578
-13,6588779054284259 1,8524427606395355
-13,6833608018859554 -1,3393710272995323
-16,3238058108807387 -0,1355376448915037
-14,1977325403306036 0,1782272450896661
-11,8302140711175028 14,7526133399404742
-12,5243383759508795 -12,0280807250857542
-12,8165935719254360 -10,1223165526587700
-11,4486864569793756 -11,3245629614091161
-12,0732980054568664 -10,7153942728342368
-12,1900580249736059 -12,4183592975407731
-14,2027969206293836 1,8042091704212220
-14,0417829125554441 -10,1229736935042993
-13,3199653771219779 -11,4713822212431609
-11,6054864700717086 -10,6987452246987829
-13,4974040309439030 1,8372463717815937
-12,4620141363289836 0,3412775177228611
-12,5729062050502787 -0,2050443271715804
-14,2434494145048767 -1,0858837159698174
-12,1239263464507498 -11,2972791670379795
-13,6795440680176696 0,1909499911155420
-14,5222868243825065 -1,0348678741996293
-11,8527815264220191 -11,4027883095597105
-14,1798888304782871 -12,8709090903243499
-12,5827391319923212 -11,4558704429609968
-12,5291512487402272 1,6785134863802613
-12,4045517855614698 -10,4732012793783813
-12,2878335841075312 14,1219048651279593
-11,5597364379625951 14,1445053766204101
-13,7312863376042280 -10,3933414148596341
-13,6514364855117396 -0,1822357642209442
-13,3937217529728017 -10,7179784419091675
-12,2208678519440994 -11,8377478618965490
-14,3274586720114669 1,3651144478159880
-13,7093634194137355 13,5731805590275965
-11,9156587489115378 -11,6198031450725097
-13,8540246764711465 0,8332426776267866
-14,1808033314982112 -11,1018428054263563
-11,5248100530146722 12,9879423671152452
-10,6332878291598707 -11,3125636547839346
-12,2664186298160018 12,9653515117433962
-13,2558060596221594 -11,7495428894678273
-13,6620566130590788 13,5297891325881707
-14,2899624938762972 -0,6969319146426228
-15,6117914382950911 -0,1366358052188318
-12,1757840374188220 14,8397327318806571
-12,5072889256796724 -10,2372215934116362
-15,0197836398718358 -12,9105734353115498
-11,7739857550320668 13,7772070865845624
-12,7810267743329682 -12,9132611358412319
-13,0970576940233912 -9,7877216122939554
-11,0666399934134745 14,6200153067229213
-12,7861245112996347 -11,6383049699716921
-11,1776037473881473 -10,7777282631496334
-11,5203847031477267 -10,1659373595798659
-13,2800020934049137 0,1116371682829242
-12,0784156130791445 -10,4867822422462069
-14,3362018310840842 -12,4432108237421524
-13,9668700602267695 0,2364810213318707
-13,0652272517636607 12,4815036109158619
-13,0292691191462033 -0,6605466238953748
-15,3399061733864404 0,1303621123663725
-11,2608388719708863 14,0860600805380152
-14,6566971667140340 0,7594727746517584
-14,5600219133597903 -0,4309773050284064
-12,7265279440506145 -12,5776424781091425
-12,1538779269279491 14,6081272758813761
-12,5368498636456636 -12,0009613902868146
-11,9276081025023615 13,5049667000895983
-13,6783237136491334 -11,6359085042272010
-13,8265315818707357 -9,8883984911285960
-14,0979056542187529 12,0485281299228593
-13,1671193202360932 -10,3419667438303193
-11,6723397613327844 12,7835620500622014
-12,6147460143043340 -9,9415030881383259
-11,8743941058126410 -9,3549039371080696
-15,5995295107472760 -0,2552780703472214
-14,5126312330439866 0,3500902295121221
-11,0558205148465092 -12,5944235188912614
-12,8209198247580201 -9,7622837552356341
-11,8587485770576411 -11,5649388336637955
-12,9396481179453424 -0,9818509896000762
-12,0235324179067149 -11,8894701084251473
-13,0129775952520035 -9,4363272925094446
-14,6018419284878647 -9,7349844594537860
-14,3410472156064568 0,0684188596407065
-13,2687505576143803 -10,5677218383236813
-12,4670363791017618 -8,3685157181533008
-11,9155542171183804 12,5118528299051270
-13,8633651983751847 0,7363073935190880
-12,4231639806856347 11,9744193298374917
-12,4461708186239388 -12,8073754567662732
-11,5766725026885471 13,3617569826213565
-13,5964967112436579 0,0624237674758359
-14,2710512356917860 0,6120187236253795
-13,2351744954875876 -0,2933851667363410
-13,7952219784928296 -1,6488870092575283
-14,9358224039435417 2,3386828950768490
-12,6992892625451894 -12,6545485604384780
-11,7012847338797368 -12,0826664489625131
-12,9427219427789115 -11,8460508833973766
-14,1879837939225162 13,0196585591054745
-10,6904808213413318 -11,8533515999401740
-13,4379686597075398 -11,9599994116415491
-14,4510339655797893 -1,8406121292431856
-14,1187302167956812 0,6741070396110010
-12,0273450546732015 12,4083443634491619
-11,9187444152069144 14,1652362762652082
-14,4387368219916290 1,3499691487749528
-11,5367118010913767 -9,9974029215223830
-10,5160743503007161 13,8760279364006021
-13,8743816003685847 0,7734250917451695
-15,3765516969914451 0,6997396708512121
-14,4589998836657916 -1,1554052748087862
-16,1292018199001639 0,8669145011275178
-12,7902512284723535 15,2590151995999044
-11,6302838736623126 -10,6832121519451402
-14,2051630061587346 -12,6263256643906310
-13,2292323766741973 0,8343771696429044
-13,1653179662115392 15,1720156470459635
-12,7138388981691044 0,2175420907088053
-12,5527802606334422 14,0634495849805443
-11,5834906177068024 14,8848092587840970
-10,9096817481548616 -11,2446094397502083
-11,4729623390438036 -12,2468163880305010
-12,1121104665665218 -10,5245920814514804
-11,4097116935189451 12,0379262606450386
-13,1498622070826379 -10,9741875400584785
-12,5787640524987196 -10,9554526067268796
-12,7042227665373968 -10,4723214372024280
-12,5127847075616394 -12,2545647317388919
-14,7586937610429452 0,6010390550442432
-12,0740735146041889 14,3737953276474713
-14,2913694920983794 0,1357341867032922
-14,1439132112659500 -0,5082366559072166
-11,4142089779732103 13,6311401188564485
-14,7658110998210752 0,4331848140865733
-11,9303916329678881 12,7781231573330558
-13,5312148077594170 0,3792371605982467
-12,7859279499360152 13,2366359761536163
-15,3891446930694968 1,2534921409257547
-12,1779384887708417 -10,8662539009157566
-13,1919089557944087 13,3068408191705583
-13,5879935952487649 -10,3341634483418918
-13,6800641355386130 -12,5565305706786319
-12,5065614765762305 -9,1379391154084324
-11,6270053956477533 12,0869396388612564
-14,1095052021709773 -1,0364587878480553
-12,7590982935422961 -11,1826659599234350
-13,3826142156948382 0,9598808301093008
-11,5440418764435062 13,7610374697319013
-13,2707424274279262 -11,4990564542360207
-11,8090759111762988 -10,8599953916285372
-13,6139902460050077 1,4527342718029308
-13,7505464857032571 -1,0340804067149618
-11,6236435471602899 14,4653625260338714
-14,0211697032236113 -0,1567813480359734
-12,5278492647577302 -10,0693980941879992
-14,2219786809612714 14,1745394326973031
-11,9827925006104685 13,4924608839311997
-12,8007004646242333 -11,4558080570290191
-10,2169958040306401 15,0554863761891706
-11,1498017954215776 -12,1407333864677032
-12,3901860325396420 -10,5569825855478090
-12,1088095451465083 13,2673949224208183
-10,7658526184698076 -11,5852844410103053
-12,0433174948255317 15,9268891212173713
-14,3402798962811193 0,2441519392679341
-11,7148324278437759 14,5595344729349279
-13,9862227963993693 0,1006795601138820
-14,4871804160264848 1,8545225513452548
-11,5318457308395494 12,7873731287576415
-10,4185044996260299 -10,2203722846897147
-14,5079496178600653 -11,1554700167571355
-13,0602189808239117 -10,6874763219934508
-11,4733955149574776 13,4656288503155057
-13,8690025221866495 14,1104421269349238
-12,9647884883117346 -11,7733793725672466
-11,8127856049713635 -11,1293086216381685
-14,0148252997893632 -11,4179734927550420
-12,5558653262888846 -10,2502008935130338
-12,1095514653141230 15,1932458346455874
-12,1532096836060273 13,2103691878480749
-13,8957505449951686 0,0599943063147383
-11,6797844433519931 -10,0426103266483473
-11,5275830694361616 -11,7225710751285170
-13,0617412428597124 13,8752124573073772
-14,4621856902230306 -9,2758178598186696
-12,4838471344369850 14,0129273511168329
-11,1281397562087374 -12,2057699742696641
-12,4519854728410557 -11,5197287272252247
-12,1821215166247825 15,4276703382184959
-11,3337585531835678 -11,6709628771634240
-14,0672104240102893 1,0121922200875253
-12,3409664538864625 -11,5718422753230481
-10,7207945514920429 15,7359959861168992
-10,3140643251678270 15,1055878986292029
-12,8883276653283101 -11,0600758321391925
-14,2922602743384104 -0,5070365879710386
-11,9354302225493853 13,0915626729025742
-13,9169675701898115 0,3696991125760963
-13,0159760790922974 -10,5638227020698441
-12,7509127408585030 -9,6182394079633724
-12,5576789102817035 12,5231126628863780
-12,6581303106669534 13,2489967437706291
-11,9498715468066692 -9,7423557242154875
-14,6032995671684951 -0,4307038274117186
-11,1662353855261838 -10,8819754320615854
-11,7376518442395419 12,9458497675342983
-11,1513918068364486 14,3659398221911019
-11,2575711867402966 13,9408040583714357
-12,2207233183200756 13,4223410984114402
-13,8470444456162127 1,4106668413066346
-13,3896209022284509 -11,3612877487428516
-13,0589910962317415 13,7221215159462133
-12,4575059996630522 0,7245932937437263
-11,9680738535575806 -10,1761571235967132
-11,3394471036066360 -11,1983979171978465
-13,1830892171478720 15,3183481980579206
-13,2531600704126298 13,8447214898355391
-13,4958849550388305 0,8160132713451261
-13,4058191040115791 13,2717700840240784
-10,9455982859800205 12,8073053753785420
-14,3723280983580750 -0,2402837377472611
-11,8525317460762523 14,4512310184216073
-12,0234787035210662 -9,7948814294505286
-10,5082859034405374 -11,1810471034145262
-14,8040732805487973 0,3618352223241802
-14,0904839293342405 14,8707092429983394
-13,5907391860919127 2,0206766837183321
-11,5654979413892356 -12,1457109997625921
-13,2604044781331449 -9,9313059497364833
-11,8660825931738199 13,5978556437238733
-14,5512736246444714 -0,4005502256790586
-10,3909388322467642 14,4635375097538272
-12,4735730622908676 -11,1142071452880895
-14,2721833433389911 0,9519252781302049
-12,3976332348538278 14,5222203894564448
-13,6454038856208300 -11,1248579797410692
-12,4209101558703008 -10,3475334528114082
-13,5543121334392378 11,8922560960462693
-12,2258667029732191 -12,0694884096672830
-14,7535837617066754 -11,6750361990183613
-13,0649620488168825 0,2308456522633983
-14,2584873182818743 0,5666966176574413
-14,7699718078935849 0,0397487553338396
-12,6522869469482888 14,9250434509204233
-13,8877984159845678 0,8555400052675349
-12,6805367950913421 15,2693618503361108
-13,8397692571523727 13,4119572691616398
-14,1990472751655030 0,2225991262022697
-11,0964444000743221 14,1998672847124023
-10,6680714064184894 -9,6232024785204064
-14,1670702738424925 -0,2452121729535552
-12,4285105389400332 13,5278235275675858
-11,4926360106950671 -10,6756595567300039
-14,8411181910844139 1,0935361317163763
-11,6254238925361708 13,3249775720363566
-15,1855666513153551 0,5566757676525227
-12,1449234374702026 13,9043739054816751
-11,0798983375900200 -9,8551868630512995
-14,4968736146993997 1,0947444806966460
-11,7162216983201688 -10,6409353832142575
-12,1153132079858956 15,7265205025873680
-13,6967603751716993 13,8163596326657157
-11,6079636626597065 -12,1278823708974990
-13,8155317998353198 -0,0805717477794570
-13,0724965791339045 13,4838083752449798
-11,9137364906438759 -11,1141011241318992
-12,1199496576040584 14,3580859989599343
-14,1472281761927619 -11,1422969532226901
-13,6309484982965152 1,4460084814990688
-11,8791015996345628 13,7339806015072714
-13,4871495320129888 -10,5232247176332550
-12,3921128346845482 -11,0434485711541726
-13,1121681810966404 15,8854113218583315
-13,4148771480581352 -11,4816724510092634
-14,8561922147584990 1,5274500481766491
-11,1419505783156527 -12,8628310964196064
-11,0692988636181280 12,1942762450379103
-12,5769906131006604 12,4981020477532283
-14,0778039796726624 1,3215153693610100
-12,3770683318447041 -11,9366948417946972
-11,8868658750204546 -11,2976241970174129
-13,3815109317445007 1,6829934237799276
-15,6383818692188292 1,0294455229532069
-12,8143410160771065 -10,4700253337685254
-12,6852357714620894 12,1259469653719805
-10,3905835844724734 14,3687295658309111
-12,1366232959373850 13,0131589748826269
-12,7756589891397940 -10,9170329170202169
-13,6390513647200944 13,0188401883290634
-14,7228805207154370 0,5470486217562660
-11,9632118414344824 -12,6678102595771271
-11,8524171057633616 -11,3004188889126702
-15,6084226979804388 1,5713977773486412
-12,0154120115491079 -11,4340314389868194
-14,1244731285090772 -11,1323922846416252
-13,0883107405488577 14,1360450547765772
-12,6204016582418550 12,2032693524213620
-12,4364529009250973 -11,9217904397816774
-12,4246561486193361 -10,6293924988254176
-12,5822003813039807 15,4581974490966534
-12,5406265720630472 13,0064947112968579
-12,2041970299492686 14,1679030559126051
-14,7134903860477237 -0,0014970924328313
-14,1672404267915741 0,9992696956229293
-15,3005786830978554 -1,3051196777023240
-13,7197658469339228 -12,4801300255404932
-15,0455224823836957 -0,8158498593444141
-12,4141226251434915 -12,0767591507531051
-12,9505449676421804 -1,9930344169508647
-11,9183502389952380 12,1486184657914666
-14,0948192454829311 1,8305233129275718
-13,2203502322232023 -0,7748553396315667
-12,3961322791556352 14,4896618134209696
-14,4056882817679917 0,1261683118631353
-12,5043603418338112 12,8547154652738769
-10,9064703740782640 14,1635366989515887
-10,7804523143060926 13,5293235229988866
-15,0494942248527508 -11,1192927443974430
-12,8255701889291078 14,0068807034680205
-15,0010398776248479 0,2106892448809435
-12,1516475476219803 12,3823884258651837
-13,4082460137638950 -11,5324826119823634
-12,1723312514276198 -11,7386797398352876
-12,2117609597775747 -9,6880554755162969
-13,8438693492948417 2,1107741344580786
-12,8327296161919620 -12,8888877049928237
-12,5076108897006826 12,6604697066684952
-14,4843974272948781 0,6622076539948696
-15,0306291209115148 -1,0076418630501218
-14,7635735862571220 1,3251114974515943
-12,2869820183381737 -10,8550079728570044
-13,5373374862441196 0,9831668273577584
-11,2470320669278685 -12,2625247909106729
-13,4844675626341282 -8,6741349334176725
-15,2236425622878873 1,9171782568175768
-11,7188186432601320 14,9064078995726863
-10,6638975839283265 -11,8881345252421067
-12,0728897599471114 15,5082489359421007
-11,3152650953869234 13,8536291250302952
-12,1318533564604518 -10,0848857371225105
-11,6452041180681682 14,7165427907777406
-11,2652847715389566 13,2459064199680832
-11,8399382444855874 -12,5783704578898305
-12,7945744236320937 -10,0410418978960418
-12,5609992552551244 -10,5960786301322560
-12,5984198610987601 -0,2945411364143624
-12,4278231296951578 -11,3799425322390757
-13,3837414983323431 -2,5625257798397771
-11,5550828996596682 14,7140958663005783
-10,6833651371494724 -10,9833792527964409
-10,9929260428755207 13,2918968111790239
-13,0130586659919860 1,3078136902437585
-13,3247815074600862 -11,4631128449300945
-10,2383368767209273 -11,7187824481616349
-13,4193693613030902 -12,4203002340069748
-12,7245337653437609 -10,0562301100620619
-12,6321622965827771 1,3809839781200162
-12,0662300542038867 -0,4325820598806072
-14,2169703909674876 -11,3304673297742671
-12,0534853114032039 -10,6599047791927113
-13,7968829739481471 -12,0379357323367024
-10,3032228418222509 14,0466301103711597
-11,9441831354891157 14,3849744829427433
-13,4701207538659720 -0,0819139046718034
-11,1197420946070675 -10,5729438773665745
-13,0924899978446163 15,1952430691880309
-14,1245365209050568 -1,1389955242309446
-14,1453658424790749 0,1386834599426309
-13,1240756808974872 13,0251071977158439
-12,8081742336304636 -0,6824902084262269
-13,3513451944176573 0,1013358253996137
-11,7713157064150948 13,2995500357998591
-12,3132790418798042 -10,6630004228221296
-11,9124931311484463 -11,7996471616796743
-15,2858797348375788 -0,1916249862700568
-11,4046842251486904 -12,5837348074547375
-10,8162555397437110 12,9823290190779890
-11,4125359323261257 -9,6620554651257873
-13,5190856150425951 -1,0605159586154860
-11,9714517806340428 -10,6486403055453405
-11,8029832587430175 -12,1457946717441612
-15,8646681434967611 -0,4809712183660122
-10,6814750012657740 13,0375395389732613
-12,0629394348492163 14,2805363491033450
-12,3168593670489610 13,4832316415757187
-12,4463707489106241 0,6395339893622548
-12,0424131870818520 14,5110274541319413
-10,5080469359967896 14,4697472237454168
-12,9732447087823708 -0,7971847551471061
-11,9983589611492469 12,3623395629050883
-13,2210509231486846 14,5928698851337977
-13,6899657510088204 0,5973378108515819
-11,9655928526147708 -11,1798797172324083
-10,9561854929131410 14,0649497729600217
-11,5117840374731912 13,2168485892576069
-12,2989187562377520 13,0998290760246157
-12,7226476408566089 -11,3339442333312785
-12,5737064231257065 13,4422895874513362
-13,0620736722738169 14,9135872953580559
-12,1743119044469292 -10,3064678736817310
-12,8910645026441077 -8,6288188387227542
-12,0293679966170366 -10,5244750230778497
-14,5333293222194104 0,8248805594350391
-14,7792537633147223 -0,9155420829132317
-14,2742093594676049 14,3654125226619200
-11,3175665887127792 -12,1884997830504069
-11,3081725455079081 -11,4833768553313700
-15,9387613095589877 0,3498921039582827
-14,3679344315088837 0,8582585558714382
-9,5982782320885427 -9,9259301679417433
-13,8075660240394100 13,3166709736871631
-14,0083705839584969 -1,0725640120667519
-13,6862420609512636 14,4224750729563613
-13,8694383453199652 -9,8518966474495429
-12,3655415228759438 14,3722112443235357
-11,9225206826295391 14,8292213701988320
-13,3256742981932828 -11,8021829722911047
-12,3242877810971443 -10,5988621857745393
-12,1224941858151283 12,9070460209157396
-12,3218169208070147 12,6262051509065607
-13,9905809173230313 -8,7497220391080610
-14,8566555173631851 0,8807414249161584
-14,8257881459354124 -0,4327819130417492
-14,3680651759510898 1,0014647752404464
-13,1629651944381898 -9,9332479855461244
-12,2349974003438060 -9,7307433518248931
-11,9446976217812324 14,9187526284076561
-13,0521869642218373 -1,6789237072681524
-12,1847557987146313 -10,4492603653508986
-13,5208387324918178 1,2010522337063483
-14,4744673178361190 0,1447758633334733
-11,8557118516997075 -13,9806085198983343
-13,2762670298194596 -9,5947395618011466
-15,7161364775666481 0,9215549784567478
-11,9846960187494140 -9,9265293143131164
-12,5004885063445084 15,6796384920605441
-15,4339057547384773 0,6328430940851797
-11,1118206856681354 14,0848602549618409
-13,3383993907423672 13,5725219030192807
-12,6421396732246922 0,8330093669608077
-12,1633371441186320 -9,8975464251454692
-9,8975565733447830 13,4047926218313425
-15,7265123514855034 0,1412415110411605
-13,6865842637749626 0,4876736683703560
-14,1063987725814410 12,7194484223274049
-11,1907979875156727 12,5814960959671485
-13,3850076259004656 1,3193276095110062
-16,5228076428406929 1,6553057749969122
-11,6440389449967778 -9,9153397358331041
-12,0307587394824917 14,0749323158593587
-13,7020938664689584 14,7851473466733534
-15,3336584461011203 -0,0756662501378414
-14,3338313299889535 2,5838312689682899
-12,2157056969923534 12,9132705121883600
-12,6204929643538204 13,7697021797417154
-10,6728035718765817 -11,1024026043049862
-13,8764779784638339 -1,3544877356991236
-15,7885699035318137 1,1138009389532431
-11,3836065086404439 13,8304595223158326
-10,5382115078218597 13,0105392891419296
-11,7995732350665321 14,3552493241730836
-13,0672994364569810 13,7156324437076815
-15,2337288452986250 -0,1242878003892073
-13,0998805297537668 15,4841369154099997
-11,6891057964431582 -10,1922281849559884
-14,4915729870454317 -1,6830826965181418
-14,1825244723909840 -11,1464953072898378
-14,1284599279977758 1,0910171098253421
-11,2494871355785229 14,4928103672229920
-14,1207025366739831 -12,5429744157242027
-13,1421602706834495 14,5871587872618154
-13,0060840826761712 -12,2642847215027455
-14,4463879878472454 0,5278887052730857
-13,9479345497241578 -0,5107120748360824
-12,9453615573382699 -11,4891330254748318
-13,7150495228628575 13,4273518931390150
-10,9875542095197662 12,7656299979483432
-11,7650488046763328 13,4423427459369105
-13,5878717307388950 1,3571790789580696
-16,6874521007729939 1,2715568373142252
-11,0470531268526067 14,3841951297953088
-12,5023991914070685 -10,8178201953152762
-11,5164321216013530 -11,3198137591759718
-12,1498984471130971 -10,9668351348578934
-13,6045288905863089 12,8859065944924218
-12,1080630870388219 13,4346351372112451
-11,3367269021056458 -11,9911450404660549
-11,7670519499210897 -11,9260065063696175
-14,4880828874454810 13,4863024964013452
-12,0059620984077302 13,2037116432808173
-12,0342435115629662 -9,8237901013727811
-13,1375973668606694 -10,4524655213068201
-12,2035220905084500 -0,0468196097773566
-12,1301722329542194 13,8255784246837674
-11,7301634284765335 -11,0894004673606297
-12,4956814693468736 -10,8726559461986056
-12,1429047261186440 -10,8564127202002254
-11,7035245681709430 -12,3203648259713958
-12,4033326524026641 14,6416450910110196
-11,8324769485385559 -10,8268109556315597
-12,4264058051771276 -10,6224354354642596
-14,2299221789352899 1,1315640251480190
-15,5559030021120233 0,9738986103767533
-11,7312269879459663 16,2457408666635814
-11,6583733338252831 13,4939870876598835
-12,2459101410401381 14,8539353875425419
-9,2906851803658945 13,8309493704248165
-12,6711260027282009 -10,0105872517591088
-13,0455227586051699 0,6826025509101226
-13,2368180366459960 -11,3322838202482412
-12,8093090517187793 -0,7216399464862068
-12,4834775127273776 12,7818998222998008
-11,5803308833593164 -10,3644075404728699
-11,3128423903686279 13,2569704823145234
-13,0003960649943693 -11,2315872087465181
-13,3352371636814553 -11,4084724681168268
-11,5371544400111166 13,5352432579981379
-13,7142703269174913 1,8044869300535220
-14,4703583124739108 1,0435017543169729
-14,2083063801437337 -1,3597044927915833
-12,3696674618444202 -8,6161298423481689
-12,9162508243644325 -10,5338849234688716
-13,2157993294370737 0,7176417805567749
-11,7438013573240045 -9,3356307281014015
-11,5660404803527772 14,3169299559275292
-11,5890173975010793 14,4856890354445014
-11,4622486778195736 13,8944943687758293
-10,6114777648596696 -10,3635068370217756
-15,9834806783440886 0,9461636550678231
-15,9329299317299355 0,1999660488392043
-13,6426963878029568 0,7856362892764355
-10,3165094051784347 13,9361137441259419
-11,5471721076869063 15,0278429863094161
-10,6398323191019166 -11,0474678982617416
-11,9617646894465839 -10,9290358495611990
-14,3176072958076777 0,9551647453104102
-11,2526752094530309 13,5452223516071975
-13,6836199913253331 12,2793519482679585
-13,1109722371905306 0,3954597231028313
-14,1286933564508459 0,7893635779072724
-13,8719054795854504 1,4696713480391705
-11,9962537104473057 -12,0805939286758690
-14,8597256346221602 1,0128183184792499
-12,5280501605052663 -10,8682271060342792
-14,6845239130138747 -0,9759341603208378
-11,7238652842514526 0,0540836585167714
-14,5641476679102873 -0,0311248267762032
-11,5170353347040422 -12,8871404057842334
-12,8550189083583160 -0,9368778655761874
-12,6371986157955316 14,7330866990338443
-14,7846076273156832 1,1001177076759010
-14,9231313003596924 0,1268981480814669
-11,8075044591719251 14,0051309322494220
-10,4394138419721614 14,6486130605658005
-10,3883968222601908 -11,2398600985577133
-11,6083443701412605 -11,3832848145800867
-9,8076211543567968 -9,8158140245962677
-11,5931462751605174 13,6441115904127752
-11,9242082266459803 -10,9507409148680921
-11,6409283773593959 15,0049625692632684
-12,0103570843289642 -10,6597094882496783
-13,7329701036774345 -11,5020810222546039
-12,1503832734192638 13,4619078398703369
-12,1672864795541731 13,2605204657442002
-14,6953312124588997 -1,1592405653893600
-13,3539531445483757 13,2460068434234142
-12,3645077449423155 -10,5456483556967822
-13,7815532986140763 0,4972373762022504
-13,0532590582340049 1,1666333829744222
-13,5206481800693208 -0,7381883232269595
-13,1376859111228068 -12,6937157910145224
-13,8338244182279499 0,7114206726264584
-11,7897947828233196 -9,9295693432625445
-12,8894235622734659 -11,1265888754371911
-12,9991255313538758 -0,7943782648316160
-14,8441045463701951 0,7755061572084896
-12,4218726673042159 -10,8414805413742297
-12,9055935814956584 15,5957954736221645
-16,3338554198012886 0,9004047184293430
-12,8714036793613342 -12,6938558610678331
-12,6602550215943204 -11,2753353479096532
-14,7148336830715625 -0,5570211817476749
-13,8761073532118360 -1,1107862792175192
-12,1874093755476718 15,0876944380147417
-13,5805937612154537 -0,1222600862638840
-15,9460730960056356 -0,3555843212636185
-13,1193549496347810 14,1833068008347887
-10,3860283404226568 13,1188893436104994
-11,7277885011187504 -11,9545057193162911
-12,1620432273901500 0,1598745336950381
-9,7689645999609809 11,9862899330636008
-8,7507682451145588 12,1391546815384093
-12,4628406268855709 -12,6319200866320234
-12,5286220139434086 14,7428855456980532
-13,9881982496182449 0,5926125791953225
-12,4673738443102611 -10,0980676293652287
-12,6362865376934259 0,3309474287040884
-13,2332546082587008 13,5770646833128019
-14,6494017354013994 1,7762806501675907
-13,4250739724339532 13,3357139657555130
-14,8554119576939581 0,8995558087084931
-15,2652793793672998 0,4512589402748491
-15,4072106319965521 0,5082993540606096
-15,1614965683218479 -0,8453175145550633
-11,6867169588165218 -12,1984181981128259
-12,2812901170793367 -12,0369902446470807
-13,0948718608680679 -11,4784323643150348
-12,3718332984442867 -9,8984921671203061
-10,7223734637513779 15,4367717477339337
-12,2957173400994328 -10,1434598584721574
-10,7015766080720773 -9,1833094699872753
-13,0012657528500331 -9,6499696564029662
-13,6062083320855791 -9,1447519217320092
-13,5730370056695016 14,1961582458817279
-12,2282813963412487 -11,0507437036995153
-14,0451029414370847 -10,5656043087553471
-14,4171122957446105 1,7923652169995470
-10,9499450688555235 -11,8072334266792822
-14,9451178396307931 -0,0256091212446404
-13,2755830090019078 -10,7140109423417051
-11,7074507271577914 -0,7514710717902415
-13,7713992668830798 1,9181941611535938
-10,9629364744071740 12,8690078484178443
-11,9596020629842101 12,7870612790595590
-13,1481805484054899 -0,6537551899485072
-12,4024372768707885 14,8837243699456305
-13,0444476942762897 -11,7785121766785998
-11,9924707368863821 14,4470841202215787
-12,7550333105093276 14,5250848718555865
-13,8802247040220728 -0,1050346485200371
-14,3769492048600611 0,3922414919744964
-15,3545177605034375 2,7579622679660272
-9,1381251563599033 11,9372908382459926
-13,8764815415582703 1,0877593784281445
-14,3029599054808330 -0,4167798281931467
-14,7058735773364226 2,7101109847891682
-11,3755621241276845 -10,5720755144994332
-13,8111494012475298 1,0635971690704069
-14,3609411181238880 -0,2523608689163930
-12,8234738607992824 15,3951946834062987
-12,2047047219019920 -11,4879469665162972
-16,4572799356614645 -0,0071661428095290
-13,1897135629268867 -11,4964912044362233
-12,0371437068201015 13,3703685989048999
-13,3782616484236083 12,3858684871708462
-14,4329387719177511 -0,5470929845538920
-13,5210500210716376 13,4758900245255244
-13,1997990060440564 -10,0539891285782179
-13,8560174325285264 1,6445248532225289
-12,3571210846707995 -10,5886911298041930
-14,0633253886754002 -10,3304595238897381
-13,5506183428371489 0,7296329635300027
-10,1689948781925015 13,7182429000466577
-13,9671266373418028 1,9446593638241436
-10,5848691483124426 13,7504620687146790
-11,6804600080318046 15,4221097782973260
-12,4009490645428624 13,6149534833063974
-14,0112478005317413 0,0327479061990544
-15,1110755784730202 -0,5946566541190826
-12,6638653464392661 13,7203977416522029
-12,4438524299937470 -9,1552971038710922
-12,1198344129641864 -11,2653896387111807
-11,9768619812656230 -12,4145673886314860
-12,7135914809364081 1,0201339311843691
-12,5159771141071676 14,3310688629468199
-11,0209452419070821 12,9460227816230447
-11,6699265954589553 -12,6405235320235256
-10,3760917541136681 -10,3466759889178341
-13,6225685415986266 0,9602609377473775
-11,9704172220747171 15,3087921592149581
-13,9001475825390806 0,9379312968420047
-13,9726807994013136 1,0279523769136869
-11,7566917844227969 -11,7332018740308417
-12,8549614628129820 13,9052433401775062
-11,4155818019384014 14,4545424976472248
-10,4959161317863998 -11,8105374869471760
-12,3808486383870129 14,1602319520068978
-11,6897969235005181 15,1814988515082998
-9,9797122506719127 14,6343417589790512
-11,1598879470324661 13,8015961519121824
-15,1742591265556452 -0,8230725522217437
-14,2119508653492890 0,9734879504925893
-13,4276854417730434 -9,7836226971318609
-13,7219801784421627 14,3088139849868039
-13,7863828829290895 13,5876063644948175
-14,3625965439715504 1,0170469439812138
-12,5048140245739088 14,7122714090384843
-12,0875138810119953 -10,5960552380312016
-14,2743560971232242 0,0407336811522655
-14,0380245784245581 0,6203290432273345
-10,9300080086816269 -11,7367772958647016
-13,6626788067106766 -0,2612335462198077
-13,3522620707703172 -0,2392651382188227
-12,1742318451920486 -10,4555445840417072
-13,6986092186369959 14,4981411017374473
-12,1586442540703317 -12,1397710919910935
-13,8813764175605634 -1,0424808042713856
-12,9044602487051812 14,9791320530408516
-10,6940961213188679 12,3789305899772746
-14,4495898762965496 -1,0300078225780513
-10,4922072735857235 -10,4316136506345849
-14,1228912893076313 -0,5797415452522464
-12,3124641015888052 -10,5666825301314660
-13,6999161468917876 0,4714475905322459
-12,4107066098659509 -11,8979868484285145
-13,5763094445605255 -10,7803584012154090
-12,3530385997276060 13,1840298755730938
-10,9826560318135282 12,2207033593687076
-14,5482168454293674 -1,8354827629254831
-12,7187777646471591 -11,1694705857026690
-11,8037787035303712 -10,9797275104918288
-12,1128456988660833 -9,6624951904502989
-13,2141322766555422 0,1791681880179791
-10,1358907669823832 -12,7656427694694870
-13,5090728294748565 -0,9564376510222314
-13,4598563470288539 -12,1223681913964274
-14,1309884832226746 -8,6416651475198876
-13,3938261814729813 -10,5461881302977893
-14,5000151012609599 1,5886827052966239
-12,1565177041960943 -12,9465229957631998
-11,1800992685588554 -13,3033974648471354
-10,0776398372506542 13,1610733074465855
-15,9234107009511412 0,2742021792388761
-13,2117073373677165 -0,0110725286381381
-12,9024077588277439 0,0704554772407295
-13,8511598612699025 1,1117591617996516
-12,7380871861042717 -11,5798752884050682
-11,1779796630197676 12,0965457653344828
-14,2797748106651525 -11,2201374960261706
-11,6534977901598680 16,2509617435053286
-12,6922913746036912 -11,4807517571705233
-13,7904447423065459 0,0431532637208981
-13,8032538715361710 0,2799413938356665
-12,9761307794701555 0,1977428435662495
-13,8373989332098937 13,3051502409411420
-12,1585719461168331 13,6033409431500374
-14,5465855607955614 1,4475307078218569
-12,4732518991451080 15,4174944828922715
-12,8917488867857841 -0,3650739522755462
-12,7089890869131050 12,9617183103961917
-12,3215100338580523 -9,9605032669123652
-13,2371224551237567 -1,0204064995209507
-15,3089142849948274 1,1720119549969354
-13,5145847420633700 -12,9228814629095012
-10,6952412667234231 13,3048065671704929
-13,8001724842616085 -11,1053381089615133
-12,7232797664325350 -11,6117640412264524
-11,3416755971923848 14,2753982625289595
-13,8164759126630052 13,6770210976136948
-13,8733366696008922 -1,2048862701536278
-11,4643374542833847 14,7512302399545820
-12,8096805747589251 -11,7828290605547874
-11,9750165568164189 12,2958210350866199
-13,5879844002070129 -0,2797454791516053
-11,5381402054496203 14,3687146440011144
-9,4453502497548563 -11,1439825108783364
-15,0437159462059995 0,7350807432034077
-13,0258628849409828 14,7690619877546823
-14,8130397725135285 0,5394376387119444
-13,4167101115868750 -1,4170541316631444
-12,3621210811928535 13,1567839046877939
-12,3622015031598238 -1,0295438056860930
-11,8007093988914775 0,7505318508445650
-12,8851281522038565 -11,0148015608714918
-13,0044113314228831 -8,9946760800539263
-13,3152475307805194 0,8304137976137120
-12,5096179599015418 13,5064701542450489
-13,8577056766885125 -0,0627442862598133
-13,3832420803837966 -12,6114259224995848
-9,4986581673424801 14,6297897765875469
-14,0126992983546987 0,0825162926098569
-12,0725679976351650 12,4690206447135790
-10,3508792309390589 15,5546984922338680
-17,1613937264473364 0,2771879933472855
-13,5307047328319605 -10,0133241807824511
-14,5742394738977694 -0,2351230861041823
-10,9348606527729189 14,6247478494409151
-14,6450416318978878 -1,3445389768465237
-13,2754015597644752 -8,9683093830039269
-12,8020672002839078 -9,9477090728424162
-12,1600066967106599 12,5242394061806763
-12,2562657638977974 -1,4408487041535141
-11,6831165326588167 12,8922707328991386
-14,4174334441470329 -11,2859531592029754
-9,8172882348661137 -11,7187778153949314
-12,3257525973924391 13,1497707764726908
-13,8378769530683563 0,5461089131429938
-11,1973680583195669 15,0649303548018132
-13,7391131826869533 1,0783269795067909
-15,2537039332478308 0,6880653196292892
-12,5445979167741992 -10,3498059572894849
-14,2498372872783907 -12,2470883766680352
-13,1752077340434379 -12,0180676586661921
-11,3360108792449648 -11,8606578578899224
-14,1764425222322270 0,4679531440488491
-14,7012449002571284 -1,0783681212786365
-13,6163459837572560 -8,7532885978448203
-10,8709325499513092 13,4398324997583032
-12,4878656936182981 -12,2773083038545554
-13,6890115864447779 -0,8316799748638801
-11,8211840827766981 0,3386560897865565
-11,5766557251616486 -11,0271064025362691
-12,9039070254159220 -10,4495351535792480
-14,7375376550615869 1,9647329447374935
-14,8177258032109780 1,0702034181956259
-13,6142051830676216 13,7767060286055543
-14,4863583856562581 0,8511474723663763
-11,8124452971936531 -12,0810496475183662
-15,5128472651684728 -10,5972332942266263
-11,8999213873221894 11,7961900115210501
-14,6802661941274497 0,1145292708767375
-15,4798199999146853 -0,4521025735921936
-10,6450490927357500 12,4776611576506689
-11,3030296206196361 -11,5576460702616384
-13,7146834192314415 -11,1930720089762623
-9,4107040800233328 14,0141089486190253
-13,1566503426514103 -1,7958218033449698
-13,8936177622321182 1,6195158711644217
-11,7061101142349848 15,6857729458277575
-14,4789979708582450 0,6363598397972898
-10,9701183989049689 -9,7345490920377866
-13,2160871593621660 -12,0691332272978293
-12,3431082009989446 14,0990780365960440
-12,8402109816001904 13,1681132654684490
-14,7847497722692136 -0,7779609744423213
-14,0955996909529269 -10,7054991368078962
-14,2431733243782368 0,0160263638439275
-12,9135991153022065 -9,5885155130227435
-10,9497570939403790 -11,5966228540621596
-12,0417934043857464 12,8286496507948247
-13,1465097501218935 12,1596372792004299
-12,9455957794933543 -12,6682601192611415
-13,8653958956526147 14,0545614388775899
-11,6772710939906244 11,9702081691643869
-13,5727966016719108 1,5718065703242556
-14,3378336083793698 -0,3498013738637614
-12,9475526650620640 -10,0515068660293423
-16,7282979797750251 0,0886807307388401
-13,2336901322288920 0,9473491727915623
-12,2958553663310912 13,4485906596253439
-12,2870713270145639 13,1314195026583622
-14,4269682056513773 1,6469864099059526
-12,0065150272542560 -11,3354875022148853
-12,1199251288517971 -11,6669620943098007
-12,0121272872766287 -10,3908769953903501
-11,9248341413511731 -1,2854992259098825
-13,1167614562013046 -12,5725797768262293
-12,6391706099782084 15,9835673118750083
-11,4794972990222224 -12,4298098945999165
-12,4034213028804707 14,1762203833042300
-13,1919279985917584 -11,3218360274138483
-16,0042909190017575 1,5777204074952289
-14,5653806910585217 -0,3285333871802667
-10,9583400432660927 14,8194067624010941
-11,2503410353816289 13,9655236109161649
-11,6846544077529408 13,1983862142045112
-13,2671667633121686 -9,4331688296522138
-13,6567497636250170 15,2706832753607493
-11,4675837640499072 14,5742651670349215
-11,9362035151591961 -12,6177310554930457
-11,8063175231902981 -10,4527172368561825
-14,5882312075832417 -0,2773681013332256
-11,8401555444238067 12,8017859668138261
-10,3285799141639920 -10,8787796580816192
-13,7844974224108636 1,3283275658817881
-14,5785232537573730 1,6467784528729719
-13,1172758800546756 -10,0196894839274400
-12,5447895952147057 14,4588507280736707
-11,7707530254042521 13,5560256235328307
-14,1970144612229330 -0,9807000780462209
-14,9048072533554823 -0,0283732516032568
-12,3156812814790726 12,6008377552974444
-12,2961518825289495 14,8101090972049789
-14,7740085359199735 0,1243581125917547
-14,0963774644727522 -1,3297432292086360
-15,1288434075836946 1,1450434301849028
-13,5603466318080059 1,1260476972592537
-12,4721658023656286 -0,0263872527901940
-13,1240512599260342 -10,6694398020148569
-14,5603288662214485 0,6082253979913618
-13,1814763516909057 13,9550323758627659
-13,3204836293572217 -0,3158574494032591
-14,2541889535613215 -0,2764538311778155
-12,5645165804639731 -10,5882141184370813
-12,6570304325054437 -11,3902130784300599
-12,8612019250864353 0,0965451396581024
-13,3819292807880803 -10,8206397501564595
-16,0417952504063166 1,9569289997682207
-13,0283309337905440 2,2063136853243663
-11,9137065616311801 14,0813735971834220
-11,6113135400489682 14,5380857149387452
-14,5371165118150447 -0,3048043633888204
-11,7381503166109784 -12,3196678197218485
-12,9311698565024962 -10,3944451061614682
-12,9109042389774906 15,0467814872313497
-14,3139212461686078 -0,6494135881220618
-11,5307939370102464 -10,6356565191276076
-15,5142188624728483 -0,3828674355744018
-12,0881264954848060 -10,8278809676983876
-13,3606212264570363 -0,6604944268917959
-11,6810040427747204 13,3057421171784505
-15,7236281395239068 -0,4745799781664313
-11,3674363514692107 13,1282616515222728
-11,6969190212954643 -11,3482130652517021
-10,6209275527236979 -9,2878666882373917
-13,2424246633007758 -0,0757339193038878
-13,1827063015309580 14,0667504152018967
-12,5446152138197693 -11,0472048834949224
-13,1069485765754816 -11,8631323864743070
-11,8640532101728731 -11,1519640153852730
-12,0156877479823088 -9,6125342624376486
-12,8890577403850042 -10,7925183874909294
-14,5076204765694783 -10,4455782821619110
-12,1226064463008392 -11,1858573913965671
-11,6904027962608570 14,2594393115102527
-10,8820958944379012 -10,4457951597321941
-12,0625591132033350 -11,4287731066231135
-14,3591461328064209 0,2756222491977707
-12,7370223015474977 -10,1815147530209220
-11,1874556294292731 14,6084712519889379
-12,7380798802005533 15,7089174133700862
-10,9836578255672741 15,0670521708192293
-11,6868547748430824 14,8877891859311493
-13,0864003730182450 0,3827460048654570
-12,4343747029573173 -12,1174683194907242
-12,0224005297523568 13,1205580142509302
-12,6643339199358600 -11,8892428185472472
-13,1083430272970034 13,2213788927452285
-13,1588584247531895 -0,2419766158987152
-14,9343489224445527 0,8984491496794246
-13,9370099656981061 -1,5734710135178116
-12,5699840786881065 -11,3937777857992693
-13,1946044003956082 -11,7912577120788562
-14,3614787067983762 0,2145497090641010
-12,4120544326166211 -8,9158435949137740
-12,0633970382905957 -9,7412193558846241
-12,5474692388972464 -0,1524234469865076
-12,1945416897754093 12,7317200619951389
-13,8840174651476609 1,1754653432951550
-12,4611943673022392 11,9226556089018416
-14,4152324446293125 -0,0845469340937623
-11,9792739288549956 -10,2447599850625686
-11,5135468262143270 14,4989772820819400
-11,8167892440364870 13,8528103965229548
-15,5075006796935142 1,9232869823506844
-11,0771602446696313 -9,2398984531850736
-12,4834250781444283 14,1142727093203408
-11,2436850218414186 13,1386095285196092
-12,3395064625186563 13,6653973364810870
-13,9115125084496825 -12,2015149747468286
-13,2620036134842589 12,9379018168512072
-13,6418557017557482 1,3133940780477604
-11,3680011164835477 13,3888912666006767
-11,5169297675558013 -10,4000801957571447
-9,5514641443697492 14,2577087165847818
-11,9629803203704288 14,2458607289159094
-11,4511424001584317 13,7705177135157442
-14,0376145716282359 -0,5805832611853532
-13,9638171854517825 0,2852804331768188
-14,5301053435473051 -0,1885885339956012
-12,3946612510834502 -8,2453559451070930
-13,7810811597666909 -0,4704709999050660
-10,7587230823472595 13,6966595049438293
-11,2765259592870937 -12,0556952610837236
-14,1407899884402148 0,8011722789399339
-11,9406136566792718 14,1341633747607549
-11,3726815263476517 -11,0857854932364699
-11,2178819641591794 12,0275905509518157
-13,1967486442472168 -11,6707507493835738
-12,4113670780170491 -10,3226532672425435
-13,1637642006632021 -11,0532314454778255
-13,2013331955706583 1,4845356974524508
-14,8556861978781978 0,2233008887765119
-12,1839600977665246 14,8352822083906695
-12,4182239736469437 -10,3079603295058781
-11,4210233712972133 13,4895431165858941
-11,7924569750645656 13,6314928970002054
-13,2454203942464268 2,0960960538491600
-15,3027654412659260 0,5190572727337213
-12,8916956331333754 -10,5089307508926826
-15,3484610686390610 0,2503533798515157
-13,0677260706373239 15,3960589138863106
-14,5345670009690053 12,8506310046780197
-10,0319786039350163 14,3901918021924367
-12,2022797867031123 12,8615605181580950
-12,8350765411384184 -10,3663297512745256
-11,6641212881596150 -9,2885476078296598
-11,3534995385769708 13,9498688464626621
-12,7778877833222015 13,6390803396906062
-12,2068473360714034 14,6893433625276071
-11,7961514006233834 12,5675514968016167
-11,6781627962704011 13,1948248343780623
-11,5013465373397281 14,3156985180362604
-10,4237205478069068 -11,0161726261765267
-12,0078010166319586 -10,1082475994863099
-12,8039330986710134 13,0724869158261967
-10,6362338417098510 -11,2710257285717432
-12,1697906648258911 -8,2968484386246946
-12,5996211592398719 -11,2332090799533351
-13,8009000750337485 -13,9301170581887028
-13,1204059813262237 13,3457864683546870
-11,6656406441062952 12,7002335993486035
-13,7252510689355969 -9,0560184027878456
-10,7818161298014044 -12,1347912207548028
-11,5085873039237985 13,3288496510742345
-13,5680204018478587 -1,4955410791281898
-11,2941584163653328 -11,6807782816470702
-11,2265162374084433 14,0350333659916444
-15,2450037149951445 0,0170296185357855
-12,1844431252561272 -9,9678835381831430
-16,0740799996833204 -0,0554869161452984
-13,1206444118954995 -11,7079455904667000
-10,7708738398563248 13,5445898790680275
-13,9220613026399995 0,6485623591215132
-14,0258884906312460 12,9077386260223079
-11,1031548760310734 -12,5414532326725130
-10,8840344573275587 15,5780154321219140
-14,1841787382250306 15,3356580570156744
-14,5464469178874847 1,0448970473968351
-12,2653054786371811 14,8802963457395414
-12,3831122033315530 12,9767620000480264
-14,4830932344909922 14,3236950212708667
-14,1040671369320503 -1,3588606279862683
-11,6651484281979556 15,0764336813930075
-13,4081490926684843 -11,3909172261465503
-11,9641539425721852 -9,8324671933156953
-10,5751298803879941 13,3168990514370318
-10,0089376359972082 12,5983464878779028
-15,3824339382501432 0,7242561598198168
-11,9123452473273481 -11,9938533259887929
-13,3613964749971839 -11,7321430673458291
-11,1259897666022098 14,5975704748103663
-10,5200990643279297 15,4517078936926602
-15,0508212505828478 -1,3021800803976931
-13,1297870136117911 13,9121283198735988
-13,2180223253311375 0,2255799608707226
-13,0081160227394275 15,1813962168204881
-12,5210929788656777 12,5868831377475896
-12,8614566033232549 -11,2967439333471482
-12,9072117840769511 -9,7596584492094145
-11,1860100011486381 -10,8221206498886797
-11,4198935005854683 -12,5454354523473111
-13,6331296297927658 -12,4836223365620000
-12,4630030999838830 14,1070903707277893
-13,7512173901481614 -0,0058218542948750
-11,2022994550720334 -12,0424038326466185
-12,4588517095627402 -9,4993200587197588
-12,0500747726088324 -11,2940303312743247
-12,3506477420304659 -11,1024834592244073
-11,0866599128895995 14,3546819953248193
-12,6209409183356218 13,5338367557312615
-13,7168546528482747 -0,4175701474449282
-10,9972596170893855 -9,6973216028531990
-9,9166568358343223 13,6429259345582707
-11,3484596129152315 -11,6456873758084534
-12,3408065530635422 -10,1713880264240597
-11,0502758820871065 -10,9705268389302297
-12,4240070386693233 13,3477636473440064
-12,0515364669008740 -10,3271297713048629
-10,1036117178454408 13,2834261578427153
-12,8177948178524073 14,5967772659509247
-13,5176455614780036 0,6395148109841212
-11,2037830344959630 -10,0406076476661674
-13,9499751431801382 0,4294995653661939
-11,1216896982695115 13,9130129487010539
-13,6106675598528000 13,5133023423835557
-15,0974490834034967 0,5363887620483969
-10,0192894394279612 13,3163171511562819
-12,2961879145061683 -9,8346677782528751
-12,2929011374446535 -11,1668252095225640
-11,8693637987111948 -11,7137363424022389
-11,9884516601677777 12,6622913281355967
-11,0801772148641504 13,5542958714702468
-12,8304791324736343 -12,1679452832825525
-14,0917214998940246 0,8016318520602824
-14,8177800648727391 12,4779298818941182
-13,5332197664903280 14,8997726384251976
-9,6991015237201168 14,0864661310407229
-12,6347672501056216 -11,5303304714322774
-12,2648936837168989 -10,5088837501079713
-11,6236013241426157 -10,1233862752063430
-14,2844341427792898 0,0686882779406499
-12,7269059969707570 -10,9510218169800044
-15,2377683521291019 0,0169815990504051
-13,5668655715054705 1,1646749683590296
-12,5131993959216334 14,3404078393797274
-15,2489732421811919 0,6609997729809882
-11,8975864190653837 -10,7023712479061501
-12,0024859246815065 -11,7899613174804010
-13,8413665859206141 13,0038340154966825
-11,8563587414019604 13,3196143215310059
-12,7633119108470368 13,1780745899726703
-11,0842840807954346 13,6769741845615549
-13,2699167574488506 -1,1301251781149619
-14,2418363046321765 1,5817098138949119
-12,8184511348700667 0,2836977937834853
-10,4589750686490177 16,1886944452542352
-13,0865957114376723 -11,0028186362028748
-11,0251499400632014 -11,4158561353123691
-13,1505825092576707 -10,6403607181772699
-12,8115429987812242 14,2051980112199825
-13,2204177080388749 1,2769154727225689
-11,1935914035607222 13,8355803066043510
-10,9995180092978622 15,5470149931092845
-14,6065936124882274 -0,8001886433091463
-14,3707332106303944 0,6322192928346417
-10,3973504424389098 -11,7773133347012831
-12,8564718854728390 -11,9152037869520893
-11,6022808289736776 14,7030799501733096
-12,5742595276071398 14,4554702802541204
-13,3055142164385529 -12,0673946107358319
-13,0525512729632371 -12,7539791812548060
-15,1790904851759070 -0,3892641258106573
-11,4482631119195215 -12,0499215038812331
-14,8173878809114132 -0,2995374680297137
-13,0219796232226415 12,5165030539066020
-12,4442354712094883 15,1806458054255611
-12,9745465792414318 -10,1693108002368522
-13,7400560299642986 12,2819570997780119
-12,6513076365391921 -10,2542896140732545
-11,9948410974249970 14,7564109757194757
-13,1830538502528114 13,6136188258068067
-11,6356496918124108 -12,2234741464044951
-11,4639299768039624 15,2797480729038551
-13,0428715829458479 -0,3368083659797406
-12,2668790259377865 -10,4876671193528974
-12,3804941078803772 0,2553844255880290
-12,5366450768179707 14,0729866283936094
-15,2021301018705213 0,8662280978817647
-10,6654532318769455 -11,4357760982208312
-13,3927138981492320 -8,8513796142828625
-11,4649069467302347 14,0905144288496089
-13,0165643605659707 -2,0342469887778027
-13,8526205555930595 -11,0077099670011354
-12,2349954786420430 -12,2531548848820773
-11,8547845598183450 -12,2240466404302666
-15,3236612463095554 -1,3030356733487969
-11,4819860102241904 -12,2474476869525279
-14,2113213177354627 0,1935743905478689
-12,4856926807014705 -10,9512343585895398
-12,8070917458081528 1,0963009263135040
-11,8018480478330972 -12,2348412850064463
-11,2121578563558124 13,7136644694835681
-12,3384150550093246 14,0516425580083215
-12,3346804239672334 16,4108510213026264
-12,7655662429605297 -12,1740366912653251
-12,5123716533739380 -0,9366453324776807
-13,5757510203481466 0,8760855323719777
-10,5163354356377159 -10,8395734472921550
-12,8107193625792135 -14,0486654189345987
-11,3513169830882674 14,7489485181053830
-12,5965915485838238 1,0223056129474473
-10,3924856577303295 -13,4244856225281239
-15,3011245643481377 0,0131870879170950
-10,0118515526109935 -12,2052287104059349
-13,5108376976333062 14,4087589138873682
-10,7117655767515085 14,0622886600723920
-14,0562391492695102 1,1582964753989073
-11,4008911429838360 -9,0138074252586389
-13,1410791319729068 13,6769944081625106
-11,1493947914186098 13,4536834308060573
-14,5036352536082251 1,4919589447770556
-12,0154391528504831 14,4902859003457838
-13,0133056262030813 -10,2937661001725811
-11,7102674867702188 14,5636554820292368
-13,1798145965713633 0,8137059745175639
-12,2039142411612609 -9,6913406464076086
-12,4119153855273705 14,1576553856947971
-12,8812525486467617 -11,7114215478045818
-13,0120594619966106 -11,4030088260962224
-12,0611933171653565 -10,5286784784435596
-11,6861285968781807 13,5340332255604672
-11,7655779696622922 -10,6782930878515963
-13,3685788331303321 13,7584280298271846
-11,6605302055248181 13,8588994108410546
-14,0809270453726754 1,6418137062512057
-13,3346176135247951 13,8838162563090357
-13,5208629769756570 1,7071219956397550
-15,1281731293060506 0,9011386502012281
-12,9151356111038904 13,8009254411211639
-14,1897484998369006 0,7978305448652615
-12,8546738352233731 12,7504335292175597
-11,5484132259372991 14,8054417456457816
-12,7494747484021769 -12,3855780511490217
-13,2888421634937366 14,9685303648906665
-15,5494325721808728 0,8854440547225380
-12,9554098612709296 -11,8201251258242266
-11,9174708090103749 -10,4494743424843310
-15,0250376263513736 0,5797740366699959
-15,4149551504513500 0,2225827389760611
-11,7770882333684632 -11,2947413766468561
-15,5070711085243627 1,1367887296690538
-13,7858209597582775 0,7422469170593702
-13,9230130323587282 -0,4215807667485904
-11,4274948094433988 13,2377758730406381
-11,4755481429036585 -11,1201018338672650
-12,2042221567651570 -0,4296657167625522
-12,2557656826092511 -11,4709674259336278
-13,3453354184790314 13,6010979667160576
-15,0334474943846690 -1,3748650061986891
-15,4741840921864764 0,0506343176194672
-11,7009405188481210 -11,3765136530515694
-12,6203554387827790 -11,8735530922568131
-15,6331444786906442 1,5482612241309253
-14,4913738167302881 0,0062963607504587
-13,1057141520645484 -11,2650739662358390
-15,2893608749718251 -0,3748407315108532
-11,4905018460012247 13,6313671954525333
-12,9714308453399347 0,2746902582370674
-12,1299828600711255 14,2158711799610256
-12,7819685412504231 -10,8408265997659505
-15,3528098485271620 -0,7029542461404966
-14,4646108200510852 1,3817139914281351
-12,4392875321716776 -14,0038179030808028
-11,6481198112527800 -10,1791695304724374
-12,7931208492439321 -8,8312026274785413
-11,9706180052359326 14,5611984594392876
-12,4550154547240020 -11,5273511946605076
-14,6591342060148762 0,4142289274696261
-12,5373290405872346 13,6225603516028642
-11,7711530941606668 14,6317370046991222
-15,0699401035843294 -2,4884735439177423
-9,6710225131947354 -11,4234180559787308
-10,5417429078868814 -12,4257472130192319
-13,3545826464661257 1,2177322314133634
-14,1863592620682972 0,6440704936188519
-12,8115899220602945 13,3625429654487231
-14,1276005001096419 -0,3166188560797520
-14,7641516587476609 -11,2854221699312269
-12,6729946198860564 -11,8236520717703488
-14,4438302960516705 1,1874500435021100
-11,3357292813866586 13,0984078614431070
-12,2124653824115494 14,5706620673455269
-9,7314718034645331 14,8000057016477964
-13,6179013252414833 0,1041032103211363
-11,4602681582092689 -10,4243693360909067
-11,4275237118508315 -10,1467138823454945
-13,8007012221592156 -1,0048103246463456
-11,7265482006631228 13,2482702096735370
-14,8180052486575899 -0,5110022955453364
-12,8433730187191948 1,0871259869301444
-13,0745631942480589 -12,3422360545484882
-10,9051835321433366 -10,8440560190140101
-11,7602576089935464 15,4752172572838091
-10,5294554486574299 13,5281145092268709
-14,2133220600879913 2,5286857267739418
-11,9503187665925363 -10,3322918393388363
-11,9151197095209227 14,9578165941465286
-12,2908674700093261 13,4877766432547688
-14,4709519102236932 0,7293760440407504
-13,1158329670196458 15,6298174890171815
-12,6071825157609076 -12,0458971589425889
-11,9330741309280999 13,8634641608832130
-12,5092253536547098 14,4174575999595405
-14,5289360905761082 0,6109246294707213
-14,5839976259271982 -0,2140874903057920
-15,2071519550352559 1,5926114326547005
-11,1896503486202015 -11,2101737558029058
-11,0303803842847472 -9,9574694371953143
-13,0240617567146373 16,2957515988293018
-10,3454103136884239 12,7360116809719663
-11,7146276049002989 -10,8867517734291663
-15,2516341548837016 -1,1368997759835513
-10,3364252470874387 12,4328037847470867
-11,8991357785130720 -11,5296652481538029
-9,6928374689512378 15,9407593612595360
-14,5688978804922620 0,9446154828007658
-15,4296843965418020 1,4013385707355768
-12,7875442873178748 12,7867369808626101
-11,5486612541081612 -11,4628099002684962
-14,5923874152267032 0,8811835800576897
-13,7537005524695974 -9,7969257887202321
-15,1241575781532962 0,5576065771447818
-14,4414144633758834 1,3372786075880458
-13,4053225699279892 -10,5713984279805775
-14,0057446870470379 2,6098864962235173
-10,8372631731650717 13,9214376437870193
-13,7709593157741761 0,2601608836597138
-10,9001443169635621 14,2920484454135099
-13,2082123495461765 -11,2490923824769542
-11,7642752995241313 13,0571549375047660
-10,3113079553304985 13,0262004196530459
-13,4118415746498929 -12,1284955899920224
-13,5782823597488456 -0,8322311814799084
-15,2970732056976679 -0,9557866398525170
-11,9724051337989295 -10,9329192727582090
-11,9590487744830085 -12,7334847373459095
-15,8070209183178054 0,5816994971051676
-13,7496637484649842 0,0195353130412974
-11,9856328624935333 14,2516768542388039
-10,7909129169330207 -12,1052422450711816
-13,8842019254014826 -10,3697489761848978
-12,0567295288945200 13,6176385878781758
-11,1602974599019475 -12,2851197447962015
-13,7748337263549843 1,5660584883374511
-11,8042241760895710 -10,9576603736273182
-12,1778599189810457 -1,0607527367385241
-12,6073960747222440 14,3809432148068606
-11,0301545200017355 14,7011157627449762
-15,1926806005851045 -0,9513912826526600
-14,7148260779472047 0,4513201379318261
-11,9902497307132379 14,4728211407574516
-14,7491506883345505 0,6572544747806881
-13,5438240361526425 -0,3976012799277197
-12,9652769409079465 -12,0556832531074605
-12,5597075808907732 -10,9730583996167059
-13,1489017861802555 -1,7573941318540824
-14,8117397121992589 -0,0073085537064251
-11,8093536472891305 13,6382073353032798
-11,3723091081922654 -10,4671282158195726
-12,6506058906408718 14,5515411591770398
-14,0663611499069727 13,4949372026733965
-11,8399094170182675 -12,2191088455835839
-12,7908374016954109 -10,2486446211944724
-12,4741634290953414 13,7452549736656984
-15,1599031426169173 -1,3522547451592228
-13,9376668356693347 -11,6953572866814604
-14,2345737985372125 0,7404338977602241
-14,0158395115058525 -10,3557172966339550
-15,8304685719918066 2,6966977004966544
-14,3303868619409549 -9,1801739598359955
-12,9816314093002578 -1,5979417790860340
-14,6752462433245601 -0,8424541654662443
-12,3279921236979870 15,6569676868254497
-14,3880683255882200 0,9420250201235699
-13,8684565063265843 -11,7130305362365910
-10,8463840637739324 13,7010287349867461
-14,0380893932492086 0,1447818640184333
-14,3309321076096019 -12,6926500469366133
-13,5548584856393965 2,1119530036834915
-13,8363852311485793 -0,3720807380056429
-15,0388665522951186 1,1445771509600799
-11,5170397513464540 12,5946848711681785
-13,5847240365732151 -0,3998637900236981
-12,3133142727547522 15,3223790398994133
-10,8553774071260101 16,1954881883024768
-12,8947905759237003 13,8884357413953889
-12,9083747142783558 1,2614090135603733
-15,4486514666812926 0,5296211529698072
-12,9336088524060244 14,0078870957255681
-15,8043433885793334 -1,6011154680568158
-13,2173681560853993 -9,7629338511002342
-12,2600490543552869 -10,8897203087744536
-13,8784760866778161 -0,6244774616502580
-14,1475764813436822 -0,0574363210872543
-13,6438412943931837 -10,8309933208660247
-11,1456411937306061 15,0345588135676387
-10,7033859321950011 13,9441615453856809
-14,5947535174297833 2,8340263762259919
-11,9891830053951907 12,3176077516763947
-11,3021237344471039 12,9241628373119859
-12,3765398513158580 14,1911859084477410
-11,3655412389178530 -10,4426122230212020
-14,0039790353235585 -0,2418136957813051
-13,0483105383019815 -0,6654936269466084
-14,4706422562549726 -0,6004706015256480
-15,9161766491157834 -1,6256043026913631
-12,1961728590983753 1,8880376021022967
-14,4348215692227235 -1,2826455151348659
-15,2005723023696007 0,2455457813641473
-13,2228791255296265 13,8047511421507352
-11,6762294284120109 -9,8099676156772944
-14,9916187045056279 0,0697314776244644
-13,2044752744139835 -11,7208930876533284
-14,4586244632238348 1,3437953441537553
-14,6852474879404351 0,5653519122393902
-16,2352734790082920 0,7915416930127473
-11,2402055375666166 -11,3329866767342775
-13,0166573430218211 15,4481146898186363
-11,3818615179629958 13,5985346852269409
-11,6773608995912870 12,4804869616058394
-13,8439142487720304 -11,0630586468798722
-12,4213515458537120 14,1033877209283371
-10,9702609198047814 15,9918621752092527
-12,0062421441723686 1,0535321914573006
-12,3854233587896765 -10,9601959486269021
-13,2731192573512331 14,7177295547249738
-12,5238007677658079 -13,4729646720449487
-13,4903930402857331 -9,7690077308799790
-10,9514005522810649 -10,6272506595476379
-12,1509560376072265 13,8540557824866131
-14,8538182622172474 0,1335473884052327
-14,6272320306129462 14,9750831798961066
-12,9597570011646201 -13,0134944373661128
-14,4725470691533111 1,1161651869985643
-11,6719103243064577 -11,3492550845615696
-12,5766642909257715 -10,1546766647656099
-14,8085427978198698 0,6294479931053907
-12,1170061976267451 13,6445295494942620
-15,4265100432340017 -0,0635478512937166
-10,7107629358099441 14,4187333184701547
-12,0055947745442992 14,6042433910361034
-13,8225434455605658 -0,4185832992609276
-14,6632929375750596 1,2612299976599473
-12,2990807749791458 12,9840370247532064
-11,8045242226513132 13,5010291295254632
-14,7194483386902419 -11,2909914670676468
-10,5626255148943589 -11,6773358849474338
-14,0204981914030835 -0,5391151856289574
-12,2967905413723546 14,5571055236338758
-14,5830996309880945 1,1352085559779068
-11,0163179696861491 13,2520438818889303
-14,6305133512750167 -0,5836353727911285
-13,5343703260526578 -0,2288911331531299
-12,0027702320435985 -10,4141616891974120
-15,1947024178409986 0,5041864195147395
-12,6496849292590134 -0,2047913384348611
-14,9443830861930085 -1,7745342268245330
-13,3939532085944357 1,1806651541887159
-11,2549394755860934 12,1217726822280962
-15,5644665250054501 0,9178213029965429
-12,1610328858702772 -11,3101308268319940
-12,7757806055615895 14,0183092222006263
-14,0048027128924222 -11,0977208937024905
-12,9690877439136578 13,3005554726419319
-15,2873776215155530 -0,7797690420633399
-14,5516817039428670 -0,0496064280478887
-12,6534180288449782 -10,9748132091997110
-13,6630592318251249 -0,5265318019419112
-11,7149345195505106 -10,5993175117970999
-13,3940341682338762 -10,1821994908078040
-12,1754747007515967 -10,7802509743000989
-11,3894723322448925 12,3607173938342960
-12,3774028158215135 0,5148656458193051
-11,9098263317802839 13,1611071476026087
-12,2952823813341663 -10,4028625334086477
-14,6501189291544449 0,3133210622559239
-12,6660382490155570 15,5008961274621644
-13,7845398780910955 1,9245431617342230
-13,8876205665622141 -9,8890981100174482
-14,8292051773706977 -1,3382727888245973
-12,9904483156151382 -0,8377134790331140
-13,1409520016549060 0,6919529047877895
-12,8302064049088429 -10,9516366780920844
-10,5207771382158448 15,4731257451612692
-11,0026848638213828 14,9333882083920777
-12,5477001398966710 -2,1087221981471029
-13,1863451120624386 0,6347970416261625
-14,4131916886560987 -0,8094384671378791
-10,5382954521454053 -10,9731938492167789
-12,9299306628592205 -11,7848528248414386
-10,3572724806584606 16,6922149158476465
-12,1691171698120471 13,6086436756022806
-12,9950554394313169 14,0597529919050004
-12,1178324994915556 -9,9119653733851312
-14,0430518574094236 -0,7681678725468835
-12,9564353992674377 13,2563025422495109
-13,7058788622043508 1,7117495881193230
-13,5014183552380338 14,3310114263105302
-13,3994165022280374 1,3558462226485322
-11,7753034062261435 16,2709994394396169
-12,2286265980924451 -11,3558637369691962
-11,6523239173388991 16,6336556747508766
-12,7735902951829559 14,1185972407002005
-12,0917558961280829 -10,8681647106069370
-12,1977775615417858 13,5646997640432208
-12,6096796435627798 -11,5786876534645380
-12,4577345262365267 13,5811986532167239
-14,4248737993979184 1,8855754938372242
-13,2374547074895119 1,6185907457830144
-12,0428211843494228 14,9830680936324736
-11,7400840315783057 11,6866090244205676
-13,2780856775710951 2,1531745067420300
-13,2214756068429651 -12,3704094634587189
-14,3383374168088995 -0,0725313018303532
-10,9774974509240337 -10,1892547741330581
-12,4343244913495568 -9,0873260342432580
-9,9287820314739985 -12,5895079589768493
-12,5383473757113926 13,0784539882066309
-13,8396182824350102 10,7025584941888638
-11,9295730431800031 12,8842005014373733
-15,0319964858418178 -0,3999364518243946
-14,1379982752407312 1,1464970863126454
-11,9302401815809134 14,6257569292755853
-12,1883966578573233 -11,5052859878163360
-13,0324349457944422 0,9190133608738218
-14,2321624011591190 1,8579074255648358
-12,6871940261886191 13,4940355601297775
-13,0352683506234861 13,3513441739030725
-12,9588642063477550 12,4961592108976447
-12,7274131664795860 -11,8953820386438878
-14,2914283885261213 2,0052905168598678
-14,3156777997650249 12,2952068241903412
-14,3147798030557851 1,2150060753992937
-15,7565113109524511 0,4671539258972310
-11,8700015948794029 13,4007190653140942
-10,5810811527053890 15,2737483158083993
-11,3970257561545480 -0,1263752030883513
-15,0380309338561062 -10,3005036380245869
-13,5709536842378373 0,9373550679247254
-12,1320863580219171 -9,8587447781582682
-13,1210878926470205 -10,7944238600237341
-12,8211933534149232 15,4984142789629953
-12,6184058374453425 -11,3329354712749275
-12,1611805956118140 0,2991080147903649
-14,0871358406221709 0,3113809011097495
-11,7636567393873772 13,9312238279579734
-14,1229449724555867 0,7054723468110642
-14,5418757459727530 0,4161792883870719
-10,1124544463322596 13,6347684729891601
-13,7930004574044034 -10,4169259766274447
-14,3247653277979659 1,0286411339606727
-14,5667667247764534 -12,5498958607313131
-15,0109883550360763 0,9417580361868916
-13,1411898984831534 13,0842732066107033
-15,6858762280487269 1,6343810402562693
-12,9938867415776720 0,3828485931283380
-11,0931046990644759 -11,0966610387405460
-13,2821023256732289 0,9288067452749204
-14,5120634132801225 1,3781707606921791
-14,8050064105575494 -0,8914713642849244
-13,4531625529526728 1,3561881441776220
-14,0873468831797641 -1,2369122537393786
-14,3435220733871365 0,0122391287058076
-13,6661502051591803 15,5277850347281561
-13,3157827477352040 0,2176115302580152
-14,5851704404553573 -1,4300434917362621
-12,1611861169923365 -9,6156597304102771
-13,0478467907760507 14,0493696272444950
-14,8919421912145751 -0,2152829727586367
-14,6508260675754247 -1,3350016506215607
-12,8251167760950082 -9,8772428793383167
-14,7786180127941691 0,2015650994948605
-14,1421702073672932 14,1995944765091053
-12,0170724295563573 14,9648700823867564
-11,0202761084357803 -9,7978309474723755
-12,0246625581654367 -11,5637822072327658
-13,2744141112571974 0,2085320483796592
-10,8897646774055961 13,4185512436091745
-12,7791763698471463 -9,7911806492590259
-13,3641417503589288 1,0661671995366124
-11,6723014331038009 -10,8741338515169819
-12,1992199877674938 -10,4381766994606835
-12,2854447599705381 12,9714475089093391
-12,5463575690873537 13,2014508192930808
-13,7230073629399172 -12,9685158660219155
-14,4387083246079975 0,3570100824924822
-11,8679415053788002 14,9753433379230998
-12,3676548968541944 -11,9711396511658918
-13,4081730381887336 0,4587652516076842
-14,0379816085937126 -12,0938652559438040
-14,6584581249719434 -1,5881685518142425
-14,9253781539356858 2,7482368360604208
-11,9983752341823955 13,6658711093805234
-13,8012245720414306 -10,8124853984610301
-12,9513820352452136 1,7924870114465790
-12,8813502341527251 -12,3483225846931788
-13,5215104457957125 -1,7298362830343068
-12,4600184228646018 0,4495953908310967
-14,7096371336634064 2,3757083097661380
-11,9835744702004909 14,3888926700172703
-14,3358295662886892 0,0836875438675931
-11,8475217202299241 -10,5490621966254654
-11,7854546723867468 13,6925387992371590
-12,3714402609388809 -11,8128684820891330
-12,5400316506284675 -11,2245104808874707
-13,4156775446520200 -9,8942300501725562
-14,0943247722516176 0,8208615914791779
-12,6180863081847399 -0,1474507422672930
-13,3422771803360707 -10,4186444126729398
-12,3925803426164727 -10,2876050831867047
-12,7956537101029646 14,8788061430498519
-13,6171200476274787 1,0004569829855714
-14,6178634093142445 -0,8536797334579578
-15,2151981986179639 -1,0353859160034284
-11,1629532646379719 16,1229763404072628
-12,7354688995669889 -0,8691260482432206
-11,0022551497456149 14,5139173871038896
-12,2973982291299233 12,7643460987235144
-13,1218143680689785 -0,5173644915781280
-11,4017956765673976 15,4343565145485968
-12,6829599615307167 13,1177111239962336
-14,0312858171185582 0,5787153889193595
-13,2577792662714700 -11,9955710308815675
-13,2724085263090199 0,1054217613168671
-10,6110922721088983 -11,2743952535617673
-14,2409824345360772 -0,4931895502932209
-13,2633518957395857 14,9027391928885429
-15,9153701386494397 -0,4286568906119929
-11,5248718494480684 12,1603697319009445
-13,6103149613971155 -12,3177359677109095
-12,8973313909193443 -11,7660163882314439
-14,2660824231522092 -1,3762098568801957
-13,1175987217682479 0,3454582680701019
-10,9138512115359312 14,8067898750730809
-14,4647181565727063 0,2494641172443374
-10,3590694721171843 12,7248306039298384
-10,6915710014975041 14,1337844125463281
-11,3278458214876832 -11,5223988735371545
-12,6230221089677794 0,2559535289719799
-11,9256909801064293 -10,6503194116002167
-12,1618412910699547 -13,5460077448849425
-11,7767938340917961 14,3264251720588227
-11,3813559699609339 -12,7279312614227731
-11,1959182249448030 13,2572206491690938
-13,8969002099442314 -11,9294943088768495
-12,3651048384943891 -10,2840598006858368
-12,0559351065287359 -11,7853040426296527
-10,8475875231339227 15,0174580607823831
-10,6894833553852084 -10,7823935976554317
-13,6105538945271789 0,8777090770914745
-12,1637075729841104 -11,7159589546934768
-10,2851448945961472 -9,6836552731680143
-13,7075281249025558 0,1844599674854587
-11,7592041475381155 -11,3951052856536279
-12,7836591877979995 -11,1032786087099797
-12,2923642900330226 -9,6829585685495356
-13,1559717801201277 13,6714698929889611
-14,4912550553385486 0,6778826195028087
-11,5665214761634196 12,9077484845042196
-10,6669982030873030 -10,2861727571982691
-12,3665332670127093 -10,3230738083864608
-13,3953626124628755 -0,1508294929431075
-13,4419064813994851 -11,6357682815794501
-12,2206538967151825 13,2675853222888289
-12,1739703093935461 -10,6546805786340890
-12,0222570993652589 -11,7463905728735192
-12,7154525984319804 14,5570218021653268
-11,3812593880156889 13,6773859187317388
-13,2067430218381752 -11,1535915208366756
-13,3265349433847309 -0,0035113609578680
-11,5465699756748243 13,7427216898799855
-11,6371988961253283 14,6744829160679178
-11,9054663772503719 -10,5535509430750292
-14,6080653871091641 -0,4679935398592218
-11,2486671094988644 -13,0180177612071564
-12,8966455493444077 -10,6632079192086771
-12,6821795143106222 -11,7109560884509953
-12,7598606855602270 13,7064759694199765
-12,3854002949276598 -10,1044510352658179
-13,9531766981942837 0,4133698200963776
-12,8473824919351465 -13,0045869077604426
-12,5962609760452455 16,1058278226786555
-12,2945280707527669 13,7996663495947427
-12,1003352634337968 -11,3651733465583504
-11,0916091306136018 13,4475752373876780
-14,7602190861770275 -0,2190799037408389
-11,3161586951864130 12,7755451772262880
-11,8998614336357278 -9,9476405156217300
-14,1390721849794971 0,9899005235138024
-11,7403786442453093 14,0378077798591434
-13,0965191642125447 -10,4648697983075785
-13,0193164302276081 -10,6013650983587961
-12,2440897918386877 -11,9623938588778707
-11,6680775818273830 -11,0290018831321888
-13,6782803996830804 -11,2080972017438967
-12,1080447990038831 -10,9229362686454294
-13,8339730260465004 0,2360145348560772
-14,1865760477097922 -0,8445901630259909
-14,9005734761075228 -0,6652513700449232
-15,1134473216592369 -1,3981103255115719
-13,1330021361170122 -11,6193052478754613
-10,3461266766892717 14,1614442650505321
-11,2399263560988629 13,4137079612862902
-11,4555276741090015 12,7650838466591541
-13,2236472548653659 13,6770466959499490
-13,5602076982691671 -10,5726489968079722
-12,5666020008528410 -11,9866056383742876
-11,3719318487419425 14,5153431320664268
-14,1392611125878371 0,6488866446460114
-14,5036478686938661 -0,1323210907170398
-12,6536773082616616 13,6871970132238090
-14,3935535867455027 0,6121731124893768
-12,6282777600732707 1,1741218453033193
-14,5168332350361329 1,1696456470679850
-14,4296408515834642 0,7775952850550125
-12,4065145735421414 -10,9575678628454494
-10,1134360537534107 13,6842539584506042
-11,2818627759199455 -10,2214944243564823
-14,2182897380418822 -0,1414667255533222
-12,2584646605475651 14,5728950808378546
-13,3645025138583389 -11,3552450070178619
-14,3788441690905433 0,3228945359391661
-12,2339310894306958 -11,9255658826569597
-12,0275266758417629 13,5594256501950952
-12,5331979412893659 -11,4599504202818991
-11,1215243730898496 -12,2543319346785609
-13,6820067177336693 0,1087239581021115
-15,0473006446672866 0,2040552909777025
-14,1066911621888806 -10,6325754508866979
-12,0319455518409626 -12,6544377405373378
-11,9403994388251053 13,5508330935446288
-12,3285036844339650 13,7961972789245753
-11,2489765536049511 -9,5132751723211264
-15,1495292968765867 1,7246487132270742
-14,4032830904267648 -1,0323516238068069
-13,1797552095372659 1,1315997632398755
-13,2704625961760971 13,1159087874445213
-11,3286739412025650 14,4136267025838922
-14,7551609922408886 1,6804818834418596
-11,9503417347035121 -11,0690485852046212
-14,5286082092344042 -0,3459427224650746
-11,4050492472512470 -12,2098345615431594
-13,1747904968265122 -0,9295547934536423
-16,2564726356298550 -1,6899431851438997
-14,8108688660565662 1,6902441500032968
-12,3394696640709807 -12,3280672993498452
-14,6995324953805095 0,8154775483979901
-15,8639584661153741 0,0173210739812721
-15,0016652626786282 -0,2077374878261400
-12,2948269340497376 13,9317555440553615
-13,1393491537766582 -11,5458888442207215
-14,1557529475722745 -8,8097895448472094
-13,6278497981488496 0,6299782495847053
-12,8173893090426301 13,5794637424068210
-13,8617216583412581 0,6612055763838116
-11,2500697998940904 13,3341689743073246
-11,8597659700921749 -9,2767865165906223
-11,4224380647338712 -11,8420029793626114
-12,3531353733304083 15,3610093151501772
-13,3829858472415584 -11,5446258672928295
-13,2337639078802081 -10,8412522206650195
-10,7617215344498778 13,6363087145150228
-10,8969507329936164 -10,3620626650085814
-12,1027059281248572 -12,0924281127126481
-14,5677467250919133 0,5175059053472711
-14,0892314342926710 -10,3034689914362225
-13,1671209382765984 0,3707896550535469
-11,5773230154800757 14,1826529263051206
-14,3042722064707561 -0,3090032512288915
-11,8765266425256488 16,6335875738542533
-10,2051993620006662 -10,3585768814550754
-11,5705527352805788 14,0294129595385009
-13,2825003269667317 3,2368393697807050
-11,6946841271829669 13,7520441124971633
-13,2226542474565889 13,4352710600637391
-12,1421180607627814 14,0409406345702497
-12,1579343657483108 14,1111352363008553
-13,0125573671974735 -12,8128694195843540
-11,8836527523049273 13,0638367989644539
-12,0472181752205074 13,0992712917951941
-14,6685098970851353 0,0283830968106733
-11,6887795450448309 -10,9162347430566857
-15,9113509807765361 0,5799109942327199
-10,2225845437525962 15,1567724237825363
-14,2106375158601121 0,6146763664901294
-13,2714028836428284 -0,3545413804951467
-15,0868107279163617 1,5274062904130636
-13,8478013361002983 1,2289419439725764
-11,2678275044155658 13,9398980773242975
-9,3239724339937240 -13,1132026695918711
-11,4413379370067290 12,8862149596633238
-11,8528276895346227 -10,4624743488896357
-12,6241509042698752 -0,6506805539631239
-12,8440734496636004 11,9501601100554140
-12,5877106014130984 13,4457311363345013
-16,0726197086229448 0,9944570029056092
-15,2025426238384256 -0,2032090557477976
-14,2732747119653673 0,3472012999142131
-12,9855269428273523 -0,9129271308862015
-15,1764117798067364 -2,0603479398600220
-13,7592930177756081 -0,6574649735510110
-12,8906040585699486 -10,3180950927016948
-13,3394486581042724 0,6897542568168156
-13,7576073610549603 13,0883684541061776
-12,6470246557640902 -10,9851983324283466
-15,3542239490609340 0,8399938359473467
-12,0476821199072326 13,8035683561489684
-12,9051536581926083 -10,9630622640193742
-12,8677407971289810 12,9839050472745328
-12,6019926452180702 12,5282053051589628
-13,7084143641959315 13,4493022783029197
-12,4568111923655636 -11,3482409669765474
-12,6703410325364629 12,7424141802230970
-9,9810879038801801 -9,5619529550536839
-10,2980417373202009 12,3226954789477841
-13,7195435140678583 0,1422702929644389
-14,1104397822132626 -11,6431817845580081
-12,2813316849858651 13,6695142818117574
-14,0612568571155840 1,0585891932203497
-14,5926940538135490 -0,6334055306424031
-12,5444205145113923 -11,8904171168384973
-13,4141061538940924 1,5857586612634096
-12,2529236261813299 14,5251955442835943
-13,9613764272942120 13,5196044978240693
-13,0080586115247936 15,0079804925464799
-12,3991109656386342 -0,0541121330419572
-12,6814428756310527 0,0395504813923638
-12,9756818658460915 -11,5099235769412953
-11,8704129436955110 -11,5492761303138778
-11,9496231239795385 -8,3751058234956073
-12,3615454611096656 1,1122176069021963
-10,5238563455577925 14,6911857567866928
-11,4733546435089870 14,2944460905515207
-12,0291440679978123 13,3894875754597340
-13,8110065422876005 1,1212151700352255
-12,9208202410505475 13,5836179086867528
-13,4771696471728006 14,1039525235485144
-14,7573393204314840 0,6552844537722418
-13,3015412904448027 0,0268528417253795
-13,5094204423020194 0,0709671776646614
-11,8235915292363476 -12,2613933269448587
-11,1274815431973355 -11,4321642134037020
-15,6196200708640873 0,6717479819503684
-11,0545424994124986 12,2903285979196788
-11,2918554541068907 -10,7673829128796115
-12,6391448538988627 -9,6944314703558057
-15,5892991734010078 0,5309902784148363
-14,1783525647361834 1,3633874580015861
-11,2681710294006816 -9,8959141060514995
-14,8103271949353772 0,7084249157452334
-14,7986074233419380 0,9562221120036661
-11,6604171530305152 14,0597785375591915
-14,0122367903514853 1,2876725540748066
-13,8265952732508737 0,5288797808669213
-13,2479901012351764 -11,2667881561528702
-14,7753521884898333 -0,7945738149812067
-13,8901164620421298 -0,1442151036133081
-14,2366947254406231 0,6996535385786520
-10,9028975004509885 -11,1545607971054022
-14,1153653831078287 1,3845227182321855
-14,2969600305309434 -0,3576982288163059
-11,4122750721338448 13,0290171872856000
-13,4552450358126059 0,2833064121344556
-13,7728545660897836 12,9594094818650163
-15,8865822640817189 1,2276912256650911
-12,2280907771387568 -11,0331287626849015
-13,1501517404938522 -12,0958174082712340
-15,2750862069867601 -1,7331745075376661
-15,1017680924315005 1,8492653085348758
-10,8251512255005711 15,9792731647556359
-12,1243101335175965 12,5338225099487541
-12,2336538901843674 -0,2526220150096256
-13,2691804485782523 -11,4568604096406936
-10,1848993657670661 -12,0241057524557320
-12,0835757401243882 -0,4057872057784715
-13,2038291266681824 13,4858822072815805
-13,6236820146436699 15,6463051238691371
-13,6521354183047965 11,8670003008705791
-14,3092760681321227 1,7142106048870813
-11,1862780513064379 -10,2195104167217874
-14,0461973137984053 -0,7517713276618436
-12,7534599952552501 14,5869439151591358
-15,3976872479209614 0,6692671373260735
-11,9613583977759159 14,0661592585640367
-12,4234954449844857 -10,9993971289092833
-12,3622569969777043 14,6368699323002076
-14,7740029801562098 -0,8343932821794637
-13,3863848568584096 0,9671807895989082
-12,8918885578077056 -1,4486463486420273
-14,5162677646352005 0,5867161011997087
-10,7530753696097534 15,0869445782213987
-14,7463898395602477 -2,2886680352294673
-12,5445595492619333 -11,5530580168513630
-14,4409989287319593 0,6778493220418118
-12,7845492552682725 13,4711543074454383
-13,7119515012758324 0,9643372685544753
-11,6860500828550897 13,8090504859639953
-13,3892640888312133 12,9391025325647497
-12,4871447793583474 13,2018877357544131
-12,9901759566147472 0,6848640325056319
-13,1578155594396673 13,4667049354651169
-13,8462303331157237 -1,2796571467414715
-12,5220338553321398 15,6611888044398455
-10,0350344764287307 -11,0372398608808115
-13,2539996429440503 14,6082868128453836
-11,2821521552887223 -10,1137703244037471
-12,0739348221845368 -12,1253249071276414
-13,1466235023541618 -9,3642741869128443
-13,2666571177611718 15,0108786363832607
-12,8985651044510341 -14,2533446154184738
-14,6207318481078374 0,9107922656992211
-11,7383352304272819 -9,9943479963869777
-10,1634653695695683 -10,4319708490995264
-13,5007891079430866 0,7290899037737195
-14,7553649605723418 -0,5622709508545899
-10,8089006686810229 -12,7726520838025017
-12,0631011945934326 -10,8029810521733474
-13,1669054205463620 0,1050557829561406
-11,3449130040923816 13,8127741665664949
-12,1523267416839538 -11,9154647257573298
-11,9201708898288743 -13,5149165908891309
-13,9856974183649374 1,3556126251782321
-13,8751201709003809 -10,3826342071325275
-11,0573182692276273 15,4453887423157497
-10,7484871543572229 12,7259504765260587
-14,9369328526819682 1,3604656830593425
-10,7934193805992766 -11,1779170867200595
-12,0696712443867629 13,4552027876985285
-15,8037794177130255 -0,3129781700298306
-12,7806985926718788 -12,0372495707902267
-12,1263114435166042 11,4750099640647925
-15,4072538574821287 0,4038697149921738
-14,1655134290913605 0,7185544916827415
-15,2343377078891216 0,2456718370731206
-11,7260041558396626 14,0497846164802009
-12,8738096012008327 -11,1549081760452271
-12,0872919050521457 14,9432932770957656
-15,2612314211315905 0,0675220643649483
-12,8318155707895709 14,4897204345667134
-11,9386785151195394 11,7022472939200828
-13,8057763290382649 -1,0678881191471135
-11,9045516808148300 13,1166655151802640
-10,1434178889968631 13,9234374184003595
-12,8999357757728887 14,2223939861566944
-10,2818620379485406 15,3501214069101728
-10,5367583056910377 14,2747700435539659
-11,0918352942143343 12,8156768572362907
-16,8521453975727198 1,1941325706262358
-13,9079947715204764 0,6319615252562256
-12,6162897854644882 13,4458505015930641
-13,9272135024418446 -0,3298762969333140
-12,3259134067681728 -10,9687738921708160
-13,4081234611388709 0,2709557864730311
-10,5991343319743976 12,1823170573215371
-12,0197010101169344 15,4404553147755585
-14,5454112188300027 -0,0977949243003191
-15,5041288872728558 0,9786592226727946
-14,5857187519710028 0,6286285625336269
-12,5918550491381680 -12,0490141680750682
-12,2773934799158173 -11,7146898169628866
-12,4363846227282817 14,2683319353522471
-14,2540103218188055 1,8593208922282349
-14,4900545068016768 -0,7349469917498841
-10,7440637912832955 -12,6379860464282139
-12,2317231890271554 12,7422588190715924
-13,6518843404634520 -11,3957972017371088
-11,8517697267921474 -10,7624095867842868
-14,1371919426348605 -9,9015837151785391
-13,2992932121929286 12,9417076252883039
-16,2551643582308856 0,5108278003932796
-11,9081378751945177 16,1228339236349321
-13,2750709784209100 -0,3135740079416270
-12,0628882933722199 13,5383942358889886
-13,5935973360900952 1,0836957485548646
-11,7104689461723304 13,0910738600943937
-13,3699879349478330 -11,9517049795326038
-13,8317087786958730 13,4598061551769224
-12,4880327036342038 14,2177566006876912
-10,8646095348647300 15,1139041824375511
-13,6628210234780560 -10,4199564379321004
-12,9277132947153088 -9,6151122205307278
-14,6194110111116018 0,8117487750241577
-12,1183893553121802 13,8053395863473654
-11,7721603912971329 -9,4518529587017444
-12,5384779798750348 15,3125886203491000
-15,3501560566010440 0,3156971689510951
-14,8842240464800941 0,2337935688782874
-13,6556171912070763 16,8099920597421466
-14,2721502364722301 -0,3767502315994923
-12,6916631714312480 -12,9228984749718787
-13,2499634161211759 -2,0837202108483943
-14,7636740706945364 -1,1358565501196982
-12,4400456694442241 13,9227728752000814
-13,3726034104591527 -0,8316171414918991
-14,8479749680694315 1,6926515160030045
-11,7314942151576815 -11,3074907451970521
-14,5142961274072846 1,2065482008183506
-13,6715665855006705 -11,6452928522656531
-13,0853448915677024 13,3733740878062282
-13,3231160746297821 13,9003057776590619
-14,8619267890556550 -0,4232945758041197
-13,9007594236952823 -10,4320990364939554
-14,4862320637118618 -1,6171289401371860
-11,5195760442942952 -11,1862801673094765
-13,4350123836385720 12,8977880839232597
-11,9425726534512204 14,6482128916078214
-11,8132104757061089 -13,2351146249201097
-12,9570203251628975 1,0067296211791272
-12,2807197466168780 -10,4705004920119435
-12,9319154453447336 13,7632891080983963
-10,7154048413131751 -11,3648105667698935
-14,6842358803895952 -0,3859324062486605
-14,2555145379108481 -10,8153704330783018
-11,8473357988161947 14,5674398875371072
-14,0626971635008609 -10,5457315754196923
-12,3548586445365203 13,9139321276798356
-15,9155521023972817 -0,4659160090093241
-11,7321346138135034 -11,6822684050680525
-10,4797806024464286 -10,6917607769302183
-14,5915380304149593 0,5682074318668573
-13,4798259262134170 -0,2643950234601132
-10,6181249480407409 16,0949667028020826
-13,9818607274549240 0,4134569874267198
-11,0326517667884474 14,9957280553905914
-12,1489850319704313 14,5530253390144271
-12,2964095729847980 -9,5532861419769741
-12,7036308635050581 14,1368178009500074
-11,0443425125290311 14,1373587380868866
-13,0002160373465614 -11,8902988580271067
-16,6355109136513057 -0,5044591388230927
-13,7724982085617693 0,5269217742921399
-14,4773293049303842 3,5659401334882825
-11,1555979577430868 -13,3303629770678782
-14,8737957463549169 -0,2777008260405059
-12,4557650575424699 -9,6524717093846544
-13,7880832114165059 0,3730200587617156
-14,5494776649141215 -0,5246133191042882
-13,2190471325287753 2,3902467419850995
-13,7105556369488557 -0,8582406875522690
-11,6223067570421232 -10,3699188194963483
-12,2225401080627361 -9,4656422209416640
-12,3022198305738151 -11,4819451738383158
-15,4824344898441399 0,5261328441501163
-14,0768570731141587 -0,2348868655799214
-14,1347370232233001 -0,5900974228443432
-11,5860185881253557 -9,4137596545091995
-12,3975286159229885 -10,7757104350167427
-13,0832726791139127 -9,3853091801467556
-10,6142461104584136 -12,4259513136810149
-10,5936861077948343 -9,6564909063411388
-13,8241558011483825 0,7926098542650150
-15,0604182118322818 -0,0013724294340401
-10,2260867357257190 12,9669648990545721
-13,1655731050369198 0,3163725773818529
-13,0604020598250656 -9,9000200999937906
-12,5313412452331274 -10,6764687719766886
-11,8043864296103429 13,5354666181027294
-14,0819061341827823 -0,1562512155554988
-12,1618400402617279 -10,1576854604615807
-12,6539687412351025 14,7009717974168854
-12,3704487545983088 14,8367012985274513
-10,6360294807897731 13,8439896040277546
-12,5348343236291715 0,5179432836595690
-11,9753802748786047 12,4699461803888028
-12,0573082752007235 13,4715374605068625
-13,8603420888987952 -10,7417483755091201
-12,5188533897672318 0,3988270654294744
-12,2615794066544428 -10,3687525794081363
-15,1058244246041617 0,6368903768456894
-13,8659285247375799 -0,3047845453156620
-10,4973442715807721 14,9241753432483950
-13,5342138045577833 -1,4854432598101837
-11,6272134994799199 13,8512007522484577
-14,3300387786278236 0,5405830678616780
-12,6646980002973955 -12,0372104122647343
-14,7077411493018637 -0,1061145116801766
-13,4147331292612630 -10,0776484088521840
-12,0195639827808378 -12,3862773910844712
-12,8472313754279917 -9,8438270912585200
-11,0388015763713039 12,9551469038038203
-10,4979262288801660 14,5202603207362131
-13,5563643393755058 12,8133434812722342
-13,8863019582257596 -9,2370255942789719
-11,9381339504988002 12,9977519379637663
-13,5530160981176007 1,8076956151722285
-14,3025911545733795 -11,2442571408809915
-13,1085790719763722 13,4772738165079105
-12,7440350360122370 13,9220648052873663
-14,9649335542135091 0,3126028805167975
-11,5288000899055554 -9,5562191968019849
-11,7896386948665004 -10,2046698222397421
-12,5229967923272287 14,4201260452217941
-14,3264140806288918 -12,2629365539727093
-10,8264234374987325 -11,4062001680991507
-12,8004458637228993 12,3419472501568404
-11,1811030875556305 15,3756601008252076
-15,5411345339530271 0,3009693990168070
-11,3715641466372723 13,9555070912471599
-12,1474348674427404 15,8711197248689544
-12,2666123796426856 -10,2356602494296975
-10,0342211493608904 12,7703411634203956
-12,7828888773466200 14,2296041033394189
-13,9871802532140403 -0,7197766835670554
-12,0770001075123012 14,4840029513061346
-13,5859178756181933 15,4996305333923807
-14,2225968832529315 0,9777016719568342
-12,4063541844551377 14,5112217611623233
-13,1698680818454754 -0,9884391575444864
-14,2540304876028223 1,3350050909655671
-12,5555714661951558 -11,0701054535120278
-14,0311636761344207 -0,1473643780041139
-10,2488032555544137 14,3940533410056943
-10,0661925887809023 -10,6962698524301381
-11,4172328620481682 -13,0034900905833783
-12,7682301849585169 14,5356283259552743
-12,2288226741088089 -10,5853717040695585
-13,0931237487035368 -10,3086492466232205
-12,8032394997222312 -0,2599578685932402
-11,8920750058828162 14,3386316822945403
-11,1999460952625860 -12,5226067638077989
-14,3459370024285668 0,6189151036663981
-12,3613349248385660 -10,8379047858362085
-13,4162753020499288 -12,5392460730304851
-11,2769624623426807 -10,8239669964462593
-11,2130965397245159 -11,2960304844892541
-13,0737397404440578 1,7464503324584040
-12,6685944398960064 12,2422902347682925
-14,3445421686928878 -0,8243965957760329
-13,4492776352561627 -12,6509143272649620
-10,9439527130762961 -11,3214300549322804
-12,2009492172518268 -10,4401457484696554
-13,7866093872061430 0,7385046703656185
-13,0309145366471970 -10,5342093260678364
-12,6809608151757125 13,8956946459485984
-11,4425083254408761 13,6490160177095632
-15,4659228008191576 1,1397372953801654
-15,3973807923890469 0,0345231134235063
-13,4277834879654900 -11,0047928404781548
-11,5588509268798099 14,1901577349546280
-11,4714219765312109 15,5596955707908418
-14,5105310862661927 -0,5300566386924662
-13,8641915746938196 -9,9061370849679022
-12,6729220035232952 12,4399839514256882
-13,4812864925614839 -11,6181499463056550
-14,9381471965431576 -0,4224943162312187
-12,3177576951973258 -11,0918237754140705
-13,9802381198799957 -0,6492634819455905
-15,9165190429362671 0,0478155655874715
-12,4473908791741561 -10,1775257316408112
-11,0966190505294815 14,8975217415962362
-13,8139171300409078 -1,0578175441087982
-10,5269389872252450 15,1431471320801272
-13,3451768057944253 15,0167825008133491
-11,7111136792759218 14,1981966225310057
-15,3717123868087828 0,8680442540728637
-14,5293993951123213 0,9325191855295847
-13,3190965858950570 -0,3890341467739254
-14,6052789363926081 0,8179946036336033
-12,9068081181907157 13,6600642793381759
-12,3867470166525422 -11,4622944451300377
-13,6673297020763034 0,6329128962753963
-11,7276586544063726 13,2039097230737443
-12,1443662952436409 -2,1920094322534038
-16,2175020032274482 -0,5925450053754596
-12,1530105029171356 12,6286858086372646
-15,5487540155749784 -0,0531048247946418
-13,8367282050596287 14,0716956004939764
-15,5178258241834897 0,3721547610477668
-13,0576272177692108 1,3661529959036833
-15,1769321877256012 1,2666084295066324
-13,0666849763565107 -0,7590981756819972
-13,9356612912478486 -0,8482018913156293
-12,2897750030806847 -10,1400551855646341
-13,0866461171707442 1,3434702653590291
-12,3638678640007385 -12,3537932844318536
-12,3081259804844958 13,3233139537107146
-11,2951832059030064 12,5417148081763159
-14,5413942267682526 1,2449344672689739
-13,0010618297752547 13,5072866762654957
-12,9460737944546231 0,8303856044059246
-12,8155152591501444 -0,3753964940793607
-12,3414535497682074 15,0776101426816957
-12,3170172368866080 -11,1252300806794384
-12,1128935694285325 -11,7121708553078747
-14,5996940956934740 0,1845505583555017
-11,9690497516019825 14,3444288854405926
-10,9909574641531922 13,1869890842536126
-11,9046631000610770 16,8944617118199254
-13,9229371770893042 0,9610098599725325
-11,5283383629448224 -10,8442555279484356
-11,8482784245976145 -11,4731967677415501
-14,4502820590766454 1,6226644260043950
-16,1937582362320818 -0,3940903540398565
-12,3966895476307108 12,5153572103439874
-13,0181127835023869 -1,5987935753212703
-12,2219890182035371 -11,4172436036005269
-12,8264357820770147 12,6682319399926300
-11,4902920715677705 13,5151875040953744
-12,0641055705658893 -12,3728358557430571
-14,4926874564894970 0,1818786260524588
-12,1889792201978331 14,9791152425603791
-11,3340923946143928 -11,9369325502977937
-15,4077242391888269 -0,2349217843900639
-13,4057231681304128 1,2326522848212862
-14,5413411983478422 -10,3568379810758415
-13,1508874665661644 -11,4304892975512136
-11,8444062347802692 -11,3795369469069954
-12,6120936547482021 -11,5759917721385843
-14,9018138491783958 0,2925936528235299
-15,6596510515145653 -0,7853398580872901
-13,7303427484336940 0,9634193697791104
-13,3718681149624139 -9,7079550729891526
-12,0009160342680943 16,3937050392026578
-12,3271323841612368 -11,8227994082771577
-13,3223203119055729 0,5362493207159158
-9,1129916559404283 16,3478247730537269
-10,1315058061527257 14,9061271927592127
-13,4330725377043674 14,3156337118714063
-15,6765351361830003 -0,9661051182959079
-11,9502429381161619 -11,6701423502384234
-11,4669385708240448 14,3440024278575180
-13,3697064444296245 -11,2598835874797594
-12,5062269056967246 14,5243491951475399
-10,6955310766105072 -11,4760152496723418
-11,9828595239643914 15,9120359818877883
-13,8450710118126761 -0,3566033199038930
-13,4527625365415293 14,8704879574105728
-12,1163684691023050 -13,2389599112368295
-12,9445033144719002 -12,4411950301457281
-14,6403917003738933 2,1966818749893600
-13,1403681669495001 14,5703245735748386
-12,6003066386293607 -8,8881634246353016
-14,1707528564385878 -0,0867506801198786
-12,4109416102013448 -0,0555756829374138
-10,4613891028868515 13,5853698001850756
-11,5877579886718642 13,7207289189828057
-12,0860351542669004 13,4751902286085183
-11,3645304032275352 12,6307415667324747
-13,4244915307550698 -11,7605611820668869
-13,2049538924485770 0,6381674600351788
-12,8881170269150704 -9,4937571423958111
-9,8994165314981952 -11,3896949982960702
-12,2258995330166123 -11,2877646359819135
-12,9721606263947784 -9,7076742831183580
-12,3636333196289314 15,5352951811679016
-12,2615459039142944 12,9260263990833355
-13,8077310394025385 1,0118957692660633
-14,5979496020621351 -0,4406205409774405
-13,6090239003209312 -0,2931458833593866
-12,0700910912984778 14,4182822778871014
-12,3408777110621450 -11,6210561813464128
-11,2307339850972738 -10,6460014940276331
-11,9942799639162274 15,0906535581220282
-12,4482954779328221 -11,4772180341496863
-15,3543988640446560 -1,3004643856191855
-12,5329759352621206 15,2682395770704211
-10,7746974062819536 -12,3104467414747933
-15,3315254067426174 0,3647878603608742
-12,2737689141564665 -11,6431615689914079
-13,5512207562259857 -1,8807260671532373
-13,1662393891393226 0,4847956451779265
-14,9439515436377306 -1,1217814955916061
-13,4761905744141686 14,1013489253049915
-11,7982021898629945 -11,7627003637169789
-15,6084348426310395 -0,0489266697293356
-13,4593302098285896 -11,3785418384476866
-12,7448610006239047 16,6974704668837219
-12,3889918225030158 0,5319683164540953
-13,5918889093986870 -10,3803649707102146
-11,2491724402254825 -11,0523177860311286
-10,7323753976822687 13,4239085784655376
-14,3128304612061577 14,2010010598083003
-13,1422721024321483 -13,1328366242172550
-14,9948019242902699 3,0680795595144765
-13,1763131222117842 15,1749397544226365
-11,0861684337942847 15,0965466405009394
-12,8830913847404478 0,3502115436780289
-12,9331094082045848 13,9250015678329451
-12,3600985218642450 -9,9733768727050638
-11,5899016857704780 1,4468798634940572
-12,7880740592945408 -0,1973033367440220
-13,0507118080911138 1,5227226613926281
-14,3564717766383190 3,3152503176155474
-10,9706106666631449 -11,9953290647633164
-11,3513311696236165 -10,3261998450188095
-14,3006084734517369 0,2027054313376819
-14,7057074910709762 -0,3700905459416524
-13,3469737881108479 2,0895479589546095
-12,4434954931916337 -10,5282404821140076
-11,5052148448948159 -13,7627488772769553
-13,7358973792250350 0,7446758125235842
-14,8543923480206743 -1,0755203676962490
-11,4282984626624362 -9,3663031629442060
-13,2002629934263176 14,2776216320100069
-13,0387788599855501 -9,8994135726233274
-13,5008640313542170 -9,5954754844016161
-13,5249393529481416 2,2537495763079098
-15,0345678653999997 1,2226097405164711
-14,6776232016063037 1,3300894071223166
-11,8303092237759220 15,0551016278204486
-12,2802546890738373 -10,4698178174794432
-15,2833843247220056 -1,6211112800670719
-9,4276238902872755 14,8972355845597058
-11,1768700500311411 14,2886848633211887
-13,9019140287020182 -10,3167167791901608
-11,9246658996224131 -11,1166702047128556
-13,7459515005477435 0,3790419037389857
-14,8844670710609339 1,8907518863244841
-13,0020426845194361 14,5119783478367559
-11,8183987307204283 -10,8785459434220027
-15,0328520832672439 1,6384570498359221
-12,5578406901972262 -10,7987660012154691
-13,9918480950842934 -0,4906672625076279
-13,3320586116790150 15,1134588181967473
-14,1172480089314405 -11,6123100630641964
-8,5921439134736932 13,4225753054987429
-12,7027773284024192 13,0010703116084585
-16,0649604776219022 0,8683839476638474
-11,3731133406578966 14,0876911726650142
-12,9962845743388673 1,1236496027443077
-13,7059741870227416 15,1644485476080035
-11,9028242898169747 14,1977224950360181
-12,6371521281298396 -11,6194935078326527
-10,4307590679849334 15,1452518727392391
-11,9380657794101879 12,9546354952730240
-12,7417941170929581 -0,4126582933987033
-16,6627968549775005 -0,3839934187570223
-12,7567186848935101 15,5759053045350111
-13,0088109620607746 -12,5253613672312802
-13,5487554002093802 1,1314470160508223
-15,2947361173355922 0,4403167287634607
-14,4635607089973774 0,5401766059627613
-11,2508058796560597 -11,9234199705747237
-12,8890821781872340 -11,1005681266043918
-14,9448563644559123 0,8317375784289763
-13,7567531511110559 -10,5083203010436161
-11,7378030305089531 14,9706355215827021
-12,7790366181569368 14,3523031845547688
-10,3653038204075791 -10,0923138643630974
-10,9027451420377002 13,3587368574084806
-11,9793323532796077 13,5343489651811382
-15,3513378974054380 1,1818546514135959
-13,8280495310719829 0,5285468429315517
-13,7935912017383995 -1,5214850649903460
-14,2298201708274306 12,6047607043430325
-14,7606086080586554 -1,0923044852557733
-12,3343370956698024 -0,3965818693458341
-12,2404442677046124 12,8464348886768871
-12,0834875313117092 -11,6711953101698942
-12,3821090287221445 1,0075112272600382
-13,9964070716023929 -1,9002501746259348
-13,9941617579431838 -0,9320814980695875
-12,8638839282651478 14,5050887859439968
-12,2426359266768632 -10,4572273858904481
-12,1525732533928288 12,2313293173186945
-12,3301622234338630 -11,8659956004410780
-13,1721065653089457 0,0536927885545220
-13,5879445229971960 15,2383474092006139
-14,6635804140267965 -0,9305043718119279
-12,7975082483081639 -11,2179165674040267
-12,6131378665217557 13,3647669070281587
-12,3792956517303168 -10,9271813216717621
-14,1961478845269884 15,6113857759396115
-12,8831722553545092 -10,9771017268898401
-12,8884329085565970 14,1908839311262707
-15,1525354720104648 -0,7835435209785284
-12,3112387606973037 14,2824465590417358
-14,4398214310499853 14,8136782011718289
-10,7923793872443188 13,9357791111764620
-15,3667951301137098 -1,4139898394965007
-13,0460399971642573 14,3846046517471873
-12,5485731958227973 0,2904541475026168
-13,4869856913970168 12,6115959280289793
-10,7616320881132204 -12,2339834116304633
-12,9905320447273471 -0,3444612043010485
-13,0389222367041491 15,4193911121326312
-12,4393416337613250 -11,1012495098476212
-12,2348347876389756 0,3570774646160644
-9,9451147900233714 -10,6993333664149919
-11,1025854223528206 -12,7390180789272627
-11,3477573216603638 13,3799407347224850
-12,3158778510778362 14,2942245561751058
-14,4440331688471097 -0,1533165866662176
-13,7233811734824585 0,3044864294339818
-12,3454619820452507 -0,9091903414798768
-13,1266764405434415 0,0244866887775059
-12,0606432440672897 -9,7615933088096156
-15,5571075756945305 0,4373993026626458
-12,5318164541725530 14,2582737198482352
-13,3855506485846849 -11,1554393097897542
-13,0479598391715488 -9,7383408042770743
-13,3973136243232851 -8,5878472512791770
-11,7858023680165029 14,9924789628199733
-13,0696400672648387 12,9668015311723686
-14,5916763358546504 0,0129086416596064
-14,3226491494709247 -0,6874437570862065
-13,5409814126357340 -0,0897246044690808
-13,7055774637743077 -10,6327833229778559
-11,9587878086951189 -11,4666748326538386
-12,5123618936529439 14,9258282821700980
-12,2111055576440641 14,5869942602560716
-12,8842898187588339 -11,4630668967434346
-13,1197808205242197 14,4140671427949734
-11,3033866811440955 -10,4109574756592966
-13,5113666010584819 -10,1018053749760046
-14,5719605265815773 -0,2448121002529779
-14,0770527943880559 -10,7806176433911052
-13,0847409822244281 12,9672391915560912
-11,2540632093143103 -11,1860583877909328
-14,1786361097409728 1,5953988056089983
-13,0273694407080143 -9,6733729882521864
-12,7164951427759245 -10,1216532931064087
-11,8774702805766275 -9,6990093820881071
-13,7193343828716330 -0,2576883963130457
-12,8862790609421793 -11,3848392792806887
-11,5745238574554001 14,2759173651990032
-14,0164726008173339 15,1527693572212119
-12,1099517766864899 -13,4207934196527017
-11,2775610498662715 13,5195137949963335
-13,4332496696289869 -0,1794729608894662
-15,0361793963481887 -0,9483656121401827
-10,3541303570255590 13,9218267526715405
-14,2378179904751132 13,1102682180553565
-14,9263152100627554 0,2980865439125766
-15,0182935984597279 -0,9634146369391452
-11,4707157148826795 15,1444500495973404
-11,7334857392137941 11,7191266158119589
-14,7049313079266426 1,6893009212670029
-12,9804734439718068 0,2890675395691980
-11,9770984877057192 12,9004584267491200
-12,0748138735490649 -10,3318082384036281
-13,2126091928128666 13,8742453578333080
-13,4704871888200994 14,7297002944257169
-16,1974461932633140 0,0660588748351532
-12,2077128543571707 -9,9235658881931439
-12,8555025793135229 13,2349296634601750
-14,3107519370648024 0,7915569628145004
-13,3233957346600640 -9,7452764839652382
-14,3110333862110917 -0,8896780998929186
-15,1068664588753130 0,3149522769005813
-13,1275121367881322 13,5606966603102297
-11,0378564505135746 -11,0708018964129558
-12,5308794571532012 13,9805411935469763
-13,6715567282950587 0,0544304001339570
-14,2344846070838624 1,3459116694429143
-12,8137693344910915 12,8130063523601176
-10,6616736679573005 -10,0167978520940295
-11,1054770097506434 12,5219210187079071
-12,0095846850451320 15,5676823505212312
-11,2051588324512519 -10,5669238425855916
-13,8085546507802430 0,4979379761548078
-10,8069860896921170 12,9679918382671993
-13,1820801039252107 -11,5687338566739157
-13,7331981610881559 -9,8875338644965005
-13,9972212669520637 -1,6191048884592425
-12,7776477837938600 1,5090819469921832
-12,9995197102106932 -12,4439132189735524
-13,9644607099505293 -11,3503164689141034
-13,6624727155379038 1,0403931538534228
-12,6582986446842884 13,4198987914172783
-13,3916662720575541 0,5513448724150035
-15,4347989294241756 0,9221642146166003
-11,3039068452325786 14,1939796836534562
-14,0829747808634682 -9,3306938244623758
-11,1257577601977555 15,5571652652266579
-11,5207070892443664 -0,0668994501125293
-13,9658943053099449 1,1083659822196696
-14,5684492095600806 0,7994845144895326
-12,3031318245845718 -11,7125352185495295
-12,8662667518366156 -9,9468951397119980
-11,9223509328572952 -11,0707969333523906
-12,6722367266888885 15,5000764789571015
-10,3650961400063171 14,7543739205786029
-12,7684763640000973 -10,3842122191389183
-13,5144143071301812 -10,7216789115936670
-11,7464452325695863 13,1663505648553656
-14,6096557775534528 -12,3739920711954738
-13,7057294925317681 0,2294579270449537
-14,6397226401925540 0,2526098298847202
-11,2604313689655022 13,9736980282042200
-12,8265085849768070 13,1940992128663037
-9,8236434586190118 -12,3647043309881397
-13,8352121083477542 1,1662009929851627
-12,9939608961676374 -10,6061089671193205
-13,9165112053243742 -1,4798732826723009
-12,2740239388265522 -13,5345513684358103
-13,3070564181998758 15,2848343359030139
-12,6541698354907393 -10,8603201638070654
-14,1354189817510516 11,9418043785277348
-12,1690177204561678 -11,7416698207854608
-13,9231213234582931 -8,9521051796525679
-11,7669684724907810 13,6902120373792933
-13,9149294717225480 0,2140386203466467
-11,9126572256509728 -1,6242476615408201
-11,4962444015855247 -10,0178019113681334
-15,3619721188843243 -1,4083274393336584
-15,4555313359181401 -0,9457750159922698
-14,1361631589118364 12,6834646636202013
-11,1422944865939204 -10,7335035675121020
-12,3041132422144361 13,4277158320426278
-9,8728355545301927 -10,8848056123342296
-11,6956322942061934 -11,3648972247172715
-11,5466284396379084 13,2760771132907287
-13,5600100323470301 -0,3422770736185743
-13,6616138867826322 0,5468900010763202
-13,6392517734476044 14,4581988064334439
-12,9285852800783054 -12,2641372592203926
-13,5629322548475706 -11,7174803083862393
-14,0631143255333591 14,1619490127373968
-13,8423186317493556 16,5371119630513199
-12,3910268473911884 13,5150458395435003
-14,5909078218552430 -0,3343811956058139
-11,9355954981947256 11,4522829074260066
-12,9533066127294934 -9,8164678159922136
-13,2441890963438809 -12,1245485836428717
-12,6015777091493817 14,4013143380902431
-11,8062425472415740 14,2229505235480342
-14,6582445102521906 1,3397936570558808
-11,6073176413313579 13,6239311405170778
-13,7553472227560842 -0,7302229409518106
-12,9866913210354546 15,3006539976061724
-16,3068264408926069 -0,6365476570335689
-13,6259316321192614 -10,8372467168348372
-13,2908945150462969 -10,8176958290863006
-12,5653510461100275 -10,7613693642529622
-10,7918457861980368 14,7615976551552546
-14,3309339859506135 13,6447709316688837
-13,5997600945550889 0,6463818031115283
-11,2104364257601965 13,3041459274579559
-15,2702839620757889 -0,9260806311310643
-12,3847685604620956 -11,2451408647560847
-11,8430351200464337 13,3417509343263561
-12,2190609519119260 13,4170896131610462
-13,4432669382763414 -11,1028710978623373
-11,6327543951748016 14,0673193881097305
-12,0030971527985297 -11,2534493897470060
-12,6072026703693076 13,4469956832435464
-12,7215759021703487 -11,9886196953319590
-12,4903151624033448 1,3608603909340349
-11,3527757477008926 -11,3518546295130562
-12,1283353236806413 15,0308163898062475
-13,1186255428917971 1,1424883577087457
-13,8059249898901726 1,3787616576091024
-13,5935668609752156 -0,1406862938725857
-14,1999109602770233 0,2488188662407912
-11,7437612998597007 13,7350473424271193
-12,9495050175625170 12,7613297749559500
-9,6056788431689899 -10,9858142578776992
-11,3529309956166209 -10,8520321750508604
-15,2434876724572508 0,1263170561189284
-12,5941593536800518 -11,5842325948284532
-12,6509221051916096 -10,9025347873791087
-14,3232751446474396 0,1886725402878746
-13,8849619757898015 -0,5338421978622727
-14,5893602080109854 -0,2999858930530762
-14,2879801998896294 -0,7040072786247769
-11,5333443178757644 -11,1102453996553763
-11,6687316992955523 14,4223788391579308
-11,6340006094692701 -11,5133450885689292
-13,3500562594899908 -0,3674524914898588
-11,9347437398448317 -10,7917593616456760
-10,7758122933304765 14,8886858012671048
-14,5927199270394681 0,5296955818215356
-13,8251256667713633 -11,9079995333284181
-14,5940152194682398 -1,0099173488543736
-10,9520932158289224 11,6076161038249204
-12,7393414905544979 13,7160309168017456
-12,2843603011650142 -12,6968403195524679
-12,7312411848892495 -11,8900887073627466
-15,3273950928481764 -0,4112070028964829
-12,7525123834154996 -11,0906868979217581
-12,8266173517711337 14,2769505651151967
-15,2793999592570522 -1,2674170673595277
-14,1422234265425146 -0,5672244727352250
-10,5285737054032840 13,8068446492392329
-11,0996026767568665 -12,1424527872619059
-11,1064980469545063 14,7919342123417419
-11,2546292043140834 -10,6197054446956756
-11,7054498957617561 14,5352574895977700
-14,3150680643096795 0,3925851507528921
-15,4985325750187055 1,5384867243787139
-11,7881343150389100 -9,7255605550736135
-11,0333801484426886 13,5522665586055098
-13,9689819874811949 -0,2370601124710874
-11,9619120285410805 -12,3337539538162204
-14,5337711618016101 -0,7323915808704371
-11,8920149002610565 -11,2067946044520088
-11,1825149740492407 -11,7670013262325188
-14,4361744761441706 0,4194937780454641
-12,5625450986718192 -11,6319300628081628
-12,6023045297723488 -12,4940226158841430
-12,5694889999388018 13,7508293071006804
-13,0777512081687473 -10,7654614442557683
-13,8943055741026029 -0,1489596849992140
-11,4789482500522375 11,7904563037300214
-9,4657194022353792 13,4269148295676981
-12,3008626611003162 13,6518748611835754
-13,8301041660158575 0,6346333115994542
-13,6747694045135830 15,1559069248797353
-12,7355719643275158 12,8966103501699294
-10,4769618397254654 12,0714519071632349
-14,1213028578035811 -0,1220822516765390
-12,7097656936310202 -1,3749341245079834
-10,7570878763574793 13,5962099617309882
-14,0912140724662951 -0,1635625468771375
-10,5018240785241801 -12,2965730110467568
-11,9797133928088524 -11,6940067062722814
-11,5471352652505121 -11,5152974139878435
-13,2206090141814858 -10,8452479539828630
-13,6511262005071110 1,3040302753858490
-12,4605400354063196 -11,2550576605229846
-13,2658710114754204 -2,3878010824532274
-11,1392142477675584 -10,7063232896900224
-13,8886633480285688 0,2545110595467453
-9,3382365648989243 12,9365910774682682
-14,7918237965080586 0,2692315158265465
-11,2509893698783614 12,4278573148470635
-12,4990746836597193 -8,7829034601888942
-12,0641698881999648 -11,2391857537521389
-11,6539434564668625 13,7901004250756429
-14,9042845142407447 -0,5595395032956468
-14,2227308634586898 1,6447839129157436
-12,9334844201961481 14,8678380204724014
-13,0151482553081195 -0,5523471281481511
-14,3923050406369608 0,1165522805017287
-12,1063597111138019 -13,5255412358642175
-13,9407201846281890 0,8661745789315942
-13,8753148010051230 1,2441832578479608
-13,7184723148436447 1,8142303947547649
-13,2393667273957085 15,6058867784129536
-14,0071949966004201 -0,0717449996304238
-12,1674628696972711 15,0691130977103214
-12,0739659953802345 15,8245648018857352
-12,5232955974921403 13,1994201689259061
-11,9179226659471471 14,3177790685811193
-12,5944809926942209 12,3561310897054817
-11,6744144257183375 14,0212229361720251
-12,3303953160470510 -9,4863893696967878
-12,2042634601280966 12,7349613973252378
-12,8286969655096623 -10,9963445222791343
-13,1629216054387790 -10,3432636836671854
-12,0939399586893721 12,0297973189823271
-12,2359450202033297 12,4744333521997639
-11,7672994808372113 -11,3843987361978272
-13,2402189386451870 13,2235277537591482
-11,7209356364126052 12,9986812681928718
-11,8380683552453245 -14,1718835439272688
-11,0281041429801139 12,5189238273686403
-12,9150555283781880 -10,3864522151448018
-13,0517932693939969 -10,2138438680284516
-12,6943739854741242 13,9407209725345744
-12,1292971587938272 13,6902075737776769
-11,1425106860472134 -11,1038242847496846
-10,9226259353220172 13,5509956582355393
-11,7469213885940196 13,9168524658995576
-13,1300121173377615 0,6647296350966716
-13,6889799581760876 0,1885560446929522
-12,0134475614117058 -10,2125836533769974
-14,3786531269022309 1,3655365487989486
-11,9104855623837338 -12,5939434568704467
-13,0277222597938334 13,8002306253943559
-12,8866022337102208 12,7120634378174380
-14,0452743898815591 -9,5442519072211134
-12,6038562636521814 -11,9790644487085736
-13,0959804773394257 15,2433022722801557
-12,8000720544654651 15,1296322914484982
-11,1973863492563162 13,4480988678196738
-11,2707720147570658 15,1818912680750913
-13,7699498384801675 0,5886925112423236
-14,0869182746451518 0,7072880100845271
-13,6510243435594472 -0,7044358348701493
-14,5904477419475676 2,0077896556943733
-12,0442132189880287 -13,0149706925170747
-14,9564001558437081 0,5567378255524122
-13,0656146164867817 1,1389316762847224
-14,8555871589301667 0,0656453675163872
-14,2655259204019007 0,5862613420114753
-10,7487104852248549 -10,4265289060414243
-10,3745088968089707 -10,3620345087913694
-13,3125841777539531 -10,1918606091860351
-11,7339494841491998 12,1585348040138026
-12,9697738656009225 -11,2063235213172927
-12,9000168678950331 13,5113631740026783
-12,2745892021721232 12,4420809696986758
-14,3476708614527553 0,6145437410731059
-13,5174184341593406 -11,0272326224883610
-11,6723872244125904 14,2843535677536160
-13,7046044948747916 -0,9229620256958702
-15,0476354723338872 -0,1942445491050663
-12,1030266423409074 12,0327567488651610
-13,3818178213749253 -10,1585627932213356
-13,7431943044432749 0,6384457212156172
-15,9417884429487913 -2,4357848642089492
-12,9589512544342327 1,1782466771423887
-11,6624857036104128 -12,5037130893464479
-11,0685414774746995 15,5562353580202402
-11,9873527240280193 -11,5444144792264911
-12,7074502396908411 13,3806757093595614
-12,0189495687304664 12,0425482906539969
-15,1208011609046160 -0,0034706066197089
-15,1572666136185745 0,4887898112018536
-12,5763687020039345 -0,8163907021139059
-13,5336305217453248 -0,9778690834379937
-13,4487670946371338 0,5133302155177222
-13,4335751161358168 0,4326215746224550
-13,2019730793443806 15,0435214228285421
-12,9623638742647849 -11,6011668250375006
-14,8024467680666465 -0,2315530101895330
-11,3290579653399295 14,0966154979988687
-11,4440352457698058 -8,8854091780050339
-14,0521788215742696 0,5385103570443820
-11,4342970483841420 -10,2939949733373552
-12,6888850975488090 13,7059071774635139
-10,8588077133422729 -10,7512322108838347
-15,6977909771422137 0,7147977102833898
-13,7782828048049648 -0,5363227424276467
-11,7713188769359132 13,3364145115184236
-13,2136837267873393 1,2881763725461832
-13,1987065874301042 13,6151289910239583
-10,7803022229374328 -11,6008057958644990
-13,4658970024878464 -0,0667716188685318
-13,3023661354009661 -11,1844731492752185
-15,2134345803355711 0,6813950866892837
-12,7471071517805647 12,7009252075507320
-11,0527391814950011 13,8950313496350439
-12,5483697377940402 -13,5472795026024020
-16,1366925311690750 0,5496862239957039
-12,6409280999544791 -11,4829196712151003
-13,0545205186511062 -11,6267647254252058
-12,0453619576190931 14,1214701181590581
-13,6314576509821173 0,7464157549726412
-14,4542890944254978 -11,3623023520737458
-11,3579601706236062 13,5828895136563048
-11,8926561672363427 -9,8917032402404423
-11,3908359926058900 -12,1683037511117114
-11,8306432552611263 -11,7733086490149752
-14,5768445160768394 0,0312376214691942
-12,7140473606608815 14,5576432123490598
-14,4618579284074418 -0,1884999623911758
-13,5774079363606699 11,4542339015788990
-14,0057181454482347 2,1662555078356127
-12,7781789796186303 -0,8920696335694003
-12,3639568034637133 -0,2640108464485198
-12,1100698225459098 -10,8735187494311560
-14,5462707202172510 -12,9957315411270269
-10,9948548043269998 11,9898679422998100
-14,4973977514316630 0,3280090369231018
-12,4534837465456256 -12,7612889115358907
-12,7222776461034535 14,9355330580844932
-13,1178759840648418 -0,0369506911938852
-11,8970556720344920 12,9309217808468571
-11,8454324493294347 14,0328613900952295
-15,2463603092884270 -0,9363890381023336
-13,7350355316832609 0,7626923221664927
-12,6039440615316103 -12,0857298464096488
-13,9177409216986874 1,7427882028920973
-11,3184671973481894 15,1690976109476985
-11,7909293622741416 12,5542783073128437
-13,1000485476665602 -0,3071337268681367
-11,1680530790644603 -10,5771143034549588
-11,6208914413675242 -11,2727924516024309
-12,3461034270774412 11,8220783254145072
-13,3019072523931445 0,4935619495292234
-11,5705003709227334 -11,6008370527733398
-14,5747726425251649 0,6819806211673798
-15,7412782600176477 -0,3352219862869490
-12,9135657050895158 0,3206814619341400
-15,2977784169013571 1,1961400608416346
-13,0802528989395359 14,6103224049333384
-10,2157860265205436 13,8594398886125560
-10,4786271065757930 13,9589207142776583
-12,8551500879671305 13,7082452649445976
-12,1759565900303013 15,6505147300535974
-10,9183869615005431 -13,2380514925821497
-11,5234977750638325 14,7891150213996418
-11,8889640862769941 -11,7824412262575304
-12,7140635181742976 14,6425186855519325
-11,7461760367086416 -11,5448292647139610
-14,2035430216330791 0,8292308386362578
-12,8177911652334000 -11,3037926055720011
-13,3965814393447413 -0,7014492169417985
-13,9666217468870180 1,2978950531303062
-14,9748274214796400 -0,0722529812804254
-11,9200855033789619 -11,5644491121804265
-12,1491408276501947 14,1965118166066500
-11,8483666142681159 13,8379986835294169
-11,5257472229105744 13,9193361687927659
-13,8525829014055617 0,9742598685042846
-11,6196446679864636 -10,8341068764693862
-13,1828679622033320 -11,6755332352118160
-13,4292202746955525 14,4589258415529844
-14,5581380619367877 0,0494338775785405
-11,7709301640184574 -9,6628322955946757
-12,1320728741276493 -11,8574540796820891
-12,4281659658575077 14,0690247698381068
-15,9634772987971818 0,6693182395864237
-10,8215210190859175 -11,1401297796714083
-12,2687595469707915 0,4143585277322359
-12,0842816614105164 -10,7304962881419481
-12,1772797349507886 -11,1680487221620091
-11,4851805191829701 -11,0612282137488762
-14,4853344126266759 1,7480567586115681
-15,2535873261630552 1,0188929365881538
-12,1552470177618144 -11,3445237727141244
-11,4193708141615549 15,2392483064921045
-13,4127843670368012 1,6147161183416663
-12,8306220252694523 14,1532343375291401
-14,8262406570937291 0,1232611902926736
-14,5630398657001550 0,6443510114731957
-13,0484344356443405 14,0741583930740290
-16,2875838728117550 -0,2902346496954489
-12,3502911847191594 13,8793038741190884
-15,5372142234958996 -0,8127356028613304
-13,3441636234362608 -11,7343101253643347
-11,7295490788716457 -10,2552519665520272
-12,9499585932329744 12,7381007793086134
-11,0489411367770192 12,4658922203942986
-13,4689645360724697 12,7499633883656287
-13,9851221894400144 0,7319453105379350
-14,0514943133393349 0,1796865702810548
-12,0835632418878500 15,0789299159958023
-12,8772606354867403 -11,2527285107098773
-12,5425910344738636 -12,0035332799721584
-15,9484043727589082 1,7095771459323166
-12,8684059917378733 -10,8350156631537722
-14,4611516541939729 2,3064819197587534
-12,1353105436849553 -10,8425018063973813
-13,5716827248427645 1,2356184215397885
-16,1111083287512535 0,5935560342730349
-9,6433242537004773 14,5418850897277689
-13,1791125271605534 -10,5501596310968040
-14,0944635864211616 -0,8042634957875694
-11,6072450121162269 13,2829600132119356
-12,6361611464937855 12,9338828634091954
-14,3560325097059920 -0,9523484360413574
-10,1212501978227074 -11,5379431600834579
-11,7434845123553107 13,3202942576779613
-11,4836500482326720 12,7923883618074221
-12,6282645659117208 0,7339683810921394
-11,6760832026326931 12,6716429526445094
-10,9072967870891020 13,9042987359509045
-13,0849836129539927 -12,8953125906471051
-11,1136567628216802 -11,5163313693944662
-12,0662324341870395 12,6524123614695245
-10,8549848602578329 15,3141902455333252
-12,2893274753540034 -10,7070339051555159
-12,4220476327570761 14,7279700881811433
-14,2943289880987159 0,6505804054079005
-13,2367321485011313 -11,6044108465095768
-11,1511544615640439 15,5410255782218272
-11,8817337033049224 14,9722116452271248
-13,9342574981739720 -1,3919722507081316
-11,5724793194710873 -9,6826312060088711
-14,3621536191811217 1,4652064793385691
-13,4416302186820644 -0,0484514514984534
-13,6214622379976156 13,3916731468743286
-11,7046979479065865 13,0753625405927085
-13,7808782257618407 -10,2616117141763148
-14,3216529884168420 -12,7819048342288504
-14,6573538131860985 0,1018708091739270
-11,6518022390909177 14,0673434400361650
-13,8276981107467165 -10,2866107766709280
-13,4550862814563388 14,5735902116892362
-13,3015180310557106 0,9003175506252803
-12,2726666481678652 -10,6573821823331389
-10,6546905878291458 -9,8462191085803195
-11,7216078283547294 13,9560079548127440
-12,3132644013643322 -9,7303307675119939
-13,4502596304981612 0,3716643589485678
-13,0176262813410979 -11,1449420576673983
-12,0367055724444079 -9,5017895903366174
-12,4269070210821990 14,0738666357617888
-12,8824832559201390 -9,4782183569787257
-10,7114868644139847 14,2271220495228619
-12,9550690662496724 -0,0776996212616857
-13,8703514066109364 0,0086387983662480
-13,3145834539142491 14,8046532649411233
-15,1696645480471819 2,2637943415758572
-10,8138615152794610 -10,6994535673322755
-11,5973859774075017 -10,6559033589549337
-15,3948884178946486 0,4512657293362312
-13,3054774388847701 -11,5175815608883774
-11,8545374797171839 14,1978000998038674
-12,7982444058485960 0,3840423118681725
-11,7284131976722037 12,9500484375172498
-10,7825125972883580 13,8408950314725896
-10,7800438068307347 14,2359744503985972
-14,4912029652455132 -0,5873435374048088
-13,7635472802669110 0,5908476268862344
-10,6066766639630270 14,5246953373359755
-13,4838321850901028 0,4246812315006601
-11,1147512718248649 -11,6017444196610278
-13,2140253475903151 -8,8375715217723201
-14,3809934283627712 0,7153978483372444
-14,4615516825249006 -10,7165765288166348
-15,5140899535151160 2,4305332800048469
-14,1455635620009641 0,4040646496446779
-12,0786849152824605 13,7547230928697299
-13,1277805183921910 -0,2959859549083754
-11,9163141808931403 13,8084466219357509
-11,7041557014365907 16,3332852953207492
-14,3345690452614711 0,2969950844443817
-12,7614987551748307 13,3909944103448080
-12,2151820128014883 -10,2370961620172150
-14,1201765922244356 0,8822321330458005
-11,9592538376626738 14,3027822552940229
-11,4543660812122763 -12,6302431039091694
-12,2672805459539997 -11,7636394982012860
-14,1208408412165145 -12,0474312874338008
-12,4001168073156673 -11,3291666464311511
-14,0141335717652726 14,4099847514069186
-11,1899070047529570 13,8015239919461248
-13,4781639814771275 12,3315960959175612
-14,6405039556414920 1,7776685574266977
-11,2458316090195325 12,8656987205307942
-12,7735124494614620 -11,2969106826773427
-12,7108729793757114 -13,2926839257634786
-14,4694689928003832 1,8071966138500350
-13,5839447255492249 15,9412329245609410
-10,6428909259054016 -11,5816468447009502
-15,5473970248194036 0,8884084198283831
-12,6367126022910554 12,4180905710526481
-10,8226731228494035 13,4578109545868223
-10,7461624255419324 15,4582134086760519
-12,5382024174385620 -10,5123691205867225
-13,4861688904217090 0,2810869147706870
-12,7805020141076220 12,1306073385975512
-12,2657430906757643 -11,2035328032958645
-14,1231348144598048 -11,2840881952600238
-11,3043723989554579 -10,6021495180775958
-12,0343286894095609 14,8983436336311996
-11,5137096491950235 -11,0023297445611128
-14,1263475130028802 -0,2400458833024904
-11,6373466248709541 -10,3008037121928897
-15,0486690811234727 -11,2605777642512166
-12,2640955121141513 14,0598379916689460
-13,6681019225646505 15,1470537604557016
-12,3481613373129164 12,8229026174018070
-13,2921867262552738 1,1072937685452384
-11,4192694027279842 14,1995600747571018
-14,9811719075112038 -2,5689493102482217
-12,3768314838982256 0,6751850601808621
-12,7812578500269822 -12,0534863966486778
-14,9138801352476413 0,8360289886303940
-10,2935800571893452 14,9567490968865542
-11,0167103282136178 -11,5488555411712390
-16,3650775473428247 -0,0604498647917143
-13,1830430644467711 -11,7019297623422442
-13,8109241498948521 -10,3370067817898477
-11,4704132146441609 12,5210915970151664
-13,6392789516100130 -0,0192945577698337
-11,4094401754519108 12,3247245482756309
-10,5407004699496802 13,8722462990302091
-13,8551878446051262 15,4520975843191835
-11,9375277638249173 14,5148619300402864
-12,4317403587264010 -0,0035684927041429
-12,0834807261579282 12,8318667607245569
-13,0485056599905196 15,2035669154839557
-13,6121465258989645 0,2786860372233246
-15,0984737958505821 0,4014383317830164
-12,1824968196274916 11,2843159070557846
-14,4181667359971293 14,4069857539374837
-13,4624572206007862 -9,8942175213309742
-11,4302842678257726 -12,7812514473441592
-12,4769665304222208 0,4255898168506613
-15,5450410688882510 0,6113590893576575
-12,9187505364468649 13,5136927628406660
-14,2408498499278870 1,1685090908824831
-13,8015655849845444 -9,2307642132756165
-12,6213095491009639 13,4660586438519161
-10,4182196956664441 14,1388120905330386
-10,1998841839960068 16,3410170823058642
-14,1734814032989593 0,5792748342496341
-12,4082346880076848 0,0259017989721451
-11,3501756113774093 14,1592000863382399
-12,7635029421511081 -0,4693871709872324
-12,3605465101847045 -12,9206164160049415
-12,1895154834998607 14,2266273307910112
-10,5614152032202107 15,8823949884652595
-14,9943386372030059 0,6564558151384192
-11,8733336402442529 13,0983177676583029
-12,1748777835658295 13,2250535573421448
-12,9567269518841268 0,2954421053232520
-14,3899659395730275 0,5913923248880689
-12,5893097438272648 13,3634884272176109
-12,0198597511433842 13,2998851397275697
-13,9135029354151580 -0,2737863185384074
-11,1445849059854716 15,1325994731141993
-14,9147299451491087 1,5210403317699333
-12,3695335861934872 -11,6859094503068448
-15,1026602291814296 1,4177756584823507
-12,1349086453308068 14,3431980677119597
-12,1694768653118128 -10,1483095451143530
-11,9903169423039149 13,4362455463307828
-12,6794761369654569 0,0095307719127614
-10,8490660091431419 14,3883490377640406
-15,0746757665350355 2,4950698252859338
-13,5157050969072188 -0,6123404451431298
-13,4129417012613530 -0,4150217684429330
-10,5048997893433160 13,2250845863968127
-10,8825622882018251 13,5030035524372174
-11,4806007781177701 14,1240535354925587
-12,6416622776113101 -10,5839004271891888
-13,2545595215614149 -11,3089218688354407
-13,2982413408627433 -11,1775773501891553
-13,0751015806829152 -12,7246972806227028
-14,9075199496289201 -0,5121458317363440
-13,0160556321996310 15,2497190296157754
-12,5515204802985174 14,3577046509567054
-13,3368525052298317 1,0106742998955882
-14,2306769139604246 1,6918365763227219
-12,0900525445656406 -12,4181611937425309
-11,9593390606464780 -11,7793607971699146
-13,7932731480523127 -0,9581610465059900
-10,6258834779387001 12,7686401511256769
-15,9588718349238246 0,6561173320913214
-14,0129745696672909 1,4683245140677585
-13,6981346051171240 -1,0046266404922157
-10,1395562047931875 14,2056096157017659
-13,2674171859491885 13,7505829307840575
-12,4338431638242337 13,3502570000715757
-10,2977628880441490 -11,4734911052671702
-12,1526650926999515 -10,8576713209403284
-13,3886205385922050 -0,5074703857634441
-14,6774840360948673 15,1726663281542500
-11,6891663207121965 13,8393304669000958
-14,7192570906292772 0,1529589760652194
-14,3921948762361804 -0,4301361786850662
-11,1636228399001940 -11,1668101669711124
-14,0514614759932446 2,0414154381208576
-12,0895581433038046 15,0366481232084439
-12,9801945925735609 13,3887236010950783
-11,9643113057126040 12,7994326942636292
-11,4391929551481066 15,5813406669829071
-11,3665929672053441 -11,6938298048915996
-12,0745473384797357 14,1029063424774126
-10,6275161158757889 -10,2435959513960722
-13,7763340451950551 14,7157950737932151
-13,5484041443271401 -12,2673870060671728
-15,6998274078978870 1,1234684986296535
-13,9764988565472308 1,1346036096227357
-12,5651509119436202 -0,7729636139428973
-11,8294490041958031 -11,8116048668626910
-16,6815989421937090 1,3370096072172659
-14,3801538387450698 0,4218410043904944
-11,1215865480970493 14,8847887350046051
-14,8331648776342035 -0,9070372219779315
-12,7314646685726238 13,4714523403430864
-13,1298518533148467 -0,9755180095008231
-13,9070784500617535 0,3808044234519615
-10,9192010253872436 14,8044890133979621
-11,4758516884454309 -11,1408941973940081
-11,3177692334573567 12,8849394037128206
-11,5928509922721457 -12,5544301453322067
-14,1756630785628985 1,3184960954340021
-12,7953660573572705 13,8321204712207670
-14,0008165906561288 14,3360194353128225
-14,6207975748305259 -10,8219098438808938
-13,7684017035605812 -0,4217679243737128
-13,6762097495889865 -11,6390461054641676
-16,3827309208066580 0,6940142084514216
-14,9813273047916695 -0,5926861043639264
-13,6201139474300614 -11,1523134409326374
-13,8538786497478359 12,8083145403493130
-13,1737082517500070 -0,5020167160971409
-12,5842939511506913 16,1607955871092734
-12,0701513393169577 14,0581162911969066
-8,7154533951700728 12,5483962390963946
-12,8886603042796040 13,6754119979226019
-12,9515908802289719 0,3811240806370167
-12,1497836048599304 12,5709196629025275
-11,1069902946322792 13,2977318729553584
-14,4137832429410970 -11,5496581371769373
-11,1003772783475423 14,7918947830832863
-14,4432669584512396 1,2938111818535816
-12,1479387027124126 15,7449700695109964
-13,3763075456742051 0,4821561902353387
-12,1891918708026843 -10,2330153692971599
-13,2458023456084515 -8,6228414238162756
-14,0026225424099984 -0,3802921657128987
-12,0721212824198272 -11,3813733742423739
-13,3443753716684146 -10,7577389137338759
-14,6288135590562298 0,2927898600389027
-15,8174948378313971 -1,5310208234569751
-12,9341526760503651 14,3756102749784596
-12,0600004773668719 -8,5593977060381619
